Date,Close,High,Low,Open,Volume,Retorno_Log,Volatilidad_20,SMA_20,SMA_50,Distancia_SMA50
2015-03-16,110.80999755859376,111.20999908447266,110.41999816894533,111.08999633789062,3265300,-0.0006315097549611,0.0073640444466446,114.09300003051756,117.70120040893556,-0.0585482801058894
2015-03-17,110.20999908447266,111.3499984741211,109.7699966430664,109.91999816894533,8923300,-0.0054293725195363,0.0066543016572942,113.8029998779297,117.6238003540039,-0.0630297715871997
2015-03-18,112.37000274658205,112.87000274658205,110.08999633789062,110.33000183105467,12448000,0.0194093939657839,0.0082117518385627,113.60450019836426,117.5552003479004,-0.0441086194908684
2015-03-19,112.29000091552734,112.58000183105467,111.58000183105467,111.8499984741211,6537700,-0.0007122036244303,0.0082045621662496,113.42200012207032,117.4586003112793,-0.0440035840888155
2015-03-20,113.56999969482422,114.0,112.66999816894533,112.70999908447266,8033400,0.0113345654787513,0.0086293792102262,113.33650016784668,117.40140029907226,-0.0326350503016813
2015-03-23,114.29000091552734,114.37000274658205,113.48999786376952,113.6999969482422,4240300,0.0063197017036317,0.0087640016074399,113.27950019836426,117.3684002685547,-0.0262285193117019
2015-03-24,114.56999969482422,114.6500015258789,113.81999969482422,114.3499984741211,2979300,0.0024469013218018,0.008784809627774,113.24500007629396,117.31460021972656,-0.0233952169615869
2015-03-25,114.7300033569336,115.13999938964844,114.6500015258789,115.11000061035156,3021400,0.0013955838286018,0.0087418348806267,113.19650039672852,117.23800033569336,-0.0213923554784156
2015-03-26,115.4800033569336,115.83999633789062,115.33999633789062,115.7300033569336,5495200,0.0065158127936534,0.0088451024850388,113.16700057983398,117.18440032958983,-0.0145445722115103
2015-03-27,115.05999755859376,115.36000061035156,114.4499969482422,115.13999938964844,4921700,-0.0036436736475294,0.0088731656755436,113.1120002746582,117.12620025634766,-0.0176408241130653
2015-03-30,113.75,114.01000213623048,113.54000091552734,113.9000015258789,4383900,-0.0114506523855384,0.0091774106479622,113.01550025939942,116.98240020751952,-0.0276315086866524
2015-03-31,113.66000366210938,114.27999877929688,113.41000366210938,113.83999633789062,4383300,-0.0007914897422241,0.0091745363947594,112.92500038146972,116.8052003479004,-0.0269268549381633
2015-04-01,115.5999984741211,115.98999786376952,114.54000091552734,114.55999755859376,7324000,0.0169243749497968,0.0099671376995425,112.9495002746582,116.63320037841795,-0.0088585574342866
2015-04-02,115.27999877929688,115.72000122070312,114.68000030517578,115.47000122070312,3884100,-0.0027720019363937,0.0099865943059372,112.96350021362304,116.45420028686524,-0.0100829468123597
2015-04-06,116.69000244140624,117.47000122070312,116.5199966430664,117.31999969482422,5914200,0.0121569256379316,0.0079048309802013,113.2050003051758,116.28340026855469,0.0034966484632587
2015-04-07,116.11000061035156,116.51000213623048,115.94000244140624,116.2699966430664,2468500,-0.004982843844589,0.0080607648928375,113.4120002746582,116.12100021362303,-9.472535761189242e-05
2015-04-08,115.47000122070312,116.02999877929688,114.9000015258789,115.9800033569336,5568500,-0.0055272563602129,0.0080883846470177,113.6145004272461,115.97060028076172,-0.0043166031636177
2015-04-09,114.66999816894533,114.8499984741211,114.4800033569336,114.8000030517578,4707000,-0.0069523444531915,0.0081376968607579,113.81050033569336,115.77600021362304,-0.0095529474384759
2015-04-10,115.97000122070312,116.19000244140624,115.5,116.0,3932400,0.0112731254124599,0.0083930209334157,114.07300033569337,115.6270002746582,0.0029664433499975
2015-04-13,115.13999938964844,115.38999938964844,114.8000030517578,115.3499984741211,3190100,-0.0071827735479249,0.0086577149814019,114.28600044250489,115.51460021972656,-0.003242887300528
2015-04-14,114.44000244140624,115.06999969482422,114.38999938964844,114.69000244140624,3651500,-0.0060980844312983,0.0088260002652515,114.46750068664552,115.33440032958984,-0.0077548232411812
2015-04-15,115.43000030517578,115.5999984741211,114.47000122070312,114.8000030517578,3656000,0.0086135987552241,0.008794907025339,114.72850074768068,115.19460037231444,0.0020434979773401
2015-04-16,115.02999877929688,115.66000366210938,114.63999938964844,115.5500030517578,3132300,-0.0034713349747602,0.0078963381844272,114.8615005493164,115.07420028686523,-0.0003841130979678
2015-04-17,115.5999984741211,115.79000091552734,115.2300033569336,115.37999725341795,3496300,0.004942989742755,0.0079265940763847,115.0270004272461,114.95460021972656,0.0056143751808184
2015-04-20,114.72000122070312,114.9499969482422,114.31999969482422,114.81999969482422,3932800,-0.0076415555466046,0.0078164168751982,115.08450050354004,114.81320022583007,-0.0008117446856601
2015-04-21,115.37999725341795,115.55999755859376,114.6500015258789,114.72000122070312,3317700,0.0057366175320521,0.0077946394933457,115.13900032043458,114.74800018310548,0.0055076957271934
2015-04-22,113.83000183105467,114.95999908447266,113.7699966430664,114.83000183105467,5696000,-0.0135248816010839,0.008378268200329,115.1020004272461,114.64120025634766,-0.007075976380909
2015-04-23,114.66000366210938,114.95999908447266,113.80999755859376,113.9000015258789,3459500,0.0072651359960974,0.0085428564717927,115.09850044250489,114.5650003051758,0.0008292528842187
2015-04-24,113.0500030517578,114.06999969482422,112.7699966430664,113.95999908447266,7152900,-0.0141410337003533,0.0089488152060379,114.9770004272461,114.48460037231445,-0.0125309195812467
2015-04-27,115.33000183105467,115.81999969482422,113.66999816894533,113.87000274658205,7487600,0.0199673743957626,0.0100768211639692,114.99050064086914,114.44440048217774,0.0077382671860371
2015-04-28,116.33000183105467,116.62000274658205,115.33999633789062,115.36000061035156,8054400,0.0086333954543481,0.009861798488406,115.11950073242188,114.41140045166016,0.016769319943821
2015-04-29,115.51000213623048,116.38999938964844,115.27999877929688,116.05999755859376,7170500,-0.0070738707743613,0.0100246437928701,115.21200065612793,114.40140045166017,0.009690455538075
2015-04-30,113.47000122070312,113.87999725341795,112.95999908447266,113.87999725341795,9440300,-0.0178186292336544,0.0100947770707694,115.10550079345704,114.3440005493164,-0.0076435958547411
2015-05-01,113.08000183105467,113.30999755859376,112.27999877929688,112.41999816894533,7597000,-0.0034429465428856,0.0101023331077598,114.99550094604491,114.28680053710936,-0.0105593883141635
2015-05-04,114.0999984741211,114.44000244140624,113.87999725341795,114.18000030517578,3648100,0.0089796944769087,0.0099082710495808,114.86600074768066,114.26320053100586,-0.0014282993660805
2015-05-05,114.41999816894533,115.11000061035156,114.38999938964844,114.88999938964844,3856500,0.0028006293425995,0.0099015124536063,114.78150062561036,114.24300048828124,0.0015493087533378
2015-05-06,114.36000061035156,114.75,114.0199966430664,114.58999633789062,3280700,-0.0005245000462394,0.0098370066686377,114.72600059509276,114.22500045776368,0.0011818792037371
2015-05-07,113.41999816894533,114.01000213623048,113.31999969482422,113.83999633789062,5455100,-0.0082536463493555,0.0098862297650272,114.66350059509276,114.17940048217774,-0.0066509572657193
2015-05-08,113.97000122070312,114.43000030517578,113.58999633789062,114.33999633789062,9964100,0.0048375401365222,0.0095812508559791,114.56350059509278,114.13740051269532,-0.0014666471396776
2015-05-11,113.52999877929688,114.30999755859376,113.08000183105467,114.08999633789062,2916700,-0.003868158154194,0.009494580912276,114.4830005645752,114.08480041503908,-0.0048630635608234
2015-05-12,114.5,114.66999816894533,114.05999755859376,114.0999984741211,3256700,0.0085077145701036,0.0096187584551987,114.48600044250487,114.06120040893556,0.0038470539455244
2015-05-13,116.5500030517578,116.93000030517578,115.68000030517578,115.73999786376952,11768200,0.0177455686715796,0.0102442605581643,114.54200057983398,114.08280044555664,0.0216264204294193
2015-05-14,117.18000030517578,117.75,117.02999877929688,117.27999877929688,6923000,0.0053908250551019,0.0102558818917687,114.64950065612793,114.12420043945312,0.0267760900313502
2015-05-15,117.52999877929688,117.62999725341795,116.68000030517578,116.8000030517578,4447300,0.0029823930374759,0.0102247871229085,114.74600067138672,114.17480041503906,0.029386505183817
2015-05-18,117.5199966430664,117.87999725341795,117.2699966430664,117.77999877929688,5079900,-8.510645761585739e-05,0.0100331721428223,114.88600044250488,114.28800033569335,0.0282794020184082
2015-05-19,115.88999938964844,116.7300033569336,115.6500015258789,116.5500030517578,5052100,-0.0139670432211819,0.0105204006345268,114.9115005493164,114.36640029907228,0.0133220866145292
2015-05-20,116.08000183105467,116.37999725341795,115.76000213623048,116.02999877929688,4432600,0.0016381642703537,0.0100117705183351,115.0240005493164,114.45960037231444,0.0141569728836145
2015-05-21,115.69000244140624,116.0,115.47000122070312,115.52999877929688,2514700,-0.0033654032062089,0.0099424037010261,115.07550048828124,114.55840042114258,0.0098779488549388
2015-05-22,115.5999984741211,115.93000030517578,115.31999969482422,115.51000213623048,1780200,-0.0007782781051662,0.0093412917380914,115.20300025939942,114.65600036621092,0.0082333075015266
2015-05-26,113.91000366210938,114.2300033569336,113.6999969482422,113.83999633789062,5769600,-0.0147272479776649,0.008865467277613,115.13200035095215,114.71660049438476,-0.0070312128218519
2015-05-27,113.88999938964844,114.01000213623048,113.62999725341795,113.77999877929688,2681100,-0.0001756301338399,0.0085963139440771,115.01000022888184,114.77820053100588,-0.0077384131938668
2015-05-28,114.0199966430664,114.16000366210938,113.20999908447266,113.8499984741211,5266000,0.0011407772346871,0.0084894259672748,114.93549995422364,114.85440048217774,-0.0072648835012708
2015-05-29,114.0999984741211,114.4800033569336,114.0,114.13999938964844,3407500,0.0007014013330434,0.0074664887485006,114.96699981689451,114.88900039672852,-0.0068675149046722
2015-06-01,114.0,115.5,113.9000015258789,115.0199966430664,8254000,-0.0008767951003625,0.0074211130145439,115.0129997253418,114.92320037841796,-0.0080331941277137
2015-06-02,114.45999908447266,114.6500015258789,114.16999816894533,114.36000061035156,3988600,0.0040269605877943,0.0071992456460837,115.03099975585936,114.94100036621094,-0.0041847667951886
2015-06-03,113.63999938964844,114.37000274658205,113.08000183105467,114.12999725341795,4885200,-0.0071898573672245,0.0073511933196537,114.99199981689452,114.92800033569335,-0.0112070247657907
2015-06-04,112.83999633789062,113.1500015258789,112.4800033569336,112.9800033569336,5566600,-0.0070646979352704,0.0075036246083242,114.91599960327147,114.89340026855469,-0.0178722531134458
2015-06-05,112.23999786376952,112.38999938964844,111.56999969482422,111.5999984741211,5561300,-0.0053314369182916,0.0073755210594159,114.8569995880127,114.8436001586914,-0.0226708522836641
2015-06-08,112.56999969482422,112.66000366210938,112.12999725341795,112.38999938964844,3122100,0.0029358308942225,0.0073147850427349,114.78699951171876,114.78540008544924,-0.0193003673722947
2015-06-09,112.81999969482422,113.2300033569336,112.70999908447266,113.1500015258789,3529900,0.0022183779511247,0.0072990437423087,114.75149955749512,114.74060012817382,-0.0167386298416092
2015-06-10,113.77999877929688,114.13999938964844,113.69000244140624,114.13999938964844,5452900,0.008473122987024,0.0072968471801485,114.71549949645996,114.74120010375977,-0.0083771245515445
2015-06-11,113.26000213623048,113.41000366210938,112.91999816894533,113.2699966430664,4434700,-0.0045806690469191,0.0059767369934294,114.5509994506836,114.7332000732422,-0.0128402061135857
2015-06-12,113.2300033569336,113.5,112.95999908447266,113.05999755859376,2998500,-0.0002649015739744,0.0057670632333529,114.35349960327147,114.68580017089845,-0.0126937843376903
2015-06-15,113.7300033569336,114.1500015258789,113.20999908447266,113.27999877929688,5055100,0.0044060697400653,0.0058364579241118,114.16349983215332,114.65480026245118,-0.0080659240031875
2015-06-16,113.31999969482422,113.4499969482422,112.79000091552734,113.08000183105467,4033300,-0.0036115754437751,0.0058401730109375,113.9534999847412,114.58740020751954,-0.01106055735971
2015-06-17,113.8499984741211,114.04000091552734,112.62999725341795,113.06999969482422,6456000,0.0046661068379395,0.0052575291672696,113.85149993896484,114.54220016479492,-0.0060432023278576
2015-06-18,115.31999969482422,115.61000061035156,114.88999938964844,115.19000244140624,8041300,0.0128290910166516,0.006072827863325,113.81349983215333,114.53920013427734,0.0068168763151089
2015-06-19,115.12000274658205,115.45999908447266,114.9499969482422,115.33999633789062,4611600,-0.0017357836863242,0.0060407833544873,113.78499984741212,114.54820022583009,0.0049918071137274
2015-06-22,113.63999938964844,113.94000244140624,113.33999633789062,113.79000091552734,5763700,-0.0129395348224732,0.0066757796116162,113.68699989318849,114.501600189209,-0.0075247926503803
2015-06-23,112.88999938964844,113.16999816894533,112.79000091552734,112.95999908447266,4522800,-0.006621663748214,0.0060012501958575,113.63599967956544,114.45660018920898,-0.0136872910515495
2015-06-24,112.58999633789062,112.73999786376952,112.30999755859376,112.4800033569336,2975500,-0.0026610185778751,0.0060209757537106,113.57099952697754,114.41960006713867,-0.0159902999850941
2015-06-25,112.44000244140624,112.70999908447266,112.31999969482422,112.43000030517578,2904700,-0.0013331015376762,0.0060092934757714,113.49199981689452,114.35980010986329,-0.0167873471850487
2015-06-26,112.55999755859376,112.68000030517578,112.12999725341795,112.1999969482422,4392600,0.0010666233650126,0.006014321676055,113.41499977111816,114.31040008544922,-0.0153127145521929
2015-06-29,113.06999969482422,113.2300033569336,112.52999877929688,112.80999755859376,5820200,0.0045207021318424,0.0061250785079681,113.36849975585938,114.25980010986328,-0.0104131147953614
2015-06-30,112.37000274658205,113.0500030517578,111.83999633789062,112.23999786376952,7897000,-0.0062100708860372,0.006162442953579,113.26399993896484,114.21280014038086,-0.0161347711599208
2015-07-01,111.9800033569336,112.51000213623048,111.94000244140624,112.12000274658205,4409000,-0.0034767084633964,0.0060178907537762,113.18100013732912,114.14480026245116,-0.0189653571651104
2015-07-02,111.76000213623048,111.83999633789062,111.41000366210938,111.66000366210938,3838600,-0.0019665798355691,0.0058410755780563,113.12700042724607,114.1034002685547,-0.0205374960501507
2015-07-06,112.05999755859376,112.58000183105467,111.62999725341795,111.70999908447266,4259800,0.0026806862873874,0.0057651522207159,113.11800041198732,114.05140014648435,-0.0174605711576789
2015-07-07,110.76000213623048,111.13999938964844,110.0500030517578,111.08000183105467,9073400,-0.0116687027607574,0.0062661727634975,113.02750053405762,114.00560012817382,-0.0284687593266856
2015-07-08,111.08999633789062,111.6500015258789,111.08000183105467,111.37999725341795,5694900,0.0029749330386003,0.0062876664914725,112.94100036621094,113.92080001831054,-0.0248488746564711
2015-07-09,111.36000061035156,111.93000030517578,111.1500015258789,111.8000030517578,3802900,0.0024275514386137,0.0059563755657785,112.82000045776368,113.82139999389648,-0.0216251019902839
2015-07-10,111.48999786376952,111.70999908447266,111.02999877929688,111.18000030517578,3594900,0.0011666795517473,0.0059168482155899,112.73150024414062,113.74099990844726,-0.0197905948293898
2015-07-13,110.98999786376952,111.13999938964844,110.36000061035156,110.43000030517578,4279300,-0.0044947937019094,0.0059725185321304,112.61949996948242,113.6913998413086,-0.0237608295905382
2015-07-14,110.73999786376952,111.08000183105467,110.62999725341795,111.0,2601000,-0.002254995812518,0.0058394849515759,112.46999969482422,113.6445997619629,-0.0255586442671036
2015-07-15,110.16000366210938,110.19000244140624,109.58000183105467,110.0,9286200,-0.0052512044403683,0.0058845070094153,112.31199989318849,113.56579986572264,-0.0299896289872497
2015-07-16,109.76000213623048,110.01000213623048,109.5999984741211,109.66999816894533,4629700,-0.0036377042236317,0.0057236768070371,112.10750007629396,113.47259994506835,-0.032718011314054
2015-07-17,108.6500015258789,109.16000366210938,108.4000015258789,109.11000061035156,14858300,-0.0101644626938932,0.0048700011437749,111.77400016784668,113.3583999633789,-0.0415355054325137
2015-07-20,105.6999969482422,106.6500015258789,105.62000274658205,106.5999984741211,15751700,-0.0275268567421122,0.0073212603778099,111.3029998779297,113.20399993896484,-0.0662874367934746
2015-07-21,105.37000274658205,106.31999969482422,105.25,105.80999755859376,10519800,-0.0031268723268024,0.007032699888563,110.88950004577636,113.03199996948244,-0.0677860891160826
2015-07-22,104.8000030517578,105.08999633789062,104.18000030517578,104.38999938964844,8349200,-0.0054241906707405,0.0070122825237366,110.48500022888184,112.85740005493165,-0.071394494284398
2015-07-23,104.33000183105467,105.3000030517578,104.1999969482422,104.9800033569336,5779300,-0.0044948309762842,0.007009723002922,110.07200050354004,112.65400009155272,-0.0738899484592933
2015-07-24,105.3499984741211,105.58999633789062,103.43000030517578,103.61000061035156,11572700,0.0097291557358142,0.0076248775708056,109.71750030517578,112.43,-0.0629725298041351
2015-07-27,104.86000061035156,105.68000030517578,104.66000366210938,104.94000244140624,10690100,-0.0046619928012779,0.0075612607658756,109.33250045776369,112.18360000610352,-0.065282264032831
2015-07-28,105.0199966430664,105.33000183105467,104.83000183105467,105.08999633789062,5549200,0.0015246432799856,0.0074214817770977,108.93000030517578,111.9333999633789,-0.0617635426295846
2015-07-29,105.16999816894533,105.62999725341795,104.48999786376952,104.93000030517578,5616900,0.0014272948765042,0.0074813872086038,108.57000007629397,111.68639999389649,-0.0583455266290906
2015-07-30,104.2699966430664,104.97000122070312,103.86000061035156,104.02999877929688,6652000,-0.0085944145146335,0.0075742984296885,108.1844997406006,111.45399993896484,-0.0644571150414752
2015-07-31,104.93000030517578,105.75,104.69000244140624,105.41000366210938,6689200,0.0063098074713187,0.0078860043333377,107.84299964904784,111.23099990844726,-0.0566478734206987
2015-08-03,104.0999984741211,104.81999969482422,104.0500030517578,104.58999633789062,3528600,-0.0079415031150899,0.0078299299478561,107.44499969482422,110.99919982910156,-0.0621554152246387
2015-08-04,104.30999755859376,104.75,103.9499969482422,104.55999755859376,3241000,0.0020152503194806,0.0076921527669913,107.12249946594238,110.77339981079102,-0.0583479631683889
2015-08-05,103.93000030517578,104.5,103.77999877929688,104.41999816894533,5041000,-0.003649612745896,0.0075628733076679,106.76449966430664,110.57379974365234,-0.0600847529331464
2015-08-06,104.38999938964844,104.86000061035156,104.13999938964844,104.1500015258789,3908100,0.0044162810366784,0.0076550853554552,106.41599960327147,110.38379974365236,-0.0542996378809525
2015-08-07,104.6500015258789,105.37999725341795,104.5500030517578,104.55999755859376,4400900,0.0024875838994236,0.0077005931863492,106.07399978637696,110.1963998413086,-0.0503319375534675
2015-08-10,105.72000122070312,106.2699966430664,104.91999816894533,105.02999877929688,5892600,0.0101726378098647,0.008246437213746,105.81049995422364,110.02879989624024,-0.0391606441186344
2015-08-11,106.26000213623048,106.62999725341795,105.7699966430664,106.48999786376952,4060900,0.0050948398439476,0.0084167633206088,105.58650016784668,109.87399993896484,-0.0328922020199677
2015-08-12,107.75,107.91000366210938,106.93000030517578,106.98999786376952,10022500,0.0139247878572535,0.0090992315846184,105.46599998474122,109.7397999572754,-0.0181319809043763
2015-08-13,106.86000061035156,107.18000030517578,106.70999908447266,106.9499969482422,4761700,-0.0082941567425384,0.0092261075868187,105.32099990844726,109.60419998168943,-0.0250373559753762
2015-08-14,106.8499984741211,107.41000366210938,106.54000091552734,107.06999969482422,3509200,-9.36047567321894e-05,0.0089908955663794,105.23099975585936,109.48440002441406,-0.0240618896363821
2015-08-17,107.12999725341795,107.51000213623048,107.0,107.37000274658205,5769100,0.0026170571520375,0.0064479042135893,105.30249977111816,109.38220001220704,-0.0205902126537748
2015-08-18,107.11000061035156,107.33000183105467,106.30999755859376,106.66999816894533,4121800,-0.0001866751617238,0.0063899925917292,105.38949966430664,109.27300003051758,-0.0197944544357886
2015-08-19,108.5500030517578,108.66999816894533,107.62999725341795,107.62999725341795,7035100,0.0133545749632443,0.0067914121194561,105.57699966430664,109.18760009765624,-0.0058394638706976
2015-08-20,110.44000244140624,110.61000061035156,109.6999969482422,109.80999755859376,12549000,0.0172614847299862,0.0074478602762719,105.88249969482422,109.12080017089843,0.0120893749719736
2015-08-21,111.12999725341795,111.33000183105467,110.12000274658205,110.93000030517578,13917600,0.0062282533143871,0.0073175654673842,106.17149963378908,109.0782000732422,0.0188103322093512
2015-08-24,110.52999877929688,112.12000274658205,109.7699966430664,111.54000091552734,18388700,-0.0054136962037427,0.0073590232417688,106.45499954223632,109.02419998168943,0.0138116014413343
2015-08-25,109.16000366210938,110.0500030517578,108.72000122070312,110.01000213623048,9974200,-0.0124722368905492,0.0080983900249879,106.66199989318848,108.93279998779298,0.0020857232563732
2015-08-26,107.66999816894533,108.05999755859376,107.08000183105467,107.72000122070312,10856600,-0.0137437525667737,0.008826089602076,106.78699989318848,108.8197999572754,-0.0105661082705674
2015-08-27,107.7300033569336,108.04000091552734,107.11000061035156,107.33000183105467,8102100,0.0005571512452685,0.0085250606027821,106.96000022888184,108.69740005493163,-0.0088999065065875
2015-08-28,108.6999969482422,109.3000030517578,108.12000274658205,108.16999816894533,7558900,0.0089636379853939,0.0086218028786317,107.14850006103516,108.565,0.0012434665706461
2015-08-31,108.81999969482422,108.91999816894533,108.02999877929688,108.19000244140624,4532100,0.0011033722012556,0.0083177261843275,107.3845001220703,108.43899993896484,0.003513493817481
2015-09-01,109.1999969482422,109.7699966430664,108.94000244140624,109.62999725341795,7077800,0.0034858971109339,0.0083223465765043,107.62900009155274,108.35019989013672,0.0078430594402884
2015-09-02,108.62000274658205,109.33999633789062,108.45999908447266,109.01000213623048,4115700,-0.0053254574714514,0.0083934362986867,107.86350021362304,108.2647999572754,0.0032808705086679
2015-09-03,107.83999633789062,108.31999969482422,107.55999755859376,107.7699966430664,3913100,-0.0072069646875859,0.0086314301822799,108.03600006103515,108.1697999572754,-0.0030489436008481
2015-09-04,107.48999786376952,107.55999755859376,107.06999969482422,107.13999938964844,4025000,-0.0032508130940552,0.0086964047317954,108.1779998779297,108.07079986572266,-0.0053742731864184
2015-09-08,107.5199966430664,107.94000244140624,107.30999755859376,107.5999984741211,5982100,0.0002790454421465,0.0084452235449394,108.26799964904784,107.96999984741213,-0.0041678540796672
2015-09-09,106.12999725341795,106.70999908447266,105.4800033569336,106.63999938964844,8855100,-0.0130121136590399,0.0089226156800085,108.26149940490724,107.83119979858398,-0.0157765335853043
2015-09-10,106.37999725341795,106.6999969482422,106.18000030517578,106.61000061035156,6204000,0.0023528316012587,0.0083229937756983,108.19299926757812,107.7113996887207,-0.0123608312504564
2015-09-11,106.16000366210938,106.1999969482422,105.2699966430664,105.6500015258789,4023900,-0.0020701389754934,0.0081359894361596,108.15799942016602,107.59499969482422,-0.0133370141436403
2015-09-14,106.22000122070312,106.38999938964844,105.77999877929688,105.86000061035156,2350800,0.0005650019663848,0.008138323185945,108.12649955749512,107.48419967651368,-0.011761714369324
2015-09-15,105.9000015258789,106.05999755859376,105.68000030517578,105.83000183105467,2905000,-0.0030171594704306,0.0081297019026255,108.06499977111817,107.36099975585938,-0.0136082770587346
2015-09-16,107.30999755859376,107.70999908447266,106.55999755859376,106.5999984741211,5315600,0.0132265521720312,0.0086970938239513,108.07499961853028,107.29199966430664,0.000167746843599
2015-09-17,108.41000366210938,108.58000183105467,106.95999908447266,107.06999969482422,8403800,0.0101985502653112,0.0084694679382657,108.06799964904783,107.238399810791,0.0109252269092556
2015-09-18,109.20999908447266,109.37999725341795,108.81999969482422,109.0999984741211,6794300,0.0073522563730742,0.0076530495949213,108.00649948120116,107.19539978027343,0.0187937104421337
2015-09-21,108.52999877929688,108.66000366210938,108.33000183105467,108.48999786376952,4104800,-0.0062460046161412,0.0075786555330987,107.87649955749512,107.136199798584,0.0130095988408514
2015-09-22,107.79000091552734,107.95999908447266,107.44000244140624,107.58000183105467,5483300,-0.0068417229231559,0.0076271770341806,107.73949966430663,107.07219985961916,0.0067038975275495
2015-09-23,108.22000122070312,108.63999938964844,108.1999969482422,108.54000091552734,2744200,0.0039813052072609,0.0072306463992519,107.69249954223632,107.0217999267578,0.0111958619156594
2015-09-24,110.48999786376952,110.81999969482422,109.62999725341795,109.66999816894533,11024300,0.0207587962965126,0.0079661055450881,107.83349952697752,107.02839981079102,0.0323427992859656
2015-09-25,109.80999755859376,110.02999877929688,109.5500030517578,109.87000274658205,5209500,-0.0061734224143141,0.0081391026592537,107.93749923706056,107.02939971923828,0.0259797573998322
2015-09-28,108.41999816894533,108.91000366210938,108.2699966430664,108.37000274658205,3809600,-0.0127390204329573,0.0084559022837424,107.9234992980957,107.0247996520996,0.0130362170392379
2015-09-29,107.9800033569336,108.69000244140624,107.87999725341795,108.23999786376952,4043600,-0.0040665010650436,0.0084951769226891,107.88149948120116,107.07039978027343,0.0084953785409115
2015-09-30,106.86000061035156,107.08000183105467,106.47000122070312,106.77999877929688,7405600,-0.0104264836372973,0.0087277359909596,107.76449966430664,107.10019973754883,-0.0022427514401082
2015-10-01,106.7300033569336,107.20999908447266,106.62999725341795,106.9800033569336,4278600,-0.0012172598628681,0.0086707932376878,107.6699996948242,107.13879974365234,-0.0038155774350362
2015-10-02,108.98999786376952,109.31999969482422,108.54000091552734,108.54000091552734,7730600,0.0209538029225264,0.0098016429085486,107.72749977111816,107.23199966430664,0.0163943431528494
2015-10-05,108.7699966430664,109.37999725341795,108.45999908447266,109.13999938964844,5490200,-0.0020205850578976,0.0097805021153335,107.791499710083,107.30039962768556,0.0136961001122093
2015-10-06,109.86000061035156,110.26000213623048,109.62999725341795,109.8000030517578,7513900,0.0099713032271164,0.0100018019596732,107.90849990844728,107.40039962768554,0.022901227473943
2015-10-07,109.6999969482422,110.13999938964844,109.33999633789062,109.75,5355500,-0.0014574940081346,0.0094644527446743,108.08699989318848,107.49399963378906,0.0205220507374229
2015-10-08,109.13999938964844,110.2699966430664,109.05999755859376,109.16000366210938,5038200,-0.005117883296348,0.0095821224719132,108.225,107.57339965820312,0.0145630772702445
2015-10-09,110.87000274658205,111.0500030517578,110.2300033569336,110.54000091552734,7907300,0.0157269123915427,0.010068587733607,108.46049995422364,107.70539978027344,0.0293820270178154
2015-10-12,111.30999755859376,111.7300033569336,111.01000213623048,111.66999816894533,6257900,0.0039607110144831,0.010068719379746,108.71499977111816,107.8329997253418,0.0322442836803958
2015-10-13,111.86000061035156,111.87000274658205,111.27999877929688,111.36000061035156,5149600,0.004929015278091,0.0100027484649745,109.0129997253418,107.9881997680664,0.0358539252492483
2015-10-14,113.80999755859376,113.9499969482422,112.3000030517578,112.62999725341795,10207800,0.0172822749923714,0.0102642743560211,109.3379997253418,108.1781997680664,0.0520603763290747
2015-10-15,113.29000091552734,113.98999786376952,112.94000244140624,113.1999969482422,14083900,-0.0045794588755318,0.0102461805498457,109.58199958801268,108.36539978027344,0.0454444051813517
2015-10-16,112.48999786376952,113.44000244140624,112.43000030517578,113.23999786376952,7328000,-0.0070866011523386,0.0103720661918985,109.74599952697754,108.52739974975586,0.0365124210397621
2015-10-19,112.0199966430664,112.69000244140624,111.88999938964844,112.63999938964844,3959400,-0.0041869129999151,0.0103013230109489,109.920499420166,108.6747996520996,0.0307817175801176
2015-10-20,112.7300033569336,113.08999633789062,112.37999725341795,112.37999725341795,4903200,0.0063182120205528,0.010154146368923,110.16749954223631,108.81499969482422,0.0359785293671749
2015-10-21,111.7300033569336,112.37000274658205,111.41000366210938,112.37000274658205,3908800,-0.0089103322306711,0.0104428997234247,110.34299964904784,108.92439971923828,0.0257573477102191
2015-10-22,111.69000244140624,112.20999908447266,111.43000030517578,111.5199966430664,3436400,-0.0003580781927906,0.0094209635248832,110.40299987792967,109.0031997680664,0.0246488422271705
2015-10-23,111.5,111.83999633789062,110.95999908447266,111.80999755859376,4868400,-0.0017026075113334,0.009305616234822,110.4875,109.09599975585938,0.0220356406240413
2015-10-26,111.43000030517578,111.9800033569336,111.33000183105467,111.7300033569336,2573500,-0.0006279971024889,0.0087586831767973,110.63800010681152,109.18759979248048,0.0205371353244981
2015-10-27,111.68000030517578,111.80999755859376,111.29000091552734,111.30999755859376,2646100,0.002241047948969,0.0086657221876658,110.82299995422365,109.27859985351564,0.0219750294648645
2015-10-28,110.77999877929688,113.25,110.30999755859376,112.68000030517578,8201200,-0.0080914001608609,0.0085082603141052,111.0189998626709,109.35199981689452,0.0130587366010083
2015-10-29,109.72000122070312,110.5999984741211,109.66000366210938,110.2300033569336,5150800,-0.0096145643907691,0.0088647868140837,111.16849975585936,109.37539978027344,0.0031506302250959
2015-10-30,109.3000030517578,109.58000183105467,109.05999755859376,109.5,5543200,-0.0038352540915995,0.0076313670553726,111.1840000152588,109.35259979248048,-0.0004809829928368
2015-11-02,108.58999633789062,108.83999633789062,108.45999908447266,108.63999938964844,5843300,-0.0065171345988014,0.0077635246659288,111.175,109.30179977416992,-0.0065122755320586
2015-11-03,106.9800033569336,107.80999755859376,106.68000030517578,107.79000091552734,7145300,-0.0149373560224424,0.0080580922550759,111.0310001373291,109.23079986572266,-0.0206058777520256
2015-11-04,105.97000122070312,107.08999633789062,105.91999816894533,107.0199966430664,7617800,-0.009485885776108,0.0082622534464326,110.84450035095216,109.16699981689452,-0.0292853939519609
2015-11-05,105.63999938964844,106.0999984741211,105.58000183105467,106.01000213623048,5931100,-0.0031189650547963,0.0082311416184364,110.66950035095216,109.1263998413086,-0.0319482770139038
2015-11-06,104.0999984741211,104.41999816894533,104.0199966430664,104.16999816894533,8831900,-0.0146851206881709,0.0076441530575253,110.3310001373291,109.05379974365236,-0.0454252972493936
2015-11-09,104.4000015258789,104.58000183105467,104.19000244140624,104.29000091552734,4129200,0.002877729101132,0.0075948057524575,109.98550033569336,108.96779983520508,-0.0419187899199046
2015-11-10,104.18000030517578,104.6500015258789,103.87000274658205,104.08999633789062,4450800,-0.0021095148178785,0.0073574477844068,109.60150032043455,108.87499984741213,-0.0431228431578999
2015-11-11,103.83000183105467,104.2300033569336,103.77999877929688,104.08999633789062,3527600,-0.003365211295874,0.0054915203976846,109.1025005340576,108.76759994506835,-0.0453958542480237
2015-11-12,103.8499984741211,104.31999969482422,103.04000091552734,103.08999633789062,6300500,0.0001925716785326,0.0055946480998713,108.6305004119873,108.67219985961914,-0.0443738269007831
2015-11-13,103.55999755859376,103.73999786376952,103.4499969482422,103.54000091552734,3224200,-0.0027964043204795,0.0055663816659923,108.18400039672852,108.5865998840332,-0.0462911844629786
2015-11-16,103.70999908447266,104.02999877929688,103.5199966430664,103.9800033569336,2951200,0.0014474024653423,0.0057045142057649,107.76850051879885,108.51099990844726,-0.0442443699535097
2015-11-17,102.33999633789062,103.4000015258789,101.9800033569336,103.37999725341795,8593100,-0.0132979661806881,0.0055477130039105,107.24900016784667,108.40739990234376,-0.055968536925697
2015-11-18,102.43000030517578,102.9499969482422,102.04000091552734,102.38999938964844,5043800,0.0008790738346113,0.0056008039884002,106.78400001525878,108.33339996337892,-0.0544928864062119
2015-11-19,103.55999755859376,104.08999633789062,103.06999969482422,103.06999969482422,5087600,0.0109714898807345,0.0065224262782862,106.37749977111817,108.27699996948242,-0.0435642141195094
2015-11-20,103.08999633789062,103.66000366210938,102.97000122070312,103.58000183105467,5971600,-0.0045487737236644,0.0065057710358169,105.95699958801268,108.21559982299804,-0.0473647375562402
2015-11-23,102.26000213623048,102.75,102.16000366210938,102.4800033569336,4042500,-0.008083747042833,0.0065207345325504,105.49849967956544,108.1363998413086,-0.0543424574306319
2015-11-24,102.94000244140624,103.25,102.69000244140624,103.12000274658205,3479600,0.0066277073993574,0.0068190654365228,105.06149978637696,108.07719985961914,-0.0475326657693351
2015-11-25,102.45999908447266,102.69000244140624,102.20999908447266,102.47000122070312,2931300,-0.0046738483658018,0.0067556355269585,104.64549980163574,107.98019989013672,-0.0511223429043521
2015-11-27,101.25,101.62000274658205,100.98999786376952,101.01000213623048,4993600,-0.0118797635889466,0.006874364007513,104.22199974060058,107.83699981689452,-0.0610829291252459
2015-11-30,101.91999816894533,102.37999725341795,101.5199966430664,101.52999877929688,6773000,0.0065954678715975,0.0072729893269942,103.85299949645996,107.69119979858398,-0.0535902807326187
2015-12-01,102.27999877929688,102.43000030517578,101.80999755859376,102.3000030517578,4645900,0.0035259646298245,0.007398992964031,103.53749961853028,107.56619979858398,-0.0491436996861972
2015-12-02,100.69000244140624,101.3499984741211,100.52999877929688,101.3499984741211,10223500,-0.0156676243137877,0.007462567149589,103.2229995727539,107.42419982910155,-0.062687898987459
2015-12-03,101.76000213623048,101.97000122070312,100.8499984741211,101.2300033569336,6499900,0.0105706064103597,0.0078849755903479,103.01249961853028,107.29499984741211,-0.0515867255608662
2015-12-04,104.0199966430664,104.20999908447266,102.6500015258789,102.73999786376952,10670200,0.0219660354882815,0.0095263948252696,102.93149948120116,107.16559982299805,-0.0293527324545108
2015-12-07,102.66999816894533,103.37000274658205,102.5,103.31999969482422,4393500,-0.0130632125964203,0.0094078955588721,102.85999946594238,107.02279983520508,-0.0406717229689584
2015-12-08,102.83999633789062,103.26000213623048,102.52999877929688,103.12999725341795,3412300,0.0016544033114078,0.009387422355002,102.78199920654296,106.91119979858398,-0.038080233580423
2015-12-09,102.63999938964844,103.66000366210938,102.31999969482422,103.62999725341795,6026300,-0.0019466324270582,0.009386253931566,102.7049991607666,106.80439971923828,-0.038990906184923
2015-12-10,102.5500030517578,102.83000183105467,102.33999633789062,102.51000213623048,3853500,-0.0008772000837341,0.0093661599118324,102.64099922180176,106.7181997680664,-0.03905797441643
2015-12-11,103.11000061035156,103.31999969482422,101.8499984741211,101.91000366210938,6798400,0.0054458711721541,0.0094633116449485,102.60399932861328,106.64579971313476,-0.0331546025468804
2015-12-14,101.79000091552734,102.72000122070312,101.73999786376952,102.58000183105467,5563800,-0.0128845089907494,0.0098606584742323,102.51549949645997,106.50179977416992,-0.0442414951543883
2015-12-15,101.5199966430664,102.05999755859376,101.41000366210938,101.70999908447266,6831100,-0.0026560861191144,0.009852765856568,102.40599937438964,106.35679977416991,-0.045477140543657
2015-12-16,102.75,103.1999969482422,101.66000366210938,102.58999633789062,8292200,0.012043063036934,0.0098264912853412,102.42649955749512,106.21459976196287,-0.0326188656712673
2015-12-17,100.5,100.98999786376952,100.2300033569336,100.91999816894533,10156200,-0.0221411258772135,0.0110186517155074,102.32999954223632,106.03059982299804,-0.052160412486872
2015-12-18,102.04000091552734,102.52999877929688,101.3000030517578,101.3499984741211,8345900,0.0152071747467198,0.0112970597769611,102.253999710083,105.88859985351564,-0.0363457345107251
2015-12-21,103.1500015258789,103.5199966430664,102.83000183105467,102.9499969482422,6378900,0.0108193520642257,0.0115442612024234,102.25699996948242,105.73419982910156,-0.0244405150594556
2015-12-22,102.61000061035156,103.1999969482422,102.55999755859376,103.08999633789062,4123500,-0.0052488544876924,0.0114564761791079,102.27449989318848,105.56019989013672,-0.0279480266507226
2015-12-23,102.30999755859376,102.58999633789062,102.20999908447266,102.4000015258789,2821400,-0.0029280037943663,0.0113719696659711,102.24299964904785,105.36919982910156,-0.0290331735978779
2015-12-24,103.0500030517578,103.0500030517578,102.7699966430664,102.81999969482422,1710200,0.0072069409227907,0.0114419431377322,102.2724998474121,105.15399993896484,-0.0200087194821716
2015-12-28,102.2699966430664,102.5999984741211,102.02999877929688,102.4800033569336,3356200,-0.0075979949571133,0.0112405954260757,102.32349967956544,104.93359985351564,-0.0253837018282755
2015-12-29,102.1999969482422,102.58000183105467,102.11000061035156,102.5199966430664,2832200,-0.0006846940847351,0.0111503709310797,102.33749961853027,104.72779983520508,-0.0241368852486208
2015-12-30,101.41999816894533,101.5999984741211,101.3499984741211,101.47000122070312,3745000,-0.0076613555962643,0.0112515730238183,102.29449958801273,104.51579986572266,-0.0296204181640927
2015-12-31,101.45999908447266,101.72000122070312,101.30999755859376,101.4800033569336,3823600,0.0003943308023186,0.010664017727015,102.33299942016605,104.29039978027345,-0.027139609223515
2016-01-04,102.88999938964844,103.66999816894533,102.48999786376952,103.12999725341795,6440000,0.0139958273406263,0.0108619415078648,102.38949928283692,104.11359970092774,-0.0117525502412188
2016-01-05,103.18000030517578,103.45999908447266,102.93000030517578,103.12999725341795,3500300,0.0028145883185664,0.009651505374378,102.3474994659424,103.94339965820312,-0.0073443754537336
2016-01-06,104.66999816894533,104.8000030517578,103.93000030517578,104.37000274658205,9316600,0.0143374875989898,0.0097047803785406,102.4474994659424,103.80679962158204,0.0083154335795921
2016-01-07,106.1500015258789,106.23999786376952,105.19000244140624,105.83000183105467,11730400,0.0140406761508109,0.0101367198859484,102.6129997253418,103.7011996459961,0.0236140168893152
2016-01-08,105.68000030517578,105.8000030517578,105.04000091552734,105.4800033569336,7678200,-0.004437539422203,0.010197501671971,102.76499977111816,103.5811996459961,0.0202623706459535
2016-01-11,104.73999786376952,105.56999969482422,104.70999908447266,105.47000122070312,6272400,-0.0089345946460184,0.0104506888963039,102.87449951171877,103.46039962768556,0.012368000130376
2016-01-12,104.20999908447266,104.58999633789062,103.6500015258789,104.08999633789062,5540200,-0.0050729832368575,0.010482801260892,102.9294994354248,103.35019958496092,0.0083192824296861
2016-01-13,104.72000122070312,104.81999969482422,103.77999877929688,103.88999938964844,7324200,0.004882048039545,0.0100291188677597,103.0759994506836,103.25859954833984,0.0141528325849425
2016-01-14,103.0199966430664,104.18000030517578,102.5,103.75,9989100,-0.0163670217062958,0.0107640132494293,103.1509994506836,103.14719955444336,-0.0012332173042644
2016-01-15,104.08000183105467,104.95999908447266,103.97000122070312,104.91999816894533,10052700,0.010236740244834,0.0106713028320465,103.21749954223633,103.0891995239258,0.0096111165059433
2016-01-19,103.9800033569336,104.4499969482422,103.6500015258789,104.05999755859376,4588400,-0.0009612465570263,0.009247142131818,103.391499710083,103.0493995666504,0.0090306570848217
2016-01-20,105.37000274658205,106.16000366210938,104.94000244140624,105.16999816894533,10120900,0.0132793864375229,0.0091079594950927,103.55799980163576,103.04399963378906,0.022572911776129
2016-01-21,105.48999786376952,105.48999786376952,104.5199966430664,104.98999786376952,5425000,0.0011381497656593,0.0088460031133449,103.67499961853028,103.07179962158204,0.0234612983480026
2016-01-22,105.0,105.51000213623048,104.76000213623048,104.93000030517578,4185300,-0.0046557912856441,0.0088244923239338,103.7944995880127,103.08379959106443,0.0185887638652936
2016-01-25,106.08000183105467,106.08999633789062,105.5999984741211,105.76000213623048,6819400,0.0102331935411022,0.0089933959024118,103.98299980163574,103.12179962158204,0.0286864874384284
2016-01-26,107.29000091552734,107.43000030517578,106.26000213623048,106.31999969482422,8443400,0.0113419134832321,0.0091698116224035,104.19499969482422,103.19099960327148,0.0397224692852564
2016-01-27,107.69000244140624,107.93000030517578,106.6500015258789,106.86000061035156,8273400,0.003721294829618,0.0088902519233493,104.46599998474122,103.26779968261718,0.0428226685605797
2016-01-28,106.54000091552734,106.86000061035156,106.4800033569336,106.5500030517578,5914200,-0.0107362419293494,0.0093565288638605,104.68300018310546,103.32739974975586,0.0310914740286888
2016-01-29,106.9499969482422,107.0,106.26000213623048,106.61000061035156,8098700,0.0038408969118531,0.0090755672134693,104.95950012207032,103.39219970703124,0.0344106929854689
2016-02-01,108.0500030517578,108.1500015258789,107.52999877929688,107.54000091552734,10471800,0.0102327042028559,0.0092122130679942,105.28900032043455,103.5063998413086,0.0438968336007749
2016-02-02,108.08999633789062,108.18000030517578,107.3499984741211,107.91999816894533,6656000,0.0003700683510889,0.0088649203060506,105.54900016784669,103.61959976196287,0.0431423841261424
2016-02-03,109.25,109.58000183105467,107.9000015258789,107.91000366210938,15785200,0.0106746544277751,0.0090534485415567,105.8525001525879,103.733399810791,0.053180559002898
2016-02-04,110.56999969482422,110.6999969482422,109.91999816894533,110.4499969482422,13213700,0.0120099678185875,0.0089119776727108,106.14750022888184,103.88299987792968,0.0643704920415491
2016-02-05,112.31999969482422,112.3499984741211,109.58000183105467,109.79000091552734,14777300,0.015703135766193,0.009029883029275,106.4560001373291,104.08419982910156,0.0791263215670122
2016-02-08,113.83000183105467,114.87000274658205,113.38999938964844,113.66999816894533,28341200,0.0133541858625158,0.0091523112270869,106.86350021362304,104.30199981689454,0.0913501373980062
2016-02-09,113.58000183105467,114.69000244140624,113.5500030517578,114.43000030517578,18156700,-0.0021986728524322,0.0087786472125965,107.30550041198732,104.52439987182618,0.0866362492425978
2016-02-10,114.45999908447266,114.5199966430664,112.9800033569336,113.91999816894533,13311100,0.0077179584117263,0.0085416602352962,107.8180004119873,104.78859985351562,0.092294383592077
2016-02-11,119.05999755859376,120.83999633789062,117.7699966430664,118.58999633789062,49139000,0.0394021382372742,0.0115428110626516,108.53500022888184,105.1313998413086,0.1324875131341331
2016-02-12,118.36000061035156,118.73999786376952,117.87999725341795,118.12000274658205,16981200,-0.0058967145308167,0.0106586523262153,109.3020004272461,105.45299987792968,0.1223957663353604
2016-02-16,114.7699966430664,116.30999755859376,114.73999786376952,116.0,14601700,-0.0308007362453961,0.0135488456619898,109.83650016784668,105.7345997619629,0.0854535497504565
2016-02-17,115.4800033569336,116.06999969482422,114.88999938964844,115.47000122070312,10582400,0.0061672874207764,0.0134804496741557,110.41150016784668,106.00899978637696,0.0893415048688512
2016-02-18,118.29000091552734,118.5999984741211,115.29000091552734,115.3000030517578,13586500,0.0240418604332029,0.0140219908373776,111.05750007629396,106.29439987182616,0.11285261554857
2016-02-19,117.58000183105467,117.97000122070312,117.0999984741211,117.26000213623048,15192000,-0.0060202757503805,0.0142365166911523,111.6620002746582,106.59259994506836,0.1030784678453155
2016-02-22,115.48999786376952,116.19000244140624,115.41000366210938,115.44000244140624,10677800,-0.0179350409170575,0.0150195411868332,112.18650016784667,106.84559997558594,0.0809055112251586
2016-02-23,117.22000122070312,117.41999816894533,116.5199966430664,116.68000030517578,9033400,0.0148685938321692,0.0151436772938531,112.74350013732912,107.13720001220705,0.0941111136687096
2016-02-24,117.61000061035156,119.86000061035156,117.3499984741211,119.0,17938800,0.0033215495905065,0.0150727292781597,113.2595001220703,107.43839996337891,0.094673791218407
2016-02-25,117.91999816894533,118.91000366210938,117.54000091552734,117.62000274658205,12500300,0.0026323418605182,0.0150780057326796,113.77099990844728,107.73459991455078,0.0945415703262744
2016-02-26,117.11000061035156,117.72000122070312,115.86000061035156,117.43000030517578,12505100,-0.0068927436472604,0.0148964913995337,114.29949989318848,108.04099990844726,0.0839403625437497
2016-02-29,118.63999938964844,118.6999969482422,117.52999877929688,117.58999633789062,11517500,0.0129800234192825,0.0150075526892141,114.8840000152588,108.3833999633789,0.0946325676232253
2016-03-01,117.7699966430664,119.11000061035156,117.33999633789062,118.73999786376952,14139300,-0.0073601513358005,0.0152104344248137,115.36999969482422,108.68379989624025,0.0836021261264393
2016-03-02,118.68000030517578,118.97000122070312,118.06999969482422,118.33999633789062,8903000,0.00769725664473,0.0151988563192866,115.89949989318848,109.04739990234376,0.0883340676756933
2016-03-03,120.7300033569336,121.3000030517578,118.80999755859376,118.86000061035156,18724100,0.0171258771555553,0.0154000487781384,116.47350006103515,109.42119995117189,0.1033511185292079
2016-03-04,120.54000091552734,122.37000274658205,120.22000122070312,121.12999725341795,16261100,-0.0015750194994792,0.0153739707758721,116.97200012207033,109.76899993896484,0.0981242516789943
2016-03-07,121.13999938964844,121.58000183105467,120.41000366210938,121.18000030517578,9358600,0.0049652408642887,0.0151411323824962,117.41300010681152,110.1395999145508,0.0998768788304302
2016-03-08,120.58000183105467,121.87999725341795,120.47000122070312,121.79000091552734,11531000,-0.0046334482677506,0.0150765732647776,117.75050010681151,110.505,0.0911723617126345
2016-03-09,119.58000183105467,120.38999938964844,118.83999633789062,119.1999969482422,8672900,-0.0083278294815117,0.0152465817600475,118.05050010681153,110.83559997558594,0.0788952453669659
2016-03-10,121.5,121.76000213623048,120.41999816894533,120.5,18104900,0.0159286440154625,0.0155008043878244,118.40250015258788,111.2202000427246,0.0924274543053012
2016-03-11,119.41000366210938,121.38999938964844,119.36000061035156,121.19000244140624,10812300,-0.017351282566946,0.0135558676959574,118.42000045776368,111.56440017700196,0.070323539342837
2016-03-14,117.87000274658205,120.30999755859376,117.5,120.2699966430664,14236200,-0.0129806346733887,0.0138122093322955,118.3955005645752,111.89340026855469,0.053413360070236
2016-03-15,117.95999908447266,118.04000091552734,117.36000061035156,117.77999877929688,9941800,0.0007632306454698,0.0117874657887752,118.55500068664551,112.22340026855468,0.0511176706657442
2016-03-16,120.58999633789062,120.76000213623048,117.33999633789062,117.41999816894533,17334000,0.022050755561495,0.0126324217653535,118.81050033569336,112.57740020751952,0.0711741087962688
2016-03-17,120.12999725341795,121.18000030517578,120.02999877929688,121.16000366210938,9914300,-0.0038218648773647,0.0115858506062693,118.90250015258788,112.91640014648438,0.0638844056095971
2016-03-18,119.8000030517578,120.33999633789062,119.51000213623048,119.58999633789062,16965900,-0.0027507557147485,0.0115077745414222,119.01350021362305,113.21900024414064,0.0581263108968121
2016-03-21,118.95999908447266,119.33000183105467,118.7300033569336,119.0,7240600,-0.0070364166993143,0.0108036774775224,119.1870002746582,113.4752001953125,0.0483347804605744
2016-03-22,119.30999755859376,120.16000366210938,118.95999908447266,119.7300033569336,6786800,0.0029378329691906,0.0103451671656826,119.29150009155272,113.74780014038086,0.0488993845274226
2016-03-23,116.61000061035156,117.12000274658205,116.16000366210938,116.73999786376952,15993700,-0.0228900886586275,0.0116038127890133,119.24150009155274,113.9852001953125,0.0230275545469191
2016-03-24,116.33000183105467,116.94000244140624,116.3000030517578,116.7699966430664,6280900,-0.0024040431975177,0.0115885658470742,119.1620002746582,114.22760025024414,0.0184053729239229
2016-03-28,116.5999984741211,116.91000366210938,116.2699966430664,116.7300033569336,3879100,0.0023182652611009,0.0115113878239522,119.13650016784668,114.4652001953125,0.0186501947768052
2016-03-29,118.76000213623048,118.80999755859376,116.8000030517578,117.36000061035156,14472400,0.0183554070534015,0.0118922137345881,119.1425003051758,114.78000030517578,0.0346750463536567
2016-03-30,117.0999984741211,118.1999969482422,116.91000366210938,117.87999725341795,10769100,-0.0140764103102446,0.0122032508451514,119.10900039672852,115.04040023803712,0.0179032603487326
2016-03-31,117.63999938964844,118.38999938964844,117.5999984741211,118.16000366210938,9348200,0.0046008509243858,0.0121159776811369,119.05700035095217,115.3136001586914,0.0201745433995253
2016-04-01,116.93000030517578,116.9800033569336,115.5500030517578,116.08000183105467,10405400,-0.006053640735366,0.01143684234033,118.86700019836424,115.54480010986327,0.0119884252168459
2016-04-04,116.1500015258789,116.7300033569336,116.06999969482422,116.66999816894533,7643700,-0.0066929954085696,0.0114933935348313,118.64750022888184,115.75800018310548,0.0033863866182326
2016-04-05,117.66000366210938,117.93000030517578,117.1500015258789,117.76000213623048,8865900,0.0129166682072564,0.0118729865682046,118.47350044250489,116.01120025634764,0.0142124501954845
2016-04-06,116.94000244140624,117.38999938964844,116.26000213623048,116.6999969482422,7549400,-0.0061381369358648,0.0118989102528722,118.29150047302248,116.2284002685547,0.0061224465897089
2016-04-07,118.61000061035156,118.8499984741211,115.0,118.6500015258789,11900500,0.0141798015621031,0.0122806501328694,118.24300041198732,116.45480026245116,0.0185067540628919
2016-04-08,118.43000030517578,118.7699966430664,117.9800033569336,118.06999969482422,9078900,-0.0015187338768047,0.0116633179459284,118.0895004272461,116.66960021972656,0.0150887641865046
2016-04-11,120.02999877929688,120.3000030517578,119.41999816894533,119.47000122070312,9846000,0.0134196300570208,0.0114594324383458,118.12050018310546,116.93940017700196,0.0264290615277393
2016-04-12,120.0500030517578,120.3499984741211,119.5500030517578,120.2300033569336,9689500,0.0001666467207152,0.0110289880676887,118.22950019836426,117.20140029907226,0.0243051938408289
2016-04-13,118.7699966430664,119.43000030517578,118.55999755859376,119.37000274658205,8841500,-0.0107195265659906,0.011332090727943,118.27000007629394,117.41580017089844,0.0115333410852452
2016-04-14,117.11000061035156,118.19000244140624,116.9499969482422,118.08999633789062,13165800,-0.0140751522561683,0.0105412752636542,118.096000289917,117.59620025634766,-0.0041344843195292
2016-04-15,117.91999816894533,118.12000274658205,117.19000244140624,117.33000183105467,7838100,0.0068927436472604,0.0106864142675527,117.98550033569336,117.76960021972656,0.0012770523882068
2016-04-18,117.73999786376952,118.55999755859376,117.62999725341795,118.52999877929688,5809800,-0.001527627456597,0.0106789336292826,117.88250007629397,117.91300018310548,-0.0014672030994656
2016-04-19,119.58000183105467,120.08999633789062,119.37000274658205,119.87000274658205,21031500,0.015506833308651,0.0111718508069518,117.91350021362302,118.05820022583008,0.0128902660070506
2016-04-20,118.97000122070312,120.08000183105467,118.72000122070312,119.66999816894533,10233200,-0.0051142480161098,0.0112152700444795,117.8965003967285,118.16100021362304,0.0068465991792342
2016-04-21,119.41999816894533,120.5500030517578,119.12999725341795,120.41999816894533,14612800,0.0037753050369176,0.0098734562392093,118.0370002746582,118.27780014038086,0.0096569096416133
2016-04-22,117.88999938964844,119.0199966430664,117.27999877929688,118.70999908447266,10047000,-0.0128946946592093,0.0103420160428192,118.1150001525879,118.34640014648436,-0.0038564819569587
2016-04-25,118.2300033569336,118.70999908447266,118.11000061035156,118.13999938964844,4369400,0.0028799271415296,0.0103474997872743,118.19650039672852,118.32980026245116,-0.0008433793118574
2016-04-26,118.6999969482422,118.88999938964844,118.4499969482422,118.79000091552734,9906800,0.0039673676375151,0.0095222369854176,118.1935001373291,118.33660018920898,0.0030708737487149
2016-04-27,119.04000091552734,119.6999969482422,118.43000030517578,118.97000122070312,7976400,0.0028603028699197,0.0089423189840495,118.2905002593994,118.4220002746582,0.0052186303173042
2016-04-28,121.29000091552734,121.41999816894533,119.7300033569336,119.91999816894533,15133600,0.0187248010933363,0.0097753848748773,118.47300033569336,118.53820022583008,0.0232144632232878
2016-04-29,123.6500015258789,123.93000030517578,122.33999633789062,122.43000030517578,19043900,0.0192706264386917,0.0103640837455236,118.80900039672852,118.64540023803713,0.0421811657072344
2016-05-02,123.23999786376952,123.95999908447266,123.0500030517578,123.77999877929688,12137500,-0.0033213499131699,0.0102281772425551,119.16350021362304,118.7586001586914,0.0377353530530827
2016-05-03,122.95999908447266,123.81999969482422,122.51000213623048,123.7300033569336,9063600,-0.0022745646099544,0.0100118379573665,119.4284999847412,118.90800018310549,0.0340767559384359
2016-05-04,122.20999908447266,123.2300033569336,121.51000213623048,122.8499984741211,9398200,-0.0061182228261255,0.0100109656998147,119.69199981689454,119.00780014038088,0.0269074711095785
2016-05-05,122.06999969482422,122.7300033569336,121.25,122.62999725341795,8846900,-0.0011462207767798,0.0096251557810662,119.86499977111816,119.09700012207033,0.024962841798758
2016-05-06,123.18000030517578,123.80999755859376,122.58999633789062,122.83000183105467,11366800,0.0090520545546735,0.0097437694909599,120.10249977111816,119.20220016479492,0.0333701906079051
2016-05-09,120.6500015258789,121.29000091552734,120.58999633789062,121.1999969482422,9236200,-0.0207528980181827,0.010589146038441,120.13349990844726,119.27300018310548,0.0115449543539568
2016-05-10,120.9800033569336,121.37999725341795,120.08000183105467,120.73999786376952,9845000,0.0027314657084142,0.010603507513926,120.17999992370603,119.31980026245115,0.0139138943480521
2016-05-11,122.12000274658205,122.16000366210938,121.37999725341795,121.8499984741211,7590100,0.0093789199309153,0.0104468624274356,120.34750022888184,119.40680038452147,0.0227223437302006
2016-05-12,121.16000366210938,122.38999938964844,121.0,122.0199966430664,7447100,-0.0078921739730869,0.0100490078399958,120.55000038146972,119.45640045166016,0.0142612970423347
2016-05-13,121.70999908447266,121.86000061035156,120.66000366210938,121.08999633789062,7672800,0.004529141979827,0.0099984955427148,120.7395004272461,119.47600036621094,0.0186983051944674
2016-05-16,121.8000030517578,122.97000122070312,121.37999725341795,122.93000030517578,7103000,0.0007392219670166,0.0099742117534268,120.9425006866455,119.50120040893556,0.0192366489621501
2016-05-17,122.22000122070312,122.5199966430664,121.4800033569336,121.58000183105467,8619800,0.0034423291232429,0.0094457560304144,121.07450065612792,119.52280044555664,0.0225664121413811
2016-05-18,120.0999984741211,121.91999816894533,119.87999725341795,121.22000122070312,13381700,-0.0174979930736541,0.0102459817563522,121.13100051879884,119.51320037841796,0.0049099019509571
2016-05-19,119.87000274658205,119.9800033569336,118.91999816894533,119.0,14339700,-0.0019168712488534,0.0102284565270279,121.15350074768068,119.51900039672852,0.0029367912105056
2016-05-20,119.70999908447266,120.31999969482422,119.30999755859376,120.19000244140624,10379400,-0.0013357015166127,0.0097664518002795,121.24450073242188,119.48320037841796,0.0018981639706368
2016-05-23,119.37000274658205,119.5999984741211,118.75,118.86000061035156,8628200,-0.0028442074994739,0.0097850981006494,121.3015007019043,119.48240036010742,-0.000940704347976
2016-05-24,117.3000030517578,118.2300033569336,117.25,118.16999816894533,12772000,-0.0174931544398076,0.0105307846326039,121.23150100708008,119.47100036621094,-0.0181717513689385
2016-05-25,116.9800033569336,117.05999755859376,116.31999969482422,116.58999633789062,10487300,-0.0027317729645951,0.010508477892825,121.1285011291504,119.45140045166016,-0.0206895614901283
2016-05-26,116.58000183105467,117.62999725341795,116.38999938964844,117.56999969482422,5893500,-0.0034252603876992,0.0094480591334571,120.89300117492677,119.37120056152344,-0.0233825136828559
2016-05-27,115.62000274658205,116.36000061035156,115.29000091552734,116.2699966430664,8686700,-0.0082687729142454,0.0080983135294808,120.49150123596192,119.28100067138672,-0.0306922133801555
2016-05-31,116.05999755859376,116.4000015258789,115.5,115.76000213623048,8187600,0.003798302317157,0.0082549438460604,120.13250122070312,119.20620056152345,-0.0263929475825033
2016-06-01,115.94000244140624,116.13999938964844,115.1999969482422,115.97000122070312,8399600,-0.0010344407576532,0.0082653410878887,119.7815013885498,119.14580062866212,-0.0269065142903969
2016-06-02,115.66999816894533,115.97000122070312,115.58000183105467,115.77999877929688,4591600,-0.0023315434917615,0.0082319926915277,119.45450134277344,119.07300064086914,-0.0285791275403183
2016-06-03,118.87999725341795,118.88999938964844,118.2300033569336,118.25,14605100,0.027373264388307,0.0106418193364297,119.29500122070311,119.11840057373048,-0.0020013979298265
2016-06-06,118.91999816894533,119.16999816894533,118.45999908447266,118.88999938964844,9887900,0.0003364248669022,0.0103695261294896,119.0820011138916,119.17020050048828,-0.0020995377241303
2016-06-07,118.81999969482422,119.0199966430664,118.41000366210938,118.5,4602900,-0.0008412423733234,0.0093563828131944,118.99050102233886,119.21460052490234,-0.0033100042137514
2016-06-08,120.58000183105467,120.77999877929688,120.2300033569336,120.3000030517578,11661700,0.0147037078874442,0.009955601256462,118.97050094604492,119.25100051879885,0.0111445715882806
2016-06-09,121.25,121.4800033569336,120.5500030517578,120.61000061035156,12174000,0.0055410815709403,0.0097976847509387,118.92700080871582,119.3340005493164,0.0160557715476218
2016-06-10,121.73999786376952,122.0999984741211,121.18000030517578,121.5500030517578,13940000,0.0040330757007034,0.0096771373605278,118.95600051879885,119.41600051879882,0.0194613563917244
2016-06-13,122.63999938964844,122.83000183105467,122.02999877929688,122.8000030517578,12594200,0.0073656240684886,0.0097637222852459,119.00250053405762,119.53020050048828,0.0260168465888874
2016-06-14,122.7699966430664,123.05999755859376,122.3000030517578,123.0,11651700,0.0010594292626908,0.0097646037862356,119.05100021362304,119.66260040283204,0.0259679818905292
2016-06-15,123.68000030517578,123.87000274658205,122.37999725341795,122.5199966430664,15053000,0.0073849284570991,0.009868571083547,119.12400016784667,119.78300033569336,0.0325338316669396
2016-06-16,122.37999725341795,125.66999816894533,122.2300033569336,125.16999816894533,26635000,-0.0105666517152432,0.0093054215052173,119.2380001068115,119.8918002319336,0.020753688047647
2016-06-17,123.9499969482422,124.0999984741211,122.69000244140624,123.26000213623048,15573800,0.0127472982689903,0.0096401465487544,119.44199981689454,119.9986001586914,0.0329286907041023
2016-06-20,123.20999908447266,123.33000183105467,122.12999725341795,122.26000213623048,11866200,-0.0059880246543699,0.0097718115697243,119.61699981689452,120.09420013427734,0.0259446246922127
2016-06-21,120.83999633789062,121.86000061035156,120.7699966430664,121.6500015258789,14585600,-0.0194228829929208,0.0108031927661468,119.69049949645996,120.1104000854492,0.0060743803361104
2016-06-22,120.9000015258789,121.25,120.68000030517578,120.83000183105467,7861000,0.0004964440287161,0.0099300369833919,119.870499420166,120.12740005493164,0.0064315174605791
2016-06-23,120.11000061035156,121.02999877929688,120.05999755859376,120.48999786376952,10704900,-0.0065557755937431,0.0100521039662411,120.02699928283693,120.15420013427736,-0.0003678566698158
2016-06-24,126.0,126.81999969482422,125.0,126.62000274658205,35782900,0.0478739123034741,0.0143874845284021,120.49799919128418,120.33200012207033,0.0471030139296264
2016-06-27,126.68000030517578,127.0500030517578,125.83000183105467,126.44000244140624,21228800,0.0053823171279899,0.0141015097784987,121.05099906921389,120.50720016479492,0.0512234964544814
2016-06-28,125.31999969482422,126.0199966430664,125.05999755859376,125.55999755859376,16001500,-0.0107937604306491,0.0145148506232718,121.5139991760254,120.658800201416,0.0386312435199691
2016-06-29,125.83999633789062,126.80999755859376,125.6999969482422,125.91000366210938,12218400,0.004140765999889,0.0144694725561058,122.0089988708496,120.78400009155274,0.0418598178774134
2016-06-30,126.47000122070312,126.5199966430664,125.5,125.9499969482422,15981600,0.0049939058952932,0.0143906830618468,122.5489990234375,120.93400009155272,0.0457770447100019
2016-07-01,128.41000366210938,128.4199981689453,127.44000244140624,127.66000366210938,14940700,0.0152231628180611,0.0136077913634155,123.02549934387208,121.113800201416,0.0602425441903362
2016-07-05,129.47000122070312,129.58999633789062,128.1699981689453,128.8000030517578,19026200,0.0082209051369569,0.013614677454456,123.55299949645996,121.34540023803712,0.0669543383327954
2016-07-06,130.22999572753906,131.14999389648438,129.82000732421875,130.5,17376700,0.0058528816735514,0.0135651226710796,124.12349929809572,121.58540008544922,0.0710989611911832
2016-07-07,129.74000549316406,130.1199951171875,128.97999572753906,129.82000732421875,16508500,-0.0037695950478742,0.0134684274663781,124.58149948120118,121.80620025634764,0.0651346583352842
2016-07-08,130.52000427246094,130.52000427246094,128.97000122070312,129.85000610351562,17634200,0.0059940143345707,0.0134721355027577,125.0449996948242,122.03580032348631,0.0695222543424561
2016-07-11,129.2899932861328,129.89999389648438,129.16000366210938,129.49000549316406,10855600,-0.0094686131215493,0.0137882750104787,125.42249946594238,122.19580017089844,0.0580559487749391
2016-07-12,127.1500015258789,128.5399932861328,126.98999786376952,128.52000427246094,26459600,-0.0166903874689683,0.0144228287026015,125.6479995727539,122.26580017089844,0.039947404328549
2016-07-13,128.32000732421875,128.42999267578125,127.61000061035156,128.0,7377700,0.009159697327218,0.0145142129711587,125.92550010681153,122.36740036010742,0.048645365894787
2016-07-14,127.33000183105467,127.37000274658205,126.02999877929688,126.30999755859376,12132400,-0.0077450452302362,0.0146242128418194,126.10800018310545,122.45480041503906,0.0398122523534559
2016-07-15,126.83999633789062,127.19000244140624,126.33000183105467,126.37999725341795,13892100,-0.0038557351674657,0.0144092929763157,126.3310001373291,122.54740036010742,0.0350280460064379
2016-07-18,127.04000091552734,127.5,126.62999725341795,127.0199966430664,8489700,0.0015755839071671,0.0141768249405166,126.48550033569336,122.64680038452148,0.0358199359235815
2016-07-19,127.20999908447266,127.3499984741211,126.81999969482422,126.9499969482422,5170700,0.0013372522657107,0.0140747556185652,126.68550033569336,122.72740036010742,0.0365248405100439
2016-07-20,125.38999938964844,126.12000274658205,125.30999755859376,125.5,11777700,-0.0144103816363224,0.0137209332213939,126.91300048828126,122.8222003173828,0.0209066363054091
2016-07-21,127.3000030517578,127.37000274658205,125.5999984741211,125.66000366210938,9399200,0.0151176542014994,0.0140311344133559,127.2330005645752,122.9486003112793,0.0353920478107249
2016-07-22,126.3499984741211,126.5199966430664,126.01000213623048,126.43000030517578,7716000,-0.0074907077787212,0.0140646877119412,127.54500045776368,123.03320022583009,0.026958562747315
2016-07-25,125.47000122070312,126.20999908447266,125.11000061035156,125.52999877929688,13139400,-0.006989125856947,0.0092985609769348,127.51850051879885,123.11940017700196,0.0190920443108222
2016-07-26,126.0,126.13999938964844,125.75,126.08999633789062,7613200,0.0042152110508257,0.0092652153338151,127.48450050354003,123.2052001953125,0.0226841058677475
2016-07-27,128.02999877929688,128.1199951171875,126.04000091552734,126.79000091552734,17066400,0.0159826949721011,0.0095931564753532,127.62000045776368,123.32980010986329,0.0381108107306312
2016-07-28,127.66000366210938,128.1999969482422,127.20999908447266,128.08999633789062,9261800,-0.0028940934092404,0.0096035909369363,127.71100082397462,123.4386001586914,0.034198407127033
2016-07-29,128.97999572753906,129.41000366210938,127.87999725341795,128.4199981689453,13708200,0.0102868119429041,0.0097985730661947,127.8365005493164,123.61620010375977,0.0433907175538245
2016-08-01,129.22000122070312,129.33999633789062,128.55999755859375,128.57000732421875,7109900,0.0018590671194806,0.0092146151309004,127.87700042724607,123.80320007324218,0.043753320950156
2016-08-02,130.27000427246094,130.5500030517578,129.94000244140625,130.0399932861328,7652800,0.0080928649297159,0.0092088755322798,127.91700057983398,124.01440017700196,0.050442562206732
2016-08-03,129.64999389648438,129.9600067138672,129.27000427246094,129.9499969482422,5010700,-0.0047707875986328,0.009178549616342,127.88800048828124,124.22,0.0437127185355367
2016-08-04,129.8699951171875,130.27999877929688,129.82000732421875,130.00999450683594,4908100,0.0016954476164976,0.0091487141370882,127.89449996948242,124.4713998413086,0.0433721745136769
2016-08-05,127.5500030517578,128.5500030517578,127.38999938964844,128.4600067138672,16205100,-0.0180254440105116,0.0098750816231558,127.74599990844726,124.68279983520507,0.0229959803625066
2016-08-08,127.44000244140624,127.6999969482422,127.2699966430664,127.29000091552734,6773800,-0.0008627837547004,0.0096791234368062,127.65350036621092,124.8999998474121,0.0203362898086245
2016-08-09,127.95999908447266,128.13999938964844,127.75,127.94000244140624,7500400,0.0040720231674317,0.0089630964126596,127.69400024414062,125.14679977416992,0.0224791949564768
2016-08-10,128.55999755859375,129.1999969482422,128.14999389648438,129.1199951171875,6196200,0.0046779945123296,0.0087846460432997,127.70599975585938,125.39679977416992,0.0252255064732154
2016-08-11,127.66999816894533,129.19000244140625,127.4800033569336,128.61000061035156,9763800,-0.0069469069486846,0.008748903459344,127.7229995727539,125.6313996887207,0.0162268229540998
2016-08-12,127.4000015258789,129.25999450683594,127.1999969482422,127.66999816894533,15395800,-0.0021170403750346,0.0087157549093004,127.75099983215333,125.86599975585938,0.012187578639148
2016-08-15,127.83999633789062,128.25,127.5999984741211,127.62000274658205,4530800,0.0034476982567927,0.0087410931455258,127.79099960327147,126.04519973754884,0.0142393094229603
2016-08-16,128.47000122070312,129.0399932861328,128.0,128.1199951171875,8678100,0.0049159701734447,0.0087995786813961,127.853999710083,126.23619979858398,0.017695410870125
2016-08-17,128.5,128.99000549316406,127.45999908447266,128.1699981689453,12034800,0.0002334807899026,0.0080735407960759,128.00949974060055,126.4297998046875,0.0163743057294293
2016-08-18,129.11000061035156,129.1699981689453,128.5800018310547,128.88999938964844,9500600,0.0047358545787291,0.0074423763882385,128.09999961853026,126.60039978027343,0.0198230087300969
2016-08-19,127.97000122070312,128.6699981689453,127.86000061035156,128.0800018310547,10660100,-0.0088688879255201,0.0075281493046433,128.18099975585938,126.7347998046875,0.0097463476323725
2016-08-22,127.77999877929688,127.91999816894533,127.4499969482422,127.62999725341795,8627200,-0.0014858453674488,0.0073327741288671,128.29649963378907,126.85559982299804,0.0072870173456169
2016-08-23,127.76000213623048,128.22000122070312,127.61000061035156,128.13999938964844,9038500,-0.0001565049936258,0.0072941877090069,128.38449974060055,126.9579998779297,0.0063170675268349
2016-08-24,126.33999633789062,126.97000122070312,126.3000030517578,126.91999816894533,13539700,-0.0111768641429983,0.0068100802779453,128.29999961853028,127.02939987182616,-0.0054271179319996
2016-08-25,126.2300033569336,126.30999755859376,125.95999908447266,125.9800033569336,5926300,-0.0008709901258544,0.0067902141771005,128.22849960327147,127.08039993286133,-0.0066917996510635
2016-08-26,126.0500030517578,128.11000061035156,125.81999969482422,126.87999725341795,17967700,-0.0014269885139347,0.0062919952978747,128.0819999694824,127.15380004882812,-0.0086808022776076
2016-08-29,126.3000030517578,126.4800033569336,125.93000030517578,126.0,5562400,0.0019813756745935,0.0062951314155369,127.93600006103516,127.20080017089845,-0.0070816938095545
2016-08-30,125.02999877929688,125.9499969482422,124.87999725341795,125.7300033569336,9877000,-0.0101063547755882,0.0062045464268975,127.67399978637695,127.23720016479491,-0.0173471389077984
2016-08-31,124.77999877929688,125.11000061035156,124.63999938964844,124.7300033569336,13324100,-0.002001521843829,0.0061715098321323,127.43050003051758,127.31600021362304,-0.01991895307794
2016-09-01,125.29000091552734,125.51000213623048,124.5500030517578,124.66999816894533,12877700,0.0040788806649297,0.0062671537490553,127.20150032043458,127.40380020141602,-0.016591336228173
2016-09-02,126.56999969482422,126.56999969482422,125.58000183105467,126.29000091552734,11318600,0.0101644548285072,0.0055542439035526,127.15250015258788,127.53300018310549,-0.0075509906212401
2016-09-06,128.7100067138672,129.0800018310547,127.2699966430664,127.4000015258789,15115300,0.0167663514307978,0.0067456300872256,127.21600036621092,127.5872003173828,0.0088003059373613
2016-09-07,128.27000427246094,128.86000061035156,128.1199951171875,128.7899932861328,8859800,-0.0034244132039321,0.0067447288812211,127.23150062561037,127.61900039672852,0.0051011516600871
2016-09-08,127.58999633789062,128.52000427246094,127.4000015258789,128.16000366210938,10561800,-0.0053154813886147,0.0067595210889142,127.1830005645752,127.66440032958984,-0.0005828092366166
2016-09-09,126.75,127.51000213623048,126.6999969482422,127.23999786376952,12485600,-0.0066053267601927,0.0067424619781286,127.13700065612792,127.68260040283204,-0.0073040523915532
2016-09-12,126.58999633789062,126.91999816894533,125.97000122070312,126.30999755859376,11140300,-0.0012631537514554,0.006733458727281,127.09650039672852,127.68500030517578,-0.0085758230384776
2016-09-13,125.75,126.5999984741211,125.52999877929688,126.47000122070312,8866400,-0.0066576797399884,0.0068145993663239,126.99200057983398,127.6318002319336,-0.0147439762544598
2016-09-14,126.18000030517578,126.54000091552734,126.02999877929688,126.0999984741211,5820700,0.0034136523813896,0.006756024876941,126.87750053405762,127.56600021362304,-0.0108649632827419
2016-09-15,125.37000274658205,126.0999984741211,124.91000366210938,125.7300033569336,12790400,-0.0064400743254955,0.0068611176271182,126.72100067138672,127.4688003540039,-0.0164651867876148
2016-09-16,125.05999755859376,125.25,124.66999816894533,124.80999755859376,18995100,-0.0024757844184704,0.0067189481325636,126.51850051879885,127.3752001953125,-0.018176243359529
2016-09-19,125.31999969482422,125.62000274658205,125.25,125.61000061035156,4959600,0.0020768610315465,0.0065385178242812,126.38600044250488,127.27120010375975,-0.0153310443159552
2016-09-20,125.44000244140624,125.58999633789062,125.16999816894533,125.30999755859376,5672000,0.0009571124160197,0.0065526772579411,126.26900062561036,127.19420028686524,-0.0137914923911837
2016-09-21,127.2699966430664,127.41999816894533,125.95999908447266,126.33000183105467,13646400,0.0144832115626447,0.0074051711884607,126.24450035095217,127.19660018920898,0.0005770315696193
2016-09-22,127.56999969482422,128.1999969482422,127.5,127.56999969482422,15188000,0.002354443530493,0.0069530783202768,126.30600051879884,127.18160003662108,0.003053898190393
2016-09-23,127.6500015258789,127.86000061035156,127.43000030517578,127.5999984741211,7702300,0.0006269244831308,0.0069457735038739,126.37700042724607,127.18800003051756,0.0036324299088788
2016-09-26,127.5500030517578,128.0399932861328,127.41999816894533,127.95999908447266,5842700,-0.0007836871273147,0.0069375756831507,126.45200042724608,127.20220016479492,0.0027342521317421
2016-09-27,126.62000274658205,126.9000015258789,126.33999633789062,126.86000061035156,6220700,-0.0073179717062783,0.0071479591174924,126.4680004119873,127.193800201416,-0.0045112061588327
2016-09-28,126.22000122070312,126.4000015258789,125.7300033569336,126.25,6757700,-0.0031640709801871,0.006784190363674,126.52750053405762,127.17400024414064,-0.0075015256389362
2016-09-29,126.06999969482422,126.33999633789062,125.54000091552734,125.83999633789062,7448400,-0.0011891200048343,0.006771009757891,126.59200057983398,127.18760025024416,-0.0087870244679593
2016-09-30,125.63999938964844,126.5500030517578,125.23999786376952,126.5199966430664,11204300,-0.0034166360099868,0.0067707619133448,126.60950050354003,127.15440017700196,-0.0119099361504236
2016-10-03,125.31999969482422,125.45999908447266,124.9000015258789,125.31999969482422,9044100,-0.0025502061636871,0.0063646734631958,126.54700050354003,127.13380020141602,-0.0142668629720674
2016-10-04,120.97000122070312,123.18000030517578,120.86000061035156,123.16000366210938,24372700,-0.0353278725861044,0.0090298515423621,126.16000022888184,127.04380020141602,-0.0478087003937496
2016-10-05,120.77999877929688,121.58999633789062,120.4000015258789,121.33000183105467,14718100,-0.0015718922897908,0.0090358584089477,125.78549995422364,126.93940017700196,-0.0485223767334375
2016-10-06,119.66000366210938,119.9800033569336,119.23999786376952,119.69000244140624,17917700,-0.0093162802067479,0.0091333827091239,125.38900032043458,126.7720002746582,-0.0561006894041295
2016-10-07,119.73999786376952,120.58000183105467,118.41999816894533,120.48999786376952,17907300,0.0006682890904549,0.0091358141981497,125.03850021362304,126.6136001586914,-0.0542880250329099
2016-10-10,120.16000366210938,120.41999816894533,119.73999786376952,119.73999786376952,4514400,0.0035015108361357,0.0092407475522085,124.71700057983398,126.43720031738282,-0.049646754590551
2016-10-11,119.5500030517578,120.16000366210938,119.52999877929688,119.91999816894533,6065300,-0.0050894990613915,0.009211168976128,124.40700073242188,126.24380035400392,-0.0530227803937764
2016-10-12,119.73999786376952,120.06999969482422,119.29000091552734,119.72000122070312,4848600,0.0015879882252557,0.0091580804667748,124.08500061035156,126.03320022583009,-0.0499328934819095
2016-10-13,120.02999877929688,120.41999816894533,119.8000030517578,120.0,7184600,0.0024189937106391,0.0091777789978651,123.8180004119873,125.84080032348632,-0.0461758152304516
2016-10-14,119.36000061035156,120.16000366210938,119.29000091552734,119.37000274658205,6577300,-0.0055975597982837,0.0092096301049383,123.5330005645752,125.6306004333496,-0.0499129973220558
2016-10-17,119.68000030517578,119.91999816894533,119.58000183105467,119.6999969482422,4777900,0.0026773752071126,0.009225727095527,123.25100059509278,125.47320037841796,-0.0461708162043394
2016-10-18,120.41999816894533,120.63999938964844,119.81999969482422,120.08000183105467,4919700,0.0061641000546337,0.0093944799788539,123.00000038146972,125.33280029296876,-0.0391980559960331
2016-10-19,121.11000061035156,121.45999908447266,120.88999938964844,121.12999725341795,6019800,0.0057136117418733,0.0087662291943464,122.692000579834,125.19580032348632,-0.0326352777215984
2016-10-20,120.73999786376952,121.58999633789062,120.62999725341795,121.38999938964844,6496700,-0.0030597728971404,0.0086923470833542,122.35050048828126,125.03940032958984,-0.0343843816787954
2016-10-21,120.83000183105467,120.93000030517578,120.5500030517578,120.9000015258789,6707800,0.0007451585177257,0.0086948054014762,122.00950050354004,124.90260040283204,-0.032606195216453
2016-10-24,120.55999755859376,121.3000030517578,120.16000366210938,121.27999877929688,5481100,-0.0022370801255002,0.0086836134220438,121.66000022888184,124.76580032348632,-0.0337095803015568
2016-10-25,121.47000122070312,121.76000213623048,120.86000061035156,120.88999938964844,6141100,0.0075197946939096,0.0089098153265302,121.40250015258788,124.63840042114258,-0.0254207306073706
2016-10-26,120.79000091552734,121.52999877929688,120.61000061035156,121.37000274658205,3905900,-0.0056138205649168,0.0089423381201683,121.1310001373291,124.48480041503906,-0.0296807279860115
2016-10-27,121.01000213623048,121.18000030517578,120.75,121.11000061035156,4336000,0.0018196962666163,0.0089854212109013,120.8780002593994,124.33500045776368,-0.0267422552723815
2016-10-28,121.58000183105467,122.4800033569336,120.80999755859376,121.1999969482422,11639900,0.0046992929177693,0.0091028647980943,120.67500038146972,124.18440048217774,-0.0209720274125479
2016-10-31,121.94000244140624,122.0,121.2300033569336,121.51000213623048,7722100,0.0029566431199742,0.0091570844423654,120.50600051879884,124.0638005065918,-0.0171185958878692
2016-11-01,122.7300033569336,123.20999908447266,122.56999969482422,122.8000030517578,13384300,0.0064577074605579,0.0046666830782249,120.59400062561036,123.96280059814453,-0.0099448966565973
2016-11-02,123.63999938964844,124.76000213623048,123.55999755859376,123.76000213623048,15692400,0.0073872643657927,0.0048608389849068,120.73700065612792,123.88040054321289,-0.00194059070289
2016-11-03,124.3000030517578,124.33000183105467,123.3499984741211,123.36000061035156,10093100,0.0053239107408224,0.0042642856001723,120.96900062561036,123.83960067749024,0.0037177314182929
2016-11-04,124.38999938964844,124.54000091552734,124.04000091552734,124.4000015258789,8594600,0.0007237632468996,0.004263458734841,121.2015007019043,123.80280059814451,0.0047430170292343
2016-11-07,122.1500015258789,122.70999908447266,121.87999725341795,122.66000366210938,10015000,-0.018171976119521,0.0061661710879643,121.30100059509276,123.72480056762696,-0.0127282406964744
2016-11-08,121.63999938964844,123.08999633789062,121.36000061035156,122.12000274658205,9480600,-0.0041839524041187,0.0061236628794222,121.4055004119873,123.63160049438476,-0.0161091589591351
2016-11-09,121.55999755859376,124.3499984741211,121.11000061035156,124.3000030517578,18236500,-0.0006579098268443,0.0061303259421267,121.49650039672852,123.5622004699707,-0.0162040082141749
2016-11-10,119.75,121.54000091552734,119.37999725341795,121.5199966430664,22268000,-0.015001711673607,0.0070499807892416,121.48250045776368,123.46160049438475,-0.0300627926377285
2016-11-11,117.0999984741211,119.69000244140624,116.2300033569336,119.6500015258789,20381800,-0.0223779787179158,0.0085710205682867,121.36950035095217,123.29780044555665,-0.0502669305457095
2016-11-14,116.11000061035156,117.13999938964844,115.48999786376952,116.12000274658205,20729400,-0.0084902346775273,0.0086848857699494,121.19100036621094,123.08860046386718,-0.0566957445873649
2016-11-15,117.12000274658205,117.23999786376952,116.29000091552734,116.45999908447266,9348600,0.0086610507684277,0.0088179993788329,121.02600059509275,122.85680038452148,-0.0466949946603216
2016-11-16,116.7699966430664,117.2699966430664,116.58000183105467,117.2699966430664,5486100,-0.0029929143246396,0.0086624255714257,120.80900039672852,122.6268002319336,-0.0477612037318903
2016-11-17,116.16999816894533,117.22000122070312,115.44000244140624,116.91000366210938,10342300,-0.0051515395758408,0.0086907046399382,120.5805004119873,122.39840026855468,-0.0508863031374887
2016-11-18,115.1500015258789,115.7699966430664,114.95999908447266,115.5199966430664,10444300,-0.0088189802456063,0.0087982684809469,120.29650039672852,122.16640029907228,-0.0574331301897797
2016-11-21,115.58000183105467,115.94000244140624,115.29000091552734,115.72000122070312,6654200,0.0037273072140238,0.0089047844805419,120.04750061035156,121.94620040893555,-0.0522049769204158
2016-11-22,115.54000091552734,115.79000091552734,114.9800033569336,115.72000122070312,6391900,-0.000346148454927,0.0086264746812916,119.75100059509278,121.7420004272461,-0.0509437949923051
2016-11-23,113.25,113.87999725341795,112.6500015258789,113.87000274658205,20982100,-0.0200190339138755,0.0094609380169611,119.3740005493164,121.48340042114258,-0.0677738719248894
2016-11-25,112.61000061035156,113.51000213623048,112.3499984741211,113.41999816894533,5345900,-0.0056672372341616,0.009398834202556,118.95400047302246,121.22820037841797,-0.0710907176809059
2016-11-28,113.8000030517578,113.83999633789062,112.7699966430664,113.2300033569336,5655400,0.0105120213801008,0.0097521165766186,118.56500053405762,121.00300048828124,-0.0595274283072099
2016-11-29,113.2699966430664,113.4800033569336,112.69000244140624,112.76000213623048,7438600,-0.0046682289330247,0.0096428108644791,118.13150024414062,120.7620004272461,-0.0620394143660554
2016-11-30,111.75,112.79000091552734,111.5,112.69000244140624,10925500,-0.0135100860823796,0.0095705274662153,117.58250007629394,120.48820037841796,-0.0725232873507435
2016-12-01,111.54000091552734,111.98999786376952,110.62999725341795,111.11000061035156,10237000,-0.0018809543242076,0.0091712137617676,116.9775001525879,120.1736004638672,-0.0718427301421806
2016-12-02,112.13999938964844,112.31999969482422,111.77999877929688,111.88999938964844,7416500,0.0053648060832919,0.0091736759981729,116.36949996948242,119.86500045776368,-0.064447512106232
2016-12-05,111.54000091552734,112.11000061035156,110.30999755859376,111.1500015258789,10187900,-0.0053648060832917,0.0090690111134048,115.72700004577636,119.54280044555664,-0.0669450565002783
2016-12-06,111.43000030517578,112.02999877929688,111.19000244140624,111.69000244140624,5533700,-0.0009866853717861,0.0086025218296304,115.1909999847412,119.220400390625,-0.0653445220777989
2016-12-07,111.83000183105467,112.5,111.7699966430664,112.12999725341795,4901800,0.0035832836159674,0.008795114618312,114.70050010681152,118.92460037231446,-0.0596562739672775
2016-12-08,111.56999969482422,111.87000274658205,111.45999908447266,111.72000122070312,5977800,-0.0023276835438489,0.0087675603759183,114.20100021362305,118.63160034179688,-0.0595254605571115
2016-12-09,110.4000015258789,111.25,110.19000244140624,111.18000030517578,10507700,-0.0105420462054413,0.0085343434235188,113.733500289917,118.31820037841796,-0.0669229148788118
2016-12-12,110.81999969482422,111.11000061035156,110.2699966430664,110.58999633789062,6156700,0.0037971130210449,0.0075255563107556,113.41950035095216,118.02180038452148,-0.0610209356765733
2016-12-13,110.4499969482422,110.79000091552734,110.05999755859376,110.56999969482422,7961600,-0.0033443584495007,0.0074062107192731,113.13650016784668,117.72440032958984,-0.0617918066346627
2016-12-14,108.83000183105467,110.9800033569336,108.5199966430664,110.9499969482422,12933600,-0.0147758537030282,0.0074016662489,112.72200012207033,117.48160034179688,-0.0736421574576065
2016-12-15,107.33999633789062,107.98999786376952,107.0,107.8499984741211,14427500,-0.0137857159011076,0.0077355660438049,112.25050010681151,117.21280029296877,-0.0842297422329425
2016-12-16,108.0500030517578,108.77999877929688,107.4800033569336,107.9499969482422,10602800,0.0065927785650654,0.0080976390467757,111.84450035095216,116.98060028076172,-0.0763425491711433
2016-12-19,108.58999633789062,108.87999725341795,108.33999633789062,108.5999984741211,5339100,0.0049851773077869,0.0082188450786193,111.51650009155271,116.75760025024414,-0.0699535096203421
2016-12-20,107.79000091552734,108.0,107.29000091552734,107.47000122070312,7321100,-0.0073943902174649,0.0081201589146771,111.12700004577636,116.5102001953125,-0.0748449428905538
2016-12-21,107.8499984741211,108.30999755859376,107.68000030517578,108.25,5188700,0.0005564603998491,0.0081410265676182,110.74249992370603,116.27620010375976,-0.0724671224388094
2016-12-22,107.58999633789062,108.0999984741211,107.48999786376952,107.68000030517578,4942800,-0.0024136861188265,0.0071453861191999,110.4594997406006,116.03320007324218,-0.0727654130888578
2016-12-23,107.93000030517578,108.25,107.8000030517578,107.83999633789062,5012200,0.003155199096609,0.0072156735814273,110.2254997253418,115.79120010375976,-0.0678911678222491
2016-12-27,108.55999755859376,108.66999816894533,108.23999786376952,108.61000061035156,3685500,0.0058201213728205,0.0068503072038569,109.9634994506836,115.5752000427246,-0.0606981643253702
2016-12-28,108.86000061035156,108.91000366210938,108.29000091552734,108.4000015258789,5091200,0.002759665575201,0.006919411837464,109.74299964904785,115.35880004882812,-0.0563355325794461
2016-12-29,110.29000091552734,110.52999877929688,109.16000366210938,109.2300033569336,7563900,0.0130506100063358,0.0071365860403052,109.6699996948242,115.15620010375976,-0.0422573789674182
2016-12-30,109.61000061035156,110.62000274658205,109.52999877929688,110.37999725341795,8873700,-0.0061846518231216,0.0072395565684007,109.57349967956544,114.92620010375975,-0.0462575068923234
2017-01-03,110.47000122070312,111.0,109.37000274658205,109.62000274658205,7527400,0.0078153851382457,0.0073702411711569,109.48999977111816,114.72080017089844,-0.0370534283570454
2017-01-04,110.86000061035156,111.22000122070312,110.61000061035156,111.05999755859376,4904100,0.0035241475629946,0.0073452938764604,109.45599975585938,114.52140014648438,-0.0319713130598256
2017-01-05,112.58000183105467,112.94000244140624,112.06999969482422,112.16000366210938,9606800,0.0153959468030907,0.0081362534718439,109.51349983215331,114.3618002319336,-0.0155803633491718
2017-01-06,111.75,112.37999725341795,111.56999969482422,111.80999755859376,7686100,-0.0073998628066779,0.0082873947139777,109.5094997406006,114.16740020751952,-0.0211741723392621
2017-01-09,112.66999816894533,113.04000091552734,112.18000030517578,112.38999938964844,5674600,0.0081989424309123,0.0084665120418226,109.56449966430664,114.0050001525879,-0.0117100301026776
2017-01-10,113.1500015258789,113.4499969482422,112.63999938964844,112.94000244140624,6093400,0.0042512096404077,0.0080897501244725,109.70199966430664,113.84780014038084,-0.0061292235215921
2017-01-11,113.5,114.19000244140624,112.16999816894533,112.87000274658205,9918700,0.0030884513564589,0.0080794607913139,109.83599967956545,113.68620010375976,-0.0016378426193312
2017-01-12,113.91000366210938,114.93000030517578,113.80999755859376,114.5199966430664,8457300,0.00360585813951,0.0080232238821699,110.0090000152588,113.52560012817383,0.0033860515469773
2017-01-13,114.20999908447266,114.30999755859376,113.19000244140624,113.6500015258789,7261500,0.0026301559853731,0.0070443090136631,110.27799987792967,113.3552000427246,0.0075408895350709
2017-01-17,115.8499984741211,115.95999908447266,115.5,115.88999938964844,9142400,0.0142573866608842,0.0064130492249776,110.7034999847412,113.19940002441406,0.0234153047554613
2017-01-18,114.87000274658205,115.91999816894533,114.55999755859376,115.73999786376952,6498100,-0.0084951596395611,0.0069352296752415,111.04449996948242,113.01080001831056,0.016451549126015
2017-01-19,114.7699966430664,114.95999908447266,113.94000244140624,114.31999969482422,6437000,-0.0008709816243126,0.006973206093482,111.3534999847412,112.81839996337892,0.0172985672578319
2017-01-20,115.0500030517578,115.76000213623048,114.31999969482422,114.6500015258789,12261500,0.0024367465635147,0.0065530165390063,111.71650009155272,112.67639999389648,0.0210656628893884
2017-01-23,115.79000091552734,116.16999816894533,115.1999969482422,115.51000213623048,6373100,0.0064113705241066,0.0065567043704823,112.11350021362304,112.55940002441406,0.0287012980738398
2017-01-24,115.2699966430664,116.0199966430664,114.94000244140624,115.69000244140624,5798800,-0.0045010400404046,0.0066722544364707,112.49750022888183,112.43360000610352,0.0252273042649965
2017-01-25,114.31999969482422,114.44000244140624,113.68000030517578,114.13999938964844,6697500,-0.0082756425384433,0.0071696489662348,112.81700019836424,112.325,0.0177609587787599
2017-01-26,113.26000213623048,113.51000213623048,112.83000183105467,113.23999786376952,5390500,-0.009315451405169,0.0076267561876697,113.0520004272461,112.2482000732422,0.0090139713806376
2017-01-27,113.48999786376952,113.5500030517578,112.80999755859376,112.93000030517578,6706600,0.0020286289430193,0.0076252765555816,113.283500289917,112.19580001831056,0.0115351719516038
2017-01-30,113.97000122070312,114.3000030517578,113.54000091552734,113.61000061035156,7687800,0.0042205580884096,0.0072006110227564,113.46750030517578,112.13279998779296,0.0163841555112345
2017-01-31,115.5500030517578,115.81999969482422,115.18000030517578,115.2699966430664,10421900,0.013768096552717,0.0074376115025581,113.76450042724608,112.1084001159668,0.0306988854736214
2017-02-01,115.1999969482422,115.4499969482422,114.13999938964844,114.66000366210938,6932900,-0.0030336413602642,0.0074358178709405,114.00100021362304,112.08900009155272,0.0277547025501918
2017-02-02,115.83999633789062,116.56999969482422,115.62999725341795,116.26000213623048,7189500,0.005540175253055,0.0074697802651434,114.25,112.10279998779296,0.0333372257473016
2017-02-03,116.12999725341795,116.37000274658205,115.70999908447266,115.7300033569336,9455500,0.0025003325828475,0.0067967560031589,114.42749977111816,112.11379989624024,0.0358225067823466
2017-02-06,117.6999969482422,117.73999786376952,116.73999786376952,117.06999969482422,8547800,0.013428758731217,0.0069469385639811,114.72499961853028,112.15699981689453,0.0494217671692098
2017-02-07,117.45999908447266,117.73999786376952,117.1999969482422,117.30999755859376,8621000,-0.0020411460379591,0.0068891982968145,114.96449966430664,112.24119979858398,0.0464962891990978
2017-02-08,118.19000244140624,118.58999633789062,117.80999755859376,118.08999633789062,9633400,0.0061956773807737,0.0069349946714938,115.216499710083,112.35279983520508,0.0519542246812091
2017-02-09,117.29000091552734,118.58000183105467,117.1999969482422,118.19000244140624,8177200,-0.0076440113416853,0.0072681464506834,115.40599975585936,112.42259979248048,0.0432955751960153
2017-02-10,117.5999984741211,117.86000061035156,116.66999816894533,116.68000030517578,9072100,0.0026395141502793,0.0072576107170483,115.59049949645996,112.50919982910156,0.0452478433119453
2017-02-13,116.8000030517578,116.9499969482422,116.1500015258789,116.7300033569336,7354900,-0.0068259259671759,0.0074908235878977,115.71999969482422,112.61019989013673,0.0372062492181763
2017-02-14,116.93000030517578,117.55999755859376,116.37999725341795,117.51000213623048,6927800,0.0011123712399388,0.006824637069934,115.77399978637696,112.71799987792969,0.0373675937455204
2017-02-15,117.4499969482422,117.4800033569336,116.25,116.33000183105467,7088400,0.0044372173593293,0.0065377299428509,115.90299949645996,112.82419982910156,0.041000043662153
2017-02-16,118.08000183105467,118.3499984741211,117.83000183105467,117.93000030517578,6378700,0.0053496912376037,0.0065862894992492,116.06849975585938,112.95499984741213,0.0453720684393412
2017-02-17,117.68000030517578,118.4000015258789,117.62000274658205,118.19000244140624,7338100,-0.0033932974726114,0.0066675111178869,116.19999961853028,113.07999984741213,0.0406791692958155
2017-02-21,117.75,118.0,116.7699966430664,117.04000091552734,6166900,0.0005946540100771,0.0065508605194051,116.29799957275392,113.19839981079102,0.0402090506298401
2017-02-22,117.91000366210938,118.0199966430664,117.23999786376952,117.86000061035156,6057200,0.0013579197505681,0.0064293543228163,116.42999992370603,113.32519989013672,0.0404570543569956
2017-02-23,118.94000244140624,119.16000366210938,118.68000030517578,118.76000213623048,7523300,0.0086975321577201,0.0062395885759376,116.66100006103515,113.49599990844726,0.0479664705130615
2017-02-24,119.6999969482422,119.87999725341795,119.25,119.73999786376952,9809000,0.0063694022640588,0.0057081108248691,116.98299980163574,113.67359985351564,0.0530149225721049
2017-02-27,119.12000274658205,120.4000015258789,119.12000274658205,119.7300033569336,9263500,-0.0048571756358509,0.0059571027268942,117.26450004577636,113.84699996948244,0.0463165720529578
2017-02-28,119.2300033569336,119.83999633789062,118.81999969482422,119.70999908447266,8727800,0.0009230175401251,0.0059502992021715,117.52750015258788,114.055,0.045372875866324
2017-03-01,119.05999755859376,119.12000274658205,117.9499969482422,117.9800033569336,8679600,-0.0014268817535847,0.0053420120458293,117.70299987792968,114.28940002441406,0.0417413822555777
2017-03-02,117.58000183105467,118.33999633789062,117.2300033569336,117.76000213623048,10986300,-0.012508578672614,0.0061272925967032,117.8220001220703,114.48,0.0270789817527486
2017-03-03,117.51000213623048,117.7300033569336,116.44000244140624,116.9499969482422,10665800,-0.0005955140219627,0.0060422040250711,117.9055004119873,114.6584001159668,0.0248704152280124
2017-03-06,116.72000122070312,117.3499984741211,116.62999725341795,117.3499984741211,4883500,-0.0067455398520684,0.0062486496639062,117.93500061035157,114.83700012207032,0.0163971637767549
2017-03-07,115.77999877929688,116.25,115.62000274658205,116.12999725341795,6846300,-0.008086086565359,0.0056878387455768,117.8390007019043,114.99560012817383,0.0068211188101871
2017-03-08,115.05999755859376,115.36000061035156,114.9499969482422,114.98999786376952,7620900,-0.0062381178909614,0.0058112547992741,117.71900062561036,115.1450001525879,-0.0007382221883841
2017-03-09,114.47000122070312,115.02999877929688,114.41000366210938,114.77999877929688,6410900,-0.0051409196222566,0.0056188416987863,117.5330005645752,115.27580017089844,-0.0069901831000149
2017-03-10,114.72000122070312,114.7300033569336,114.12999725341795,114.4499969482422,7929500,0.0021815968976861,0.0054905689331039,117.40450057983398,115.39900024414062,-0.0058839246614008
2017-03-13,114.73999786376952,114.91000366210938,114.51000213623048,114.62999725341795,5807400,0.0001742930636869,0.0054293468989691,117.2615005493164,115.516600189209,-0.0067228634167508
2017-03-14,114.12000274658205,115.01000213623048,114.02999877929688,114.54000091552734,5301800,-0.0054181301429249,0.0053616973116645,117.12750053405762,115.59320022583007,-0.0127446724925851
2017-03-15,116.25,116.25,114.0199966430664,114.29000091552734,13524100,0.0184924940546759,0.0069288997627888,117.09350051879883,115.72600021362304,0.0045279348237187
2017-03-16,116.7300033569336,117.29000091552734,116.69000244140624,117.2699966430664,9322000,0.0041205599552108,0.0069178784448842,117.0575008392334,115.85120025634764,0.0075856192999415
2017-03-17,116.98999786376952,117.2699966430664,116.91000366210938,117.04000091552734,4683000,0.0022248383768926,0.0068179514531782,117.00300064086916,115.973800201416,0.0087623037322967
2017-03-20,117.51000213623048,117.5999984741211,117.20999908447266,117.30999755859376,4000200,0.0044350117254181,0.0068654567843606,116.99450073242188,116.07240020751954,0.0123853898613342
2017-03-21,118.54000091552734,118.8000030517578,117.76000213623048,117.7699966430664,9567900,0.0087270095580669,0.0071422810580341,117.03400077819823,116.20820022583008,0.0200657155447362
2017-03-22,118.83000183105467,119.1500015258789,118.68000030517578,118.87000274658205,7287400,0.0024434516279076,0.0071545830743119,117.0800006866455,116.33140029907229,0.0214783070225135
2017-03-23,118.66999816894533,119.25,118.31999969482422,119.1500015258789,6201100,-0.0013473994637167,0.0068882191289328,117.06650047302246,116.4418002319336,0.0191357221596841
2017-03-24,118.86000061035156,119.20999908447266,118.38999938964844,118.5,6879600,0.0015998188263154,0.0067327651828154,117.02450065612793,116.54900024414064,0.0198285730582842
2017-03-27,119.52999877929688,120.08000183105467,119.2699966430664,119.93000030517578,8519600,0.0056210406038038,0.0067713239340917,117.04500045776368,116.66140014648435,0.024589098272527
2017-03-28,119.04000091552734,119.83000183105467,118.77999877929688,119.73999786376952,7112800,-0.0041077969016607,0.0068350908735744,117.03550033569336,116.75800018310548,0.0195447055348938
2017-03-29,119.33000183105467,119.4499969482422,119.0500030517578,119.22000122070312,4911000,0.0024332009503226,0.0068495330863479,117.0490005493164,116.82760025024416,0.0214196095396156
2017-03-30,118.47000122070312,119.12000274658205,118.31999969482422,118.7699966430664,6894600,-0.0072330054554579,0.0064263895503151,117.09350051879883,116.89960021972657,0.0134337585246211
2017-03-31,118.72000122070312,119.08000183105467,118.45999908447266,118.61000061035156,8520800,0.0021080154307045,0.006433285687035,117.15400047302246,116.9786003112793,0.0148864912453215
2017-04-03,119.3499984741211,119.37000274658205,118.66999816894533,118.69000244140624,6105700,0.0052925502986567,0.0062798210957364,117.28550033569336,117.06460021972656,0.0195225392655415
2017-04-04,119.62000274658205,119.7699966430664,119.37999725341795,119.58999633789062,4687300,0.0022597345773741,0.0058964918734096,117.4775005340576,117.14120025634766,0.0211608083646903
2017-04-05,119.62000274658205,119.62999725341795,118.4000015258789,118.62000274658205,8106000,0.0,0.0056166575867192,117.70550079345703,117.22820037841797,0.0204029607248361
2017-04-06,119.18000030517578,119.41999816894533,118.9800033569336,119.22000122070312,4633500,-0.0036851166978419,0.0055287616020762,117.94100074768066,117.325400390625,0.0158073180093657
2017-04-07,119.45999908447266,120.66999816894533,119.13999938964844,120.3000030517578,12351100,0.0023466217608158,0.005529144709673,118.17800064086914,117.44940032958984,0.0171188507496897
2017-04-10,119.45999908447266,119.69000244140624,118.8499984741211,119.04000091552734,4623700,0.0,0.0055323505515996,118.4140007019043,117.56880035400393,0.0160858894942729
2017-04-11,121.19000244140624,121.4000015258789,120.29000091552734,120.33000183105467,12455300,0.0143780024853959,0.005891580424512,118.7675006866455,117.71320037841797,0.0295362121819068
2017-04-12,122.0199966430664,122.22000122070312,121.13999938964844,121.37999725341795,9502500,0.0068253560866931,0.0047430878162067,119.05600051879884,117.84260025024416,0.0354489495645154
2017-04-13,122.5999984741211,122.6500015258789,122.02999877929688,122.54000091552734,9892600,0.0047420728437496,0.0047568175953841,119.3495002746582,117.99060028076173,0.0390658084829739
2017-04-17,122.23999786376952,123.06999969482422,121.98999786376952,122.5500030517578,8469600,-0.0029407031136138,0.0049077090453213,119.6120002746582,118.1186003112793,0.0348920283649573
2017-04-18,122.81999969482422,123.02999877929688,121.7300033569336,122.43000030517578,10903700,0.0047335584740102,0.004915329336401,119.87750015258788,118.25240036010742,0.0386258487845265
2017-04-19,121.7300033569336,122.26000213623048,121.27999877929688,122.25,8472700,-0.0089143614181285,0.0052553810127303,120.0370002746582,118.33300048828124,0.0287071472424022
2017-04-20,121.95999908447266,122.16999816894533,121.5,121.81999969482422,11787300,0.0018876096148857,0.0052506379016634,120.1935001373291,118.42300048828125,0.0298674968680718
2017-04-21,122.30999755859376,122.61000061035156,121.7300033569336,122.13999938964844,15608000,0.0028656709251947,0.0052232789159473,120.37550010681151,118.505400390625,0.0321048421036325
2017-04-24,121.4800033569336,121.51000213623048,120.66000366210938,120.7699966430664,11053600,-0.0068091177272856,0.005544293741989,120.50650024414062,118.58920043945312,0.0243766119239196
2017-04-25,120.25,120.87000274658205,120.0500030517578,120.52999877929688,10344800,-0.0101767588253088,0.0059735422620699,120.54250030517578,118.6422004699707,0.0135516664699441
2017-04-26,120.83999633789062,120.95999908447266,119.87000274658205,120.20999908447266,9758800,0.0048944172271602,0.0059630615500546,120.63250007629397,118.72300033569336,0.0178313889997
2017-04-27,120.38999938964844,120.5999984741211,119.97000122070312,120.41999816894533,8267000,-0.0037308583358819,0.0060304223390294,120.68549995422364,118.7922003173828,0.0134503702094642
2017-04-28,120.7699966430664,120.7699966430664,120.2699966430664,120.33999633789062,9134200,0.0031514146140462,0.0057765107753806,120.8004997253418,118.8586003112793,0.0160812623300403
2017-05-01,119.66999816894533,120.75,119.3499984741211,120.20999908447266,9331800,-0.0091499432066366,0.0061924446015433,120.8479995727539,118.8904002380371,0.0065572824159675
2017-05-02,119.6500015258789,119.6500015258789,119.23999786376952,119.3000030517578,4900800,-0.0001671121773228,0.0060847475728453,120.8629997253418,118.92980026245117,0.0060556837885745
2017-05-03,117.9800033569336,119.33999633789062,117.91999816894533,119.18000030517578,10811100,-0.0140556800788944,0.0068314326756773,120.78099975585936,118.93440032958983,-0.0080245662315649
2017-05-04,116.79000091552734,117.27999877929688,116.62999725341795,116.80999755859376,12406900,-0.010137688898777,0.0071463648063589,120.63949966430664,118.9120002746582,-0.0178451237404933
2017-05-05,117.01000213623048,117.06999969482422,116.68000030517578,116.86000061035156,7127200,0.0018819613581219,0.007152773426041,120.53099975585936,118.87340026855468,-0.0156754844070623
2017-05-08,116.75,117.13999938964844,116.68000030517578,117.02999877929688,5438400,-0.0022245229386794,0.00711587758368,120.39549980163574,118.81440032958984,-0.0173750010424933
2017-05-09,116.0500030517578,116.23999786376952,115.55999755859376,116.18000030517578,6801300,-0.006013737531639,0.0071915001587901,120.225,118.75300033569336,-0.0227615072991391
2017-05-10,116.04000091552734,116.5,115.86000061035156,116.41999816894533,4290500,-8.619187440794861e-05,0.0061710987187125,119.96749992370606,118.68920028686524,-0.0223204753670503
2017-05-11,116.5,116.8499984741211,116.19000244140624,116.20999908447266,6274400,0.0039563058627955,0.0059813890584501,119.69150009155274,118.63800033569336,-0.0180212101488878
2017-05-12,116.83000183105467,117.16000366210938,116.7300033569336,117.06999969482422,5434500,0.0028286293961139,0.0058769670005275,119.40300025939942,118.62300033569336,-0.0151150999347904
2017-05-15,117.13999938964844,117.54000091552734,116.98999786376952,117.5199966430664,5019600,0.0026498930493215,0.0059824224504835,119.14800033569335,118.61560028076173,-0.0124401924166851
2017-05-16,117.6500015258789,117.91000366210938,117.4000015258789,117.4499969482422,4942800,0.004344332691827,0.0059595059865864,118.88950042724608,118.63420028686524,-0.0082960795336123
2017-05-17,119.79000091552734,120.0199966430664,119.2699966430664,119.36000061035156,13936900,0.0180260892429911,0.0072541914464792,118.79250030517578,118.71440032958984,0.009060405333736
2017-05-18,118.80999755859376,119.83999633789062,118.55999755859376,119.7699966430664,10341100,-0.008214659464641,0.0074070654730016,118.63500022888184,118.78940032958984,0.0001733928191132
2017-05-19,119.4000015258789,119.5500030517578,118.87999725341795,119.38999938964844,6787300,0.004953655816689,0.0074833153286799,118.4895004272461,118.88800033569336,0.0043065842535819
2017-05-22,119.9000015258789,120.13999938964844,119.58000183105467,119.62999725341795,5132500,0.0041788610216743,0.0074534370437876,118.41050033569336,118.99160034179688,0.0076341622557617
2017-05-23,119.13999938964844,120.19000244140624,118.9800033569336,120.12999725341795,8305400,-0.0063588076821675,0.0072426305021317,118.35500030517578,119.07960037231446,0.000507215485651
2017-05-24,119.61000061035156,119.73999786376952,118.91999816894533,119.06999969482422,7025000,0.0039371880866569,0.0072084411441516,118.29350051879882,119.18940032958984,0.0035288396417688
2017-05-25,119.4800033569336,119.6999969482422,119.29000091552734,119.5199966430664,4105100,-0.0010874337201151,0.0071704405207499,118.24800071716308,119.25400039672851,0.001895139445664
2017-05-26,120.54000091552734,120.79000091552734,120.33000183105467,120.48999786376952,6791600,0.0088326342060086,0.0074256664526294,118.23650093078614,119.3302003479004,0.0101382597540258
2017-05-30,120.13999938964844,120.33000183105467,119.9499969482422,120.23999786376952,4507500,-0.0033239313084347,0.0071613378307655,118.26000099182129,119.39320037841796,0.0062549542927359
2017-05-31,120.62000274658205,121.2300033569336,120.26000213623048,120.30999755859376,10360700,0.0039874064516969,0.0072103377228584,118.30850105285644,119.455400390625,0.0097492650156354
2017-06-01,120.72000122070312,120.73999786376952,120.05999755859376,120.16999816894533,8702500,0.0008286937780719,0.0063570089691689,118.44550094604492,119.49900039672852,0.0102176655864983
2017-06-02,121.61000061035156,121.70999908447266,121.19000244140624,121.30999755859376,7268100,0.0073453834403855,0.0059097595746586,118.68650093078614,119.55460037231444,0.0171921467817735
2017-06-05,121.7300033569336,121.94000244140624,121.58000183105467,121.91000366210938,3979200,0.0009862969865506,0.0059142691957821,118.9225009918213,119.6158004760742,0.0176749465576018
2017-06-06,123.0999984741211,123.30999755859376,122.7699966430664,123.08999633789062,10798500,0.0111915157965811,0.0061679983084702,119.24000091552736,119.7006004333496,0.0283991728401087
2017-06-07,122.4499969482422,123.16000366210938,122.0199966430664,122.79000091552734,9039200,-0.0052942623192703,0.0061167055897002,119.56000061035157,119.75900039672852,0.0224700986364211
2017-06-08,121.6500015258789,122.08000183105467,120.9499969482422,122.06999969482422,8169800,-0.0065546767029751,0.0064336934311716,119.84050064086914,119.81120040893556,0.0153474893054007
2017-06-09,120.54000091552734,120.91000366210938,120.4000015258789,120.45999908447266,7054700,-0.0091664261226062,0.0069136517281738,120.04250068664552,119.835400390625,0.0058797360596749
2017-06-12,120.36000061035156,120.69000244140624,120.2699966430664,120.33000183105467,4927400,-0.0014943988172197,0.0069441685026332,120.21900062561036,119.87320037841796,0.0040609596673556
2017-06-13,120.4800033569336,120.70999908447266,119.91999816894533,119.9499969482422,3786600,0.0009965350816834,0.006939452906907,120.3860008239746,119.90840042114256,0.0047669965889248
2017-06-14,119.81999969482422,121.87999725341795,119.56999969482422,121.51000213623048,21124800,-0.0054931778057507,0.0070676589031677,120.49450073242188,119.91780044555664,-0.0008155649150421
2017-06-15,119.31999969482422,119.5,119.12999725341795,119.22000122070312,6796700,-0.0041816570199038,0.0058828893889132,120.47100067138672,119.91180038452148,-0.0049352998437146
2017-06-16,119.33999633789062,119.5,119.23999786376952,119.3499984741211,6435700,0.0001675743186591,0.0055719645823923,120.49750061035157,119.90620025634766,-0.0047220570516499
2017-06-19,118.43000030517578,118.83999633789062,118.33000183105467,118.73999786376952,6787000,-0.0076544600973333,0.0057197932419942,120.4490005493164,119.89120025634766,-0.0121877164299597
2017-06-20,118.18000030517578,118.45999908447266,118.06999969482422,118.41999816894533,4617400,-0.0021131828104241,0.0056265129964939,120.36300048828124,119.86560028076173,-0.0140624163366116
2017-06-21,118.5199966430664,118.66000366210938,118.1500015258789,118.1500015258789,4723700,0.0028728058817661,0.0055173968686944,120.33200035095214,119.8468002319336,-0.0110708303125281
2017-06-22,118.91999816894533,119.1999969482422,118.5999984741211,119.12999725341795,5811900,0.0033692883509406,0.0054960747647176,120.29750022888184,119.80140014648435,-0.0073571926243042
2017-06-23,119.43000030517578,119.66000366210938,119.30999755859376,119.6500015258789,9258600,0.0042794455030728,0.0055853468244348,120.29500007629396,119.74960021972656,-0.0026689017246349
2017-06-26,118.36000061035156,118.54000091552734,118.16999816894533,118.29000091552734,6593400,-0.0089995955468572,0.0055205706746413,120.18600006103516,119.66480026245117,-0.0109037883257055
2017-06-27,118.80999755859376,119.0500030517578,118.4800033569336,118.87000274658205,5759300,0.0037947252326206,0.0055860121432503,120.11949996948242,119.59620025634766,-0.0065738100045713
2017-06-28,118.9000015258789,119.05999755859376,118.69000244140624,119.05999755859376,4220100,0.0007572586086642,0.0054936498505386,120.03349990844728,119.51780029296874,-0.0051690941899487
2017-06-29,118.31999969482422,118.63999938964844,117.91000366210938,117.97000122070312,7705200,-0.0048900007067287,0.0055573584050098,119.91349983215332,119.44960021972656,-0.0094567124781033
2017-06-30,118.0199966430664,118.41000366210938,117.9499969482422,118.08000183105467,7272600,-0.0025387426380499,0.0052040361514546,119.73399963378908,119.37080017089843,-0.0113160297652201
2017-07-03,116.08999633789062,116.8499984741211,115.94000244140624,116.54000091552734,12145000,-0.0164883523807431,0.0061465422225314,119.45199928283692,119.24640014648438,-0.0264695940901894
2017-07-05,116.5199966430664,116.66999816894533,115.87000274658205,115.91000366210938,7223300,0.0036971824767883,0.0054670186712455,119.12299919128418,119.14720001220704,-0.0220500638611017
2017-07-06,116.47000122070312,116.61000061035156,116.23999786376952,116.58000183105467,4443400,-0.0004291636859008,0.0054559241998503,118.82399940490724,119.07160003662108,-0.0218490287786326
2017-07-07,115.27999877929688,115.79000091552734,114.8000030517578,115.77999877929688,11153600,-0.010269798493159,0.0056605220431743,118.50549926757812,118.96040008544922,-0.0309380373931889
2017-07-10,115.47000122070312,115.56999969482422,114.83000183105467,115.0199966430664,4970900,0.0016468254331296,0.0055240582726237,118.25199928283692,118.86200012207031,-0.0285372860786763
2017-07-11,115.62000274658205,115.7699966430664,114.87999725341795,115.26000213623048,6637900,0.0012982088742116,0.00557650827038,118.01499938964844,118.75900024414062,-0.026431659841406
2017-07-12,116.02999877929688,116.33000183105467,115.87000274658205,116.20999908447266,4654400,0.0035397924292919,0.0056767459944462,117.7924991607666,118.68620025634766,-0.0223800363590182
2017-07-13,115.81999969482422,116.04000091552734,115.66999816894533,116.04000091552734,4148900,-0.0018115086761426,0.0056128061006954,117.5924991607666,118.60960021972656,-0.0235191798955105
2017-07-14,116.7699966430664,117.25,116.63999938964844,117.04000091552734,5788200,0.0081689001766399,0.0059917504730484,117.46499900817872,118.58540008544922,-0.0153088275713088
2017-07-17,117.29000091552734,117.52999877929688,117.2300033569336,117.41999816894533,5170800,0.0044433489997169,0.0061136535169666,117.36249923706056,118.5954000854492,-0.0110071652777537
2017-07-18,118.11000061035156,118.33000183105467,117.87999725341795,117.98999786376952,7158600,0.0069668904523231,0.0061333878489603,117.34649925231932,118.61740005493164,-0.0042776139448773
2017-07-19,118.08000183105467,118.2699966430664,117.83999633789062,118.18000030517578,3205100,-0.0002540224323478,0.0061158967731827,117.34149932861328,118.64400009155274,-0.004753702336931
2017-07-20,118.23999786376952,118.62000274658205,117.66000366210938,117.91999816894533,5571600,0.001354062773928,0.0060871575483334,117.32749938964844,118.68779998779296,-0.0037729414823554
2017-07-21,119.26000213623048,119.38999938964844,118.75,119.0,10135900,0.0085895624743504,0.0063507848575721,117.3444995880127,118.75220001220704,0.0042761491910992
2017-07-24,119.30999755859376,119.58000183105467,119.18000030517578,119.5199966430664,3654300,0.0004191258176561,0.0062766733379118,117.3384994506836,118.8083999633789,0.0042219034627978
2017-07-25,118.91999816894533,119.31999969482422,118.79000091552734,118.98999786376952,6203000,-0.0032741446924645,0.0059700999716155,117.36649932861329,118.85019989013672,0.0005872794397748
2017-07-26,119.87999725341795,120.1500015258789,118.5500030517578,118.56999969482422,8527900,0.0080402368048359,0.006175248064263,117.4199993133545,118.90499984741211,0.0081998015832558
2017-07-27,119.79000091552734,120.13999938964844,119.27999877929688,120.0999984741211,6385200,-0.0007510021513584,0.0061804835491022,117.46449928283693,118.94779983520507,0.0070804258800001
2017-07-28,120.69000244140624,120.86000061035156,120.13999938964844,120.1500015258789,7393600,0.0074850774725341,0.006244988386968,117.58299942016602,118.96579986572266,0.0144932625815965
2017-07-31,120.75,120.80999755859376,120.4499969482422,120.5,3944600,0.0004969976741389,0.006191327126026,117.7194995880127,119.00459991455078,0.0146666606728015
2017-08-01,120.6500015258789,121.13999938964844,120.44000244140624,120.44000244140624,7365100,-0.0008284878144892,0.0046400194996084,117.9474998474121,119.0295999145508,0.013613434074309
2017-08-02,120.4000015258789,121.0199966430664,120.33999633789062,120.51000213623048,5945300,-0.0020742591700593,0.004703134525249,118.14150009155271,119.03959991455078,0.0114281433430946
2017-08-03,120.58999633789062,120.83000183105467,120.30999755859376,120.30999755859376,4275600,0.0015767861990997,0.0046780567046792,118.34749984741212,119.06859985351562,0.012777478581647
2017-08-04,119.6500015258789,120.04000091552734,119.22000122070312,119.97000122070312,8644800,-0.0078255046399976,0.0043695965744083,118.5659999847412,119.06939987182618,0.0048761617567378
2017-08-07,119.51000213623048,119.79000091552734,119.43000030517578,119.43000030517578,3010100,-0.0011707593535362,0.004421949856237,118.76800003051758,119.0699998474121,0.0036953245098029
2017-08-08,119.86000061035156,120.12000274658205,118.97000122070312,120.0199966430664,7227200,0.0029243323685437,0.004428741086796,118.97999992370606,119.0563998413086,0.0067497486075011
2017-08-09,121.30999755859376,121.5500030517578,120.76000213623048,121.0199966430664,9186200,0.0120248325352345,0.0049766224232572,119.2439998626709,119.0797998046875,0.0187285984488065
2017-08-10,122.20999908447266,122.44000244140624,122.02999877929688,122.08000183105467,9817900,0.007391636301004,0.0050091182691437,119.56349983215333,119.11159973144532,0.0260125744261108
2017-08-11,122.79000091552734,122.83000183105467,122.02999877929688,122.23999786376952,8019500,0.0047347176699812,0.004868122903271,119.86450004577635,119.1529997253418,0.030523790408711
2017-08-14,121.91999816894533,122.23999786376952,121.68000030517578,121.9800033569336,6035300,-0.0071105097086198,0.0052939677333879,120.09599990844728,119.15919967651368,0.0231689915669668
2017-08-15,120.9800033569336,121.2300033569336,120.58000183105467,120.5999984741211,6731300,-0.0077398064932359,0.0055724241230023,120.2395000457764,119.14419967651368,0.0154082505518882
2017-08-16,121.87000274658205,122.05999755859376,120.66000366210938,120.66000366210938,8267300,0.0073296549457859,0.0057241981923266,120.42900009155277,119.11959976196287,0.0230894243274431
2017-08-17,122.48999786376952,122.61000061035156,121.76000213623048,122.29000091552734,8183800,0.005074451187161,0.0057766922924172,120.64150009155276,119.12039978027344,0.0282873302113791
2017-08-18,122.3000030517578,123.54000091552734,122.0,123.37000274658205,13654200,-0.0015523089133794,0.0055882085993824,120.7935001373291,119.13339981079102,0.0265803145549108
2017-08-21,122.76000213623048,122.9800033569336,122.5,122.54000091552734,5549700,0.0037541795070427,0.0056115520610925,120.96600036621096,119.17779983520508,0.0300576307498439
2017-08-22,122.20999908447266,122.55999755859376,121.8499984741211,122.55999755859376,6493900,-0.0044903781947355,0.0056714304127376,121.1305004119873,119.2147998046875,0.0251243913062158
2017-08-23,122.66999816894533,122.69000244140624,122.30999755859376,122.58000183105467,5038400,0.0037569391595083,0.0054838435338909,121.2700004577637,119.25859970092772,0.0286050521855243
2017-08-24,122.29000091552734,122.63999938964844,122.12999725341795,122.38999938964844,4193400,-0.0031025274301848,0.0055515455615118,121.3950004577637,119.3079997253418,0.0249941428659468
2017-08-25,122.73999786376952,123.0199966430664,121.29000091552734,122.7699966430664,12398200,0.0036729988686282,0.005381182200144,121.49750022888186,119.37639968872072,0.0281764082667892
2017-08-28,124.69000244140624,124.7300033569336,123.33000183105467,123.33000183105467,11578300,0.0157623970318692,0.0063288327659067,121.69450035095215,119.483399810791,0.0435759497876707
2017-08-29,124.41999816894533,125.87000274658205,124.0500030517578,125.80999755859376,9861500,-0.0021677522181517,0.0063629337703169,121.8830001831055,119.6031997680664,0.0402731566565077
2017-08-30,124.36000061035156,124.62000274658205,124.16000366210938,124.33000183105467,6328400,-0.0004823342716564,0.0063252075829331,122.08100013732911,119.72679977416992,0.0386981097375094
2017-08-31,125.81999969482422,125.83999633789062,124.5500030517578,124.58000183105467,11775500,0.0116717216178943,0.0067126586922224,122.3425003051758,119.87279983520509,0.0496125882418284
2017-09-01,126.05999755859376,126.16999816894533,125.12000274658205,126.01000213623048,11567400,0.0019056530015576,0.0062931858859025,122.66300010681157,120.01559982299804,0.0503634339578367
2017-09-05,127.45999908447266,127.77999877929688,126.56999969482422,126.6500015258789,11813100,0.0110446179853417,0.0064964895876341,123.06049995422366,120.17619979858398,0.0606093327805036
2017-09-06,126.80999755859376,127.44000244140624,126.5500030517578,127.33999633789062,10059300,-0.0051126987089539,0.0067590171293972,123.40799980163575,120.34519973754882,0.053718784256817
2017-09-07,128.1300048828125,128.32000732421875,127.38999938964844,127.55999755859376,10219700,0.0103555276354189,0.0066487516935219,123.74900016784667,120.5315998840332,0.0630407711014367
2017-09-08,127.97000122070312,128.3000030517578,127.58999633789062,128.2100067138672,9020000,-0.0012495406412696,0.0066108665976921,124.0370002746582,120.71299987792968,0.0601178112557225
2017-09-11,126.19000244140624,126.94000244140624,126.0500030517578,126.73999786376952,9126600,-0.0140071439765985,0.0075145574368506,124.20700035095214,120.87039993286132,0.0440107959558314
2017-09-12,126.55999755859376,126.58999633789062,125.94000244140624,126.02999877929688,8349000,0.0029277577169542,0.0072491716823015,124.43900032043456,121.04119995117188,0.0455943729048305
2017-09-13,125.61000061035156,126.4499969482422,125.5,126.4000015258789,8491000,-0.0075346111705773,0.0072349900293659,124.67050018310547,121.23160003662107,0.0361160008810233
2017-09-14,126.16000366210938,126.44000244140624,125.62000274658205,125.66000366210938,5330700,0.0043690981240205,0.0071473304235849,124.88500022888184,121.42440017700196,0.0390004272469476
2017-09-15,125.52999877929688,125.98999786376952,125.41000366210938,125.98999786376952,8375100,-0.0050062075765588,0.007253704972124,125.0370002746582,121.60560012817383,0.0322715290001996
2017-09-18,124.36000061035156,124.76000213623048,123.97000122070312,124.70999908447266,8859800,-0.0093641740072291,0.007612615570693,125.14000015258787,121.78720016479492,0.0211253764112754
2017-09-19,124.62000274658205,124.6500015258789,124.02999877929688,124.48999786376952,5826500,0.0020885390572384,0.0075880724294541,125.23300018310547,121.9702001953125,0.0217249996066775
2017-09-20,123.62000274658205,125.05999755859376,123.1500015258789,124.68000030517578,11415400,-0.0080567627066632,0.0077577570066156,125.30350036621094,122.1302001953125,0.0121984779267292
2017-09-21,122.68000030517578,123.06999969482422,122.48999786376952,122.55999755859376,7757900,-0.007633024715443,0.0079279684346183,125.30400047302246,122.26320022583008,0.0034090395031034
2017-09-22,123.23999786376952,123.38999938964844,122.93000030517578,123.02999877929688,6011900,0.0045543146609353,0.0079548836424688,125.35150032043455,122.41160018920898,0.0067673135003553
2017-09-25,124.52999877929688,124.66000366210938,122.70999908447266,122.77999877929688,10257200,0.0104129845360129,0.0082391095690402,125.44100036621094,122.5668002319336,0.0160173761870939
2017-09-26,123.13999938964844,123.80999755859376,122.9000015258789,123.56999969482422,8673600,-0.0112247264040768,0.0078471403338599,125.36350021362304,122.68380020141602,0.0037184957385038
2017-09-27,121.9800033569336,122.51000213623048,121.87999725341795,122.04000091552734,6903900,-0.0094647901378272,0.0080885484040579,125.24150047302246,122.76120025634764,-0.0063635488882706
2017-09-28,122.20999908447266,122.4800033569336,121.83000183105467,122.04000091552734,5968200,0.0018837445698112,0.0081136331976005,125.13400039672852,122.84380020141602,-0.0051594066278002
2017-09-29,121.58000183105467,122.3000030517578,121.5500030517578,122.29000091552734,10208000,-0.0051683715774129,0.0076009858051936,124.92200050354003,122.91060028076171,-0.0108257420162914
2017-10-02,120.7699966430664,121.33999633789062,120.73999786376952,121.16999816894533,11755400,-0.0066846148898736,0.0076283417798873,124.65750045776367,122.94080017089844,-0.0176573076213464
2017-10-03,120.83000183105467,121.0999984741211,120.6999969482422,120.72000122070312,3728700,0.0004967317019956,0.0070079719769532,124.32600059509278,122.97120025634766,-0.0174121942440946
2017-10-04,121.16999816894533,121.2699966430664,120.70999908447266,121.20999908447266,6475200,0.0028098889387881,0.0070861615514139,124.04400062561037,123.01620025634766,-0.0150077964004344
2017-10-05,120.5199966430664,121.23999786376952,120.4000015258789,121.1500015258789,6205400,-0.0053788167236256,0.0064554842588811,123.66350021362304,123.02900024414062,-0.0203935949743175
2017-10-06,121.08999633789062,121.20999908447266,119.77999877929688,120.26000213623048,10013300,0.0047183541150492,0.0066777487708068,123.31949996948242,123.0550001525879,-0.0159685003637452
2017-10-09,122.08000183105467,122.11000061035156,121.5500030517578,121.63999938964844,5264100,0.0081425420115538,0.0065503231821736,123.11399993896484,123.08280014038084,-0.0081473472181527
2017-10-10,122.4000015258789,122.97000122070312,122.36000061035156,122.62000274658205,9315500,0.0026178000096001,0.0065392656659227,122.9060001373291,123.11580017089844,-0.0058140274767814
2017-10-11,122.79000091552734,122.87999725341795,122.02999877929688,122.56999969482422,5649400,0.0031812040839063,0.0064722105549576,122.76500015258787,123.1586001586914,-0.0029928826950705
2017-10-12,122.88999938964844,123.04000091552734,122.5,122.83999633789062,3037600,0.0008140547013934,0.006360942690145,122.60149993896484,123.2084001159668,-0.0025842452788825
2017-10-13,123.81999969482422,123.86000061035156,123.33999633789062,123.66000366210938,6820300,0.007539254296557,0.0065919612466697,122.5159999847412,123.27300018310548,0.0044373018496041
2017-10-16,122.97000122070312,123.97000122070312,122.56999969482422,123.81999969482422,8202000,-0.0068884625152206,0.006441957308852,122.4465000152588,123.33940017700196,-0.0029949793477891
2017-10-17,122.12999725341795,122.31999969482422,121.7300033569336,122.02999877929688,7041300,-0.0068544044171996,0.0065576291815669,122.3219997406006,123.3918000793457,-0.0102259860470173
2017-10-18,121.66999816894533,121.94000244140624,121.5500030517578,121.70999908447266,3666400,-0.0037735819439875,0.0063829687427309,122.22449951171876,123.42800003051758,-0.0142431365746636
2017-10-19,122.38999938964844,122.5500030517578,122.11000061035156,122.1999969482422,5567300,0.0059002156573017,0.0063370809389496,122.2099994659424,123.44960006713868,-0.0085832653723784
2017-10-20,121.61000061035156,121.9800033569336,121.38999938964844,121.68000030517578,8481100,-0.0063934543954733,0.0063848674327837,122.12849960327148,123.43760009765624,-0.0148058572579084
2017-10-23,121.8000030517578,121.9000015258789,120.95999908447266,120.9800033569336,5069700,0.0015611723194451,0.0058618646842514,121.99199981689452,123.41780014038086,-0.013108296265068
2017-10-24,121.33000183105467,121.70999908447266,120.9800033569336,121.26000213623048,5114100,-0.0038662591759729,0.0054067442744858,121.90149993896485,123.40600021362305,-0.0168225076493419
2017-10-25,121.3499984741211,121.58999633789062,120.83999633789062,121.30999755859376,4282400,0.0001647984431065,0.0050025916572863,121.86999969482422,123.4134001159668,-0.016719429493935
2017-10-26,120.33000183105467,121.16000366210938,120.22000122070312,121.16000366210938,6438800,-0.0084409359313991,0.0052940739755813,121.77599983215332,123.38260009765624,-0.024740913744608
2017-10-27,120.9000015258789,120.98999786376952,120.20999908447266,120.37999725341795,6664200,0.0047257865747336,0.0053241369032143,121.74199981689452,123.35080017089844,-0.0198685265245465
2017-10-30,121.12999725341795,121.47000122070312,120.37999725341795,120.37999725341795,5119200,0.0019005561122996,0.0051229114303038,121.75999984741208,123.32740005493164,-0.0178176366365863
2017-10-31,120.66999816894533,120.83999633789062,120.37999725341795,120.81999969482422,3910500,-0.0038047944426043,0.005197292291232,121.75199966430664,123.28559997558594,-0.0212157933056137
2017-11-01,121.11000061035156,121.5500030517578,120.83999633789062,120.9800033569336,4647800,0.0036396966611631,0.0052247011462992,121.74899978637696,123.26360000610352,-0.0174714951992746
2017-11-02,121.19000244140624,121.95999908447266,121.0500030517578,121.29000091552734,5369500,0.0006603535530684,0.0050712422573483,121.78250007629391,123.23400009155272,-0.0165863126136291
2017-11-03,120.62000274658205,121.43000030517578,120.18000030517578,121.36000061035156,6330600,-0.0047144513322973,0.00507510023999,121.75900039672852,123.20060012817385,-0.0209463052850961
2017-11-06,121.6500015258789,121.8499984741211,120.68000030517578,120.72000122070312,6953800,0.0085029509793438,0.0051068017413474,121.73750038146972,123.178800201416,-0.0124112158345209
2017-11-07,121.20999908447266,121.55999755859376,120.77999877929688,121.51000213623048,4165900,-0.0036235108435323,0.0051177506642004,121.6780002593994,123.10920013427734,-0.01542696279184
2017-11-08,121.62999725341795,122.25,121.58999633789062,121.9499969482422,5565200,0.0034590561197046,0.0051286023092905,121.62000007629392,123.0534001159668,-0.0115673590588103
2017-11-09,122.12999725341795,122.41000366210938,121.7300033569336,121.8499984741211,6072400,0.0041024016451006,0.0052239141900616,121.5819999694824,123.00880004882812,-0.0071442270395396
2017-11-10,121.12999725341795,122.11000061035156,120.94000244140624,121.98999786376952,7116200,-0.0082217023399463,0.0051659536704359,121.44749984741208,122.915,-0.0145222531552865
2017-11-13,121.30999755859376,121.5500030517578,121.2699966430664,121.43000030517578,6249300,0.0014849063034309,0.0050089108951761,121.36449966430662,122.82,-0.0122944344683783
2017-11-14,121.55999755859376,121.91000366210938,120.7699966430664,120.9000015258789,6189000,0.002058715307154,0.0048236906709161,121.3359996795654,122.70199996948242,-0.0093071214093713
2017-11-15,121.41000366210938,122.36000061035156,121.25,122.12999725341795,4984800,-0.0012346702455872,0.0047586030223978,121.3229999542236,122.59400009155272,-0.0096578660338935
2017-11-16,121.4000015258789,121.70999908447266,121.29000091552734,121.4499969482422,2796500,-8.238652462762423e-05,0.0045443234591885,121.27350006103514,122.45940002441408,-0.00865101820133
2017-11-17,122.86000061035156,123.16999816894533,121.9499969482422,122.1500015258789,10614000,0.0119546095092268,0.0050911294011963,121.33600006103514,122.35720001220704,0.0041092849304689
2017-11-20,121.30999755859376,122.41000366210938,121.04000091552734,122.3000030517578,8356700,-0.012696268046166,0.0058743272037445,121.31149978637696,122.25959991455078,-0.0077670985069532
2017-11-21,121.51000213623048,122.0,121.5,121.66999816894533,4956500,0.0016473488437394,0.0058224389137295,121.32049980163576,122.15860000610353,-0.0053094736665336
2017-11-22,122.62999725341795,122.9499969482422,122.16999816894533,122.26000213623048,5211800,0.0091750878754078,0.0061681489875138,121.3844997406006,122.09899993896484,0.0043489079740092
2017-11-24,122.31999969482422,122.61000061035156,122.22000122070312,122.36000061035156,1779700,-0.002531110250715,0.0058493587692905,121.48399963378908,122.02219985961914,0.00244053816066
2017-11-27,122.83000183105467,123.33000183105467,122.66999816894533,123.26000213623048,4961200,0.0041607413323197,0.0058308369347196,121.58049964904782,121.9681999206543,0.007065791829026
2017-11-28,122.80999755859376,123.16999816894533,122.52999877929688,123.0500030517578,5603100,-0.0001628747154765,0.0058284421495974,121.66449966430665,121.93719985961914,0.0071577639963803
2017-11-29,122.04000091552734,122.33000183105467,121.73999786376952,122.23999786376952,6138900,-0.0062895583924213,0.0059543877670167,121.73299980163574,121.88559982299805,0.0012667705844949
2017-11-30,121.0999984741211,121.6999969482422,120.63999938964844,121.44000244140624,7936300,-0.0077322293914414,0.0061838160300164,121.7324996948242,121.83519973754883,-0.0060343912515551
2017-12-01,121.58999633789062,122.43000030517578,120.73999786376952,120.94000244140624,13080100,0.0040380612309282,0.0062487024172834,121.75249938964843,121.81339965820312,-0.0018339798490096
2017-12-04,121.18000030517578,121.1999969482422,120.83999633789062,121.1500015258789,6943700,-0.0033776531546079,0.0062007300225847,121.78049926757812,121.77219970703123,-0.004863174051879
2017-12-05,120.31999969482422,120.51000213623048,119.72000122070312,120.0999984741211,10041200,-0.0071221883700487,0.0060870335805081,121.7139991760254,121.6879997253418,-0.0112418647163668
2017-12-06,120.06999969482422,120.44000244140624,119.87000274658205,120.04000091552734,6643000,-0.002079954164184,0.0060557136785506,121.65699920654296,121.62659973144532,-0.0127981875679999
2017-12-07,118.48999786376952,119.23999786376952,118.0999984741211,119.01000213623048,12900200,-0.0132463527011121,0.006611484806813,121.49999923706056,121.55679962158204,-0.025229372337539
2017-12-08,118.4800033569336,118.91999816894533,118.33000183105467,118.48999786376952,5231300,-8.435250698713456e-05,0.0064964499569765,121.31749954223632,121.48219970703126,-0.0247130555533058
2017-12-11,118.01000213623048,118.54000091552734,117.8000030517578,118.37000274658205,4522200,-0.0039748135531072,0.0063331216504712,121.16149978637696,121.41079971313476,-0.0280106677901765
2017-12-12,118.1500015258789,118.16999816894533,117.4000015258789,117.6500015258789,8020100,0.0011856318079055,0.0063265335552888,121.0034999847412,121.358399810791,-0.0264373812600882
2017-12-13,119.16999816894533,119.3499984741211,118.01000213623048,118.19000244140624,10086700,0.0085960131899739,0.0066698319866509,120.8840000152588,121.32519973754884,-0.0177638410920867
2017-12-14,118.93000030517578,119.29000091552734,118.70999908447266,119.0999984741211,6993600,-0.0020159424324849,0.0066736096286805,120.75999984741212,121.28039978027344,-0.0193798790188351
2017-12-15,119.18000030517578,119.5,118.97000122070312,119.41000366210938,7532000,0.0020998705742963,0.0067077040718131,120.64899978637698,121.25359985351562,-0.0171013442144804
2017-12-18,119.7300033569336,119.98999786376952,119.5999984741211,119.62999725341795,5452200,0.0046042778868208,0.0061425700902188,120.49249992370608,121.22639999389648,-0.0123438181537868
2017-12-19,119.81999969482422,119.9000015258789,119.52999877929688,119.66999816894533,4018900,0.0007513783425439,0.0055342137697885,120.41800003051758,121.18119995117188,-0.0112327675984074
2017-12-20,120.13999938964844,120.36000061035156,119.80999755859376,119.9800033569336,5734600,0.0026671102328525,0.0055608165164515,120.34949989318848,121.13599990844726,-0.0082221678076838
2017-12-21,120.30999755859376,120.4499969482422,120.0,120.06999969482422,4823700,0.0014140004111242,0.0050966251772848,120.23349990844729,121.0863998413086,-0.0064119693353865
2017-12-22,120.94000244140624,121.13999938964844,120.56999969482422,120.66999816894533,5791300,0.005222850279184,0.0052626371624736,120.16450004577636,121.04739990234376,-0.0008872347611279
2017-12-26,121.7699966430664,121.87000274658205,121.51000213623048,121.5500030517578,8224400,0.0068394169191067,0.0054210018468481,120.11149978637698,121.0063998413086,0.0063103836058193
2017-12-27,122.2300033569336,122.33999633789062,121.87999725341795,122.0,6232700,0.0037705513021491,0.0055020767278458,120.08250007629394,120.9915998840332,0.0102354500154337
2017-12-28,122.8499984741211,122.91999816894533,122.55999755859376,122.81999969482422,5732700,0.0050595432932777,0.0054297280030178,120.12299995422364,121.00599990844728,0.0152389019310529
2017-12-29,123.6500015258789,124.08999633789062,123.45999908447266,123.6999969482422,7852100,0.0064909197612103,0.0052464415108646,120.25050010681151,121.04559997558594,0.0215158712982401
2018-01-02,125.1500015258789,125.18000030517578,124.38999938964844,124.66000366210938,11762500,0.0120580237624518,0.0057680587689298,120.42850036621094,121.10080001831057,0.0334366206247697
2018-01-03,124.81999969482422,125.08999633789062,124.0999984741211,125.0500030517578,7904300,-0.0026403330092135,0.0057379043942777,120.61050033569336,121.165,0.0301654743104379
2018-01-04,125.45999908447266,125.8499984741211,124.73999786376952,124.88999938964844,7329700,0.0051142783102627,0.005415749400295,120.86750030517578,121.2381999206543,0.034822351095458
2018-01-05,125.33000183105467,125.4800033569336,124.83000183105467,124.93000030517578,5739900,-0.0010367021379345,0.0053783507003903,121.1305004119873,121.3181999206543,0.0330684259494801
2018-01-08,125.30999755859376,125.31999969482422,124.9000015258789,125.1999969482422,3566700,-0.0001596255390368,0.0040359772921034,121.47150039672854,121.39739990234376,0.0322296660340126
2018-01-09,124.7300033569336,124.86000061035156,124.2300033569336,124.48999786376952,9153600,-0.0046392196430416,0.0043253295327189,121.78400039672854,121.48539993286133,0.0267077642734467
2018-01-10,125.02999877929688,125.30999755859376,124.72000122070312,125.16999816894533,14809300,0.0024022706924068,0.0040432960355433,122.13500022888184,121.5679998779297,0.0284778799095443
2018-01-11,125.44000244140624,125.66000366210938,125.25,125.37000274658205,5994700,0.0032738773212121,0.0040239045047801,122.4995002746582,121.65419998168946,0.0311193732751239
2018-01-12,126.95999908447266,127.12999725341795,125.80999755859376,126.01000213623048,9258600,0.012044492942167,0.0043382095368648,122.88900032043458,121.78,0.0425357126332128
2018-01-16,127.16999816894533,127.18000030517578,126.4000015258789,126.5999984741211,8083900,0.0016526906271698,0.0041823276754845,123.30100021362304,121.90119995117188,0.0432218732865951
2018-01-17,126.13999938964844,127.22000122070312,125.9000015258789,126.7699966430664,10130500,-0.0081323632373541,0.0049063963348483,123.64900016784668,122.00019989013671,0.0339327271860184
2018-01-18,125.86000061035156,126.5199966430664,125.8000030517578,126.12999725341795,6289300,-0.0022222134485855,0.005013329598905,123.95550003051758,122.1049998474121,0.030752227735407
2018-01-19,126.41999816894533,126.7300033569336,126.41000366210938,126.56999969482422,8773800,0.0044394996120163,0.0050135885683114,124.28549995422364,122.20039978027344,0.034530152080182
2018-01-22,126.6500015258789,126.75,126.27999877929688,126.51000213623048,4893500,0.0018177059354296,0.0050173082871663,124.61100006103516,122.30919982910156,0.0354903940410255
2018-01-23,127.27999877929688,127.3499984741211,126.33999633789062,126.52999877929688,6190400,0.0049619859431586,0.0050344296875389,124.95950012207032,122.42219985961914,0.0396807027258793
2018-01-24,128.8300018310547,129.25999450683594,128.22999572753906,128.38999938964844,11827600,0.0121043455775452,0.0054274083525854,125.35400009155272,122.55619995117188,0.0511912239640457
2018-01-25,127.97000122070312,129.50999450683594,127.36000061035156,128.69000244140625,15219700,-0.0066978490279024,0.0057772398698299,125.66400032043455,122.69300003051758,0.0430097983493189
2018-01-26,128.07000732421875,128.52000427246094,127.97000122070312,128.24000549316406,7828700,0.000781175638679,0.00578084710115,125.95600051879885,122.82820022583007,0.0426759253066573
2018-01-29,127.3499984741211,127.62999725341795,126.91999816894533,127.58000183105467,6956400,-0.0056378571834703,0.0060058649114257,126.18100051879884,122.94400024414062,0.0358374399826839
2018-01-30,126.8000030517578,127.91999816894533,126.73999786376952,127.91000366210938,9736100,-0.0043281233730763,0.0060480858225475,126.33850059509275,123.0518002319336,0.0304603655757934
2018-01-31,127.6500015258789,127.8499984741211,126.4000015258789,127.4499969482422,13418900,0.0066810895704915,0.0056490762996047,126.46350059509275,123.1768002319336,0.0363152905865599
2018-02-01,128.07000732421875,128.14999389648438,127.08000183105467,127.18000030517578,10854600,0.003284890986055,0.00560391479336,126.6260009765625,123.28100036621092,0.0388462694476998
2018-02-02,126.38999938964844,126.8499984741211,125.95999908447266,126.80999755859376,16789200,-0.0132046867972403,0.0063874455570565,126.6725009918213,123.38260040283204,0.0243745793734088
2018-02-05,126.70999908447266,127.30999755859376,126.44000244140624,126.81999969482422,13596300,0.0025286437555192,0.0063958881218625,126.7415008544922,123.48660034179689,0.0261032268582484
2018-02-06,125.37999725341795,126.5500030517578,125.22000122070312,126.54000091552734,17672500,-0.0105518996456809,0.0068615547930918,126.74500083923336,123.54160034179688,0.0148807924337621
2018-02-07,124.79000091552734,125.7699966430664,124.41000366210938,125.4800033569336,8558500,-0.0047167720834532,0.0068643524616203,126.74800071716308,123.59100036621092,0.009701358074323
2018-02-08,124.9800033569336,125.44000244140624,124.51000213623048,124.91999816894533,7343600,0.0015214195043946,0.0068511033993629,126.7455009460449,123.63400039672852,0.0108869967475443
2018-02-09,124.7699966430664,125.13999938964844,124.38999938964844,124.6500015258789,14140700,-0.0016817358427458,0.0068152252045031,126.71200065612793,123.67320037841796,0.0088685039385447
2018-02-12,125.37000274658205,125.81999969482422,125.11000061035156,125.19000244140624,6984900,0.0047973715177869,0.0062992743200045,126.6325008392334,123.73980041503906,0.013174438022973
2018-02-13,126.08000183105467,126.18000030517578,125.5199966430664,125.66999816894533,5321300,0.0056472535967852,0.0064372794314715,126.57800102233884,123.83940048217774,0.0180927987389553
2018-02-14,128.22999572753906,128.58999633789062,126.29000091552734,126.47000122070312,16416400,0.0169088525197645,0.0072449960117585,126.6825008392334,123.9722004699707,0.0343447582718329
2018-02-15,128.3800048828125,128.57000732421875,127.94000244140624,128.42999267578125,7276500,0.0011691607653979,0.0072096059176542,126.80850105285644,124.11620056152344,0.034353326173367
2018-02-16,127.95999908447266,128.6999969482422,127.56999969482422,128.3000030517578,7956900,-0.0032769459911664,0.0072218215337485,126.88550109863282,124.2690005493164,0.0297016835963967
2018-02-20,126.23999786376952,127.4000015258789,126.04000091552734,127.27999877929688,11148700,-0.0135328677509379,0.0078725986536606,126.86500091552732,124.39240051269532,0.0148529760938702
2018-02-21,125.66000366210938,126.76000213623048,125.44000244140624,126.36000061035156,7908800,-0.0046049640577856,0.0078354266829127,126.78400115966797,124.53580062866212,0.0090271474368995
2018-02-22,126.3000030517578,126.37000274658205,125.87999725341795,125.91999816894533,5346300,0.0050801774014141,0.007378178285207,126.6575012207031,124.6922006225586,0.0128941699735174
2018-02-23,126.13999938964844,126.3000030517578,125.8499984741211,126.05999755859376,4239700,-0.0012676571223932,0.0072560474475378,126.56600112915037,124.85480056762697,0.0102935475142212
2018-02-26,126.4499969482422,126.62000274658205,126.18000030517578,126.4499969482422,3194300,0.0024545525850457,0.0072838649890103,126.48500061035152,125.0208004760742,0.0114316695039998
2018-02-27,125.12999725341795,126.1500015258789,124.58999633789062,126.05999755859376,7082300,-0.0104937740547323,0.0075359221440034,126.37400054931638,125.14000045776368,-7.99361060342819e-05
2018-02-28,125.0,125.45999908447266,124.80999755859376,125.08999633789062,4534900,-0.0010394376248336,0.0074924622547066,126.28400039672847,125.26140045166017,-0.0020868396067552
2018-03-01,124.72000122070312,125.30999755859376,123.58000183105467,124.1500015258789,12910100,-0.002242502765231,0.0072918657080428,126.1375003814697,125.3722004699707,-0.0052021041891483
2018-03-02,125.38999938964844,125.69000244140624,124.97000122070312,125.66999816894533,9994300,0.0053576407977507,0.007372662563043,126.0034999847412,125.485400390625,-0.000760255780191
2018-03-05,125.18000030517578,125.4800033569336,124.95999908447266,125.3499984741211,5778300,-0.0016761714003699,0.0068015016829674,125.94300003051758,125.59260040283203,-0.003285226170434
2018-03-06,126.52999877929688,126.95999908447266,126.12999725341795,126.1999969482422,8676800,0.0107267206191819,0.0072262038456345,125.9340000152588,125.720400390625,0.006439673960283
2018-03-07,125.72000122070312,126.29000091552734,125.41999816894533,126.22000122070312,5158700,-0.0064222029145691,0.0069652478392127,125.95100021362305,125.8286004638672,-0.0008630728050992
2018-03-08,125.41999816894533,125.6999969482422,125.12999725341795,125.69000244140624,3474900,-0.0023891311235727,0.0068990374317912,125.98250007629396,125.91820037841796,-0.0039565543978186
2018-03-09,125.54000091552734,125.69000244140624,124.77999877929688,124.94000244140624,5066800,0.0009563496666087,0.0068947199856623,126.01049995422365,125.99360046386718,-0.00360017926839
2018-03-12,125.54000091552734,125.56999969482422,124.83999633789062,125.04000091552734,2884300,0.0,0.0068805010946375,126.04900016784669,126.05980041503906,-0.0041234358439433
2018-03-13,125.77999877929688,125.98999786376952,125.0500030517578,125.66999816894533,4798300,0.001909899228192,0.0068112800145556,126.06949996948242,126.11840042114258,-0.00268320594549
2018-03-14,125.6999969482422,125.76000213623048,125.33999633789062,125.48999786376952,3777000,-0.0006362480921954,0.0066888277843598,126.0504997253418,126.15940032958984,-0.0036414518470082
2018-03-15,124.9000015258789,125.20999908447266,124.72000122070312,125.12000274658205,6130100,-0.0063846619697598,0.0054808849040509,125.8840000152588,126.15440032958983,-0.009943361471607
2018-03-16,124.5999984741211,124.87000274658205,124.20999908447266,124.83999633789062,7402200,-0.0024048352412031,0.0054538040295924,125.69499969482422,126.15000030517578,-0.012286974453468
2018-03-19,124.87000274658205,125.16000366210938,124.41999816894533,124.56999969482422,4335400,0.0021646240154515,0.0054957638520442,125.5404998779297,126.13820037841796,-0.0100540330211727
2018-03-20,124.30999755859376,124.5500030517578,123.95999908447266,124.41000366210938,3399400,-0.0044947919586221,0.0047513898557882,125.44399986267092,126.11780029296877,-0.0143342393395341
2018-03-21,126.4800033569336,126.76000213623048,125.02999877929688,125.4000015258789,12532000,0.0173057932784737,0.0061429281044246,125.48499984741213,126.14120040893556,0.0026859023610024
2018-03-22,125.9800033569336,126.33999633789062,125.63999938964844,126.08999633789062,5298700,-0.0039610286020946,0.00610716074041,125.46899986267093,126.16620040893557,-0.0014758077155248
2018-03-23,127.61000061035156,128.05999755859375,127.61000061035156,127.81999969482422,12025900,0.0128555516884873,0.0067509013093705,125.54249992370607,126.21780044555663,0.011030141231113
2018-03-26,128.27999877929688,128.5800018310547,128.00999450683594,128.0500030517578,6169800,0.0052366227801974,0.0068198845972822,125.6340000152588,126.27460037231444,0.0158812492858389
2018-03-27,127.48999786376952,127.62000274658205,127.0500030517578,127.2300033569336,6180700,-0.0061774519150594,0.0065075418090924,125.75200004577638,126.2852003479004,0.0095402906480732
2018-03-28,125.7300033569336,126.61000061035156,125.51000213623048,126.4800033569336,10254900,-0.0139011360893347,0.0073000924449019,125.78850021362308,126.25640045166016,-0.0041692705703906
2018-03-29,125.79000091552734,125.80999755859376,125.30999755859376,125.41999816894533,7102000,0.0004770798243684,0.0072757021747984,125.84200019836427,126.24940048217772,-0.0036388257282476
2018-04-02,127.26000213623048,127.54000091552734,126.37999725341795,126.6500015258789,11421100,0.0116183974619913,0.0076252891694101,125.93550033569338,126.27740051269532,0.0077812943531126
2018-04-03,126.3000030517578,126.58999633789062,126.01000213623048,126.54000091552734,6083700,-0.0075722010717779,0.0078347213028463,125.99150047302248,126.27500061035155,0.0001979999309869
2018-04-04,126.4499969482422,127.52999877929688,126.31999969482422,127.5,7488300,0.0011868954626523,0.0074571319734985,125.98750038146974,126.27100051879884,0.00141755770294
2018-04-05,125.8000030517578,126.08000183105467,125.43000030517578,125.4499969482422,5333000,-0.0051535804567211,0.0074051262347735,125.99150047302248,126.24140060424804,-0.0034964563952674
2018-04-06,126.38999938964844,126.5999984741211,126.12999725341795,126.56999969482422,6121200,0.0046789913047762,0.0074520200527664,126.04000053405764,126.19260055541992,0.0015642663148211
2018-04-09,126.81999969482422,126.86000061035156,126.2300033569336,126.4499969482422,4189900,0.003396396035594,0.0074817771146222,126.10400047302248,126.16960052490236,0.005154959413488
2018-04-10,127.12000274658205,127.30999755859376,126.66999816894533,127.0199966430664,5268800,0.0023627879691593,0.0074919940743698,126.18300056457522,126.1506004333496,0.0076844843377864
2018-04-11,128.11000061035156,129.47000122070312,127.77999877929688,128.08999633789062,12348600,0.0077577307979443,0.0076570586657603,126.29950065612796,126.16580047607422,0.0154098822893453
2018-04-12,126.62000274658205,127.33999633789062,126.47000122070312,127.25,8141300,-0.0116987778251053,0.0081583770807197,126.34550094604492,126.1622004699707,0.003628680182384
2018-04-13,127.4499969482422,127.75,127.02999877929688,127.06999969482422,6821300,0.0065336100698645,0.0081071208202612,126.47300071716307,126.15820037841796,0.0102394974401142
2018-04-16,127.62999725341795,128.0500030517578,127.56999969482422,127.73999786376952,4600000,0.0014113245973423,0.0080673170557711,126.62450065612794,126.14940017700197,0.0117368538759483
2018-04-17,127.75,127.77999877929688,127.0,127.0199966430664,4184100,0.0009397976090927,0.0080642680615651,126.76850051879885,126.17660018920898,0.0124698225220176
2018-04-18,127.8499984741211,128.5399932861328,127.75,128.32000732421875,6755600,0.0007824607184664,0.0079557969295541,126.9455005645752,126.19940017700196,0.0130792879744601
2018-04-19,127.5999984741211,127.87999725341795,127.12999725341795,127.80999755859376,8736100,-0.0019573308498895,0.0070430110579696,127.00150032043456,126.24380020141602,0.0107426920810473
2018-04-20,126.62999725341795,126.97000122070312,126.5500030517578,126.69000244140624,10403100,-0.007630932179695,0.0072095678292801,127.03400001525878,126.28060012817384,0.0027668313651462
2018-04-23,125.62000274658205,125.76000213623048,125.33999633789062,125.62000274658205,6921500,-0.0080079278822513,0.0067878133716589,126.93450012207032,126.2934001159668,-0.0053320076010813
2018-04-24,126.2300033569336,126.33999633789062,125.66999816894533,125.77999877929688,4733100,0.0048441674681113,0.0067700307263691,126.83200035095214,126.32260025024414,-0.0007330192153035
2018-04-25,125.41000366210938,125.51000213623048,125.05999755859376,125.2300033569336,5985700,-0.0065172673215024,0.0067846330224828,126.72800064086914,126.32340026855468,-0.0072306208074157
2018-04-26,124.97000122070312,125.56999969482422,124.69000244140624,125.54000091552734,7517100,-0.0035146807713917,0.0060931210046962,126.69000053405762,126.30120025634766,-0.0105398763665163
2018-04-27,125.5,125.62000274658205,125.16999816894533,125.1999969482422,5654000,0.0042320403061771,0.0061757189066786,126.67550048828124,126.24660034179688,-0.0059138253210427
2018-04-30,124.58999633789062,125.1999969482422,124.19000244140624,124.41000366210938,9830600,-0.0072774416543521,0.0057142968947421,126.54200019836426,126.17080017089845,-0.0125290782880556
2018-05-01,123.70999908447266,123.9800033569336,123.38999938964844,123.9000015258789,7551600,-0.007088207443339,0.0056862233849794,126.4125,126.08580017089844,-0.0188427331484242
2018-05-02,123.6500015258789,124.54000091552734,123.58000183105467,123.9000015258789,7614000,-0.0004851031664156,0.005664069788273,126.27250022888184,126.03400024414064,-0.01891552052338
2018-05-03,124.27999877929688,124.76000213623048,124.23999786376952,124.66000366210938,4857400,0.005082068394914,0.0057422774377508,126.1965000152588,126.00640014648438,-0.0137009022175106
2018-05-04,124.54000091552734,124.6500015258789,124.0,124.0999984741211,5883600,0.0020898820929316,0.0056451811273202,126.10400009155272,125.97120010375976,-0.0113613205800498
2018-05-07,124.56999969482422,124.6999969482422,124.3000030517578,124.5,3397500,0.0002408476525902,0.005567126128377,125.99150009155274,125.93980010986328,-0.0108766284672845
2018-05-08,124.58999633789062,124.9499969482422,123.79000091552734,124.13999938964844,5551100,0.0001605124693187,0.0055208846877806,125.86499977111816,125.90260009765623,-0.0104255492638555
2018-05-09,124.33000183105467,124.87000274658205,124.23999786376952,124.4499969482422,4405600,-0.0020889812252642,0.0051230217589112,125.67599983215332,125.886600189209,-0.012365083780281
2018-05-10,125.18000030517578,125.37000274658205,124.75,125.22000122070312,5218400,0.0068133682422289,0.0048478484535472,125.603999710083,125.8902001953125,-0.0056414231531515
2018-05-11,125.0,125.58999633789062,124.94000244140624,125.56999969482422,4299200,-0.0014389666321499,0.0045515564446297,125.4814998626709,125.89580017089844,-0.0071154094869124
2018-05-14,124.48999786376952,125.20999908447266,124.44000244140624,125.16000366210938,3753200,-0.0040883630684627,0.0045661921572962,125.32449989318847,125.87780014038086,-0.0110249962667256
2018-05-15,122.4800033569336,122.81999969482422,122.12999725341795,122.81999969482422,10911900,-0.016277595476396,0.0056312962166524,125.06100006103516,125.82380020141602,-0.0265752332955271
2018-05-16,122.29000091552734,122.61000061035156,122.02999877929688,122.37999725341795,4943300,-0.0015524980696371,0.0055923220971689,124.78300018310549,125.73900024414064,-0.0274298294237789
2018-05-17,122.36000061035156,122.43000030517578,122.04000091552734,122.2300033569336,7781300,0.0005722435830601,0.0056271463319638,124.521000289917,125.6718002319336,-0.0263527666148645
2018-05-18,122.41000366210938,122.6500015258789,122.01000213623048,122.0500030517578,6837100,0.0004085717333055,0.005496634298453,124.31000061035157,125.61160034179689,-0.0254880653616047
2018-05-21,122.4800033569336,122.52999877929688,121.97000122070312,122.16000366210938,4126700,0.0005716827532715,0.0053096008770179,124.15300064086914,125.550400390625,-0.0244554937629707
2018-05-22,122.41000366210938,122.73999786376952,122.33999633789062,122.6999969482422,4579600,-0.0005716827532715,0.0051161772702044,123.96200065612793,125.48780044555664,-0.0245266613369526
2018-05-23,122.54000091552734,122.73999786376952,122.11000061035156,122.13999938964844,7007300,0.0010614187645907,0.0050073583559069,123.81850051879884,125.42300048828125,-0.0229862111536972
2018-05-24,123.58999633789062,123.81999969482422,123.08000183105467,123.0999984741211,8850100,0.0085320912017681,0.005416717895176,123.7495002746582,125.3808004760742,-0.014282921558834
2018-05-25,123.20999908447266,123.6999969482422,123.20999908447266,123.66000366210938,7920700,-0.003079396764578,0.005322528011416,123.63500022888184,125.34700042724609,-0.0170486835384129
2018-05-29,123.19000244140624,123.63999938964844,122.66000366210938,122.83999633789062,9013200,-0.0001623104138514,0.0051087830577079,123.56500053405762,125.3188005065918,-0.0169870606531506
2018-05-30,123.37000274658205,123.61000061035156,123.16999816894533,123.16999816894533,4573700,0.0014600935542381,0.0048870886595903,123.54800071716308,125.2888005065918,-0.0153149982460626
2018-05-31,123.0999984741211,123.77999877929688,123.0999984741211,123.26000213623048,7862500,-0.0021909715513726,0.0049083126735041,123.5205005645752,125.26460052490236,-0.0172802375268896
2018-06-01,122.48999786376952,123.08999633789062,122.44000244140624,122.58000183105467,8059100,-0.0049676442354116,0.0048507146476566,123.43100051879884,125.18480041503906,-0.0215265954200124
2018-06-04,122.37000274658205,122.93000030517578,122.37000274658205,122.8499984741211,4345400,-0.0009801121170805,0.004805299342853,123.32250061035155,125.11260040283204,-0.0219210347112879
2018-06-05,122.8499984741211,123.2300033569336,122.27999877929688,122.5500030517578,6864200,0.0039148221040478,0.0049192321452439,123.2365005493164,125.01740036010742,-0.0173368017551413
2018-06-06,122.91999816894533,123.3499984741211,122.62999725341795,123.08000183105467,4083700,0.0005696358194504,0.0049238262734978,123.15300064086914,124.9102003479004,-0.0159330637002577
2018-06-07,122.86000061035156,123.1500015258789,122.69000244140624,122.95999908447266,3700700,-0.0004882216623281,0.0049126249530696,123.079500579834,124.81760040283204,-0.0156836839208779
2018-06-08,123.01000213623048,123.12000274658205,122.91000366210938,123.08000183105467,3865700,0.0012201695433653,0.00461914761873,122.97100067138672,124.76320037841796,-0.0140522063947532
2018-06-11,123.2300033569336,123.41999816894533,123.0199966430664,123.0999984741211,3201200,0.0017868849442264,0.0046545792629311,122.8825008392334,124.7120004272461,-0.0118833557735854
2018-06-12,122.81999969482422,123.18000030517578,122.63999938964844,122.9499969482422,7279600,-0.0033326887747225,0.00462873339935,122.79900093078614,124.62320037841796,-0.0144692214460736
2018-06-13,123.19000244140624,123.33999633789062,122.47000122070312,122.83999633789062,5867700,0.0030080323755872,0.0028893258795976,122.83450088500976,124.56100036621092,-0.01100663868124
2018-06-14,123.37999725341795,123.86000061035156,123.31999969482422,123.62999725341795,8015400,0.001541102728231,0.0028682836184779,122.8890007019043,124.49960037231445,-0.0089928250014324
2018-06-15,121.33999633789062,122.1999969482422,120.83000183105467,122.18000030517578,14537000,-0.0166725091867418,0.004781502211396,122.83800048828124,124.41040023803713,-0.0246796400805062
2018-06-18,121.11000061035156,121.44000244140624,120.98999786376952,121.3499984741211,3846000,-0.001897263760984,0.0047883032779384,122.77300033569335,124.30480026245117,-0.0257013377227127
2018-06-19,120.8000030517578,121.02999877929688,120.58000183105467,120.80999755859376,4925800,-0.0025629178089954,0.0048014953064228,122.68900032043456,124.18440032958983,-0.0272529985155119
2018-06-20,120.26000213623048,120.80999755859376,120.16000366210938,120.79000091552734,4548500,-0.0044802273887542,0.0048753747099557,122.58150024414064,124.04720031738282,-0.0305302995268135
2018-06-21,120.0500030517578,120.31999969482422,119.81999969482422,119.91999816894533,5681900,-0.0017477352868707,0.0048567471769476,122.45700035095214,123.88600036621094,-0.0309639289598002
2018-06-22,120.33999633789062,120.4000015258789,120.0999984741211,120.20999908447266,4489400,0.0024126912728642,0.0043935442933244,122.29450035095216,123.7604002380371,-0.0276373047725102
2018-06-25,119.88999938964844,120.2300033569336,119.83000183105467,120.0,9300200,-0.0037463887322167,0.004410003341017,122.12850036621094,123.60920028686525,-0.0300883824875938
2018-06-26,119.26000213623048,119.58999633789062,119.08999633789062,119.27999877929688,8674500,-0.0052686490212924,0.0044838587346494,121.93200035095217,123.44180038452149,-0.0338766790120096
2018-06-27,118.58000183105467,119.0500030517578,118.4800033569336,118.95999908447266,6480100,-0.005718147886605,0.0045114506819292,121.69250030517578,123.25840042114258,-0.0379560222597649
2018-06-28,118.22000122070312,118.66999816894533,118.01000213623048,118.58999633789062,7760500,-0.0030405479988212,0.0045175372315602,121.44850044250488,123.06580047607422,-0.0393756773744236
2018-06-29,118.6500015258789,118.94000244140624,118.26000213623048,118.43000030517578,8002800,0.0036306900201949,0.0046302357583542,121.25650062561036,122.88680053710938,-0.0344772505485733
2018-07-02,117.45999908447266,118.20999908447266,117.4000015258789,118.18000030517578,12021900,-0.0100801534421109,0.0049992948358517,121.01100044250488,122.70340057373046,-0.0427323241633155
2018-07-03,118.6500015258789,119.08000183105467,118.37999725341795,118.41000366210938,8901000,0.0100801534421108,0.0055464404548834,120.80100059509276,122.5640005493164,-0.0319343282358233
2018-07-05,119.0500030517578,119.33000183105467,118.7699966430664,118.91999816894533,4951900,0.0033656028250155,0.0056421115621728,120.60750083923338,122.42040054321288,-0.0275313385391627
2018-07-06,118.86000061035156,119.02999877929688,118.7300033569336,118.97000122070312,2946900,-0.0015972634935637,0.0056360614643061,120.40750083923338,122.28940048217774,-0.0280433124890981
2018-07-09,119.1500015258789,119.7300033569336,119.13999938964844,119.6500015258789,4074900,0.0024368812775599,0.0056751599066498,120.2145008087158,122.17300048828125,-0.0247435926949531
2018-07-10,118.93000030517578,119.0,118.61000061035156,118.88999938964844,3754800,-0.0018481290459546,0.0056191121212422,119.9995006561279,122.04160049438477,-0.0254962256853731
2018-07-11,117.63999938964844,118.52999877929688,117.62000274658205,118.4499969482422,6974500,-0.010905978807671,0.005973544368935,119.74050064086912,121.90260055541992,-0.0349672701513336
2018-07-12,118.12999725341795,118.26000213623048,117.94000244140624,118.0,4585300,0.0041565812124294,0.0060310318074855,119.4875003814697,121.79100051879882,-0.0300597191072076
2018-07-13,117.61000061035156,117.75,117.4499969482422,117.62000274658205,5444300,-0.004411618657356,0.0059887708828719,119.19900054931638,121.67020050048828,-0.0333705366921
2018-07-16,117.5500030517578,117.62999725341795,117.27999877929688,117.51000213623048,3670700,-0.0005102701051306,0.0049634347358113,119.00950088500974,121.5356005859375,-0.0327936630498772
2018-07-17,116.27999877929688,116.93000030517578,116.12000274658205,116.72000122070312,7939600,-0.0108627357547253,0.0053803178416207,118.768000793457,121.3704005432129,-0.0419410477442037
2018-07-18,116.30999755859376,116.3499984741211,115.83000183105467,116.02999877929688,5391800,0.0002579541677247,0.0054026754533975,118.54350051879882,121.20520050048827,-0.0403877302432645
2018-07-19,115.80999755859376,116.47000122070312,115.12000274658205,115.12999725341795,14227600,-0.0043081232452859,0.005398474591417,118.32100028991697,121.02960052490236,-0.0431266644165666
2018-07-20,116.55999755859376,116.70999908447266,116.23999786376952,116.4000015258789,7892000,0.0064552448263087,0.005711980408214,118.1465000152588,120.87420043945312,-0.0356916766785181
2018-07-23,116.0,116.30999755859376,115.76000213623048,116.25,6247100,-0.0048159498350951,0.0056816474064803,117.92950019836424,120.69060043334962,-0.0388646706247845
2018-07-24,116.04000091552734,116.43000030517578,115.91000366210938,116.22000122070312,4801000,0.000344776036595,0.00568291522453,117.7370002746582,120.51140045166017,-0.0371035397429174
2018-07-25,116.68000030517578,116.83999633789062,116.2699966430664,116.79000091552734,5479600,0.0055001804720544,0.005828509967731,117.60800018310547,120.35520050048828,-0.0305362807758156
2018-07-26,115.7699966430664,116.51000213623048,115.7699966430664,116.23999786376952,6382700,-0.0078297123939534,0.0059348440950428,117.46749992370606,120.22100036621094,-0.037023512610826
2018-07-27,115.83000183105467,116.23999786376952,115.7699966430664,115.91999816894533,5242000,0.0005181795313148,0.005930075682148,117.3479999542236,120.09180038452148,-0.035487839634521
2018-07-30,115.6500015258789,116.0199966430664,115.63999938964844,115.8000030517578,4157400,-0.0015552128809898,0.0058284724194266,117.19799995422365,119.95760040283204,-0.0359093451560191
2018-07-31,115.98999786376952,116.3499984741211,115.38999938964844,115.47000122070312,5508500,0.0029355602050311,0.0055122877970568,117.12449989318849,119.82920028686524,-0.0320389555626245
2018-08-01,115.13999938964844,115.6999969482422,115.12999725341795,115.62999725341795,7941700,-0.0073551881297049,0.005092062451933,116.94899978637696,119.68240020751954,-0.0379537911171145
2018-08-02,114.5199966430664,115.2300033569336,114.41999816894533,115.16999816894533,6204200,-0.0053993230298752,0.0050279048716285,116.72249946594238,119.52460006713868,-0.0418709070874206
2018-08-03,114.91999816894533,115.52999877929688,114.86000061035156,115.08999633789062,5953200,0.0034867672609534,0.0051725678819195,116.52549934387208,119.37220001220705,-0.0372968064826351
2018-08-06,114.33000183105467,114.72000122070312,114.30999755859376,114.55999755859376,5811600,-0.0051471986083892,0.005132287061676,116.28449935913086,119.18700012207032,-0.0407510742450195
2018-08-07,114.58999633789062,114.94000244140624,114.41999816894533,114.8499984741211,5188000,0.0022714889105877,0.0052232989622752,116.0674991607666,119.01460006713867,-0.0371769827126422
2018-08-08,114.91000366210938,114.9499969482422,114.41000366210938,114.75,3808000,0.002788736658924,0.004859841527148,115.93099937438964,118.84900009155274,-0.0331428655387007
2018-08-09,114.73999786376952,115.12000274658205,114.69000244140624,115.0199966430664,4253000,-0.0014805645831977,0.0046950882839237,115.76149940490724,118.67639999389648,-0.0331692074441878
2018-08-10,114.69000244140624,115.2300033569336,114.61000061035156,114.80999755859376,6757900,-0.0004358228922819,0.004647278597364,115.61549949645996,118.5082000732422,-0.0322188475521202
2018-08-13,112.95999908447266,113.80999755859376,112.83000183105467,113.80999755859376,9150900,-0.0151990920233816,0.0055884337158305,115.3859992980957,118.31760009765624,-0.0452815220116159
2018-08-14,113.06999969482422,113.4800033569336,112.83999633789062,113.25,7085900,0.000973327608104,0.0052136866310644,115.22549934387207,118.1316000366211,-0.0428471326912339
2018-08-15,111.19000244140624,112.18000030517578,111.05999755859376,112.16999816894533,12398400,-0.0167666215759308,0.0062212316331529,114.9694995880127,117.8984001159668,-0.0568998194035039
2018-08-16,111.0999984741211,111.87999725341795,111.0999984741211,111.45999908447266,7484600,-0.0008097887609235,0.006209515813599,114.73399963378908,117.66200012207032,-0.0557699311684432
2018-08-17,112.12999725341795,112.1500015258789,111.37999725341795,111.69000244140624,8471000,0.0092282050668656,0.0064368272412919,114.51249961853028,117.44740005493163,-0.0452747595862204
2018-08-20,112.69000244140624,112.73999786376952,112.16000366210938,112.37999725341795,5313400,0.0049818196508907,0.0065775181645723,114.34699974060058,117.24100006103517,-0.0388174582036974
2018-08-21,113.0199966430664,113.0999984741211,112.44000244140624,112.7699966430664,5042400,0.0029240568705197,0.0066395015954132,114.19599952697754,117.0367999267578,-0.0343208570826025
2018-08-22,113.2699966430664,113.48999786376952,113.06999969482422,113.38999938964844,6215600,0.0022095550764809,0.0065009632446603,114.02549934387208,116.84579986572264,-0.0306027536014602
2018-08-23,112.1999969482422,112.87999725341795,112.05999755859376,112.68000030517578,5500100,-0.0094913536867297,0.0065962617780256,113.84699935913086,116.62599975585935,-0.0379503954253974
2018-08-24,114.16000366210938,114.41999816894533,113.20999908447266,113.25,9214700,0.0173180393579959,0.0078299635057598,113.7634994506836,116.4415998840332,-0.0195943393443247
2018-08-27,114.58999633789062,114.77999877929688,114.12000274658205,114.12000274658205,4364000,0.0037595032326643,0.0078902987178684,113.7104991912842,116.3065998840332,-0.014759296100601
2018-08-28,113.68000030517578,114.87000274658205,113.5500030517578,114.76000213623048,6101400,-0.0079730220066272,0.0080191765720759,113.59499931335448,116.15799987792968,-0.0213330082762963
2018-08-29,114.1999969482422,114.20999908447266,113.8499984741211,114.16000366210938,5616300,0.0045637840256254,0.007965186334733,113.54799919128418,116.02599975585936,-0.0157378760920778
2018-08-30,113.63999938964844,113.93000030517578,113.23999786376952,113.91999816894533,5431600,-0.0049157188839212,0.00794996199122,113.50399932861328,115.89359970092774,-0.019445425089003
2018-08-31,113.51000213623048,114.05999755859376,113.44000244140624,113.72000122070312,5048700,-0.0011445940280616,0.0078985125391837,113.43349952697754,115.7627996826172,-0.0194604618458012
2018-09-04,112.93000030517578,113.06999969482422,112.61000061035156,112.75,6617500,-0.0051227971490801,0.0078977778283163,113.3634994506836,115.6145997619629,-0.0232202460789069
2018-09-05,113.31999969482422,113.44000244140624,113.12000274658205,113.36000061035156,4459200,0.0034475118313478,0.0079247396889624,113.29999961853028,115.4831997680664,-0.0187317296159676
2018-09-06,113.54000091552734,114.26000213623048,113.27999877929688,113.88999938964844,4784700,0.001939533536787,0.0079081262054271,113.23149948120115,115.36879974365236,-0.0158517626272316
2018-09-07,113.2300033569336,113.5999984741211,112.97000122070312,113.26000213623048,3714000,-0.0027340278330774,0.0079204319758166,113.15599975585936,115.26179977416992,-0.0176276652040587
2018-09-10,113.1500015258789,113.43000030517578,113.0,113.26000213623048,2316500,-0.0007067924079827,0.0079202557997698,113.078999710083,115.16039978027344,-0.0174573747419284
2018-09-11,113.22000122070312,113.37000274658205,112.41999816894533,112.6500015258789,3791300,0.000618453825207,0.0071455611577693,113.09199981689451,115.05179977416992,-0.0159215115023176
2018-09-12,114.16999816894533,114.38999938964844,113.05999755859376,113.12000274658205,6315900,0.0083557102600633,0.0073790960983627,113.1469997406006,114.98599975585938,-0.0070965299136121
2018-09-13,113.76000213623048,114.77999877929688,113.58000183105467,114.72000122070312,5635900,-0.0035975648169408,0.0062617142062202,113.2754997253418,114.8881997680664,-0.0098199609195156
2018-09-14,113.0199966430664,113.9000015258789,112.91000366210938,113.79000091552734,5375600,-0.006526220333751,0.0064821068911076,113.37149963378906,114.76759963989258,-0.0152273202742729
2018-09-17,113.61000061035156,114.02999877929688,113.5500030517578,113.5999984741211,4727300,0.0052067714545763,0.0062675813608298,113.44549980163576,114.66259963989258,-0.0091799682969581
2018-09-18,113.44000244140624,113.91000366210938,113.27999877929688,113.79000091552734,4737800,-0.001497451648772,0.0061992774329578,113.48299980163574,114.54839965820312,-0.0096762348501087
2018-09-19,113.87999725341795,114.1500015258789,113.68000030517578,113.94000244140624,4223200,0.0038711539862427,0.0062236915889327,113.52599983215332,114.44739959716796,-0.0049577565392237
2018-09-20,114.2699966430664,114.37000274658205,113.86000061035156,114.20999908447266,4384200,0.0034188014897897,0.0062482363531035,113.57599983215331,114.37999954223632,-0.0009617319427362
2018-09-21,113.48999786376952,113.68000030517578,112.79000091552734,112.87000274658205,6831400,-0.0068493312914386,0.0060520764571212,113.64049987792968,114.28719955444336,-0.0069754241400768
2018-09-24,113.47000122070312,113.95999908447266,113.43000030517578,113.68000030517578,4435300,-0.0001762129291399,0.0045925457850322,113.60599975585936,114.2043995666504,-0.0064305608954992
2018-09-25,113.6500015258789,113.88999938964844,113.56999969482422,113.75,3004800,0.0015850681638403,0.0045164143540515,113.5590000152588,114.1263995361328,-0.0041743015830712
2018-09-26,113.0500030517578,113.5999984741211,112.66000366210938,113.11000061035156,8297300,-0.0052933380059352,0.004315580869907,113.52750015258788,114.06179962158204,-0.0088705997378703
2018-09-27,112.0500030517578,112.41999816894533,111.8499984741211,112.0999984741211,7683400,-0.0088849982361257,0.0045621917024639,113.42000045776368,113.97659973144532,-0.0169034405678623
2018-09-28,112.76000213623048,113.0,112.06999969482422,112.16000366210938,6020600,0.0063164577082288,0.0047363735233582,113.37600059509278,113.91559982299805,-0.01014433219474
2018-10-01,112.56999969482422,112.62000274658205,112.1500015258789,112.4000015258789,3892600,-0.0016864375351173,0.0047424706161141,113.32900047302246,113.83579986572266,-0.0111195263036017
2018-10-02,113.87000274658205,114.33000183105467,113.61000061035156,113.6999969482422,10776700,0.0114822232871181,0.005296224288087,113.37600059509278,113.7931999206543,0.0006749333526194
2018-10-03,113.41999816894533,114.0500030517578,113.26000213623048,113.87000274658205,6674500,-0.0039597445009814,0.0053318349444617,113.38100051879884,113.74079986572264,-0.002820462816826
2018-10-04,113.4800033569336,114.19000244140624,113.26000213623048,113.83000183105467,6616200,0.0005289130805077,0.0053147446549221,113.37800064086916,113.6767999267578,-0.0017311937875715
2018-10-05,113.8000030517578,114.0999984741211,113.56999969482422,113.80999755859376,7994400,0.0028159089867124,0.005310820139041,113.40650062561036,113.63740005493165,0.0014308933216313
2018-10-08,112.54000091552734,112.58999633789062,111.9000015258789,112.25,12111600,-0.0111338263688213,0.00589001645422,113.37600059509278,113.57160003662108,-0.0090832489879609
2018-10-09,112.5999984741211,112.66999816894533,111.97000122070312,112.37000274658205,8352300,0.0005329800140063,0.0058893686365034,113.34500045776367,113.51059997558592,-0.0080221715122701
2018-10-10,112.87999725341795,112.95999908447266,112.25,112.47000122070312,10571300,0.0024835810584159,0.0055744261678725,113.2805004119873,113.4483999633789,-0.0050102311724487
2018-10-11,115.77999877929688,116.04000091552734,114.08999633789062,114.1999969482422,26810900,0.0253665448948765,0.0079864890817991,113.38150024414062,113.46119995117188,0.0204369320007446
2018-10-12,115.2300033569336,115.70999908447266,115.08000183105467,115.58000183105467,12939300,-0.004761667949175,0.0079097429453903,113.49200057983398,113.47540008544922,0.0154624109733309
2018-10-15,116.0,116.52999877929688,115.88999938964844,116.12000274658205,11828400,0.00666003094798,0.0079572617822786,113.6115005493164,113.49700012207032,0.0220534452473423
2018-10-16,115.8000030517578,116.5999984741211,115.8000030517578,116.48999786376952,9531800,-0.0017255996137758,0.0079612548262298,113.72950057983398,113.52640014648438,0.0200270853505419
2018-10-17,115.79000091552734,116.33000183105467,115.68000030517578,115.88999938964844,7078600,-8.637796161603928e-05,0.0079360512312912,113.82500076293944,113.55040023803711,0.0197234062829838
2018-10-18,115.91999816894533,116.41000366210938,115.62999725341795,115.83000183105467,7964100,0.0011220686856061,0.0079132284621325,113.9075008392334,113.57060012817382,0.0206866745277388
2018-10-19,116.01000213623048,116.23999786376952,115.95999908447266,116.2300033569336,7453900,0.0007761304849288,0.0077106014453724,114.03350105285644,113.59600021362304,0.021250765150778
2018-10-22,115.70999908447266,115.77999877929688,115.43000030517578,115.56999969482422,5200500,-0.0025893597255195,0.0077503696647763,114.14550094604492,113.61640014648438,0.0184269078697179
2018-10-23,116.38999938964844,117.25,116.33000183105467,117.16000366210938,12704200,0.0058595627338759,0.0078265701897865,114.2825008392334,113.68500015258788,0.0237938095037155
2018-10-24,116.66000366210938,116.72000122070312,116.11000061035156,116.37999725341795,8563300,0.0023171370069294,0.007678308728794,114.46300086975096,113.7568002319336,0.0255211418065255
2018-10-25,116.4000015258789,116.7300033569336,116.19000244140624,116.58000183105467,8303500,-0.0022312043105311,0.007337998734052,114.68050079345704,113.86100021362304,0.0222991305845922
2018-10-26,116.7699966430664,117.6500015258789,116.45999908447266,116.83000183105467,15733100,0.0031736109331066,0.0072718955700556,114.88100051879884,113.97440017700195,0.0245282840859254
2018-10-29,116.30999755859376,116.54000091552734,115.83999633789062,116.41000366210938,8732500,-0.0039471399789322,0.0073452779243793,115.0680004119873,114.05800018310546,0.0197443175566203
2018-10-30,115.8000030517578,116.04000091552734,115.63999938964844,115.8499984741211,7233300,-0.0043944278678482,0.0070780092138486,115.1645004272461,114.1202001953125,0.0147195926187508
2018-10-31,115.1500015258789,115.16999816894533,114.66000366210938,114.88999938964844,11409300,-0.0056289519746666,0.007147092682597,115.25100059509278,114.16280029296875,0.008647310948722
2018-11-01,116.62999725341795,117.06999969482422,116.18000030517578,116.33000183105467,13662900,0.0127708676355029,0.0076341615077989,115.408500289917,114.23000030517578,0.0210102157211797
2018-11-02,116.6500015258789,116.9800033569336,116.38999938964844,116.61000061035156,8796900,0.0001715043948444,0.0076306817931523,115.55100021362304,114.31900039672853,0.0203903211282549
2018-11-05,116.37000274658205,116.66999816894533,116.2300033569336,116.27999877929688,6291500,-0.0024032178261357,0.0071182693545677,115.74250030517578,114.36320037841796,0.0175476233746846
2018-11-06,116.04000091552734,116.52999877929688,115.73999786376952,116.44000244140624,7270800,-0.0028398265791741,0.0071863343567606,115.9145004272461,114.3922004699707,0.0144048321370407
2018-11-07,116.02999877929688,116.3499984741211,115.9000015258789,116.26000213623048,8392100,-8.61993040877103e-05,0.0071908823969476,116.07200050354004,114.43920043945312,0.0139008166234558
2018-11-08,115.77999877929688,116.1500015258789,115.5,115.7699966430664,7638800,-0.0021569397313122,0.0044811588179787,116.07200050354004,114.47080047607422,0.0114369629440679
2018-11-09,114.4800033569336,114.75,114.13999938964844,114.5999984741211,14159200,-0.0112916635360454,0.0050483506651174,116.03450050354004,114.48760055541992,-6.635826455848762e-05
2018-11-12,113.66000366210938,114.0500030517578,113.58000183105467,114.01000213623048,7498600,-0.0071885964826786,0.0049890331296084,115.91750068664552,114.4906005859375,-0.007254717152127
2018-11-13,113.6999969482422,113.93000030517578,113.41999816894533,113.72000122070312,9309000,0.0003518058272163,0.0049951678686117,115.81250038146972,114.50600051879884,-0.0070389636080626
2018-11-14,114.63999938964844,115.05999755859376,113.45999908447266,113.52999877929688,13950200,0.0082334042797928,0.0053979971881907,115.75500030517578,114.53240051269532,0.0009394623396651
2018-11-15,114.7699966430664,114.98999786376952,114.55999755859376,114.83000183105467,8910600,0.0011333182475063,0.0053981755870086,115.69750022888184,114.5570004272461,0.0018593033601258
2018-11-16,115.62000274658205,115.87999725341795,115.37000274658205,115.83000183105467,8577000,0.0073788789662288,0.0056750349801186,115.6780002593994,114.60480041503908,0.0088582880286553
2018-11-19,115.66999816894533,115.91999816894533,115.37000274658205,115.4499969482422,8508300,0.0004323180677422,0.0056473446849573,115.67600021362304,114.6552003479004,0.0088508660572369
2018-11-20,115.66999816894533,115.9499969482422,115.37000274658205,115.94000244140624,9075100,0.0,0.0054758019776603,115.64000015258787,114.70420028686524,0.0084198998786855
2018-11-21,115.86000061035156,116.3499984741211,115.86000061035156,115.94000244140624,8834200,0.001641277459165,0.0054607989319441,115.6,114.73800033569336,0.0097788027626028
2018-11-23,115.7699966430664,115.87999725341795,115.58999633789062,115.76000213623048,3726600,-0.0007771357154266,0.0054440053802837,115.56849975585938,114.77820022583008,0.0086409824799912
2018-11-26,115.63999938964844,115.87000274658205,115.52999877929688,115.83999633789062,4018600,-0.0011235233509469,0.0053853691845791,115.51199989318847,114.83060028076171,0.0070486360509109
2018-11-27,114.9499969482422,115.62999725341795,114.5999984741211,115.5500030517578,9671100,-0.0059846872094907,0.0054728490104206,115.44399986267088,114.85740020751952,0.0008061887223232
2018-11-28,115.37999725341795,116.06999969482422,114.58999633789062,114.76000213623048,13788800,0.0037337803634568,0.0054771122445088,115.42299957275392,114.89620010375975,0.0042107323760166
2018-11-29,115.73999786376952,116.23999786376952,115.55999755859376,115.97000122070312,6479300,0.0031152726644632,0.0053673008608489,115.45249938964844,114.9334001159668,0.0070179577650089
2018-11-30,115.54000091552734,115.66000366210938,115.04000091552734,115.41999816894533,8169600,-0.0017294794115241,0.0044964552731436,115.3979995727539,114.958800201416,0.0050557305146976
2018-12-03,116.41000366210938,116.7699966430664,116.3000030517578,116.5999984741211,8469500,0.0075016754418484,0.0048372788019998,115.38599967956544,115.01720031738282,0.0121095222356587
2018-12-04,117.12000274658205,117.38999938964844,116.93000030517578,117.37000274658205,7186100,0.0060805999451419,0.0049943800726691,115.42349967956542,115.0902003479004,0.0176366223409627
2018-12-06,117.13999938964844,117.69000244140624,116.91999816894533,117.37999725341795,9267600,0.0001707217871818,0.0049391567264609,115.47849960327147,115.1600003051758,0.017193461959236
2018-12-07,118.08999633789062,118.2300033569336,117.54000091552734,117.62000274658205,10402900,0.0080772191508263,0.0052199517939711,115.58149948120118,115.26080017089843,0.0245460396144856
2018-12-10,117.68000030517578,117.94000244140624,117.41999816894533,117.6999969482422,8117900,-0.003477935715567,0.0052685319814129,115.67649955749512,115.3734001159668,0.0199924782219343
2018-12-11,117.54000091552734,117.88999938964844,117.3499984741211,117.66999816894533,6395400,-0.0011903699128753,0.0044707384005084,115.8294994354248,115.46900009155272,0.0179355569229192
2018-12-12,117.79000091552734,117.9499969482422,117.61000061035156,117.6999969482422,4136800,0.002124676769657,0.003998005785253,116.0359992980957,115.5734001159668,0.0191791605796524
2018-12-13,117.52999877929688,117.62000274658205,117.26000213623048,117.54000091552734,4131800,-0.0022097759847801,0.0040863763609761,116.22749938964844,115.6466000366211,0.0162858116198779
2018-12-14,117.05999755859376,117.3000030517578,116.58000183105467,116.62999725341795,7501700,-0.0040070067514017,0.0039643112356912,116.3484992980957,115.71940002441406,0.0115848987628424
2018-12-17,117.87000274658205,118.02999877929688,117.3499984741211,117.37000274658205,8454900,0.0068957425332182,0.0041749155848091,116.50349960327152,115.80720001220703,0.017812387607658
2018-12-18,118.1500015258789,118.1999969482422,117.80999755859376,117.8499984741211,7542900,0.0023726710074084,0.0039366012579989,116.62999954223636,115.89419998168944,0.0194643178394247
2018-12-19,117.43000030517578,118.95999908447266,117.4000015258789,118.23999786376952,13827500,-0.0061126025718981,0.0042528141391909,116.71799964904788,115.99199996948242,0.0123974096150743
2018-12-20,119.23999786376952,119.73999786376952,118.68000030517578,119.11000061035156,18615100,0.0152958369187071,0.0053449838855334,116.89649963378906,116.1247999572754,0.0268262929851356
2018-12-21,118.72000122070312,119.25,118.56999969482422,119.19000244140624,13629800,-0.0043704611932126,0.0055044582296619,117.03949966430665,116.2416000366211,0.0213211206943231
2018-12-24,120.0199966430664,120.13999938964844,119.56999969482422,119.56999969482422,9736400,0.0108905778903081,0.0058867565128457,117.25199966430664,116.32639999389647,0.0317520068476607
2018-12-26,119.66000366210938,121.0,119.56999969482422,120.62000274658205,14293500,-0.0030039490254058,0.0059506224068414,117.45299987792968,116.415,0.027874446266455
2018-12-27,120.56999969482422,120.9000015258789,120.13999938964844,120.56999969482422,11874400,0.0075760760319352,0.005798518133481,117.7340000152588,116.50639999389648,0.0348787680431343
2018-12-28,121.05999755859376,121.08000183105467,120.72000122070312,120.8000030517578,6864700,0.0040557756985194,0.0058029006629693,118.0180000305176,116.6115998840332,0.0381471284073314
2018-12-31,121.25,121.26000213623048,120.83000183105467,120.9800033569336,8449400,0.0015682595209626,0.005803213857077,118.29350013732912,116.72079986572264,0.0388037105596243
2019-01-02,121.33000183105467,121.75,120.87999725341795,121.3499984741211,12776200,0.0006595913377135,0.0057395945144607,118.58300018310548,116.82899993896484,0.0385264094911477
2019-01-03,122.43000030517578,122.45999908447266,121.7300033569336,121.77999877929688,15440800,0.0090253194231732,0.0058197980122024,118.8840000152588,116.95739990234377,0.0467913993248952
2019-01-04,121.44000244140624,121.5999984741211,120.69000244140624,121.31999969482422,13334000,-0.0081191068273533,0.0062153961637422,119.1,117.07199996948242,0.0373103942280172
2019-01-07,121.86000061035156,122.22000122070312,121.56999969482422,122.16000366210938,7473600,0.0034525160778516,0.0062131311716582,119.33600006103516,117.18139999389648,0.0399261368843413
2019-01-08,121.52999877929688,121.70999908447266,121.05999755859376,121.1500015258789,7643100,-0.0027117139907279,0.0061231589330383,119.50800018310548,117.27879989624024,0.0362486560812167
2019-01-09,122.30999755859376,122.33999633789062,121.44000244140624,121.4499969482422,10555900,0.0063976497002154,0.0061042223559846,119.73950004577635,117.39699981689454,0.0418494318369471
2019-01-10,121.58999633789062,122.18000030517578,121.56999969482422,121.9800033569336,6672000,-0.0059040863486465,0.0063182670561152,119.94199981689454,117.49339981079102,0.0348666098155018
2019-01-11,121.8000030517578,122.0500030517578,121.66000366210938,121.73999786376952,8622400,0.0017256811414605,0.0063174648254953,120.14249992370604,117.60319992065428,0.0356861304278714
2019-01-14,122.08999633789062,122.23999786376952,121.87000274658205,122.1500015258789,6477100,0.0023780673543221,0.006251980036067,120.37049980163576,117.72899978637696,0.0370426705351003
2019-01-15,121.87999725341795,122.37999725341795,121.62000274658205,122.27999877929688,7512500,-0.0017215161032264,0.0061584537155219,120.61149978637695,117.86359970092774,0.0340766577864718
2019-01-16,122.2699966430664,122.44000244140624,122.0199966430664,122.04000091552734,6878100,0.0031947551186356,0.0060589578171624,120.83149948120116,117.9763996887207,0.0363936937020819
2019-01-17,122.11000061035156,122.26000213623048,121.80999755859376,122.02999877929688,8558500,-0.0013094038577051,0.006097497655646,121.02949943542478,118.08559967041016,0.0340803700974034
2019-01-18,121.0199966430664,121.5199966430664,121.0199966430664,121.2300033569336,10896000,-0.0089664893877983,0.0063180832722096,121.20899925231932,118.17859954833985,0.0240432456094922
2019-01-22,121.4499969482422,121.5,120.9000015258789,121.18000030517578,7896500,0.0035468368649853,0.0054557600307982,121.31949920654296,118.28679946899416,0.0267417623390613
2019-01-23,121.27999877929688,121.54000091552734,120.86000061035156,120.95999908447266,5224900,-0.0014007184915952,0.0053435026815557,121.44749908447264,118.39179946899414,0.0243952649022716
2019-01-24,121.08999633789062,121.36000061035156,120.91999816894533,121.16000366210938,5662500,-0.0015678713054947,0.0048405050342315,121.50099906921386,118.497999420166,0.0218737609951878
2019-01-25,122.86000061035156,122.91000366210938,122.0199966430664,122.0199966430664,11103300,0.0145114601802412,0.005693266915437,121.66099891662596,118.66559936523436,0.0353463958177759
2019-01-28,123.29000091552734,123.29000091552734,122.72000122070312,122.75,8522200,0.0034938106026215,0.0055279317317959,121.79699897766112,118.85819931030274,0.0372864609336249
2019-01-29,123.9800033569336,124.0,123.45999908447266,123.70999908447266,11610200,0.0055809780439202,0.0055808964415754,121.9429992675781,119.06379943847656,0.0412905009049149
2019-01-30,124.69000244140624,125.06999969482422,123.6999969482422,123.91000366210938,12104000,0.0057103872381171,0.0056717237936135,122.11499938964842,119.26479949951172,0.0454887189234466
2019-01-31,124.75,125.2300033569336,124.62000274658205,125.18000030517578,10209500,0.0004810580433256,0.0056730888031307,122.2859992980957,119.4643995666504,0.0442441468129651
2019-02-01,124.5,125.0500030517578,124.37000274658205,124.88999938964844,12485500,-0.0020060187268657,0.0054223828592393,122.38949928283692,119.64199951171877,0.0406044742490735
2019-02-04,123.95999908447266,124.29000091552734,123.81999969482422,123.98999786376952,6878900,-0.0043467903708823,0.0051533376216961,122.51549911499023,119.8077995300293,0.034657172327104
2019-02-05,124.27999877929688,124.41999816894533,124.0500030517578,124.29000091552734,6291100,0.0025781491687657,0.005135354601173,122.6364990234375,119.97999954223631,0.0358393003289421
2019-02-06,123.44000244140624,124.19000244140624,123.4000015258789,124.16000366210938,6595100,-0.0067818468696602,0.0053649978007996,122.73199920654297,120.13159957885742,0.0275398219464904
2019-02-07,123.73999786376952,123.9499969482422,123.44000244140624,123.8000030517578,5935500,0.0024273450059934,0.0052176122409292,122.80349922180176,120.29099960327147,0.0286721223688644
2019-02-08,124.20999908447266,124.33000183105467,123.9800033569336,124.0500030517578,4235200,0.0037911013463212,0.0050303864718145,122.93449935913084,120.46239959716796,0.0311101181765997
2019-02-11,123.5999984741211,123.81999969482422,123.19000244140624,123.19000244140624,4821800,-0.0049231415070083,0.0052012882321553,123.02449913024904,120.63539962768554,0.0245748665448543
2019-02-12,123.86000061035156,124.02999877929688,123.61000061035156,123.95999908447266,4271900,0.0021013677593768,0.0051970498853806,123.11299934387208,120.80499969482422,0.0252886960245423
2019-02-13,123.37000274658205,124.5500030517578,123.30999755859376,123.83999633789062,7640500,-0.00396390809133,0.0052760747600357,123.18749961853028,120.95759979248048,0.0199442032434538
2019-02-14,124.05999755859376,124.1999969482422,123.52999877929688,123.83999633789062,6276500,0.0055773075193951,0.0053637347053467,123.27699966430664,121.1279997253418,0.0242057809911852
2019-02-15,124.8000030517578,125.0,124.18000030517578,124.58999633789062,12190100,0.0059471805227809,0.0054632669406615,123.41149978637696,121.29579971313476,0.0288897335844315
2019-02-19,126.6999969482422,126.79000091552734,125.93000030517578,125.9800033569336,15614000,0.0151095828520925,0.0057745124647673,123.69549980163576,121.48739959716796,0.0429064855150274
2019-02-20,126.4800033569336,127.20999908447266,126.30999755859376,127.0,8889700,-0.0017378437981699,0.0058347299835878,123.9470001220703,121.67419967651368,0.0394973107955241
2019-02-21,125.0500030517578,126.22000122070312,125.0500030517578,126.1500015258789,8634600,-0.0113705377145085,0.0065278906371293,124.13550033569337,121.813399810791,0.0265701741023081
2019-02-22,125.5,125.9499969482422,125.38999938964844,125.52999877929688,5439400,0.0035920768439101,0.0065008978937277,124.35600051879882,121.9697998046875,0.0289432318571111
2019-02-25,125.37000274658205,125.9000015258789,125.2300033569336,125.77999877929688,4882600,-0.0010363715360958,0.0057901636017021,124.48150062561037,122.1263998413086,0.0265593918226378
2019-02-26,125.58000183105467,125.62000274658205,125.0500030517578,125.33000183105467,5153200,0.0016736332310031,0.0057633309336453,124.59600067138672,122.28219985961914,0.0269687818441394
2019-02-27,124.69000244140624,125.2300033569336,124.4000015258789,125.16999816894533,7935600,-0.0071123436784434,0.0059198426423422,124.63150062561036,122.42539993286132,0.0184978158926728
2019-02-28,123.98999786376952,124.70999908447266,123.9800033569336,124.70999908447266,7811700,-0.0056297766256065,0.0059159809019588,124.59650039672852,122.56399993896484,0.0116347208439248
2019-03-01,121.87999725341795,123.95999908447266,121.87000274658205,123.4800033569336,16411700,-0.0171639683803211,0.0070106950655024,124.45300025939942,122.64419982910157,-0.0062310535414515
2019-03-04,121.55999755859376,121.8499984741211,121.18000030517578,121.55999755859376,10272600,-0.0026289836177431,0.0070160161198302,124.30600013732912,122.71239974975586,-0.0093910818589821
2019-03-05,121.72000122070312,121.7300033569336,121.02999877929688,121.37999725341795,7120100,0.0013153870929188,0.0069963492208491,124.19400024414062,122.7981997680664,-0.0087802471811453
2019-03-06,121.61000061035156,121.63999938964844,121.26000213623048,121.43000030517578,4820400,-0.0009041270457165,0.0069480905740576,124.06050033569336,122.84559982299804,-0.0100581479062074
2019-03-07,121.51000213623048,121.70999908447266,121.18000030517578,121.2699966430664,6088800,-0.0008226265106167,0.0068175203752144,123.96400032043456,122.9013998413086,-0.0113212518887066
2019-03-08,122.83999633789062,122.88999938964844,122.37000274658205,122.6999969482422,10427700,0.0108860842593772,0.0072745419046577,123.91900024414062,122.95779983520508,-0.000958080719339
2019-03-11,122.23999786376952,122.54000091552734,121.91999816894533,122.5199966430664,6708700,-0.0048963578180916,0.0072726841030526,123.82050018310548,123.00939971923827,-0.0062548216414751
2019-03-12,122.9800033569336,123.02999877929688,122.4000015258789,122.54000091552734,6289900,0.006035459879402,0.0073579587094196,123.7895004272461,123.05759979248047,-0.0006305700393777
2019-03-13,123.83999633789062,123.87999725341795,123.43000030517578,123.55999755859376,7377300,0.0069686124482152,0.0075186102557343,123.78850021362304,123.1131997680664,0.0059034820896007
2019-03-14,122.41000366210938,122.5500030517578,122.12000274658205,122.33000183105467,6778200,-0.0116142842659491,0.0079146418386364,123.7405002593994,123.1363998413086,-0.0058991182147224
2019-03-15,122.97000122070312,123.4000015258789,122.91000366210938,123.05999755859376,9412000,0.0045643371070219,0.0078775956118933,123.68600044250488,123.16919982910156,-0.0016172761426949
2019-03-18,123.04000091552734,123.4000015258789,122.88999938964844,123.3000030517578,7783200,0.0005690800870331,0.0077386124679467,123.59800033569336,123.1813998413086,-0.0011478918567527
2019-03-19,123.37999725341795,123.79000091552734,123.33999633789062,123.72000122070312,6558700,0.0027594883221055,0.006851755737351,123.43200035095217,123.22019973754882,0.0012968451293658
2019-03-20,124.18000030517578,124.41999816894533,122.6500015258789,123.66000366210938,11304900,0.0064631268739431,0.0070679029010994,123.31700019836424,123.26659973144533,0.0074099600031188
2019-03-21,123.68000030517578,124.37000274658205,123.11000061035156,124.36000061035156,7739800,-0.0040345410876999,0.0066763936700661,123.24850006103516,123.30959976196289,0.0030038256869531
2019-03-22,123.97000122070312,124.22000122070312,123.7300033569336,123.93000030517578,5874000,0.0023420233902432,0.0066413270370762,123.17200012207032,123.34279983520508,0.0050850263358382
2019-03-25,124.91999816894533,125.11000061035156,124.4800033569336,124.55999755859376,7288300,0.0076339070602416,0.0068905585591686,123.14949989318848,123.40939987182615,0.0122405448749291
2019-03-26,124.3000030517578,124.51000213623048,124.06999969482422,124.4800033569336,5056100,-0.004975494688843,0.0069565159251092,123.08549995422364,123.45939987182618,0.0068087418277127
2019-03-27,123.6500015258789,124.37999725341795,123.55999755859376,124.3499984741211,6595000,-0.0052430167604844,0.0068752544848882,123.03349990844728,123.49059997558594,0.0012907990593979
2019-03-28,121.9000015258789,122.36000061035156,121.70999908447266,122.27999877929688,11878300,-0.0142539573030416,0.0074644847544995,122.92900009155274,123.49100006103517,-0.0128835181055291
2019-03-29,122.01000213623048,122.75,122.01000213623048,122.63999938964844,7093900,0.0009019770912032,0.0064041795202306,122.93550033569336,123.48580017089844,-0.0119511557816811
2019-04-01,121.52999877929688,122.43000030517578,121.45999908447266,122.4000015258789,13560000,-0.0039418902576438,0.0064397512097446,122.93400039672852,123.47420013427734,-0.0157458104840214
2019-04-02,121.9800033569336,122.01000213623048,121.68000030517578,121.72000122070312,4475000,0.0036959885504209,0.0064874088507993,122.94700050354004,123.4934002685547,-0.0122548808950923
2019-04-03,121.8000030517578,122.01000213623048,121.68000030517578,121.7300033569336,6152200,-0.0014767440573914,0.0064933655029468,122.95650062561036,123.500400390625,-0.0137683548675869
2019-04-04,122.11000061035156,122.23999786376952,120.95999908447266,121.0999984741211,7508400,0.0025419025120264,0.006512358315711,122.9865005493164,123.51700042724607,-0.011391143016975
2019-04-05,121.9800033569336,122.12999725341795,121.66000366210938,121.87999725341795,5114500,-0.0010651584546348,0.0060139239880655,122.94350090026856,123.53480056762696,-0.012585904567371
2019-04-08,122.51000213623048,123.0199966430664,122.4000015258789,122.97000122070312,4270800,0.0043355523546012,0.0060009891978487,122.9570011138916,123.52780059814454,-0.0082394283471873
2019-04-09,123.1500015258789,123.3499984741211,123.02999877929688,123.26000213623048,4648400,0.0052104602136844,0.0059608179830485,122.96550102233888,123.52500061035155,-0.003035815281277
2019-04-10,123.52999877929688,123.7699966430664,123.19000244140624,123.22000122070312,6344800,0.0030808947099307,0.0057847683033355,122.9500011444092,123.51600051879883,0.0001133315557437
2019-04-11,121.9499969482422,122.75,121.79000091552734,122.54000091552734,11694500,-0.0128729320296221,0.0059215638557427,122.92700080871582,123.46120040893555,-0.012240310767171
2019-04-12,121.83000183105467,122.30999755859376,121.8000030517578,121.95999908447266,5272800,-0.000984454241361,0.0058162243865704,122.8700008392334,123.40280044555664,-0.0127452424809099
2019-04-15,121.5999984741211,121.81999969482422,121.0999984741211,121.1999969482422,4252400,-0.0018896884121834,0.0058191860726871,122.79800071716308,123.34480041503906,-0.0141457275462519
2019-04-16,120.51000213623048,120.62999725341795,120.19000244140624,120.37999725341795,10097800,-0.0090042022178371,0.0060527870684734,122.65450096130373,123.27580047607422,-0.0224358578825901
2019-04-17,120.27999877929688,120.51000213623048,120.1999969482422,120.45999908447266,4693900,-0.0019104067944001,0.0057799657665781,122.45950088500976,123.19580047607424,-0.0236680283378947
2019-04-18,120.37000274658205,120.54000091552734,120.1500015258789,120.23999786376952,4090400,0.0007480072379889,0.0057726735678688,122.29400100708008,123.13440048217774,-0.0224502472482968
2019-04-22,120.37000274658205,120.5,120.2699966430664,120.45999908447266,2250900,0.0,0.0057171894726406,122.11400108337402,123.067000579834,-0.0219148741786583
2019-04-23,120.12000274658205,120.1999969482422,119.5500030517578,119.66999816894533,5574800,-0.0020790892290242,0.0053001704893525,121.87400131225586,122.98520065307618,-0.0232970950267134
2019-04-24,120.47000122070312,120.72000122070312,120.04000091552734,120.05999755859376,4173000,0.0029095034311526,0.0053569459991433,121.68250122070312,122.9226007080078,-0.0199523885207295
2019-04-25,120.56999969482422,121.0999984741211,120.5,120.72000122070312,4836900,0.0008297251865102,0.0053093852465249,121.52850112915038,122.85680068969728,-0.0186135483101898
2019-04-26,121.37000274658205,121.66999816894533,121.22000122070312,121.26000213623048,6022700,0.0066132591499857,0.0046284376042031,121.50200119018557,122.81680068969726,-0.0117801305276679
2019-04-29,120.83000183105467,120.91000366210938,120.66999816894533,120.87999725341795,4469300,-0.0044591395549057,0.0047146108058562,121.44300117492676,122.75220077514648,-0.0156591811140953
2019-04-30,121.1999969482422,121.36000061035156,120.8499984741211,120.88999938964844,4758600,0.0030574342625032,0.0047043409746815,121.42650108337402,122.68020065307616,-0.0120655468197333
2019-05-01,120.4000015258789,121.5500030517578,120.18000030517578,121.02999877929688,12331800,-0.0066225029075605,0.0048262092469939,121.34750099182128,122.5542007446289,-0.0175775224811655
2019-05-02,119.94000244140624,120.11000061035156,119.54000091552734,119.69000244140624,6759600,-0.0038279074525403,0.0048757400215391,121.2545009613037,122.42340072631836,-0.020285323477199
2019-05-03,120.6500015258789,121.08000183105467,120.4800033569336,120.55999755859376,8414400,0.0059021666225998,0.005050610864226,121.18150100708009,122.3354006958008,-0.0137768721100836
2019-05-06,120.80999755859376,121.12000274658205,120.54000091552734,120.61000061035156,3479600,0.0013252386046359,0.0050673153419963,121.12300071716308,122.24160064697266,-0.0117112593487162
2019-05-07,121.20999908447266,121.41999816894533,120.91000366210938,121.0199966430664,4010700,0.0033055276063591,0.0050207973549756,121.0580005645752,122.15840057373048,-0.0077637025763561
2019-05-08,120.91000366210938,121.54000091552734,120.7699966430664,121.54000091552734,4178800,-0.0024780734551379,0.0048492743969061,120.94600067138671,122.06500061035156,-0.0094621467453156
2019-05-09,121.1999969482422,121.62000274658205,120.86000061035156,120.95999908447266,5015500,0.0023955509816441,0.0048218744339005,120.829500579834,121.99520050048828,-0.0065183183353421
2019-05-10,121.43000030517578,121.7300033569336,121.3000030517578,121.41000366210938,4586000,0.0018959191232163,0.0039527338421031,120.80350074768069,121.9440005493164,-0.0042150515140164
2019-05-13,122.66999816894533,122.8499984741211,122.33000183105467,122.62999725341795,11130900,0.0101598405390797,0.0045748945363258,120.84550056457522,121.95980056762696,0.0058232105826096
2019-05-14,122.45999908447266,122.66000366210938,122.12000274658205,122.5999984741211,5556000,-0.0017133695443153,0.0045705323153726,120.8885005950928,121.97780059814453,0.0039531659364537
2019-05-15,122.38999938964844,122.7699966430664,122.22000122070312,122.70999908447266,10299000,-0.0005717761663673,0.0040174539625624,120.98250045776368,121.99120056152344,0.0032690786408309
2019-05-16,121.51000213623048,122.06999969482422,121.19000244140624,122.02999877929688,6349400,-0.0072160809060901,0.0043642482058406,121.04400062561038,121.98920059204102,-0.0039282039187475
2019-05-17,120.6500015258789,121.05999755859376,120.33000183105467,121.02999877929688,6589300,-0.0071027767830243,0.0046830171300009,121.05800056457522,121.972000579834,-0.0108385453027787
2019-05-20,120.63999938964844,120.73999786376952,120.41999816894533,120.51000213623048,4345800,-8.290551782707826e-05,0.0046831620654542,121.07150039672854,121.92800064086914,-0.0105636215180336
2019-05-21,120.36000061035156,120.36000061035156,119.83000183105467,120.08000183105467,3845600,-0.0023236423674714,0.004689499111504,121.083500289917,121.89040069580078,-0.0125555423291174
2019-05-22,120.23999786376952,120.5,120.19000244140624,120.3499984741211,3741800,-0.0009975291545634,0.0046474842406023,121.07200012207034,121.8356005859375,-0.0130963586545667
2019-05-23,121.16999816894533,121.5199966430664,120.7699966430664,120.81999969482422,6054600,0.0077047754536478,0.0049630675014837,121.1020000457764,121.7822006225586,-0.0050270273527957
2019-05-24,121.3000030517578,121.30999755859376,120.88999938964844,121.12999725341795,2324700,0.001072337976787,0.0047386367195613,121.09850006103515,121.76000061035155,-0.0037779037145854
2019-05-28,120.83000183105467,120.83999633789062,120.45999908447266,120.8000030517578,4303500,-0.0038822269155751,0.0047119293338855,121.09850006103518,121.7172006225586,-0.0072890173859247
2019-05-29,120.87000274658205,121.26000213623048,120.75,121.11000061035156,4133200,0.0003309964016133,0.0046579488600895,121.08200035095214,121.67380065917968,-0.0066061708292417
2019-05-30,121.69000244140624,121.69000244140624,120.8000030517578,120.95999908447266,7757000,0.0067612368164094,0.0046384140417327,121.14650039672853,121.64000076293944,0.0004110627931039
2019-05-31,123.33000183105467,123.4000015258789,122.31999969482422,122.5500030517578,15367000,0.0133868570134736,0.0053319996098021,121.31600036621094,121.62300079345704,0.0140351827077223
2019-06-03,125.11000061035156,125.33999633789062,123.9000015258789,124.08999633789062,14173600,0.0143296507831408,0.0059984087076258,121.53900032043455,121.65160079956054,0.0284287242260729
2019-06-04,125.1500015258789,125.41999816894533,124.61000061035156,124.87999725341795,7997100,0.0003196748623555,0.0060069379246022,121.75600051879884,121.67520080566406,0.0285580027582176
2019-06-05,125.47000122070312,126.37000274658205,125.23999786376952,126.18000030517578,7637900,0.0025536658304685,0.0059991350821188,121.96900062561036,121.68620086669922,0.0310947365194583
2019-06-06,125.87999725341795,126.4499969482422,125.8000030517578,125.93000030517578,5551800,0.0032623544765034,0.005924208310757,122.21750030517578,121.71780075073242,0.0341954625947387
2019-06-07,126.58999633789062,127.25,126.31999969482422,126.79000091552734,8145900,0.0056244383426813,0.0059788936310075,122.4870002746582,121.77660064697264,0.0395264415769979
2019-06-10,125.33000183105467,125.52999877929688,125.06999969482422,125.45999908447266,5410000,-0.0100032154865389,0.0065709143838954,122.68200035095212,121.84520065307618,0.0286002334051761
2019-06-11,125.18000030517578,125.4000015258789,124.87999725341795,124.94000244140624,4757800,-0.001197569298847,0.0062745394740958,122.80750045776364,121.90860061645508,0.0268348555571815
2019-06-12,125.83000183105467,126.1999969482422,125.55999755859376,125.5999984741211,5756200,0.0051791002212387,0.0063061314267548,122.97600059509276,121.99460067749024,0.0314391057658678
2019-06-13,126.5999984741211,126.7699966430664,125.95999908447266,126.02999877929688,5374800,0.0061006935016299,0.0063748272263905,123.18650054931638,122.08700057983398,0.0369654252529204
2019-06-14,126.55999755859376,127.62999725341795,126.26000213623048,127.20999908447266,9226100,-0.0003160129284806,0.006045623029848,123.43900032043454,122.18220046997072,0.0358300723983032
2019-06-17,126.4800033569336,126.7699966430664,126.16999816894533,126.6999969482422,4763300,-0.0006322652864022,0.0056937208432462,123.73050041198728,122.26960052490234,0.0344354018820379
2019-06-18,127.12000274658205,127.75,126.38999938964844,127.58000183105467,10309600,0.0050473243922382,0.0056934568322627,124.05450057983396,122.37240051269532,0.0387963479836632
2019-06-19,127.88999938964844,127.98999786376952,126.6999969482422,126.7699966430664,11660600,0.0060389708380804,0.005618170810634,124.4310005187988,122.48000045776368,0.0441704679267238
2019-06-20,131.11000061035156,131.49000549316406,130.19000244140625,130.41000366210938,18636300,0.0248661554938178,0.007350788976344,124.97450065612792,122.63920043945312,0.0690709018041949
2019-06-21,131.97999572753906,132.1699981689453,131.07000732421875,131.77000427246094,15068000,0.0066136934166681,0.0073284187537231,125.51500053405762,122.80820037841796,0.0746838999420182
2019-06-24,133.94000244140625,134.0399932861328,132.5800018310547,132.77000427246094,17851800,0.0147415931262733,0.0076448095341762,126.14700050354004,123.04800048828125,0.088518317322534
2019-06-25,134.1999969482422,135.5500030517578,133.2100067138672,134.89999389648438,24772200,0.0019392450876947,0.0073973972798604,126.8155002593994,123.295400390625,0.0884428496364762
2019-06-26,132.97000122070312,133.5500030517578,132.41000366210938,132.99000549316406,12016400,-0.0092076537483057,0.0080129341454287,127.42050018310547,123.52280044555664,0.0764814329101159
2019-06-27,132.83999633789062,132.97000122070312,132.25999450683594,132.3800048828125,8412800,-0.00097817910818,0.0080981574023271,127.97799987792968,123.76940032958984,0.0732862564102789
2019-06-28,133.1999969482422,133.33999633789062,132.61000061035156,133.0500030517578,8077000,0.0027063662544696,0.007820586967509,128.47149963378905,124.02780029296876,0.0739527479614053
2019-07-01,130.6199951171875,131.75999450683594,130.5500030517578,131.55999755859375,13317700,-0.0195594281024971,0.0090110581987337,128.74699935913085,124.23280014038086,0.0514131128783157
2019-07-02,133.41000366210938,133.6300048828125,131.16000366210938,131.27000427246094,13282100,0.0211348135480542,0.0099419044375372,129.15999946594238,124.4936001586914,0.0716213804729903
2019-07-03,133.6300048828125,134.10000610351562,133.22999572753906,133.61000061035156,6351500,0.0016477026920105,0.0099470462968265,129.56799964904786,124.76380020141602,0.0710639197193662
2019-07-05,132.13999938964844,132.32000732421875,130.80999755859375,131.4600067138672,11536600,-0.0112128613499984,0.0104522604057336,129.88099975585936,124.99720016479492,0.057143673741784
2019-07-08,131.2899932861328,132.33999633789062,131.27999877929688,132.17999267578125,8028900,-0.0064533961744344,0.0106055615074533,130.1159996032715,125.21160003662108,0.0485449690582497
2019-07-09,131.75,132.10000610351562,131.16000366210938,131.42999267578125,6633400,0.0034976216131429,0.0102364641405519,130.43699951171874,125.41919998168946,0.0504771200839648
2019-07-10,133.8300018310547,133.8699951171875,132.35000610351562,132.94000244140625,13920600,0.0156641640687561,0.0106038731616456,130.8694995880127,125.67919998168944,0.0648540239797257
2019-07-11,132.6999969482422,133.6999969482422,132.41000366210938,133.5800018310547,7535100,-0.0084794331494876,0.0109145326398231,131.21299934387207,125.90919998168944,0.0539340808101417
2019-07-12,133.52999877929688,133.69000244140625,132.52999877929688,132.88999938964844,6309500,0.006235244213343,0.0109168076028356,131.55949935913085,126.1717999267578,0.058318886286876
2019-07-15,133.52999877929688,133.52999877929688,132.80999755859375,133.17999267578125,4026600,0.0,0.0109124942163568,131.90799942016602,126.44359985351562,0.0560439510895831
2019-07-16,132.39999389648438,133.3000030517578,132.1300048828125,133.17999267578125,7966000,-0.0084985651502371,0.0111767403380487,132.20399894714356,126.67859970092772,0.0451646466653731
2019-07-17,134.5800018310547,134.60000610351562,132.88999938964844,133.0,11288300,0.0163312339620225,0.0116001858912254,132.57699890136718,126.95399978637695,0.0600690175773103
2019-07-18,136.47999572753906,136.6300048828125,133.61000061035156,133.8300018310547,18448200,0.0140192210728327,0.0118501563615116,133.00649871826172,127.25939971923827,0.0724551273119582
2019-07-19,134.47000122070312,136.02999877929688,133.97000122070312,135.4499969482422,18079200,-0.0148369175250385,0.0113536211338474,133.17449874877929,127.53059967041015,0.0544136196977599
2019-07-22,134.4499969482422,134.82000732421875,134.32000732421875,134.55999755859375,7570400,-0.0001487748968767,0.0112864526447651,133.29799880981446,127.79559967041016,0.0520706291530693
2019-07-23,133.69000244140625,134.9499969482422,133.55999755859375,134.42999267578125,9981400,-0.0056686547600584,0.0108872960614139,133.28549880981444,128.04079971313476,0.0441203330573386
2019-07-24,134.3699951171875,134.83999633789062,133.97999572753906,134.58999633789062,6715200,0.0050734472920283,0.010940520235809,133.29399871826172,128.2747996520996,0.047516702279941
2019-07-25,133.4199981689453,134.27999877929688,133.08999633789062,134.24000549316406,11708200,-0.0070951189913766,0.0108561743937303,133.31649856567384,128.49399963378906,0.0383364090867703
2019-07-26,133.63999938964844,134.2899932861328,133.58999633789062,134.24000549316406,6249900,0.0016475793640438,0.0108574489860171,133.35649871826172,128.71899963378905,0.0382305624644367
2019-07-29,134.52999877929688,134.72999572753906,133.44000244140625,134.05999755859375,9162400,0.0066376005021923,0.0109385844225752,133.42299880981446,128.9793995666504,0.0430347732373975
2019-07-30,134.97999572753906,135.17999267578125,134.41000366210938,134.75999450683594,9458700,0.003339374239096,0.0098755714936353,133.64099884033203,129.26599945068358,0.044203396880364
2019-07-31,133.2100067138672,135.4199981689453,133.02000427246094,135.02999877929688,18797200,-0.0131997068987172,0.0092746264380334,133.63099899291993,129.51739959716798,0.0285105100023946
2019-08-01,136.41000366210938,136.42999267578125,132.30999755859375,132.4199981689453,27719800,0.0237382025873749,0.0106969182705679,133.76999893188477,129.83839965820312,0.0506137169065998
2019-08-02,135.88999938964844,136.60000610351562,135.3699951171875,135.38999938964844,13753200,-0.0038193529104754,0.0103744618675488,133.95749893188477,130.15139968872072,0.0440917248270288
2019-08-05,137.7899932861328,138.63999938964844,137.0500030517578,137.92999267578125,17519800,0.0138850078395575,0.0105593804382101,134.28249893188476,130.48379959106444,0.055993109627141
2019-08-06,138.91000366210938,139.02999877929688,138.00999450683594,138.3300018310547,9471200,0.0080955294920259,0.0106339548090792,134.64049911499023,130.8359996032715,0.0617108753196394
2019-08-07,141.02000427246094,142.47000122070312,140.8800048828125,141.27999877929688,26671100,0.0150754868152602,0.0105967748996508,134.99999923706054,131.2397996520996,0.0745216363198316
2019-08-08,141.72999572753906,142.3699951171875,140.7100067138672,140.89999389648438,13108600,0.0050220544460044,0.0102779572109785,135.45149917602538,131.65699951171874,0.0765093861562881
2019-08-09,141.25999450683594,142.02999877929688,140.9600067138672,141.27999877929688,9485900,-0.0033216839398709,0.0103557669538349,135.83799896240234,132.04839935302735,0.0697592337274885
2019-08-12,142.6300048828125,143.3800048828125,141.63999938964844,141.6699981689453,15264000,0.0096517736755786,0.0104422695854021,136.29299926757812,132.4343994140625,0.0769860815155202
2019-08-13,141.77999877929688,143.2899932861328,139.35000610351562,143.1699981689453,29842800,-0.0059773469524186,0.0103067231682657,136.76199951171876,132.7677993774414,0.0678794063328184
2019-08-14,142.75,143.75,142.0500030517578,142.89999389648438,20672900,0.0068182967190882,0.0098907520237835,137.170499420166,133.11979934692383,0.0723423615444227
2019-08-15,143.6999969482422,144.02000427246094,142.61000061035156,142.9600067138672,13467800,0.0066329233118531,0.0095888467994727,137.53149948120117,133.4843992614746,0.0765302742739011
2019-08-16,142.77999877929688,143.1300048828125,141.8000030517578,142.75,11728800,-0.0064227963231968,0.0089477354865642,137.94699935913087,133.82239929199218,0.0669364735253308
2019-08-19,141.11000061035156,141.7899932861328,140.85000610351562,141.3300018310547,10552700,-0.0117652431297463,0.0095214050726513,138.27999954223634,134.1127993774414,0.0521740002847717
2019-08-20,142.2100067138672,142.25999450683594,141.60000610351562,141.77000427246094,7478500,0.0077651532005103,0.0093939443053338,138.70599975585938,134.45039947509767,0.0577135305589532
2019-08-21,141.75999450683594,142.1699981689453,141.4600067138672,141.6199951171875,8114700,-0.0031694374885161,0.0094827026095157,139.0754997253418,134.78199935913085,0.05177245612088
2019-08-22,141.39999389648438,141.89999389648438,141.1699981689453,141.38999938964844,6846500,-0.0025427378094433,0.0092884400346063,139.47449951171876,135.09339920043945,0.0466832186722
2019-08-23,144.1699981689453,144.3300018310547,141.63999938964844,141.83999633789062,20282200,0.0194004358255685,0.0099842083192855,140.0009994506836,135.44479919433593,0.0644188556999555
2019-08-26,144.19000244140625,144.97000122070312,143.91000366210938,144.35000610351562,12195800,0.0001387451272763,0.0099924794577549,140.48399963378907,135.79739929199218,0.0618023849732811
2019-08-27,145.57000732421875,145.67999267578125,144.27000427246094,144.3000030517578,12844100,0.0095252296402105,0.0100836318452229,141.01350021362305,136.1791993713379,0.0689591949154709
2019-08-28,145.16000366210938,145.67999267578125,144.63999938964844,145.38999938964844,11452400,-0.0028205133176772,0.0094084369758386,141.61100006103516,136.53999938964844,0.0631317145964074
2019-08-29,144.1199951171875,145.49000549316406,143.27999877929688,145.39999389648438,14762500,-0.0071903555732528,0.0085468726325742,141.99649963378906,136.86459930419923,0.0530114861686199
2019-08-30,143.75,144.8800048828125,143.02000427246094,143.83999633789062,9642200,-0.0025705723222454,0.0085007989571882,142.38949966430664,137.1173992919922,0.0483716927410768
2019-09-03,145.75,146.1300048828125,144.74000549316406,144.9600067138672,15615200,0.0138171455531419,0.00849615858355,142.7875,137.3927993774414,0.0608270641578525
2019-09-04,146.66000366210938,146.82000732421875,145.5,145.5399932861328,11285900,0.0062241824051139,0.008445014507172,143.175,137.64719940185546,0.0654775709162189
2019-09-05,143.13999938964844,145.00999450683594,142.0,144.97999572753906,20293200,-0.0242938395892824,0.0098787631405052,143.28099975585937,137.82599945068358,0.0385558599984344
2019-09-06,141.9199981689453,144.05999755859375,141.86000061035156,143.63999938964844,14175200,-0.008559662387184,0.0100349356631029,143.29049987792968,138.00499938964845,0.0283685286519447
2019-09-09,141.38999938964844,142.4600067138672,141.17999267578125,142.3699951171875,11323800,-0.0037414803722944,0.0100428326398369,143.2970001220703,138.1759994506836,0.0232601895534827
2019-09-10,140.17999267578125,141.52999877929688,140.16000366210938,141.22999572753906,12629200,-0.0085947664634488,0.0099526675210528,143.17449951171875,138.31559936523436,0.0134792700107801
2019-09-11,141.02999877929688,141.25999450683594,140.27999877929688,140.33999633789062,7453000,0.0060453662250154,0.0099907273897383,143.13699951171876,138.52379943847657,0.0180921931897586
2019-09-12,141.32000732421875,143.10000610351562,141.11000061035156,142.67999267578125,12673700,0.0020542492696135,0.0098690030114843,143.06549987792968,138.68199951171874,0.0190219914753759
2019-09-13,140.14999389648438,141.99000549316406,140.05999755859375,141.72999572753906,13451700,-0.0083136402572181,0.0098660768645481,142.8879997253418,138.8123992919922,0.0096359879327389
2019-09-16,141.32000732421875,142.0500030517578,141.02000427246094,141.60000610351562,8094600,0.0083136402572182,0.0100087295312845,142.81500015258788,138.9959994506836,0.0167199623206401
2019-09-17,141.60000610351562,142.11000061035156,141.22000122070312,141.82000732421875,7010200,0.0019793500454073,0.0096613627958026,142.8395004272461,139.20219970703124,0.0172253484609501
2019-09-18,140.7100067138672,142.52999877929688,139.80999755859375,141.92999267578125,15026300,-0.0063051418491641,0.0095914783894766,142.7645004272461,139.3813998413086,0.0095321676642024
2019-09-19,141.27999877929688,141.74000549316406,141.08999633789062,141.57000732421875,8057400,0.0040426457009608,0.0096225535244523,142.74050064086913,139.53039978027343,0.0125391957722377
2019-09-20,142.9499969482422,143.02999877929688,141.4600067138672,141.61000061035156,12110000,0.0117511692045534,0.0099618587263284,142.81800079345703,139.73539978027344,0.0230048876163343
2019-09-23,143.75,143.94000244140625,143.07000732421875,143.22000122070312,9006500,0.0055807822575675,0.0090199179610197,142.79700088500977,139.9397998046875,0.0272274235108978
2019-09-24,144.50999450683594,144.77000427246094,142.8800048828125,143.2100067138672,10576300,0.0052729916204329,0.0091011408934899,142.81300048828126,140.15939971923828,0.0310403354774106
2019-09-25,141.8300018310547,144.2899932861328,141.44000244140625,144.0800018310547,11648400,-0.0187195010811694,0.009732872301757,142.62600021362306,140.34799987792968,0.0105594803945478
2019-09-26,141.7899932861328,142.57000732421875,141.55999755859375,142.19000244140625,7984600,-0.0002821278180384,0.0097285696724018,142.4574996948242,140.49219970703126,0.0092374778230239
2019-09-27,141.05999755859375,141.67999267578125,140.16000366210938,140.35000610351562,9804200,-0.0051617279262248,0.0096729625981683,142.30449981689452,140.58379974365235,0.0033872879791962
2019-09-30,138.8699951171875,140.2100067138672,138.02999877929688,139.77000427246094,15459100,-0.0156471059222036,0.0102067282534269,142.0604995727539,140.67179962158204,-0.0128085693738299
2019-10-01,139.6300048828125,140.19000244140625,137.8000030517578,138.07000732421875,12476200,0.0054578933734982,0.0096950318857716,141.75449981689454,140.77539978027343,-0.008136328500922
2019-10-02,141.25999450683594,141.8800048828125,140.4600067138672,140.7899932861328,11914300,0.0116060231701168,0.0100091449558217,141.4844993591309,140.92679962158203,0.002364311728845
2019-10-03,141.89999389648438,143.25,141.2899932861328,141.36000061035156,12396100,0.0045204160593295,0.008584881039349,141.42249908447266,141.07739959716798,0.0058308014016789
2019-10-04,141.89999389648438,142.30999755859375,141.13999938964844,141.47999572753906,9651000,0.0,0.0083691780971682,141.4214988708496,141.24699951171874,0.0046230673007072
2019-10-07,140.69000244140625,141.77000427246094,140.24000549316406,141.16000366210938,6127200,-0.0085636354109891,0.0085499345650472,141.3864990234375,141.3879995727539,-0.0049367494657032
2019-10-08,141.9199981689453,142.2899932861328,141.1699981689453,142.02999877929688,10428900,0.0087045999170373,0.0085361422566847,141.4734992980957,141.53579956054688,0.0027144977425593
2019-10-09,142.0500030517578,142.5800018310547,141.6199951171875,142.16000366210938,6927700,0.0009156241246349,0.0084409813174163,141.52449951171874,141.67719970703126,0.0026313573778805
2019-10-10,140.80999755859375,141.66000366210938,140.5800018310547,141.58999633789062,9301700,-0.0087676831929657,0.0086704233933269,141.4989990234375,141.82919952392578,-0.00718612224248
2019-10-11,140.02999877929688,140.19000244140625,138.91000366210938,139.97000122070312,11333400,-0.0055547699406728,0.0085554055878862,141.4929992675781,141.90159942626954,-0.0131894260145047
2019-10-14,140.58999633789062,140.82000732421875,140.33999633789062,140.4499969482422,4006700,0.0039911503934201,0.0083861180901732,141.4564987182617,141.99559936523437,-0.0098989196399553
2019-10-15,139.61000061035156,140.3000030517578,139.2100067138672,140.27000427246094,9128300,-0.0069950016712766,0.0084993806863751,141.35699844360352,142.03199951171874,-0.0170524875358622
2019-10-16,140.41000366210938,140.52999877929688,139.6999969482422,140.13999938964844,10330300,0.0057139148357037,0.0085076811804464,141.3419982910156,142.06199951171874,-0.0116286963106772
2019-10-17,140.61000061035156,141.1199951171875,140.4199981689453,140.5,6131000,0.0014233647353723,0.0084604748197728,141.30849838256836,142.05379943847657,-0.0101637466497354
2019-10-18,140.4600067138672,140.7100067138672,140.32000732421875,140.5,6416100,-0.0010673064134521,0.0079761259835082,141.18399887084962,142.0283996582031,-0.0110428121989005
2019-10-21,139.7899932861328,140.75999450683594,139.60000610351562,140.72000122070312,8306200,-0.0047815500752136,0.0078703090606392,140.98599853515626,141.99899963378903,-0.0155564923228557
2019-10-22,140.1999969482422,140.3000030517578,139.72000122070312,140.1300048828125,3879700,0.0029287043785159,0.0077827169555402,140.77049865722657,141.95039947509767,-0.0123310855998158
2019-10-23,140.52999877929688,141.0,140.5,140.58999633789062,4155300,0.0023510275929144,0.0066789184935954,140.70549850463868,141.92539947509766,-0.0098319307253077
2019-10-24,141.52999877929688,141.74000549316406,140.92999267578125,141.02000427246094,6174800,0.0070907196944689,0.0068894309451604,140.69249877929687,141.9009994506836,-0.0026145035822363
2019-10-25,141.86000061035156,142.8300018310547,141.39999389648438,142.7899932861328,6011500,0.002328959955734,0.0068023634161976,140.73249893188478,141.86419952392578,-2.959811980968493e-05
2019-10-28,140.63999938964844,141.25,140.39999389648438,141.25,5442000,-0.008637230479381,0.0060806829385078,140.8209991455078,141.82139953613282,-0.0083301966441487
2019-10-29,140.25,140.6300048828125,139.77999877929688,140.0,3835400,-0.0027768851942462,0.0060152474528453,140.85199890136718,141.80419952392575,-0.0109601798052782
2019-10-30,141.02000427246094,141.0399932861328,139.5500030517578,140.5399932861328,6992900,0.0054752101849324,0.0055421631119954,140.83999938964843,141.78039947509765,-0.0053631898728728
2019-10-31,142.42999267578125,142.69000244140625,141.88999938964844,141.97999572753906,7050900,0.0099488449354686,0.0059008958439966,140.8664993286133,141.79379943847655,0.0044867493488721
2019-11-01,142.55999755859375,142.89999389648438,142.00999450683594,142.2100067138672,8090000,0.0009123470738276,0.0059029051432847,140.89949951171874,141.81699951171876,0.0052391324695428
2019-11-04,142.14999389648438,142.4499969482422,141.74000549316406,142.25999450683594,4740300,-0.0028801514371747,0.0055854531354092,140.97249908447264,141.77659942626954,0.0026336819455809
2019-11-05,139.85000610351562,140.88999938964844,139.3800048828125,140.64999389648438,11782300,-0.016312331868591,0.0063973901711581,140.86899948120117,141.6897994995117,-0.0129846566407373
2019-11-06,140.4499969482422,140.7899932861328,140.0,140.1199951171875,6416500,0.0042810685305551,0.0064867198351958,140.78899917602538,141.5873992919922,-0.008033217287962
2019-11-07,138.27000427246094,140.1999969482422,137.60000610351562,140.11000061035156,15214200,-0.0156432055218911,0.0070976601221335,140.66199951171876,141.4495993041992,-0.0224786429044615
2019-11-08,137.38999938964844,138.3300018310547,137.38999938964844,137.72999572753906,10377400,-0.0063847338065501,0.0071286040799841,140.52999954223634,141.31499938964845,-0.0277748294020622
2019-11-11,137.05999755859375,137.7899932861328,136.44000244140625,137.61000061035156,7037300,-0.0024048241483873,0.0070380839478661,140.35349960327147,141.1811993408203,-0.0291908681996511
2019-11-12,137.42999267578125,137.58999633789062,136.19000244140625,137.02999877929688,6448600,0.0026958749275869,0.0069564166261529,140.24449920654297,141.01479919433595,-0.0254214914961825
2019-11-13,137.97999572753906,138.22000122070312,137.63999938964844,137.8000030517578,8776000,0.0039940728810308,0.0068820594273923,140.12299880981445,140.84119903564454,-0.0203151018856446
2019-11-14,138.55999755859375,138.94000244140625,137.8699951171875,138.38999938964844,5220500,0.0041947110406634,0.0069582058178009,140.02049865722657,140.74959899902345,-0.0155567153015113
2019-11-15,138.2100067138672,138.4199981689453,137.97000122070312,138.02999877929688,10106700,-0.0025291110010524,0.0069695557753421,139.90799865722656,140.6753991699219,-0.0175253986880588
2019-11-18,138.6199951171875,138.85000610351562,138.3000030517578,138.44000244140625,5717900,0.0029620250721697,0.0069522293609537,139.8494987487793,140.61999908447265,-0.0142227562246229
2019-11-19,138.69000244140625,138.97000122070312,138.1300048828125,138.1300048828125,4824400,0.0005049030061831,0.0069117865127359,139.7739990234375,140.59019927978517,-0.0135158556436596
2019-11-20,138.75999450683594,139.0,138.10000610351562,138.52999877929688,6892100,0.000504538242453,0.0068833907862204,139.68549880981445,140.54479919433595,-0.0126991870046511
2019-11-21,138.0,138.55999755859375,137.77000427246094,138.38999938964844,4197200,-0.005492097356825,0.0067131442131437,139.5089988708496,140.47839904785155,-0.0176425633026137
2019-11-22,137.74000549316406,138.4600067138672,137.66000366210938,138.3699951171875,3620300,-0.001885795159979,0.0066604019374546,139.30299911499023,140.43019927978514,-0.0191568038813452
2019-11-25,137.0800018310547,137.6199951171875,136.99000549316406,137.32000732421875,6415800,-0.0048031796332549,0.0064965250721458,139.12499923706054,140.34539916992188,-0.0232668641664101
2019-11-26,137.74000549316406,137.8000030517578,136.5800018310547,136.97999572753906,4724400,0.004803179633255,0.0066245667651922,138.99949951171874,140.26819915771483,-0.0180239974543917
2019-11-27,137.00999450683594,137.2100067138672,136.8300018310547,137.02999877929688,4111000,-0.0053140142253706,0.0065162524613452,138.7989990234375,140.1941989135742,-0.0227128114530705
2019-11-29,137.86000061035156,138.1300048828125,137.0800018310547,137.10000610351562,4516400,0.0061848061129796,0.0062174408120311,138.57049942016602,140.1257989501953,-0.0161697443070356
2019-12-02,137.7899932861328,138.08999633789062,137.3000030517578,137.32000732421875,8274700,-0.0005079436043828,0.0061949375034044,138.33199920654295,140.0225988769531,-0.0159446090040239
2019-12-03,139.11000061035156,139.57000732421875,138.97000122070312,139.0399932861328,8481700,0.0095342531785736,0.006674056457758,138.17999954223632,139.92979888916017,-0.0058586397273248
2019-12-04,138.9199981689453,139.1699981689453,138.58999633789062,139.16000366210938,6322300,-0.0013667767637935,0.0056346390952119,138.1334991455078,139.81799896240236,-0.0064226408625581
2019-12-05,139.0,139.4499969482422,138.7899932861328,138.8000030517578,5671500,0.0005757184354598,0.0055349564645404,138.0609992980957,139.76139892578124,-0.0054478484877327
2019-12-06,137.6199951171875,137.8300018310547,137.39999389648438,137.75999450683594,8714500,-0.0099777048367574,0.004818813827516,138.02849884033202,139.67799896240234,-0.0147339155808553
2019-12-09,137.5800018310547,137.80999755859375,137.4499969482422,137.8000030517578,2711600,-0.0002906488870483,0.0045970970094147,138.03799896240236,139.60839904785155,-0.0145291918726295
2019-12-10,137.97000122070312,138.3300018310547,137.74000549316406,138.25,3240800,0.0028306996606543,0.004597873196741,138.0834991455078,139.59039916992188,-0.0116082335092849
2019-12-11,138.9199981689453,139.3000030517578,138.1199951171875,138.1999969482422,6097500,0.0068619356276915,0.0048005594051387,138.15799942016602,139.57619903564452,-0.0047013808316389
2019-12-12,138.42999267578125,139.85000610351562,137.8800048828125,139.77999877929688,8815100,-0.0035334849047766,0.0048105100300092,138.1804992675781,139.51959899902343,-0.0078097007951535
2019-12-13,139.0500030517578,139.2100067138672,137.97999572753906,138.52000427246094,6964300,0.0044688728367158,0.0048229785853189,138.20499954223632,139.4625991821289,-0.0029584715385397
2019-12-16,139.0399932861328,139.38999938964844,138.8000030517578,139.1999969482422,4646100,-7.198939739749056e-05,0.004781548014648,138.24649887084962,139.40539916992188,-0.0026211745453536
2019-12-17,139.00999450683594,139.3000030517578,138.85000610351562,139.02000427246094,4287500,-0.0002157797570961,0.0047410387450196,138.26599884033203,139.37179901123048,-0.0025959663788611
2019-12-18,139.02000427246094,139.25,138.80999755859375,138.86000061035156,3607600,7.200493236905694e-05,0.0047402755264012,138.28249893188476,139.3137991333008,-0.0021088712149665
2019-12-19,139.3800048828125,139.5500030517578,138.8699951171875,139.0399932861328,4975000,0.0025862126377012,0.0047719386344994,138.3134994506836,139.26039916992187,0.0008588637803966
2019-12-20,139.52000427246094,139.52000427246094,138.97999572753906,139.3699951171875,4463900,0.001003939740491,0.0045796764839147,138.38949966430664,139.2345993041992,0.0020498135498503
2019-12-23,139.9499969482422,139.9600067138672,139.52999877929688,139.52999877929688,5180900,0.0030772033721655,0.0045753347099972,138.49999923706054,139.23299926757812,0.0051496246179839
2019-12-24,141.27000427246094,141.3300018310547,140.42999267578125,140.44000244140625,5303700,0.009387789011397,0.0047580554321869,138.70949935913086,139.24659942626954,0.0145310898400989
2019-12-26,142.3800048828125,142.47000122070312,141.91000366210938,142.05999755859375,8342500,0.0078265908031554,0.0049138242575372,138.94149932861328,139.30199951171875,0.0220959166550571
2019-12-27,142.3300018310547,142.72999572753906,142.1699981689453,142.25999450683594,5119900,-0.0003512560225688,0.0046621569401738,139.2074996948242,139.34039947509766,0.0214553881517421
2019-12-30,142.6300048828125,142.8000030517578,142.4600067138672,142.55999755859375,4810600,0.0021055808220621,0.0045530074534507,139.44599990844728,139.38079956054688,0.0233117138982559
2019-12-31,142.89999389648438,143.60000610351562,142.8000030517578,143.30999755859375,5313500,0.0018911434545748,0.0045232600598611,139.70149993896484,139.42959930419923,0.0248899416594725
2020-01-02,143.9499969482422,144.2100067138672,143.39999389648438,143.86000061035156,7733800,0.0073209536340358,0.004348301360675,139.94349975585936,139.5127993774414,0.0318049497293525
2020-01-03,145.86000061035156,146.32000732421875,145.39999389648438,145.75,12272800,0.0131812658825288,0.0049777738471244,140.29049987792968,139.6259994506836,0.0446478534384267
2020-01-06,147.38999938964844,148.47999572753906,146.9499969482422,148.44000244140625,14403300,0.0104348689670119,0.0052636733914324,140.70999984741212,139.7631994628906,0.054569442858117
2020-01-07,147.97000122070312,148.13999938964844,147.42999267578125,147.57000732421875,7978500,0.0039274280565074,0.0042988730319901,141.22750015258788,139.89199951171875,0.0577445582104763
2020-01-08,146.86000061035156,148.61000061035156,146.13999938964844,148.49000549316406,22248500,-0.0075298025846351,0.0049076340900424,141.69150009155274,139.99199951171877,0.0490599543015877
2020-01-09,146.02999877929688,146.41000366210938,145.44000244140625,146.07000732421875,10292300,-0.0056676844863565,0.0052993730413436,142.09449996948243,140.09979949951173,0.0423283923386757
2020-01-10,146.91000366210938,146.99000549316406,146.1699981689453,146.22000122070312,6183300,0.0060081076167883,0.0052686069249664,142.49400024414064,140.2329995727539,0.0476136437906785
2020-01-13,145.82000732421875,146.3800048828125,145.77999877929688,146.35000610351562,7593800,-0.0074471447038162,0.0055795714142237,142.8635009765625,140.32899963378907,0.0391295292117762
2020-01-14,145.69000244140625,145.80999755859375,145.0800018310547,145.4199981689453,6589700,-0.0008919411826434,0.005613748299417,143.19550094604492,140.39419982910155,0.0377209501443161
2020-01-15,146.5399932861328,146.72999572753906,145.82000732421875,146.2100067138672,6510000,0.0058172894924352,0.0056354083371748,143.57050094604492,140.47379974365234,0.0431838076107469
2020-01-16,146.30999755859375,146.47000122070312,145.75999450683594,146.27000427246094,6069100,-0.0015707412123407,0.0056793537263141,143.9355010986328,140.55699981689452,0.0409299981444804
2020-01-17,146.5800018310547,146.99000549316406,146.30999755859375,146.50999450683594,11121100,0.0018437252860089,0.0056522716423292,144.3135009765625,140.6915997314453,0.041853259973227
2020-01-21,146.74000549316406,146.86000061035156,145.5500030517578,145.77000427246094,6086100,0.0010909837309721,0.0056630057508073,144.68150100708007,140.81739990234374,0.0420587625884842
2020-01-22,146.7899932861328,146.80999755859375,146.3800048828125,146.67999267578125,4778200,0.0003405975107135,0.0056746092162267,145.04500045776368,140.98779968261718,0.0411538701687462
2020-01-23,147.1199951171875,147.6199951171875,146.6199951171875,147.0,8419800,0.0022455988755117,0.0056735104342207,145.40350036621095,141.18239959716797,0.0420562020263227
2020-01-24,147.97999572753906,148.3800048828125,146.88999938964844,146.89999389648438,9919900,0.0058285535187767,0.0054991715737182,145.73899993896484,141.4007995605469,0.0465287055479131
2020-01-27,148.99000549316406,149.32000732421875,148.4600067138672,149.24000549316406,9988100,0.0068021258430709,0.0054497306893521,146.06949996948242,141.6319998168945,0.0519515765207166
2020-01-28,147.66000366210938,148.55999755859375,147.52999877929688,148.36000061035156,7543100,-0.0089668680366179,0.0059822499646116,146.33600006103515,141.82559997558593,0.0411378741745339
2020-01-29,148.4600067138672,148.55999755859375,147.61000061035156,147.6999969482422,5013100,0.0054032484808315,0.0060352181853884,146.62750015258788,142.0236001586914,0.0453192747401417
2020-01-30,148.47000122070312,149.30999755859375,148.00999450683594,148.69000244140625,9119500,6.731894098032181e-05,0.0060507574835834,146.90600051879883,142.22880004882813,0.0438814162091808
2020-01-31,149.3300018310547,149.67999267578125,148.80999755859375,148.8800048828125,14788300,0.0057757084771893,0.0059875898147242,147.17500076293945,142.44300018310548,0.0483491757341266
2020-02-03,148.36000061035156,148.77999877929688,147.67999267578125,148.66000366210938,9105300,-0.0065168775955977,0.0056324911298423,147.30000076293945,142.63640014648436,0.0401272077673664
2020-02-04,146.42999267578125,147.02999877929688,145.8000030517578,146.97000122070312,10525600,-0.0130943081867824,0.0059721023637518,147.2520004272461,142.78980010986328,0.0254933655143237
2020-02-05,146.61000061035156,146.80999755859375,146.16000366210938,146.3800048828125,6160700,0.0012285555646719,0.0059009854700067,147.18400039672852,142.96200012207032,0.0255172737172559
2020-02-06,147.39999389648438,147.6300048828125,147.0,147.27999877929688,4819800,0.0053739342341258,0.0057919254944581,147.21100006103515,143.1551998901367,0.0296516927754303
2020-02-07,147.7899932861328,148.17999267578125,147.33999633789062,147.8300018310547,6379300,0.0026423634506581,0.0056463228420252,147.29899978637695,143.3693997192383,0.0308335919348997
2020-02-10,148.1699981689453,148.4499969482422,147.91000366210938,148.2100067138672,5793600,0.0025679490647931,0.005523942770567,147.36199951171875,143.5779995727539,0.0319826060389186
2020-02-11,147.66000366210938,148.16000366210938,147.00999450683594,148.02999877929688,5179400,-0.00344789243087,0.0052913924040479,147.4539993286133,143.7909997558594,0.0269071354453276
2020-02-12,147.5399932861328,147.80999755859375,147.16000366210938,147.4199981689453,5040600,-0.0008130784812246,0.0052902302008447,147.5464988708496,143.984599609375,0.0246928746991237
2020-02-13,148.3800048828125,148.5800018310547,147.9499969482422,148.24000549316406,7082100,0.0056773037181113,0.005283094952721,147.63849945068358,144.1963998413086,0.0290132419818252
2020-02-14,149.0,149.1300048828125,148.6300048828125,148.74000549316406,5345400,0.0041697222765956,0.0053134357879527,147.77299957275392,144.39419982910155,0.0318974043025943
2020-02-18,150.91000366210938,151.08999633789062,149.47000122070312,149.8800048828125,11524900,0.0127373509518433,0.0059359737332539,147.98949966430663,144.63399993896485,0.0433923124977044
2020-02-19,151.7899932861328,151.82000732421875,150.82000732421875,151.0,9269800,0.0058142855101764,0.0060141476952777,148.24199905395508,144.8897998046875,0.0476237353543646
2020-02-20,152.41000366210938,152.8300018310547,151.9499969482422,152.0,8457300,0.0040763395182913,0.0060279704281779,148.52299957275392,145.18559997558594,0.0497597811886183
2020-02-21,154.6999969482422,155.22000122070312,154.17999267578125,154.42999267578125,16344500,0.0149134559263085,0.0066969828908838,148.90199966430663,145.5279998779297,0.0630256519570533
2020-02-24,156.08999633789062,158.52999877929688,155.36000061035156,158.5,27171000,0.0089450026567179,0.0068134567019287,149.30749969482423,145.89039978027344,0.06991273293499
2020-02-25,153.3000030517578,156.0800018310547,152.91000366210938,155.1199951171875,28091500,-0.0180359347239326,0.0081523173218215,149.52299957275392,146.1779998779297,0.0487214435809462
2020-02-26,153.97000122070312,155.27999877929688,152.89999389648438,153.82000732421875,17912500,0.0043609803851512,0.007794969124902,149.8384994506836,146.48880004882812,0.0510701239233398
2020-02-27,154.0,156.27000427246094,153.89999389648438,155.5800018310547,27878500,0.0001948162436136,0.0077654793049994,150.11549911499023,146.78779998779297,0.0491335111828558
2020-02-28,148.3800048828125,152.77000427246094,147.0500030517578,152.7100067138672,42699600,-0.0371760187447656,0.0116864690880805,150.1109992980957,146.97460021972657,0.0095622281740168
2020-03-02,149.1999969482422,150.72999572753906,149.0399932861328,150.0,16295400,0.0055110836466559,0.0116796974616069,150.10449905395507,147.1784002685547,0.0137356886336494
2020-03-03,153.88999938964844,155.24000549316406,150.74000549316406,150.83999633789062,28687700,0.030950390194086,0.0134564047562726,150.38099899291993,147.47580017089842,0.0434932321866847
2020-03-04,154.16000366210938,154.9600067138672,153.6999969482422,154.39999389648438,12315500,0.0017529903517554,0.0129912441862248,150.76749954223632,147.77140014648438,0.0432330174126524
2020-03-05,157.49000549316406,157.6199951171875,155.72000122070312,156.05999755859375,17973500,0.0213709512045744,0.0136458568091748,151.31149978637694,148.13080017089842,0.0631820344686447
2020-03-06,157.5500030517578,159.25,154.5399932861328,158.3300018310547,26973400,0.0003808885074389,0.0136569653508911,151.81900024414062,148.48280029296876,0.0610656772427427
2020-03-09,157.80999755859375,159.3699951171875,156.3300018310547,158.60000610351562,24868700,0.0016488747161249,0.0136614028639848,152.32000045776368,148.8136001586914,0.0604541345032228
2020-03-10,154.47999572753906,156.41000366210938,154.38999938964844,156.17999267578125,18811500,-0.0213271518262895,0.0147300256529712,152.63550033569337,149.05559997558595,0.0363917608787699
2020-03-11,153.92999267578125,156.5,153.61000061035156,156.25,18159900,-0.0035667044227174,0.0147323983633987,152.94899978637696,149.28759979248048,0.0310969758355952
2020-03-12,147.7899932861328,151.5500030517578,146.85000610351562,151.52999877929688,32893400,-0.0407056042424384,0.0175715639924749,152.96149978637695,149.39079956054687,-0.0107155613272239
2020-03-13,143.27999877929688,149.60000610351562,141.5800018310547,149.4199981689453,35177200,-0.0309915525653007,0.0188255981676336,152.70649948120118,149.39839965820312,-0.0409535904862706
2020-03-16,141.63999938964844,142.9600067138672,136.1199951171875,137.55999755859375,24496000,-0.0115121262982248,0.0188925739468137,152.3384994506836,149.35219970703125,-0.0516376747882591
2020-03-17,143.55999755859375,146.1999969482422,139.92999267578125,140.17999267578125,24490300,0.0134644263387051,0.0189241770832098,151.97099914550782,149.3061996459961,-0.0384860246997548
2020-03-18,140.6999969482422,142.8800048828125,138.5,141.75,21953400,-0.0201231068427108,0.0192112278137532,151.41649932861327,149.17239959716798,-0.0567960472031358
2020-03-19,138.0399932861328,140.5,137.85000610351562,139.0800018310547,20828900,-0.0190864928378344,0.0194089971764357,150.69799880981446,148.97379943847656,-0.0733941551706158
2020-03-20,140.11000061035156,141.1699981689453,139.13999938964844,140.7100067138672,20056000,0.0148843831466835,0.0194074321060616,149.96849899291993,148.83879943847657,-0.0586459905686965
2020-03-23,146.3000030517578,146.92999267578125,142.27999877929688,142.67999267578125,28275200,0.0432314961462957,0.0220360143998492,149.47899932861327,148.8441995239258,-0.0170930172643981
2020-03-24,153.39999389648438,155.66000366210938,152.0500030517578,153.5,20743500,0.0473895202592504,0.0244479714535202,149.4839988708496,148.97399932861327,0.0297098459316249
2020-03-25,151.3000030517578,152.8800048828125,151.00999450683594,152.5800018310547,16457200,-0.0137842081803642,0.0246150038246453,149.35049896240236,149.08359924316406,0.0148668520202458
2020-03-26,153.24000549316406,154.80999755859375,152.0800018310547,153.30999755859375,12778200,0.012740714714697,0.0248028377562324,149.31249923706054,149.2345993041992,0.0268396618990496
2020-03-27,152.25,153.5500030517578,152.0,153.0,9824600,-0.006481449089244,0.0233017559736954,149.50599899291993,149.34879943847656,0.019425670460234
2020-03-30,152.9199981689453,153.0800018310547,151.57000732421875,152.41000366210938,12080900,0.004390990264267,0.0232924143517949,149.69199905395507,149.48099945068358,0.0230062598651296
2020-03-31,148.0500030517578,151.8000030517578,147.97000122070312,151.36000061035156,13319500,-0.0323648216936519,0.0233432474326088,149.39999923706054,149.51039947509764,-0.0097678584798582
2020-04-01,149.4499969482422,150.0800018310547,147.85000610351562,148.1999969482422,11827400,0.0094117931494001,0.0234694013425141,149.16449890136718,149.56459930419922,-0.0007662398488023
2020-04-02,151.89999389648438,152.5,150.6999969482422,151.1999969482422,9188300,0.0162605011105618,0.0232333317577622,148.8849983215332,149.66679931640624,0.0149211086912936
2020-04-03,152.64999389648438,153.08999633789062,151.66000366210938,152.22999572753906,8469100,0.0049253097765777,0.0232780343366955,148.63999786376954,149.7773992919922,0.0191790925605006
2020-04-06,156.8800048828125,157.22000122070312,153.9600067138672,154.16000366210938,14739300,0.0273335338154352,0.0241574225076141,148.59349822998047,149.95539947509766,0.0461777664022346
2020-04-07,156.0399932861328,156.13999938964844,154.3800048828125,155.3300018310547,9195400,-0.0053688714007191,0.0236851235141031,148.67149810791017,150.09639923095702,0.0395985119271931
2020-04-08,154.64999389648438,155.94000244140625,154.58999633789062,155.91000366210938,7600800,-0.0089478819474376,0.0237642131005955,148.7074981689453,150.23619903564452,0.0293790370707705
2020-04-09,158.69000244140625,159.0800018310547,157.2100067138672,158.0800018310547,18123000,0.025788169295063,0.0223441989980429,149.25249862670898,150.4407989501953,0.0548335527913669
2020-04-13,161.41000366210938,162.3800048828125,158.6300048828125,159.1699981689453,20549200,0.016995105513929,0.0209733515542305,150.15899887084962,150.69959899902344,0.0710712220485427
2020-04-14,162.67999267578125,164.4199981689453,161.77999877929688,162.72999572753906,17095100,0.0078373015433468,0.0205674495761337,151.21099853515625,150.96659881591796,0.0775893075139494
2020-04-15,161.85000610351562,162.5399932861328,160.80999755859375,161.8000030517578,12141900,-0.0051150179335856,0.0206758327554606,152.12549896240233,151.23639892578126,0.0701789202409068
2020-04-16,161.7100067138672,163.14999389648438,160.64999389648438,161.8800048828125,9233200,-0.000865368975394,0.0198264106134606,153.1759994506836,151.54199920654298,0.0670969603183458
2020-04-17,158.57000732421875,160.07000732421875,158.1199951171875,159.72000122070312,14652700,-0.0196084667171404,0.0198628101180439,154.2025001525879,151.7811993408203,0.0447275948067479
2020-04-20,159.6999969482422,160.22000122070312,158.4600067138672,158.6199951171875,10688700,0.0071008537209921,0.0197748672866477,155.18199996948243,152.02719940185546,0.0504698999690517
2020-04-21,158.61000061035156,159.2100067138672,157.0399932861328,157.60000610351562,12478100,-0.0068486733480538,0.0179733695333804,155.7974998474121,152.24359954833983,0.041817200072114
2020-04-22,161.72999572753906,161.74000549316406,160.4199981689453,160.5,12902100,0.0194798889508458,0.015317739144297,156.21399993896483,152.51479949951172,0.0604216525758002
2020-04-23,163.33999633789062,163.60000610351562,161.83999633789062,162.38999938964844,14928500,0.0099056437955244,0.0148905054965793,156.81599960327148,152.82839935302735,0.0687803904860765
2020-04-24,162.63999938964844,163.30999755859375,160.88999938964844,163.1300048828125,11199300,-0.0042947299426519,0.0148410235670929,157.2859992980957,153.13039947509765,0.0621013198368705
2020-04-27,161.55999755859375,162.0,160.41000366210938,161.8800048828125,9033500,-0.0066625899835551,0.0148471533918989,157.7514991760254,153.3939993286133,0.053235447708007
2020-04-28,160.83999633789062,160.97999572753906,159.16000366210938,160.88999938964844,10383000,-0.0044665163233347,0.0149343108664994,158.14749908447266,153.6307992553711,0.0469254675329529
2020-04-29,161.72999572753906,161.85000610351562,159.75999450683594,160.10000610351562,12232300,0.0055181924540174,0.0124764217870467,158.8314987182617,153.84719909667967,0.0512378299841892
2020-04-30,158.8000030517578,160.82000732421875,158.1300048828125,160.22000122070312,13633500,-0.0182826836837886,0.013396081748253,159.2989990234375,153.98739929199218,0.0312532309909328
2020-05-01,159.77999877929688,160.4499969482422,157.8000030517578,158.0,10914300,0.0061522933833428,0.0130572091127957,159.69299926757813,154.13479919433593,0.0366250815161044
2020-05-04,160.33999633789062,160.9499969482422,159.91000366210938,160.3300018310547,7986200,0.0034986763611594,0.0130473208601328,160.07749938964844,154.2475991821289,0.0394975169018227
2020-05-05,161.02000427246094,161.10000610351562,159.3300018310547,160.16000366210938,10563100,0.0042320696304066,0.0116800878031077,160.28449935913085,154.3461993408203,0.0432391918955117
2020-05-06,158.9499969482422,159.80999755859375,158.10000610351562,158.99000549316406,13352000,-0.0129389392482341,0.0120252118864134,160.42999954223632,154.45919921875,0.0290743299991616
2020-05-07,161.38999938964844,161.9600067138672,159.36000061035156,159.5,13691700,0.01523412410856,0.0121949132844129,160.76699981689453,154.6075991821289,0.0438684789324606
2020-05-08,160.4199981689453,162.0,160.0,161.0800018310547,12240900,-0.0060284277412398,0.0109593200972516,160.85349960327147,154.7359991455078,0.0367335271354178
2020-05-11,159.4199981689453,160.7100067138672,158.88999938964844,160.33999633789062,11209800,-0.0062531470105992,0.0103376646099497,160.75399932861328,154.95679901123046,0.0288028610954423
2020-05-12,160.0399932861328,160.9499969482422,159.72000122070312,160.3000030517578,10406000,0.0038815245238018,0.0102043129809077,160.62199935913085,155.1735989379883,0.0313609684988312
2020-05-13,161.5800018310547,161.6199951171875,160.5399932861328,160.94000244140625,10950400,0.0095766453458976,0.0104055299218958,160.6084991455078,155.3273989868164,0.0402543458850359
2020-05-14,163.00999450683594,163.33999633789062,161.50999450683594,161.52999877929688,17084400,0.0088111275361233,0.0105905792284195,160.67349853515626,155.50439880371093,0.0482661311246836
2020-05-15,163.92999267578125,164.8000030517578,163.0800018310547,164.02000427246094,13918800,0.005627947839551,0.0095316054313655,160.94149780273438,155.6331985473633,0.0533099249122803
2020-05-18,162.69000244140625,164.5,162.41000366210938,164.3300018310547,14133800,-0.0075928982318519,0.009655813776763,161.09099807739258,155.73599853515626,0.0446525143297564
2020-05-19,164.25999450683594,164.42999267578125,163.0399932861328,163.60000610351562,8535800,0.0096039403425891,0.0096592964499026,161.3734977722168,155.86499847412108,0.0538606878702707
2020-05-20,164.64999389648438,164.9600067138672,163.88999938964844,164.5399932861328,10666100,0.0023714668825757,0.0087182330677082,161.51949768066407,156.0683984375,0.054986118553789
2020-05-21,162.25,163.5800018310547,161.3699951171875,163.4600067138672,11791000,-0.0146836161685368,0.0091058070584002,161.46499786376953,156.23479858398437,0.0385010347920802
2020-05-22,163.2100067138672,163.47000122070312,162.74000549316406,162.8800048828125,8540900,0.0058994007147757,0.0091576440630193,161.49349822998047,156.54319885253906,0.0425876557410082
2020-05-26,160.88999938964844,162.5800018310547,160.69000244140625,162.5800018310547,13972000,-0.014316858429627,0.0096073363001822,161.4599983215332,156.89539886474608,0.0254602783370719
2020-05-27,161.17999267578125,161.33999633789062,159.1999969482422,159.4199981689453,13063500,0.001800809585778,0.0095632272189036,161.47699813842777,157.28619873046875,0.0247561068723203
2020-05-28,161.72000122070312,162.4600067138672,160.89999389648438,162.1199951171875,9758500,0.0033447448656947,0.0095106882095629,161.47649841308595,157.64939880371094,0.0258206022216455
2020-05-29,162.91000366210938,163.39999389648438,162.32000732421875,162.5800018310547,12581800,0.0073314712365973,0.008600668913069,161.6819984436035,158.09359893798828,0.0304655264759347
2020-06-01,163.66000366210938,163.74000549316406,162.38999938964844,162.9199981689453,8140200,0.0045932039181421,0.0085611353172485,161.87599868774413,158.6059991455078,0.0318651535492357
2020-06-02,162.60000610351562,164.0800018310547,161.86000061035156,163.88999938964844,10388900,-0.0064978928248545,0.0087103630355531,161.9889991760254,159.05579925537108,0.0222827892144577
2020-06-03,159.60000610351562,160.89999389648438,158.82000732421875,160.33999633789062,17000500,-0.0186225113924192,0.0096689896272041,161.91799926757812,159.32179931640624,0.0017461941071659
2020-06-04,161.27999877929688,161.8699951171875,159.83999633789062,161.13999938964844,10094000,0.0104712540558731,0.0094920007344974,162.03449935913085,159.4793994140625,0.0112904824814358
2020-06-05,158.00999450683594,158.72000122070312,157.0399932861328,158.72000122070312,16021200,-0.0204836899154137,0.0099671989714733,161.86549911499023,159.61359924316406,-0.0100467926538333
2020-06-08,159.72000122070312,159.86000061035156,158.47000122070312,158.89999389648438,9244400,0.0107640024390437,0.010230297108361,161.83049926757812,159.74319915771486,-0.0001452201854854
2020-06-09,161.25999450683594,161.77999877929688,160.8699951171875,161.10000610351562,9045600,0.0095956453550641,0.010351370990113,161.92249908447266,159.92339904785158,0.0083577229282403
2020-06-10,163.57000732421875,163.6300048828125,160.52000427246094,162.10000610351562,13009300,0.0142231428548532,0.0107749297309923,162.09899978637696,160.13639923095704,0.0214417715756777
2020-06-11,162.38999938964844,164.05999755859375,161.97000122070312,163.35000610351562,11673900,-0.0072402323292651,0.0107339635831901,162.13949966430664,160.42319915771483,0.0122600736194021
2020-06-12,162.6199951171875,163.8800048828125,162.55999755859375,163.41000366210938,6895400,0.0014153150353447,0.0105493127767941,162.11999969482423,160.68659912109376,0.0120320923254883
2020-06-15,162.3300018310547,162.55999755859375,160.16000366210938,160.52000427246094,8532500,-0.0017848491512042,0.0104666407052952,162.04000015258788,160.89519927978515,0.0089176218910952
2020-06-16,162.25,162.69000244140625,161.36000061035156,161.85000610351562,7964000,-0.0004929560183834,0.0103326130571059,162.01800003051758,161.08719940185546,0.0072184543679586
2020-06-17,162.55999755859375,162.6199951171875,161.77000427246094,162.0,4758200,0.0019087937874243,0.0100913146926379,161.93300018310546,161.2007992553711,0.0084317094549229
2020-06-18,162.24000549316406,162.32000732421875,161.44000244140625,162.1999969482422,5397600,-0.0019703951105462,0.0100725187158591,161.81250076293946,161.32479949951173,0.0056730645039797
2020-06-19,164.02999877929688,164.08999633789062,162.77999877929688,162.8699951171875,12187400,0.0109725762213664,0.0098337883709724,161.9015007019043,161.51239959716796,0.015587652640962
2020-06-22,165.08999633789062,165.72999572753906,164.41000366210938,165.05999755859375,12385600,0.00644142707483,0.0098500532766756,161.99550018310546,161.64039947509767,0.0213411800143713
2020-06-23,166.47999572753906,166.52000427246094,165.52000427246094,165.6300048828125,12137300,0.0083843988645957,0.009338674659624,162.275,161.74179931640626,0.0292948169932482
2020-06-24,165.89999389648438,166.99000549316406,165.4499969482422,166.00999450683594,10901400,-0.003489996015801,0.0094105593648974,162.51100006103516,161.8061993408203,0.0253006038850285
2020-06-25,165.8000030517578,165.91000366210938,165.16000366210938,165.88999938964844,7093800,-0.000602899298615,0.0094099755646826,162.7150001525879,161.88519927978516,0.024182592290026
2020-06-26,166.5399932861328,166.55999755859375,164.22000122070312,164.8699951171875,9753500,0.0044532193863769,0.0093337052929833,162.89649963378906,161.98179901123046,0.0281401632944348
2020-06-29,166.6300048828125,166.8000030517578,166.17999267578125,166.55999755859375,6735700,0.0005403343600226,0.0092978427639441,163.0449996948242,162.14299896240234,0.0276731400623137
2020-06-30,167.3699951171875,167.99000549316406,166.19000244140625,166.30999755859375,12762300,0.004431086497931,0.009160361060702,163.28349914550782,162.29639892578126,0.0312612986177617
2020-07-01,166.6199951171875,167.05999755859375,165.33999633789062,167.0500030517578,13214800,-0.0044911601101022,0.0080028317241803,163.6344985961914,162.45659881591797,0.0256277450815472
2020-07-02,166.97999572753906,167.24000549316406,166.02000427246094,166.1999969482422,8753500,0.0021582779375089,0.0077602222591343,163.91949844360352,162.56159881591796,0.02717983179179
2020-07-06,167.97999572753906,168.0,167.19000244140625,167.75,7265700,0.0059708800839463,0.0057737858608482,164.41799850463866,162.65439880371093,0.03274179464556
2020-07-07,169.0399932861328,169.0399932861328,167.3800048828125,167.41000366210938,11633100,0.0062904343270385,0.0055415791150363,164.88399810791014,162.7823986816406,0.038441469441241
2020-07-08,170.08999633789062,170.86000061035156,169.77999877929688,170.32000732421875,11662700,0.0061923536054023,0.005372756323505,165.32549819946288,162.95299865722657,0.0437978910451154
2020-07-09,169.6300048828125,170.63999938964844,168.77999877929688,170.47999572753906,13327400,-0.0027080639028713,0.0047540900528329,165.62849807739258,163.128798828125,0.0398532086387594
2020-07-10,169.19000244140625,170.14999389648438,168.57000732421875,169.9499969482422,8218000,-0.0025972650920347,0.0043876777069763,165.96849822998047,163.27799896240234,0.0362082063509686
2020-07-13,169.39999389648438,170.4199981689453,169.16000366210938,170.2899932861328,11095900,0.0012403879870823,0.0043891858164227,166.3074981689453,163.48999877929688,0.0361489703426182
2020-07-14,170.19000244140625,170.1999969482422,168.80999755859375,168.97000122070312,9812700,0.0046527281640108,0.0043293907320377,166.70049819946288,163.69819885253906,0.039657147325824
2020-07-15,170.33999633789062,170.42999267578125,169.38999938964844,169.6199951171875,7533800,0.0008809438623464,0.0042924116884194,167.10499801635743,163.89819885253905,0.0393036502563846
2020-07-16,168.72999572753906,170.0,168.64999389648438,169.8000030517578,10242400,-0.0094966393251546,0.0050555142450226,167.4134979248047,164.05239868164062,0.0285128232411631
2020-07-17,170.1199951171875,170.27000427246094,169.61000061035156,169.94000244140625,10296000,0.0082042627943085,0.0051603461386543,167.8074974060059,164.2757986450195,0.0355755170291186
2020-07-20,170.94000244140625,171.07000732421875,170.27000427246094,170.75999450683594,10095500,0.0048085903368463,0.0047904167611223,168.15299758911132,164.46679870605467,0.039358726419433
2020-07-21,173.0,173.25,172.30999755859375,172.52999877929688,12826100,0.0119789624776663,0.0051993643701262,168.5484977722168,164.7183987426758,0.0502773297976371
2020-07-22,175.6300048828125,175.77000427246094,173.75999450683594,174.0500030517578,18712500,0.0150879427375645,0.0057918375302059,169.00599822998046,165.04259887695312,0.0641495351981992
2020-07-23,177.17999267578125,178.41000366210938,175.64999389648438,176.1699981689453,23006800,0.0087865864108133,0.005754474086291,169.56999816894532,165.3853988647461,0.0713158107789243
2020-07-24,178.6999969482422,179.16000366210938,178.1999969482422,179.13999938964844,15601300,0.0085422814416774,0.0057921587490144,170.21499786376953,165.72779876708984,0.0782741234582086
2020-07-27,182.22999572753903,182.8300018310547,181.52999877929688,181.8500061035156,21115600,0.0195611969646978,0.0067886570280156,170.99949798583984,166.1121987915039,0.0970295803276038
2020-07-28,183.75,184.2599945068359,181.4199981689453,182.02000427246097,21164600,0.008306536040414,0.0067722343019333,171.85549774169922,166.50859893798827,0.1035466106374052
2020-07-29,185.1300048828125,186.13999938964844,182.38999938964844,184.0099945068359,25640100,0.007482169283186,0.0067956765567862,172.74349822998047,166.9573989868164,0.1088457654843501
2020-07-30,183.7599945068359,184.3300018310547,182.1300048828125,183.44000244140625,18061200,-0.0074277788884334,0.0070398474276539,173.6004981994629,167.34739898681642,0.098074996201838
2020-07-31,185.42999267578125,185.75,184.1699981689453,184.5099945068359,15876700,0.0090468843530281,0.0070673275268091,174.522998046875,167.76299896240235,0.1053092387633001
2020-08-03,185.63999938964844,185.82000732421875,184.1999969482422,185.0500030517578,12897000,0.0011318982444248,0.0071236020542325,175.40599822998047,168.23079895019532,0.1034840263976104
2020-08-04,189.58999633789065,189.6000061035156,185.2100067138672,185.61000061035156,20773200,0.0210545154128538,0.007978274120393,176.43349838256836,168.75839874267578,0.1234403606008318
2020-08-05,191.3500061035156,193.1300048828125,190.6199951171875,191.6499938964844,27078100,0.0092404172708341,0.0080164628614124,177.49649887084962,169.36759887695314,0.1297911015585268
2020-08-06,193.88999938964844,194.4499969482422,192.52000427246097,193.7400054931641,20640100,0.0131867410261472,0.0079064617403055,178.7094985961914,170.02179901123046,0.1403831774350382
2020-08-07,190.80999755859375,192.9600067138672,189.3300018310547,192.7100067138672,24570200,-0.0160128290476961,0.009198753685704,179.79049835205078,170.6035989379883,0.1184406351705989
2020-08-10,190.1499938964844,192.61000061035156,189.66000366210935,191.1999969482422,19047200,-0.0034649534714479,0.0093855126470367,180.82799835205077,171.1483987426758,0.1110240895819177
2020-08-11,179.94000244140625,183.97999572753903,179.42999267578125,183.57000732421875,45355000,-0.0551897267189794,0.0165598650618205,181.3154983520508,171.47399871826173,0.0493719385237786
2020-08-12,179.10000610351562,183.1000061035156,179.0399932861328,182.61000061035156,28660500,-0.0046791324113835,0.0166399962924627,181.75349884033204,171.8039987182617,0.042467040579297
2020-08-13,183.3300018310547,184.6999969482422,181.36000061035156,181.55999755859375,18596800,0.0233434744172065,0.0170093189406115,182.4834991455078,172.2785986328125,0.0641484391325743
2020-08-14,182.5399932861328,183.72000122070312,181.4900054931641,183.44000244140625,11792000,-0.0043185272542077,0.0170825312438539,183.10449905395507,172.70379852294923,0.0569541309878979
2020-08-17,186.5,187.0099945068359,184.66000366210935,184.69000244140625,15709800,0.0214619487753916,0.0175480127572023,183.88249893188475,173.2735986328125,0.0763324676785631
2020-08-18,188.17999267578125,189.3999938964844,185.6300048828125,189.17999267578125,16291600,0.0089676735734032,0.0174919928245783,184.64149856567383,173.84279846191407,0.0824721779718025
2020-08-19,182.2400054931641,187.4600067138672,181.7100067138672,187.2100067138672,24646900,-0.03207438281593,0.0190567047021086,184.9719985961914,174.26239868164063,0.0457792780994465
2020-08-20,183.5,183.7100067138672,180.92999267578125,181.19000244140625,16692200,0.0068901376532814,0.0190250505037415,185.28799896240236,174.66099853515624,0.0506066124605638
2020-08-21,182.02999877929688,182.80999755859375,180.47000122070312,182.13999938964844,12713700,-0.0080431655428721,0.0190749160865288,185.4544990539551,175.05379852294922,0.0398517502345605
2020-08-24,181.0,182.92999267578125,180.69000244140625,182.91000366210935,11605800,-0.005674470685927,0.0186060348908984,185.39299926757812,175.42139862060546,0.0318011452608454
2020-08-25,181.22000122070312,181.25,179.72999572753906,181.05999755859375,10056100,0.0012147382641175,0.0184998798728608,185.2664993286133,175.79919860839843,0.0308351952410193
2020-08-26,183.36000061035156,183.5800018310547,180.1999969482422,180.2599945068359,12715800,0.0117396673251376,0.0186229893585718,185.17799911499023,176.22139862060547,0.0405092800626051
2020-08-27,181.2400054931641,185.1699981689453,179.3699951171875,185.0,16299200,-0.0116292867473594,0.0187288805462006,185.05199966430663,176.59499877929687,0.02630316116524
2020-08-28,184.38999938964844,185.3999938964844,183.3999938964844,183.97999572753903,13200800,0.0172309262992397,0.0190396524957979,185.00000000000003,177.03799865722655,0.0415278120413941
2020-08-31,184.8300018310547,185.52999877929688,184.27999877929688,184.7899932861328,10251200,0.002383417194324,0.0190465966587199,184.95950012207032,177.45399871826172,0.0415657193755528
2020-09-01,185.0500030517578,186.9900054931641,184.3300018310547,186.9900054931641,10662100,0.0011895817224104,0.0183853333626525,184.7325004577637,177.85319885253907,0.0404648566663438
2020-09-02,182.6199951171875,183.86000061035156,181.5,183.75,11536900,-0.0132186108730582,0.0183991983599692,184.2959999084473,178.17599884033203,0.024941610013579
2020-09-03,181.13999938964844,182.82000732421875,180.4900054931641,182.3000030517578,12148100,-0.0081372548733369,0.0180672609556583,183.65849990844728,178.48079895019532,0.0148990841317062
2020-09-04,181.63999938964844,182.1000061035156,180.0500030517578,180.9499969482422,11567900,0.0027564932922231,0.0178640126688867,183.2,178.79759887695312,0.0158973080765555
2020-09-08,181.2899932861328,182.27000427246097,179.02000427246094,179.5,13229200,-0.0019287808618004,0.017862778411631,182.75699996948245,179.09259887695313,0.0122695992071085
2020-09-09,183.0500030517578,183.22000122070312,182.19000244140625,182.5,8424100,0.0096614342302388,0.0129961351610567,182.9125,179.42099884033203,0.0202261955673051
2020-09-10,182.4600067138672,184.67999267578125,182.27999877929688,184.22999572753903,9143600,-0.0032283485242562,0.0129676271472721,183.0805000305176,179.72279907226562,0.015230163650528
2020-09-11,182.4499969482422,183.5500030517578,182.0099945068359,183.13999938964844,7662300,-5.486155779261841e-05,0.0118460042799443,183.03649978637696,180.03939910888673,0.0133892795204095
2020-09-14,183.88999938964844,184.3000030517578,183.38999938964844,183.57000732421875,9709500,0.0078616032777361,0.01193805626128,183.10400009155276,180.3775991821289,0.0194724856270707
2020-09-15,183.4499969482422,184.6699981689453,182.9199981689453,184.4600067138672,7993700,-0.0023956152677241,0.010862951199205,182.95149993896487,180.68699920654296,0.0152916244878296
2020-09-16,183.97000122070312,185.0099945068359,183.3300018310547,184.97999572753903,12702400,0.0028305733071044,0.0106565045945396,182.74100036621095,180.9855993652344,0.0164897199884181
2020-09-17,182.9600067138672,183.08999633789065,181.47999572753903,181.9199981689453,8836200,-0.0055051210626851,0.0078941047673634,182.7770004272461,181.24299957275392,0.0094735087432937
2020-09-18,183.1999969482422,184.08999633789065,182.63999938964844,183.07000732421875,9959700,0.0013108491716183,0.007742258483786,182.7620002746582,181.5143994140625,0.0092863020213321
2020-09-21,179.52000427246094,180.2899932861328,176.75,179.83999633789062,17436100,-0.0202917894482728,0.0088152600072635,182.6365005493164,181.7209994506836,-0.0121119473526777
2020-09-22,178.64999389648438,180.02000427246094,178.11000061035156,179.6300048828125,7977900,-0.004858095828927,0.0087928471221546,182.5190002441406,181.9059994506836,-0.0178993851991228
2020-09-23,174.7899932861328,177.25999450683594,174.10000610351562,176.97999572753906,18134000,-0.0218433353688173,0.0099681271617201,182.1974998474121,181.99799926757817,-0.0396048638471455
2020-09-24,175.44000244140625,176.24000549316406,173.77000427246094,174.36000061035156,11759200,0.003711903089591,0.0095466782940467,181.80149993896484,182.09999938964845,-0.0365732947312727
2020-09-25,174.94000244140625,175.3000030517578,173.88999938964844,174.41000366210938,6779200,-0.0028540460781505,0.0092890534510296,181.48649978637695,182.2241995239258,-0.0399738185243784
2020-09-28,176.6999969482422,176.80999755859375,175.08999633789062,175.8300018310547,7109700,0.0100102901074218,0.0086285695241845,181.10199966430665,182.35579956054687,-0.031015205581256
2020-09-29,178.19000244140625,178.3300018310547,176.9499969482422,177.19000244140625,8718500,0.0083970483856554,0.0088947988403649,180.7699996948242,182.50079956054688,-0.023620702646349
2020-09-30,177.1199951171875,178.61000061035156,176.66000366210938,177.7100067138672,8371800,-0.0060229690479587,0.0089121548892202,180.3734992980957,182.58319946289063,-0.0299217253382259
2020-10-01,178.6999969482422,179.5,178.0399932861328,178.7100067138672,10402800,0.008880963695329,0.0088425317618119,180.17749938964843,182.64459930419923,-0.0215971475257651
2020-10-02,178.5399932861328,179.2899932861328,178.16000366210938,178.69000244140625,7488500,-0.0008957769408936,0.0086854259856423,180.04749908447266,182.67179931640624,-0.0226187405266464
2020-10-05,179.41000366210938,180.13999938964844,178.89999389648438,179.02000427246094,6969600,0.00486108169631,0.0087423620428676,179.9359992980957,182.6859994506836,-0.0179323856147968
2020-10-06,177.3000030517578,180.3699951171875,177.0500030517578,180.16000366210935,8632800,-0.0118304795506926,0.0090938246691104,179.73649978637695,182.58739959716797,-0.0289581677436418
2020-10-07,177.22000122070312,177.4199981689453,176.42999267578125,177.08999633789062,6410900,-0.0004513247853353,0.008737386847821,179.44499969482422,182.45679962158204,-0.0287015798355561
2020-10-08,177.85000610351562,178.4499969482422,176.6699981689453,178.17999267578125,6530800,0.0035486272055745,0.0088028289211715,179.21449966430663,182.31119964599608,-0.0244702111068492
2020-10-09,181.0800018310547,181.1699981689453,179.92999267578125,180.1300048828125,15979800,0.0179983999668155,0.0098037282812983,179.1459999084473,182.25759979248048,-0.0064611734312676
2020-10-12,180.55999755859375,180.8300018310547,180.19000244140625,180.57000732421875,4843000,-0.0028758136916343,0.0096211295643948,178.97949981689453,182.1601998901367,-0.0087845881400441
2020-10-13,177.72000122070312,178.60000610351562,177.10000610351562,178.55999755859375,8384300,-0.0158538340515832,0.0101843818749254,178.69300003051757,182.00179992675783,-0.0235261338502026
2020-10-14,178.27000427246094,179.58999633789062,178.27000427246094,179.08999633789062,9076600,0.003089993993611,0.0101904672113957,178.40800018310546,181.7754000854492,-0.0192842145380532
2020-10-15,178.9199981689453,179.14999389648438,177.58999633789062,177.7100067138672,6815400,0.0036394894007114,0.0102099187385243,178.20599975585938,181.5267999267578,-0.0143604236887571
2020-10-16,178.3000030517578,179.32000732421875,178.1300048828125,179.22000122070312,7260700,-0.0034712263457632,0.010206077233304,177.96100006103515,181.215,-0.0160858480161255
2020-10-19,178.38999938964844,179.47999572753906,178.3699951171875,179.41000366210938,6084400,0.0005046193567768,0.0091834248590811,177.90449981689454,180.9666000366211,-0.0142379900293824
2020-10-20,179.25,179.6699981689453,178.0800018310547,178.5399932861328,7121400,0.0048093181379983,0.0091861753274363,177.93450012207032,180.7486001586914,-0.0082910747711223
2020-10-21,180.6000061035156,181.30999755859375,180.22999572753903,180.47000122070312,7548100,0.007503195298922,0.0077105414460817,178.22500076293946,180.7618002319336,-0.0008950681405606
2020-10-22,178.8300018310547,179.02999877929688,177.72000122070312,178.8800048828125,8377000,-0.009849030639627,0.0081044831422177,178.39450073242188,180.75640014648437,-0.0106574279741604
2020-10-23,178.63999938964844,179.1999969482422,177.75999450683594,179.08999633789062,5919300,-0.0010630400237792,0.0080699790039994,178.579500579834,180.66260009765625,-0.011195458865944
2020-10-26,178.5500030517578,179.13999938964844,178.22000122070312,178.75,5105100,-0.0005039129828936,0.007793023173539,178.67200088500977,180.58280029296876,-0.0112568707424684
2020-10-27,179.02000427246094,179.42999267578125,178.50999450683594,178.7100067138672,5826900,0.0026288641762707,0.007590290386816,178.7135009765625,180.433200378418,-0.0078322398704516
2020-10-28,176.1300048828125,176.85000610351562,175.44000244140625,176.4499969482422,11734100,-0.0162751688416432,0.0083437704003278,178.66400146484375,180.1922006225586,-0.0225436823886457
2020-10-29,175.39999389648438,176.13999938964844,174.8300018310547,175.02000427246094,8474500,-0.0041533413265921,0.0080959049377648,178.49900131225587,180.055400390625,-0.0258554116346461
2020-10-30,176.1999969482422,177.36000061035156,175.9499969482422,177.17999267578125,7303000,0.0045506510418401,0.008188260149729,178.38200149536132,179.90940032958986,-0.0206181743397072
2020-11-02,177.91000366210938,177.92999267578125,177.1300048828125,177.4499969482422,6498400,0.0096581288485121,0.008425312574278,178.30700149536133,179.8270004272461,-0.0106602276664916
2020-11-03,178.9199981689453,179.38999938964844,178.3000030517578,178.9499969482422,7577200,0.0056609432999779,0.0080792329092516,178.38800125122071,179.785400390625,-0.0048135289061258
2020-11-04,178.82000732421875,179.19000244140625,177.66000366210938,178.92999267578125,11117300,-0.0005590140649358,0.0080799044276673,178.46800155639647,179.7374005126953,-0.0051040750887668
2020-11-05,182.92999267578125,183.2899932861328,180.97000122070312,181.0,16102800,0.0227237716990557,0.0094828672730595,178.72200088500978,179.7288003540039,0.0178112373502304
2020-11-06,183.19000244140625,183.52999877929688,182.19000244140625,183.3999938964844,10378300,0.0014203529597109,0.0086438077144591,178.82750091552734,179.76780029296876,0.0190367915881504
2020-11-09,175.0800018310547,176.4499969482422,173.63999938964844,176.4199981689453,29800700,-0.0452808561434652,0.0134181634272498,178.5535011291504,179.58160034179687,-0.0250671477599838
2020-11-10,175.66000366210938,176.91000366210938,175.66000366210938,176.75,11728500,0.0033073065556014,0.0130206044450834,178.45050125122071,179.39820037841798,-0.020837425952007
2020-11-11,174.89999389648438,175.27999877929688,174.44000244140625,174.6999969482422,9008500,-0.0043359822093023,0.0130162331284283,178.28200073242186,179.1952001953125,-0.0239694271618135
2020-11-12,175.9600067138672,176.77000427246094,175.83999633789062,176.0399932861328,7167900,0.0060423875087803,0.0130718378577622,178.13400115966795,179.0620004272461,-0.0173235734325399
2020-11-13,177.16000366210938,177.8000030517578,176.83999633789062,177.64999389648438,6469800,0.0067965650900321,0.0131641203486359,178.07700119018554,178.9824005126953,-0.0101819890970602
2020-11-16,177.14999389648438,177.91000366210938,176.8699951171875,177.22999572753906,8358500,-5.650286865533134e-05,0.0131628666652509,178.01500091552734,178.89260040283204,-0.0097410765030171
2020-11-17,176.5,177.44000244140625,176.08999633789062,177.25,8229100,-0.003675920484188,0.0131245536096794,177.87750091552735,178.79680053710936,-0.0128458704529931
2020-11-18,175.49000549316406,176.86000061035156,175.35000610351562,176.25999450683594,7384700,-0.0057387838459729,0.0130186496651549,177.62200088500975,178.6456005859375,-0.0176639955443819
2020-11-19,175.16000366210938,175.22000122070312,174.1699981689453,174.3000030517578,6965100,-0.001882229686957,0.0128686731150992,177.4385009765625,178.49960052490235,-0.0187092679926029
2020-11-20,175.69000244140625,176.3800048828125,175.5800018310547,176.1199951171875,6379400,0.0030212294326437,0.0129006017184969,177.2910011291504,178.36440063476562,-0.0149940132887598
2020-11-23,172.22999572753906,175.24000549316406,171.77999877929688,175.10000610351562,15510600,-0.0198903242321278,0.0135847884867126,176.97500076293946,178.13120056152343,-0.0331284177919532
2020-11-24,169.58999633789062,169.69000244140625,168.86000061035156,169.3000030517578,19504000,-0.0154470302795277,0.0138727378174937,176.50350036621094,177.8540005493164,-0.0464651016333719
2020-11-25,169.50999450683594,170.52000427246094,169.24000549316406,169.97999572753906,10286600,-0.0004718480371509,0.0135043390896069,176.1724998474121,177.56480041503906,-0.0453626275555507
2020-11-27,167.7899932861328,167.8300018310547,166.77999877929688,166.89999389648438,10569100,-0.0101987322361653,0.0136241903193644,175.79199981689453,177.26140014648436,-0.0534318630707227
2020-11-30,166.6699981689453,167.42999267578125,166.02999877929688,166.67999267578125,13210000,-0.0066973589201171,0.0135621016727994,175.31549987792968,176.93080017089844,-0.0579933058124541
2020-12-01,170.17999267578125,170.47999572753906,169.3000030517578,169.75999450683594,13533300,0.0208408588153641,0.0143117012154537,174.9289993286133,176.74399993896483,-0.037138501252944
2020-12-02,171.4600067138672,171.75999450683594,170.14999389648438,170.57000732421875,9199700,0.0074933850243151,0.0143705613009364,174.55599975585938,176.6002001953125,-0.0291063853594757
2020-12-03,172.80999755859375,172.85000610351562,171.0800018310547,172.63999938964844,10457300,0.0078426685305537,0.0145406776884425,174.25549926757813,176.56060028076172,-0.0212425802597174
2020-12-04,172.32000732421875,173.32000732421875,171.58999633789062,172.77999877929688,10098600,-0.0028394550265411,0.0133551104111062,173.725,176.49820037841798,-0.0236727232642658
2020-12-07,174.88999938964844,175.2899932861328,172.50999450683594,172.55999755859375,10555100,0.0148039454595147,0.0139113191428807,173.30999984741212,176.4972003173828,-0.0091060987077656
2020-12-08,175.5,175.92999267578125,174.72000122070312,175.50999450683594,6348400,0.0034818415347374,0.0095860229576281,173.33099975585938,176.47320037841797,-0.0055147205146792
2020-12-09,172.5,174.0399932861328,171.24000549316406,173.9199981689453,10743200,-0.0172418064345061,0.0103009882147417,173.1729995727539,176.35940032958985,-0.0218837233647721
2020-12-10,172.1699981689453,173.5800018310547,171.6999969482422,172.89999389648438,6564000,-0.0019148863181888,0.010272766260683,173.03649978637696,176.260400390625,-0.023206586463066
2020-12-11,172.49000549316406,173.32000732421875,172.11000061035156,172.25,6084800,0.0018569454695868,0.0101684294019694,172.8629997253418,176.13620056152342,-0.0207009976185205
2020-12-14,171.5399932861328,172.52000427246094,170.91000366210938,171.91000366210938,7644400,-0.0055228591993228,0.0100439175134665,172.58199920654295,175.99620056152344,-0.0253199061182736
2020-12-15,173.94000244140625,173.97999572753906,173.05999755859375,173.42999267578125,6840500,0.0138939897740396,0.0106252090029725,172.42149963378907,175.88680053710937,-0.011068471822548
2020-12-16,174.89999389648438,175.02000427246094,173.02000427246094,174.1300048828125,8174700,0.005503920929853,0.0106976636377602,172.34149932861328,175.8388003540039,-0.0053390176436001
2020-12-17,176.74000549316406,177.8699951171875,176.5800018310547,177.14999389648438,9475800,0.0104654100429557,0.0108883784200332,172.40399932861328,175.82920043945313,0.005180055709942
2020-12-18,176.44000244140625,176.97999572753906,176.10000610351562,176.64999389648438,6789900,-0.0016988680965652,0.0108864726464902,172.46799926757814,175.80100036621093,0.0036348034076269
2020-12-21,175.8800048828125,176.94000244140625,175.75999450683594,176.2899932861328,8168900,-0.0031789169989821,0.0108950988137539,172.47749938964844,175.69700042724608,0.0010415912344627
2020-12-22,174.49000549316406,176.33999633789062,174.33999633789062,176.1999969482422,9442400,-0.0079345071833982,0.0100374363288818,172.5904998779297,175.5756005859375,-0.0061830635301861
2020-12-23,175.64999389648438,176.2100067138672,175.05999755859375,175.10000610351562,6542800,0.0066258790722755,0.0093651299284245,172.89349975585938,175.53420043945312,0.0006596632265471
2020-12-24,176.35000610351562,176.3699951171875,175.50999450683594,175.5500030517578,3695400,0.0039773473286313,0.009362279995196,173.23550033569336,175.4958004760742,0.0048673850036535
2020-12-28,175.7100067138672,177.91000366210938,175.6300048828125,177.25999450683594,7778700,-0.0036357443125672,0.0090218504074721,173.6315010070801,175.43160064697267,0.0015869778641236
2020-12-29,176.35000610351562,176.97000122070312,175.57000732421875,176.25,5983700,0.0036357443125671,0.0087715123781256,174.1155014038086,175.39260070800782,0.0054586418790932
2020-12-30,177.6999969482422,177.72000122070312,176.44000244140625,176.44000244140625,5914000,0.0076260266946551,0.0077850621102677,174.49150161743165,175.3788006591797,0.0132353299277794
2020-12-31,178.36000061035156,178.39999389648438,177.32000732421875,178.07000732421875,7540800,0.0037072651943418,0.0076940992946887,174.83650131225585,175.3610006713867,0.0171018637409851
2021-01-04,182.3300018310547,182.3999938964844,180.9600067138672,181.97000122070312,14331400,0.0220142589123479,0.0088316120406579,175.3125015258789,175.3956005859375,0.039535776393203
2021-01-05,182.8699951171875,183.2100067138672,181.82000732421875,182.8699951171875,12718800,0.0029572490918935,0.0087354921777976,175.84000091552736,175.47640045166017,0.0421344103622874
2021-01-06,179.89999389648438,181.5800018310547,178.24000549316406,181.4900054931641,18453500,-0.0163743841563195,0.0092778612990832,176.09050064086915,175.5016003417969,0.0250618430038326
2021-01-07,179.47999572753906,179.9199981689453,178.83999633789062,179.69000244140625,7110200,-0.0023373497260989,0.0093007583115735,176.28950042724608,175.5202001953125,0.0225603407916595
2021-01-08,173.33999633789062,176.99000549316406,171.47999572753906,176.8300018310547,24399900,-0.034808794723662,0.0116571952365269,176.3315002441406,175.4066000366211,-0.0117817898431358
2021-01-11,173.0,173.67999267578125,172.02999877929688,172.13999938964844,8571400,-0.0019633680816781,0.011657672587679,176.37300033569335,175.34399993896486,-0.0133680076864949
2021-01-12,174.1199951171875,174.17999267578125,172.32000732421875,173.1300048828125,9798500,0.0064530941435164,0.0117362524756765,176.45449981689453,175.3183999633789,-0.0068355908247037
2021-01-13,173.3699951171875,174.4600067138672,173.0500030517578,173.67999267578125,14110300,-0.0043166778076138,0.0117068970902701,176.54599990844727,175.26179992675782,-0.0107941651310263
2021-01-14,173.27999877929688,174.22000122070312,172.66000366210938,173.44000244140625,13522700,-0.0005192346256867,0.0112766914972473,176.5129997253418,175.16919982910156,-0.0107850070197718
2021-01-15,171.1300048828125,173.07000732421875,170.97999572753906,172.83999633789062,16172500,-0.0124852460858674,0.0115135629800697,176.3245002746582,175.0133999633789,-0.0221891299830698
2021-01-19,172.5800018310547,172.85000610351562,171.9199981689453,172.7100067138672,7485700,0.0084373775679232,0.0114149490075185,176.11650009155272,174.8885998535156,-0.0132003917030302
2021-01-20,175.38999938964844,175.47000122070312,173.82000732421875,174.3699951171875,9456000,0.0161511546000279,0.0120531265500846,176.06399993896486,174.73779998779298,0.0037324459956633
2021-01-21,175.27999877929688,175.50999450683594,174.50999450683594,175.11000061035156,7246800,-0.0006273739671711,0.0120345224274292,176.03399963378905,174.57959991455078,0.0040119169999754
2021-01-22,173.89999389648438,174.2899932861328,172.35000610351562,172.88999938964844,7269600,-0.0079043020605179,0.0120334987129575,176.00449905395507,174.55599975585938,-0.003758139853643
2021-01-25,174.0500030517578,174.9600067138672,173.19000244140625,174.82000732421875,5936800,0.0008622455288576,0.0119307756983241,175.92449951171875,174.52379974365235,-0.0027147970224718
2021-01-26,173.6199951171875,174.25999450683594,173.4199981689453,173.97999572753906,4685600,-0.0024736569511458,0.0118917055398875,175.78799896240236,174.4981997680664,-0.005032743329422
2021-01-27,172.52000427246094,173.52000427246094,171.66000366210938,172.92999267578125,9036500,-0.0063557782954412,0.0119415334116232,175.62849884033204,174.4293997192383,-0.0109465230623433
2021-01-28,172.67999267578125,174.72999572753906,172.0399932861328,174.27999877929688,9392400,0.0009269317276355,0.0119024872407808,175.44499816894532,174.3397994995117,-0.0095205273178894
2021-01-29,172.61000061035156,175.16000366210938,172.61000061035156,174.8699951171875,11252800,-0.0004054103376829,0.0117285238423955,175.19049835205078,174.24899963378903,-0.0094060742206962
2021-02-01,174.22999572753906,175.25999450683594,174.05999755859375,175.02000427246094,9105500,0.0093415229782414,0.0119250166770385,174.98399810791017,174.20359954833984,0.000151524878175
2021-02-02,172.11000061035156,172.52999877929688,171.50999450683594,172.49000549316406,7221700,-0.0122424300846774,0.0108293757559131,174.472998046875,174.13599945068358,-0.011634577839867
2021-02-03,171.85000610351562,172.58999633789062,171.5,172.36000061035156,4658100,-0.001511772015805,0.0107483032610893,173.9219985961914,174.06979949951173,-0.0127523177620614
2021-02-04,168.14999389648438,168.39999389648438,167.33999633789062,168.2899932861328,13736600,-0.0217656369241351,0.011158322722324,173.3344985961914,173.91899932861327,-0.0331706452681951
2021-02-05,169.80999755859375,170.17999267578125,168.6699981689453,168.99000549316406,6538500,0.0098237486926909,0.011542701392111,172.85099868774415,173.87059936523437,-0.0233541600561856
2021-02-08,171.52000427246094,172.39999389648438,171.49000549316406,171.97999572753906,6887500,0.0100197522109129,0.0090843565009692,172.75999908447267,173.9091995239258,-0.0137381763472274
2021-02-09,172.0800018310547,173.02999877929688,171.75,172.57000732421875,5131800,0.0032595928083516,0.0091159321467324,172.7139991760254,173.96059967041015,-0.0108104814706231
2021-02-10,172.7100067138672,173.22000122070312,172.00999450683594,173.14999389648438,6112800,0.0036544306292798,0.0090284133286755,172.64349975585938,174.05899993896483,-0.0077502066860701
2021-02-11,171.2100067138672,172.8699951171875,170.7100067138672,172.6999969482422,5994500,-0.0087230137985228,0.0091813210920785,172.53550033569337,174.1498001098633,-0.016880831296628
2021-02-12,170.69000244140625,171.64999389648438,169.8800048828125,170.2899932861328,6018900,-0.0030418523515484,0.0091970788651314,172.40600051879883,174.16000030517577,-0.0199241953243519
2021-02-16,168.24000549316406,170.07000732421875,167.72999572753906,168.13999938964844,14761100,-0.0144574960341956,0.0093389735551246,172.2615005493164,174.09560028076172,-0.0336343639825154
2021-02-17,166.3300018310547,167.33999633789062,165.85000610351562,166.9199981689453,11400700,-0.0114177862341961,0.0093548748686552,171.9490005493164,173.96600036621095,-0.0438936258756419
2021-02-18,166.32000732421875,167.3000030517578,165.72999572753906,166.97999572753906,7498200,-6.0090224343136566e-05,0.0083633440680314,171.49550094604493,173.84600036621094,-0.0432911486380963
2021-02-19,167.00999450683594,167.94000244140625,166.60000610351562,166.75999450683594,8273500,0.0041399703856312,0.008491135184706,171.08200073242188,173.6884002685547,-0.0384504995808165
2021-02-22,169.50999450683594,169.88999938964844,168.3000030517578,168.5399932861328,10072000,0.0148582317519616,0.0092117894755115,170.86250076293945,173.5686001586914,-0.0233832942602793
2021-02-23,169.1199951171875,169.74000549316406,168.27999877929688,169.47999572753906,8616800,-0.0023033964742125,0.0092002610784548,170.61600036621093,173.50100006103514,-0.0252506034103922
2021-02-24,169.0,169.13999938964844,167.14999389648438,167.64999389648438,8890600,-0.0007097783269727,0.0091982517525715,170.38500061035157,173.43760009765626,-0.025586147958445
2021-02-25,165.82000732421875,167.66000366210938,165.4499969482422,166.9199981689453,16359400,-0.0189958080653072,0.0099628643910876,170.05000076293945,173.30420013427735,-0.0431852938605053
2021-02-26,161.80999755859375,165.10000610351562,160.9499969482422,165.0,23730400,-0.0244801145341545,0.011124694033799,169.5065010070801,173.10960021972656,-0.0652742692883024
2021-03-01,161.52999877929688,163.35000610351562,161.16000366210938,163.02999877929688,13828300,-0.0017319159550744,0.0111107821930979,168.95250091552734,172.8614001464844,-0.0655519471529512
2021-03-02,162.41000366210938,162.92999267578125,161.22000122070312,161.92999267578125,11424600,0.0054331483665202,0.0109089575924389,168.36150131225585,172.61160034179687,-0.059101454708066
2021-03-03,160.6199951171875,161.69000244140625,159.49000549316406,160.61000061035156,13059900,-0.0110827283745206,0.0108630989309432,167.78700103759766,172.28920013427734,-0.0677303336947132
2021-03-04,159.0399932861328,161.4600067138672,158.42999267578125,160.60000610351562,13870100,-0.0098855956672333,0.0109453381016955,167.14650039672853,171.94119995117188,-0.0750326662178859
2021-03-05,159.13999938964844,159.82000732421875,158.5500030517578,159.66000366210938,12821600,0.0006286134207733,0.0101340105731985,166.6960006713867,171.6063998413086,-0.0726453119649869
2021-03-08,157.49000549316406,158.74000549316406,157.1300048828125,158.5800018310547,12134900,-0.0104223150481412,0.0098177856691188,166.08000106811522,171.26639984130858,-0.0804383951604599
2021-03-09,160.83999633789062,161.25,160.4199981689453,160.75,10382600,0.0210480601944894,0.010884553989243,165.5460006713867,170.9701998901367,-0.0592512821459858
2021-03-10,161.66000366210938,161.77999877929688,160.66000366210938,161.05999755859375,7962000,0.0050853276984302,0.0109491729164237,165.02500076293944,170.67639984130858,-0.0528274335970436
2021-03-11,161.52000427246094,161.97999572753906,161.1199951171875,161.47000122070312,6749200,-0.0008663865026826,0.0108480858249499,164.46550064086915,170.39259979248047,-0.0520714839190515
2021-03-12,161.49000549316406,161.69000244140625,159.35000610351562,159.5399932861328,8608500,-0.0001857451996914,0.0107933324188633,163.979500579834,170.09539978027342,-0.0505915756582816
2021-03-15,162.1999969482422,162.5500030517578,161.42999267578125,162.30999755859375,8104500,0.0043868676100483,0.0109161301336955,163.55500030517578,169.78539978027345,-0.044676414119517
2021-03-16,162.35000610351562,163.1999969482422,161.80999755859375,162.36000061035156,7547400,0.0009244132771239,0.0105694647152755,163.26050033569337,169.46519989013672,-0.0419861646593744
2021-03-17,163.50999450683594,164.14999389648438,161.47999572753906,162.27000427246094,12626700,0.0071195808075622,0.0104925052429016,163.11949996948243,169.08879974365234,-0.0329933457761494
2021-03-18,162.55999755859375,162.82000732421875,161.11000061035156,161.14999389648438,8711100,-0.0058269675795917,0.0105486007829714,162.93149948120117,168.68259979248046,-0.0362965844812622
2021-03-19,163.24000549316406,163.42999267578125,162.42999267578125,162.55999755859375,6868900,0.0041743948168263,0.0105495110036076,162.74300003051758,168.34940002441405,-0.030349942028359
2021-03-22,163.0,163.1300048828125,162.16000366210938,162.27000427246094,5240000,-0.0014713433816878,0.0098550885693628,162.4175003051758,168.01980010986327,-0.0298762414107204
2021-03-23,161.80999755859375,162.49000549316406,161.58999633789062,162.4499969482422,6048300,-0.0073274084831506,0.0099281126867009,162.0520004272461,167.78920013427734,-0.0356352051913864
2021-03-24,162.3699951171875,162.88999938964844,161.94000244140625,162.2100067138672,6183700,0.0034548592032761,0.0100045984381598,161.72050018310546,167.5766000366211,-0.0310699997391985
2021-03-25,161.77999877929688,163.5800018310547,161.32000732421875,163.05999755859375,8398600,-0.0036402714825327,0.0091875875242497,161.51849975585938,167.32980010986327,-0.0331668437237275
2021-03-26,162.24000549316406,162.72999572753906,161.64999389648438,161.7100067138672,6153900,0.0028393742167224,0.0074079502068896,161.54000015258788,167.10720031738282,-0.0291261825640942
2021-03-29,160.30999755859375,161.52000427246094,159.8300018310547,161.4600067138672,8409300,-0.0119673287887777,0.0078819329727926,161.4790000915527,166.84780029296874,-0.0391842309152127
2021-03-30,157.57000732421875,158.1999969482422,157.5500030517578,157.94000244140625,8353200,-0.0172395750160292,0.0085997689465444,161.2370002746582,166.57660034179688,-0.0540687767615474
2021-03-31,159.9600067138672,160.67999267578125,158.0500030517578,158.05999755859375,10623800,0.0150539754945091,0.0090433979339589,161.2040008544922,166.32420043945314,-0.0382637866814979
2021-04-01,161.97999572753906,162.11000061035156,161.27999877929688,161.55999755859375,7105200,0.0125490184935917,0.0091700385451525,161.3510009765625,166.05600036621092,-0.0245459641908925
2021-04-05,161.9199981689453,162.39999389648438,161.36000061035156,161.52000427246094,6163800,-0.0003704696536619,0.0091744059061451,161.49000091552733,165.7888003540039,-0.0233357270020511
2021-04-06,163.22000122070312,163.52999877929688,162.75,162.7899932861328,6761200,0.0079966167292692,0.0089020550815751,161.7765007019043,165.57520050048828,-0.014224348046483
2021-04-07,162.75999450683594,163.30999755859375,162.5,162.82000732421875,5436000,-0.0028223021365765,0.0077031963502209,161.87250061035155,165.34940032958986,-0.0156602069169435
2021-04-08,164.50999450683594,164.77000427246094,164.13999938964844,164.1699981689453,6574500,0.0106946358568615,0.0079727514536257,162.0150001525879,165.16720031738282,-0.0039790334236095
2021-04-09,163.27000427246094,163.66000366210938,162.47999572753906,162.75,6657900,-0.0075660269341201,0.0081875665630192,162.10250015258788,164.98220031738282,-0.0103780652799396
2021-04-12,162.27999877929688,162.8000030517578,161.80999755859375,162.72999572753906,4896700,-0.0060820674901002,0.0083201133710106,162.14199981689453,164.77420043945312,-0.01513708853391
2021-04-13,163.42999267578125,163.85000610351562,163.02999877929688,163.17999267578125,6995900,0.0070614884732901,0.0084112035792206,162.2034996032715,164.59060028076172,-0.0070514816945845
2021-04-14,162.72000122070312,163.0500030517578,162.3000030517578,162.77000427246094,6312300,-0.0043537794872208,0.0084757049666802,162.22199935913085,164.360400390625,-0.0099805011792574
2021-04-15,165.35000610351562,165.7899932861328,164.02999877929688,164.07000732421875,8250600,0.0160335365383925,0.0090765680841333,162.31399993896486,164.22520050048828,0.00684916565545
2021-04-16,166.35000610351562,166.80999755859375,165.94000244140625,166.24000549316406,10057600,0.0060295628147861,0.0090245367363945,162.50350036621094,164.11520050048827,0.0136172980699658
2021-04-19,165.88999938964844,166.44000244140625,165.72000122070312,165.91000366210938,5721700,-0.0027691247303623,0.0090357113496686,162.63600006103516,164.07000061035157,0.0110928187513033
2021-04-20,166.47999572753906,166.80999755859375,165.6199951171875,165.64999389648438,6532000,0.0035502419969409,0.009038891461922,162.80999984741212,164.00340057373046,0.0151008768424604
2021-04-21,168.1300048828125,168.38999938964844,167.14999389648438,167.17999267578125,8380200,0.0098623623108536,0.0090169932207444,163.12600021362306,163.9356005859375,0.0255856829259989
2021-04-22,167.0399932861328,167.52999877929688,166.49000549316406,167.11000061035156,7680100,-0.0065042542316209,0.0092006444646822,163.3595001220703,163.83480041503907,0.0195635656342492
2021-04-23,166.39999389648438,167.52999877929688,165.77999877929688,167.3699951171875,7106400,-0.0038387727937765,0.0092064931472506,163.5904998779297,163.7086001586914,0.0164401487471278
2021-04-26,166.83999633789062,166.8699951171875,166.0500030517578,166.6300048828125,4786600,0.0026407556715896,0.0092049747130804,163.82049942016602,163.6211999511719,0.0196722453305518
2021-04-27,166.4199981689453,167.14999389648438,166.27999877929688,166.9199981689453,5363500,-0.002520544909244,0.0087122477240826,164.1259994506836,163.53579986572265,0.0176364949178763
2021-04-28,166.91000366210938,166.9600067138672,165.49000549316406,165.75,6932200,0.002940064461277,0.0074613374951206,164.59299926757814,163.50919982910156,0.0207988531321925
2021-04-29,166.22000122070312,166.25999450683594,164.47000122070312,165.5800018310547,9067600,-0.0041425474621681,0.0070353086971434,164.90599899291993,163.5069998168945,0.0165925703905446
2021-04-30,165.66000366210938,166.0,165.24000549316406,165.86000061035156,6248700,-0.0033747021924852,0.0066600810494743,165.08999938964843,163.49379974365235,0.0132494560763374
2021-05-03,167.80999755859375,168.42999267578125,167.41000366210938,167.61000061035156,9014700,0.0128948551881409,0.0071462849909609,165.38449935913087,163.5097998046875,0.0262993273739117
2021-05-04,166.5800018310547,168.5500030517578,165.5,167.69000244140625,10267400,-0.007356686965198,0.0072676808436925,165.55249938964843,163.45119995117187,0.0191421163063806
2021-05-05,167.27000427246094,167.30999755859375,166.61000061035156,166.6300048828125,5950000,0.0041336133669812,0.007240575682283,165.7779998779297,163.41420013427734,0.0235952820196487
2021-05-06,170.05999755859375,170.2899932861328,167.9199981689453,167.9499969482422,13574100,0.0165420027352803,0.0077380245060897,166.05550003051758,163.43540008544923,0.040533430760294
2021-05-07,171.58999633789062,172.5500030517578,171.0,171.52999877929688,14748600,0.0089565873538219,0.0075817207498433,166.47149963378905,163.55079986572267,0.0491541250716489
2021-05-10,172.11000061035156,172.83999633789062,171.77999877929688,172.74000549316406,8276600,0.0030259218728549,0.007308665077419,166.9629997253418,163.75679992675782,0.0510097943250589
2021-05-11,172.13999938964844,172.1699981689453,170.27000427246094,170.55999755859375,8348200,0.0001742848474817,0.0072664087999572,167.39850006103515,163.96899993896486,0.0498325869751301
2021-05-12,170.42999267578125,171.83999633789062,170.35000610351562,171.42999267578125,12666300,-0.0099834834134529,0.0076487853546644,167.78399963378905,164.12939971923828,0.0383879607634027
2021-05-13,171.1300048828125,171.27000427246094,170.22999572753906,170.35000610351562,8078300,0.0040989178599215,0.0069563649044029,168.0729995727539,164.33959991455075,0.0413193470824587
2021-05-14,172.69000244140625,172.6999969482422,171.82000732421875,172.0500030517578,9686800,0.009074563611959,0.0070877781459679,168.38999938964844,164.61260009765624,0.0490691620140748
2021-05-17,174.6999969482422,175.0,173.27999877929688,173.3000030517578,11956800,0.0115721059373621,0.0073155040968173,168.83049926757812,164.92380004882813,0.0592770533817415
2021-05-18,175.0399932861328,175.2100067138672,174.4600067138672,175.17999267578125,7294000,0.0019442812059788,0.0073131912150534,169.2584991455078,165.2747998046875,0.0590845881706423
2021-05-19,175.16000366210938,177.0,174.35000610351562,175.13999938964844,20741100,0.0006853819629941,0.0071125464327353,169.60999908447266,165.5611999511719,0.0579773746129432
2021-05-20,175.9600067138672,176.4600067138672,175.11000061035156,175.32000732421875,9802800,0.0045568717957412,0.0068372485438106,170.05599975585938,165.84720001220705,0.0609766501991943
2021-05-21,176.0399932861328,176.86000061035156,175.14999389648438,176.5800018310547,7677200,0.0004544691684223,0.0066902333378479,170.5379997253418,166.13759979248047,0.0596035665979359
2021-05-24,176.35000610351562,176.58999633789062,175.8699951171875,176.14999389648438,5557300,0.0017594874877142,0.0066943479964863,171.01350021362305,166.4347998046875,0.0595741173748741
2021-05-25,177.9499969482422,177.9499969482422,176.0399932861328,176.14999389648438,8986900,0.0090319035143782,0.0067120444662548,171.5900001525879,166.7497998046875,0.0671676797014051
2021-05-26,177.63999938964844,178.61000061035156,177.0399932861328,178.3699951171875,8495400,-0.0017435678186662,0.0068080956918923,172.12649993896486,167.05559967041015,0.0633585449402511
2021-05-27,177.7100067138672,177.82000732421875,176.80999755859375,177.38999938964844,7993000,0.0003940189892895,0.0066267161041804,172.70100021362305,167.33959991455075,0.0619722217849922
2021-05-28,178.3800048828125,178.42999267578125,177.24000549316406,177.4600067138672,9967000,0.0037630876338542,0.0064353840702907,173.3370002746582,167.65600006103514,0.0639643366051515
2021-06-01,177.89999389648438,178.85000610351562,177.19000244140625,178.75999450683594,9143300,-0.0026945732480542,0.0062028412409349,173.84150009155277,167.94919982910156,0.0592488328465294
2021-06-02,178.77000427246094,178.77999877929688,177.97000122070312,178.33999633789062,6613100,0.0048785269631015,0.0057206150224791,174.45100021362305,168.2645999145508,0.0624338355378675
2021-06-03,175.27000427246094,175.8300018310547,174.66000366210938,175.8300018310547,10153900,-0.0197724208646648,0.0077320425877162,174.85100021362305,168.5338000488281,0.0399694555138565
2021-06-04,177.16000366210938,177.57000732421875,176.61000061035156,176.64999389648438,8375300,0.0107256332646573,0.0072648691241506,175.20600051879882,168.82960021972656,0.0493420788270602
2021-06-07,177.8699951171875,177.89999389648438,176.6300048828125,176.9600067138672,7709100,0.0039996192096109,0.0070993367174972,175.52000045776367,169.15140014648438,0.0515431439713348
2021-06-08,177.32000732421875,177.5399932861328,176.3699951171875,177.22999572753906,5905800,-0.0030968677538627,0.0071751743036704,175.78050079345704,169.45300018310547,0.046425894688276
2021-06-09,176.97999572753906,177.8000030517578,176.77999877929688,177.3800048828125,6346100,-0.0019193434836643,0.0072105821665253,176.02250061035156,169.78640014648437,0.0423685028650608
2021-06-10,177.74000549316406,177.85000610351562,176.47999572753906,176.6999969482422,9896600,0.0042851315176653,0.0067152821084524,176.38800125122071,170.18980010986328,0.0443634423357149
2021-06-11,175.74000549316406,176.57000732421875,175.47999572753906,176.3300018310547,7836900,-0.0113161778909122,0.0073302469448891,176.61850128173828,170.50540008544922,0.0307005256437127
2021-06-14,174.7100067138672,175.05999755859375,172.9499969482422,173.16000366210938,7733600,-0.0058781664100421,0.0072608951063315,176.71950149536133,170.7600003051758,0.0231319184916379
2021-06-15,174.0500030517578,174.9199981689453,173.33999633789062,174.77999877929688,7550200,-0.0037848631237422,0.0068370904887432,176.6870018005371,171.00260040283203,0.0178207971209033
2021-06-16,171.11000061035156,174.47000122070312,171.02999877929688,173.91000366210938,16919700,-0.0170360036803554,0.0077782690603031,176.49050216674806,171.160400390625,-0.0002944593501675
2021-06-17,165.85000610351562,167.6199951171875,165.44000244140625,167.02000427246094,27232200,-0.0312228259164103,0.0102612189091423,176.02500228881837,171.2222006225586,-0.0313755722068157
2021-06-18,164.92999267578125,166.72000122070312,164.8699951171875,166.13999938964844,15744300,-0.0055627051424659,0.0101316305899614,175.47350158691407,171.2306005859375,-0.0367960393095397
2021-06-21,166.9499969482422,167.22000122070312,166.0,166.52000427246094,8371000,0.012173251058176,0.0106803462347855,175.01900177001954,171.30420043945313,-0.0254179610309667
2021-06-22,166.25,166.9199981689453,166.00999450683594,166.35000610351562,7223900,-0.004201668574228,0.0106338669419448,174.51400146484374,171.3836004638672,-0.0299538605209167
2021-06-23,166.13999938964844,168.02999877929688,165.97000122070312,166.97000122070312,8474300,-0.0006618767987564,0.0102738701227392,173.92350158691406,171.43780059814452,-0.0309021767078912
2021-06-24,166.0399932861328,167.22999572753906,166.00999450683594,167.0,6903400,-0.0006021199876096,0.0102869146314862,173.34350128173827,171.50420043945311,-0.0318604858616821
2021-06-25,166.58999633789062,167.52999877929688,166.2899932861328,167.4499969482422,7473700,0.0033069991892593,0.0103634474441668,172.78750076293946,171.52900024414063,-0.0287939876010483
2021-06-28,166.5800018310547,166.91000366210938,166.36000061035156,166.67999267578125,6508900,-5.999643961855651e-05,0.0102624200145372,172.19750061035157,171.5336001586914,-0.0288782974475786
2021-06-29,164.8300018310547,165.27999877929688,164.00999450683594,164.33999633789062,7451400,-0.0105610346472273,0.0103831094604925,171.54400100708008,171.51240020751953,-0.0389616049240728
2021-06-30,165.6300048828125,166.10000610351562,164.2899932861328,164.57000732421875,7955800,0.0048417635922936,0.0103814924673888,170.88700103759766,171.495400390625,-0.0342014741762901
2021-07-01,166.1999969482422,166.8800048828125,165.5,166.64999389648438,7430500,0.0034354496150826,0.0097840718113294,170.43350067138672,171.45680023193358,-0.0306596371598
2021-07-02,167.2899932861328,167.72000122070312,166.39999389648438,167.35000610351562,7873600,0.0065369291506959,0.0095239065382837,169.94000015258788,171.46180023193358,-0.0243308243594645
2021-07-06,168.1199951171875,169.64999389648438,167.5399932861328,169.27000427246094,7932100,0.0049491878832175,0.0095622252906101,169.4525001525879,171.49620025634766,-0.0196867635207865
2021-07-07,168.75999450683594,169.22999572753906,168.19000244140625,168.72000122070312,7108900,0.003799573612682,0.0096753448668953,169.02449951171874,171.53460021972657,-0.0161751956126432
2021-07-08,168.64999389648438,169.86000061035156,167.91000366210938,169.82000732421875,7244300,-0.000652029388752,0.0096833147484582,168.607999420166,171.57920013427736,-0.0170720357450121
2021-07-09,169.2100067138672,169.6199951171875,168.66000366210938,168.83999633789062,4997400,0.0033150614410246,0.0096503845348367,168.18149948120117,171.6252001953125,-0.0140724874825886
2021-07-12,169.0,169.16000366210938,167.63999938964844,168.6999969482422,7315400,-0.0012418718351821,0.0094240090702067,167.84449920654296,171.68080017089844,-0.0156150260729787
2021-07-13,169.22000122070312,169.89999389648438,168.92999267578125,169.50999450683594,7040300,0.0013009357869861,0.009403428509115,167.56999893188475,171.7520001220703,-0.0147421800012087
2021-07-14,171.0399932861328,171.0399932861328,170.27999877929688,170.91000366210938,8830300,0.0106977573134754,0.0097762717025262,167.41949844360352,171.81660003662108,-0.0045199750799558
2021-07-15,171.07000732421875,171.3000030517578,170.33999633789062,170.88999938964844,6520100,0.0001754642548268,0.0090057107772444,167.41749877929686,171.90640014648437,-0.004865396643481
2021-07-16,169.41000366210938,170.9499969482422,169.27999877929688,170.64999389648438,9460300,-0.009751038308664,0.0057975567801396,167.59549865722656,171.94920013427733,-0.0147671316306506
2021-07-19,169.61000061035156,169.91000366210938,168.88999938964844,169.50999450683594,6707400,0.0011798535126086,0.0055841741660178,167.8294990539551,171.9402001953125,-0.0135523838073586
2021-07-20,169.38999938964844,170.8000030517578,168.9199981689453,170.50999450683594,6540100,-0.0012979424872485,0.0049978583662356,167.95149917602538,171.89620025634767,-0.0145797339496844
2021-07-21,168.75999450683594,169.0,168.13999938964844,168.3300018310547,4622600,-0.0037261902890749,0.0049742624827463,168.07699890136718,171.82920013427736,-0.0178619560880395
2021-07-22,169.08999633789062,169.19000244140625,168.05999755859375,168.49000549316406,4793600,0.001953541186602,0.0049695891400873,168.2244987487793,171.76820007324218,-0.0155919648352231
2021-07-23,168.55999755859375,168.8800048828125,167.9499969482422,168.5,5831500,-0.0031393408805519,0.005041282885743,168.35049896240236,171.73080017089845,-0.0184637968794721
2021-07-26,168.16000366210938,168.86000061035156,168.0800018310547,168.5800018310547,5229800,-0.0023758261058627,0.0050499077179475,168.4289993286133,171.6714001464844,-0.0204541728055971
2021-07-27,168.44000244140625,168.91000366210938,167.92999267578125,168.72999572753906,6300200,0.0016636888817755,0.0050551101732139,168.52199935913086,171.58640014648438,-0.0183371042366529
2021-07-28,169.2899932861328,169.3800048828125,167.72000122070312,168.25999450683594,7905800,0.0050335632022407,0.0044120304081774,168.74499893188477,171.4782000732422,-0.0127608453212988
2021-07-29,171.1699981689453,171.52000427246094,170.6699981689453,170.6999969482422,8119600,0.0110440230200986,0.0048660990633343,169.0219985961914,171.40080017089844,-0.0013465631532816
2021-07-30,169.82000732421875,170.99000549316406,169.3800048828125,170.72000122070312,7391700,-0.0079181083097629,0.0052900231074525,169.20299911499023,171.29400024414062,-0.0086050469825039
2021-08-02,169.61000061035156,170.25,169.10000610351562,169.3000030517578,10783200,-0.0012374082182159,0.0051515547483806,169.31899948120116,171.1670001220703,-0.0090963766999967
2021-08-03,169.49000549316406,169.8300018310547,169.2100067138672,169.4199981689453,5402300,-0.0007077270423842,0.0050597971763114,169.3875,171.03600036621094,-0.0090390027230331
2021-08-04,169.52999877929688,171.39999389648438,168.99000549316406,171.27999877929688,9796300,0.0002359346694256,0.0049963437855946,169.42600021362304,170.89960021972655,-0.008014070475699
2021-08-05,168.86000061035156,169.44000244140625,168.1999969482422,169.3699951171875,8015000,-0.0039599222534518,0.005081028557582,169.4365005493164,170.71780029296875,-0.0108822845621781
2021-08-06,164.63999938964844,165.92999267578125,164.5500030517578,165.83999633789062,13547600,-0.0253087044773451,0.0075486392693514,169.20800018310547,170.45780029296876,-0.0341304469101511
2021-08-09,161.72000122070312,163.2899932861328,161.25999450683594,163.00999450683594,11547000,-0.0178948160577297,0.0084038796926909,168.84400024414063,170.13800018310548,-0.0494774768325873
2021-08-10,161.77000427246094,162.11000061035156,160.67999267578125,161.38999938964844,6870800,0.0003091474314937,0.0083850291760129,168.47150039672852,169.80580017089844,-0.0473234476699264
2021-08-11,164.0,164.1699981689453,162.67999267578125,163.14999389648438,7382400,0.0136908280718836,0.0086507998611977,168.11950073242187,169.52780029296875,-0.0326070431127868
2021-08-12,164.0399932861328,164.10000610351562,162.92999267578125,163.64999389648438,5211700,0.0002438317714271,0.0086517604367012,167.76800003051758,169.2332000732422,-0.0306866902289965
2021-08-13,166.38999938964844,166.4600067138672,164.88999938964844,165.02000427246094,7466900,0.0142241671635916,0.0091804027548341,167.61699981689452,169.05559997558595,-0.0157675970883097
2021-08-16,167.22000122070312,167.38999938964844,166.58999633789062,166.72999572753906,7776500,0.0049758912626773,0.0092645082017194,167.49749984741212,168.85679992675782,-0.0096934130385312
2021-08-17,166.97000122070312,167.72999572753906,166.55999755859375,167.2899932861328,7107000,-0.001496155150116,0.0092652767231711,167.37649993896486,168.63880004882813,-0.0098956991371014
2021-08-18,167.10000610351562,167.50999450683594,166.25999450683594,167.24000549316406,7697900,0.0007783092556947,0.0092430634999379,167.29350051879882,168.43440002441406,-0.0079223360590533
2021-08-19,166.61000061035156,167.2899932861328,166.16000366210938,167.24000549316406,6934300,-0.0029367165231408,0.0092395842468293,167.16950073242188,168.2270001220703,-0.0096120094309795
2021-08-20,166.6999969482422,167.13999938964844,166.36000061035156,166.8000030517578,7154000,0.0005400158455303,0.009225890547376,167.0765007019043,168.00619995117188,-0.0077747309522465
2021-08-23,168.72999572753906,168.91000366210938,167.9600067138672,168.82000732421875,8190500,0.012104007439095,0.0096345596091328,167.1050003051758,167.86599975585938,0.0051469384683989
2021-08-24,168.64999389648438,169.27000427246094,168.52000427246094,169.0399932861328,4519200,-0.0004742535717267,0.0096289639872528,167.1154998779297,167.7447994995117,0.0053962590773211
2021-08-25,167.47999572753906,167.9199981689453,166.74000549316406,167.8800048828125,5588800,-0.0069616096765641,0.0096764759017536,167.025,167.61339935302735,-0.0007959007215605
2021-08-26,167.6699981689453,168.2100067138672,166.8300018310547,167.2100067138672,4371900,0.0011338353884634,0.0092985605996743,166.85,167.5445993041992,0.0007484506529418
2021-08-27,170.19000244140625,170.19000244140625,166.8699951171875,167.5800018310547,10036400,0.0149177233226356,0.0097972799766821,166.86849975585938,167.63139923095704,0.0152632694243877
2021-08-30,169.35000610351562,169.83999633789062,169.08999633789062,169.66000366210938,3768600,-0.0049478590471494,0.0098590500670563,166.8555000305176,167.7197994995117,0.0097198220416943
2021-08-31,169.69000244140625,169.9199981689453,168.75,169.22999572753906,6336000,0.0020056420675674,0.0098685741267712,166.8654998779297,167.774599609375,0.0114165245304761
2021-09-01,169.6999969482422,170.0,169.16000366210938,169.94000244140625,4764900,5.88968847449306e-05,0.0098684864332554,166.87399978637694,167.84359954833985,0.0110602811480319
2021-09-02,169.25,169.6300048828125,168.82000732421875,169.5,4599800,-0.0026552424645444,0.009844867541497,166.89349975585938,167.90579956054688,0.0080056820131957
2021-09-03,171.05999755859375,171.5500030517578,170.14999389648438,170.58999633789062,8353300,0.0106374460880295,0.0080825764970347,167.21449966430663,168.0061996459961,0.0181766977589652
2021-09-07,167.7100067138672,169.77999877929688,167.6300048828125,169.55999755859375,10004600,-0.0197780205042791,0.0083325771049243,167.51399993896484,168.02859985351563,-0.0018960649551694
2021-09-08,167.2899932861328,168.0800018310547,166.6999969482422,168.02000427246094,6576000,-0.0025075441660514,0.008383080629512,167.78999938964844,168.0427996826172,-0.00447984916882
2021-09-09,168.02999877929688,168.27999877929688,166.8300018310547,168.1699981689453,6641400,0.0044137344149745,0.0079276712006702,167.9914993286133,168.10679962158204,-0.0004568574409723
2021-09-10,167.17999267578125,168.0800018310547,167.14999389648438,167.80999755859375,7426300,-0.0050714951644253,0.0080500505314464,168.14849929809571,168.1377993774414,-0.0056965578543706
2021-09-13,167.74000549316406,168.22000122070312,167.39999389648438,167.4499969482422,5474300,0.0033441618437189,0.0074509979894365,168.21599960327148,168.16859954833984,-0.0025485973976525
2021-09-14,168.82000732421875,169.16000366210938,167.47999572753906,168.22000122070312,7922900,0.0064179076360024,0.0075043526451319,168.29599990844727,168.19919982910156,0.0036909063523962
2021-09-15,167.8300018310547,168.36000061035156,167.4499969482422,168.1300048828125,5624900,-0.0058815287100911,0.0076280620598177,168.33899993896483,168.1933999633789,-0.002160596862917
2021-09-16,164.02999877929688,164.44000244140625,163.22999572753906,164.3800048828125,11780400,-0.0229022427478189,0.0092155289042575,168.1854995727539,168.09880004882814,-0.024204820429113
2021-09-17,163.77000427246094,164.32000732421875,163.39999389648438,163.86000061035156,8369700,-0.0015862999324902,0.0092049713273833,168.0434997558594,168.00120025634766,-0.0251855104453448
2021-09-20,164.94000244140625,165.27999877929688,164.07000732421875,164.2899932861328,7566600,0.0071187556570393,0.0093736196631971,167.95550003051758,167.91580017089845,-0.0177219637846083
2021-09-21,166.0399932861328,166.6300048828125,165.49000549316406,165.80999755859375,7181500,0.0066468965426044,0.0090606820684306,167.82099990844728,167.8566000366211,-0.0108223730856693
2021-09-22,165.4199981689453,167.14999389648438,165.02999877929688,165.88999938964844,9777800,-0.0037409995549623,0.0090838485706527,167.6595001220703,167.78059997558594,-0.014069575427577
2021-09-23,163.50999450683594,164.1999969482422,163.27000427246094,164.10000610351562,8451900,-0.0116135662434195,0.0093023562059858,167.46100006103515,167.63,-0.0245779722792105
2021-09-24,163.3000030517578,164.0,162.74000549316406,163.0,6937500,-0.0012850982867509,0.0092861332624706,167.24250030517578,167.4745999145508,-0.0249267462942019
2021-09-27,163.63999938964844,164.36000061035156,163.50999450683594,163.85000610351562,4943000,0.0020798706668898,0.008516414110492,166.91500015258788,167.35919982910156,-0.0222228622223993
2021-09-28,162.0500030517578,162.82000732421875,161.72999572753906,162.72999572753906,9282800,-0.0097639409115995,0.0086719417507482,166.55,167.2079998779297,-0.0308477873662592
2021-09-29,161.32000732421875,162.74000549316406,160.97000122070312,162.35000610351562,8360700,-0.0045149330127863,0.008627842424416,166.13150024414062,167.0466000366211,-0.034281408368365
2021-09-30,164.22000122070312,164.9499969482422,162.33999633789062,162.66000366210938,10572900,0.0178169843070141,0.0097490992132095,165.85750045776368,166.95580017089844,-0.0163863666155647
2021-10-01,164.58999633789062,164.9600067138672,163.88999938964844,164.27000427246094,6654700,0.0022505110921036,0.0097838969539586,165.6245002746582,166.86580017089844,-0.0136385276712005
2021-10-04,165.36000061035156,165.5399932861328,163.47000122070312,163.69000244140625,7651700,0.0046674082584735,0.0094839130761751,165.3395004272461,166.80180023193358,-0.0086437893330721
2021-10-05,164.58999633789062,164.85000610351562,163.49000549316406,163.94000244140625,5617300,-0.0046674082584735,0.0085204232322336,165.18349990844726,166.73040008544922,-0.0128375134136404
2021-10-06,165.02999877929688,165.05999755859375,164.14999389648438,164.22999572753906,6067200,0.002669757352534,0.008548858335071,165.07050018310548,166.66220001220702,-0.0097934698617358
2021-10-07,164.16000366210938,164.85000610351562,163.9600067138672,164.02000427246094,4791500,-0.0052856838680448,0.0085197522093587,164.8770004272461,166.55960021972658,-0.0144068342770493
2021-10-08,164.22999572753906,166.4199981689453,164.13999938964844,166.32000732421875,8536100,0.0004262740437871,0.0084756557591093,164.729500579834,166.42080017089845,-0.0131642465431582
2021-10-11,163.9199981689453,164.5800018310547,163.91000366210938,164.0399932861328,3820100,-0.001889365574135,0.0084186432328997,164.53850021362305,166.30279998779298,-0.0143280920045998
2021-10-12,164.66000366210938,165.44000244140625,164.30999755859375,164.57000732421875,5453000,0.004504271350483,0.0083385754139851,164.33050003051758,166.20380004882813,-0.0092885745468226
2021-10-13,167.58999633789062,167.9199981689453,165.27999877929688,165.27999877929688,11113800,0.0176377344344727,0.0092583556114291,164.31849975585936,166.16579986572265,0.0085709362174337
2021-10-14,168.0,168.22000122070312,167.7100067138672,168.19000244140625,5081400,0.0024434808580754,0.0075449201343376,164.51699981689453,166.13519989013673,0.0112245936508123
2021-10-15,165.3300018310547,166.08999633789062,165.10000610351562,165.38999938964844,8699200,-0.0160204917648545,0.0084599115152429,164.59499969482422,166.06459991455077,-0.0044235682010137
2021-10-18,164.9199981689453,165.58999633789062,164.80999755859375,165.4199981689453,4029600,-0.0024829909023894,0.0083344994278989,164.59399948120117,166.0701998901367,-0.0069259970900998
2021-10-19,165.4499969482422,166.5,165.1999969482422,166.5,6588500,0.0032085191864092,0.0082247836939771,164.56449966430665,166.1447998046875,-0.0041819115450022
2021-10-20,166.89999389648438,167.11000061035156,165.92999267578125,166.2100067138672,5022000,0.0087257781754686,0.0084108486545422,164.63849945068358,166.24739959716797,0.0039254406438699
2021-10-21,166.75,166.94000244140625,166.24000549316406,166.6999969482422,4412400,-0.0008991093021597,0.0079298076513073,164.8004997253418,166.30239959716798,0.0026914849329669
2021-10-22,167.77000427246094,169.5399932861328,166.6699981689453,168.6699981689453,10703900,0.0060983344527552,0.0079903894155997,165.02399978637695,166.37699981689454,0.0083725782836537
2021-10-25,168.92999267578125,169.2100067138672,168.52999877929688,168.66000366210938,4881300,0.0068903653296167,0.0080853461520391,165.2884994506836,166.42779968261718,0.0150347057278641
2021-10-26,167.67999267578125,167.91000366210938,166.6300048828125,167.8800048828125,6658900,-0.0074270271251684,0.0079279709693016,165.56999893188475,166.43699951171874,0.0074682502551062
2021-10-27,168.1199951171875,168.1999969482422,166.86000061035156,167.72999572753906,5823100,0.002620623640364,0.0077926056208463,165.9099983215332,166.45999938964843,0.0099723401034825
2021-10-28,168.0800018310547,169.25,167.52999877929688,168.97999572753906,7000700,-0.0002379136626084,0.0068618972815283,166.10299835205078,166.4795993041992,0.0096132050626284
2021-10-29,166.64999389648438,166.72999572753906,165.63999938964844,166.2899932861328,7531900,-0.0085442993017005,0.0071885162865538,166.20599822998048,166.48039916992187,0.0010187068712479
2021-11-01,167.52000427246094,167.83999633789062,166.91000366210938,167.3800048828125,4975600,0.0052070044974187,0.007205491457477,166.31399841308593,166.49679931640625,0.0061454932482528
2021-11-02,167.16000366210938,167.6300048828125,166.9600067138672,167.42999267578125,3760700,-0.002151313138887,0.0071293485196146,166.44249877929687,166.46539947509766,0.0041726640443116
2021-11-03,165.77000427246094,165.9499969482422,164.3800048828125,165.33999633789062,9055200,-0.0083501482773226,0.0073960310733675,166.47949905395507,166.4077996826172,-0.0038327254574166
2021-11-04,167.64999389648438,168.13999938964844,167.3699951171875,167.50999450683594,6656100,0.0112771252957394,0.0076689144693086,166.65399856567382,166.4111996459961,0.0074441759516398
2021-11-05,169.83999633789062,169.94000244140625,167.85000610351562,168.4199981689453,9368900,0.0129783593269464,0.0081156296779257,166.93449859619142,166.454599609375,0.0203382588192831
2021-11-08,170.4499969482422,170.6999969482422,170.05999755859375,170.42999267578125,4966100,0.0035851848469019,0.0080811747977401,167.26099853515626,166.45979949951172,0.0239709374919809
2021-11-09,171.2899932861328,171.30999755859375,170.1199951171875,170.72999572753906,5781200,0.0049160066341954,0.0080885368497461,167.5924980163574,166.49859924316405,0.0287773835020145
2021-11-10,173.14999389648438,174.64999389648438,172.11000061035156,173.6699981689453,11461800,0.0108002482845723,0.0075158548009871,167.8704978942871,166.5677990722656,0.0395166104185783
2021-11-11,174.1199951171875,174.27000427246094,173.74000549316406,173.97999572753906,5959600,0.0055864530427388,0.007566405632153,168.17649765014647,166.65619903564453,0.0447855892834001
2021-11-12,174.4499969482422,174.6699981689453,173.39999389648438,173.50999450683594,7894800,0.0018934614978916,0.0063018190702814,168.63249740600585,166.76019897460938,0.0461129095606538
2021-11-15,174.17999267578125,174.58999633789062,173.69000244140625,174.10000610351562,5630800,-0.0015489449243058,0.0062648584828981,169.09549713134766,166.82259887695312,0.044103100229573
2021-11-16,172.9199981689453,174.47999572753906,172.86000061035156,173.97000122070312,8667300,-0.0072601560044779,0.0066484870330638,169.4689971923828,166.92679870605468,0.0359031594048849
2021-11-17,174.5,174.61000061035156,173.88999938964844,174.24000549316406,6523100,0.0090956924320787,0.0066680591683614,169.8489974975586,167.07099884033204,0.0444661324301279
2021-11-18,173.94000244140625,174.36000061035156,173.52999877929688,173.9600067138672,6252000,-0.0032143154449525,0.0067448314186736,170.2084976196289,167.18919891357422,0.0403782276109939
2021-11-19,172.61000061035156,174.10000610351562,172.24000549316406,173.69000244140625,8785600,-0.0076757082629164,0.0070140822005044,170.45049743652345,167.29779907226563,0.0317529672688119
2021-11-22,168.74000549316406,170.44000244140625,168.4199981689453,169.89999389648438,13091900,-0.0226756166431203,0.0087112644647677,170.44099807739258,167.3177990722656,0.0085000306529503
2021-11-23,167.27999877929688,167.60000610351562,166.52999877929688,167.27999877929688,8047800,-0.0086900534684789,0.0087718774689457,170.42099838256837,167.28699890136718,-4.1844985661057725e-05
2021-11-24,167.1199951171875,167.44000244140625,166.32000732421875,166.5800018310547,5359500,-0.0009569597921073,0.008749509950776,170.37099838256836,167.27279876708985,-0.0009134996904972
2021-11-26,166.85000610351562,168.63999938964844,166.3699951171875,168.60000610351562,9605200,-0.0016168462526691,0.0087544407465075,170.30949859619142,167.32919891357423,-0.0028637728093475
2021-11-29,166.6199951171875,167.25999450683594,166.3800048828125,166.83999633789062,7394900,-0.0013795005365548,0.008546338387319,170.30799865722656,167.38619873046875,-0.0045774599046544
2021-11-30,165.5,169.00999450683594,165.3699951171875,167.77000427246094,12925300,-0.0067445464245647,0.0085802004911384,170.2069984436035,167.39739868164062,-0.0113346963368835
2021-12-01,166.16000366210938,167.47000122070312,166.05999755859375,166.83999633789062,7808600,0.0039800067903959,0.0086314842262144,170.15699844360353,167.39979888916017,-0.0074061930496803
2021-12-02,165.24000549316406,165.94000244140625,164.6300048828125,165.88999938964844,9604100,-0.005552205835401,0.0085160446276699,170.13049850463867,167.39619903564454,-0.0128807795810306
2021-12-03,166.6300048828125,166.92999267578125,165.0,165.49000549316406,9507900,0.0083768190817409,0.0083337787302105,170.0794990539551,167.45859924316406,-0.00494805500641
2021-12-06,166.22000122070312,166.8000030517578,165.92999267578125,166.13999938964844,4813600,-0.0024635953850727,0.0077319250785166,169.89849929809571,167.51699920654298,-0.0077424857894015
2021-12-07,166.80999755859375,167.0800018310547,166.17999267578125,166.1999969482422,4900700,0.0035432060613326,0.0077305983705104,169.71649932861328,167.58039916992186,-0.0045972059688612
2021-12-08,166.89999389648438,166.9600067138672,166.27999877929688,166.50999450683594,4288900,0.0005393685677794,0.0076130057258123,169.49699935913085,167.6773989868164,-0.0046363141069068
2021-12-09,165.8800048828125,166.5800018310547,165.64999389648438,166.5399932861328,4913800,-0.0061301292839007,0.0071224029018856,169.13349990844728,167.7685989379883,-0.0112571367176634
2021-12-10,166.5800018310547,166.9199981689453,166.17999267578125,166.72000122070312,6450600,0.0042110206852463,0.0070500980404709,168.75650024414062,167.8157989501953,-0.007364009389291
2021-12-13,167.0,167.25999450683594,166.6699981689453,166.89999389648438,6610700,0.0025181269175168,0.0070706039091126,168.3840003967285,167.8639990234375,-0.0051470179935177
2021-12-14,165.44000244140625,166.13999938964844,165.16000366210938,165.33999633789062,8637900,-0.0093852063396415,0.0072485462324416,167.94700088500977,167.8655990600586,-0.0144496348997898
2021-12-15,166.14999389648438,166.39999389648438,163.8000030517578,165.27000427246094,14231200,0.0042823519885167,0.0073150017041477,167.6085006713867,167.89679901123046,-0.0104040406072854
2021-12-16,168.16000366210938,168.17999267578125,166.94000244140625,167.00999450683594,11186200,0.0120249708405399,0.0075735481388069,167.2915008544922,167.9593991088867,0.001194363365712
2021-12-17,167.8000030517578,169.1300048828125,167.77999877929688,168.72999572753906,9856900,-0.0021431166861886,0.007567180272467,166.98450088500977,168.03219909667968,-0.0013818544670016
2021-12-20,167.08999633789062,168.0,167.05999755859375,167.8800048828125,6973000,-0.004240244730917,0.0074650110939588,166.70850067138673,168.0893991088867,-0.0059456621077494
2021-12-21,167.02000427246094,167.77999877929688,166.74000549316406,167.69000244140625,4548500,-0.0004189761834467,0.0055836431153763,166.62250061035155,168.15139923095705,-0.0067284302341255
2021-12-22,168.58999633789062,168.63999938964844,167.11000061035156,167.5800018310547,4672900,0.0093561188001071,0.0056502923781623,166.68800048828126,168.22999908447267,0.0021399111655299
2021-12-23,168.97000122070312,169.16000366210938,168.00999450683594,168.69000244140625,4551100,0.0022514814912111,0.0056555802467135,166.78050079345704,168.2575991821289,0.0042339962179247
2021-12-27,169.3699951171875,169.4199981689453,168.77999877929688,168.9600067138672,4760300,0.0023644504768288,0.0056453381693555,166.90650024414063,168.28499908447264,0.0064473722471854
2021-12-28,168.63999938964844,169.64999389648438,168.6199951171875,169.3300018310547,4541900,-0.0043193803400249,0.005741152898693,167.00750045776368,168.35119903564453,0.0017154636002489
2021-12-29,168.58999633789062,168.69000244140625,167.27999877929688,167.36000061035156,5889700,-0.0002965516280151,0.0054820565230892,167.1620002746582,168.42459899902343,0.0009820260214373
2021-12-30,169.8000030517578,169.80999755859375,168.3699951171875,168.42999267578125,5426300,0.0071515817441825,0.0056192372162399,167.34400024414063,168.51159912109375,0.0076457878115452
2021-12-31,170.9600067138672,171.0399932861328,170.0399932861328,170.52999877929688,7039300,0.0068083584325513,0.0055300272869704,167.63000030517577,168.5927993774414,0.0140409753273397
2022-01-03,168.3300018310547,169.00999450683594,168.0,168.86000061035156,9014400,-0.0155033009737006,0.0065049644284199,167.7150001525879,168.6243994140625,-0.0017458777260633
2022-01-04,169.57000732421875,169.72000122070312,168.72999572753906,168.89999389648438,6965600,0.0073395148031692,0.0066372954549453,167.88250045776368,168.66039947509765,0.0053931323058167
2022-01-05,169.05999755859375,170.92999267578125,168.89999389648438,170.6199951171875,8715600,-0.0030121970522097,0.0066667711074353,167.99500045776367,168.6629995727539,0.0023537941744513
2022-01-06,166.99000549316406,167.75,166.86000061035156,167.16000366210938,10902700,-0.0123197037802094,0.0072725735486643,167.99950103759767,168.64919982910158,-0.0098381393900406
2022-01-07,167.75,168.00999450683594,166.86000061035156,167.3699951171875,8191900,0.0045408125722829,0.0071880305987015,168.09300079345704,168.6417999267578,-0.00528813098025
2022-01-10,168.25999450683594,168.3000030517578,167.30999755859375,167.36000061035156,7026500,0.0030355936239956,0.0071613678958574,168.1770004272461,168.64539978027344,-0.0022852996520488
2022-01-11,170.2899932861328,170.30999755859375,168.3699951171875,168.44000244140625,8369000,0.0119924571366455,0.007601597269962,168.34150009155277,168.7181997680664,0.0093160875366565
2022-01-12,170.74000549316406,170.75,170.00999450683594,170.19000244140625,6280700,0.0026391371424113,0.0072041535398201,168.60650024414062,168.78259979248048,0.0115972007961142
2022-01-13,170.16000366210938,170.22000122070312,169.27000427246094,170.08999633789062,7034200,-0.003402771341298,0.0072570030379891,168.80700073242187,168.84259979248046,0.0078025561750891
2022-01-14,169.6699981689453,170.55999755859375,169.47999572753906,170.22000122070312,7865900,-0.0028838291505565,0.0068394196251649,168.88250045776368,168.92059967041016,0.0044363949689815
2022-01-18,169.38999938964844,170.00999450683594,169.08999633789062,169.63999938964844,9322800,-0.0016516182679313,0.0068305004780248,168.9620002746582,168.95539978027344,0.0025722741619397
2022-01-19,172.0800018310547,172.19000244140625,170.1999969482422,170.38999938964844,15784500,0.0157557506051342,0.0075319422263706,169.2115005493164,169.0001998901367,0.0182236585691619
2022-01-20,171.64999389648438,172.60000610351562,171.58999633789062,172.30999755859375,9570500,-0.0025020112544038,0.0075737434954913,169.44300003051757,169.02419982910158,0.0155350184768672
2022-01-21,171.08999633789062,172.1199951171875,170.74000549316406,172.0399932861328,10982500,-0.0032677719138099,0.0073968773474059,169.56800003051757,169.02019989013672,0.0122458525614055
2022-01-24,172.02999877929688,172.13999938964844,170.85000610351562,171.77999877929688,15727700,0.005479160681096,0.0074665643760658,169.72099990844723,168.99779998779297,0.0179422382523495
2022-01-25,172.5800018310547,173.14999389648438,171.77999877929688,171.9499969482422,17382100,0.0031920345769763,0.0074774080098941,169.88150024414062,168.96700012207032,0.0213828836777249
2022-01-26,169.7899932861328,171.72999572753906,169.47999572753906,171.38999938964844,17799400,-0.0162985679043135,0.008349672056893,169.93899993896486,168.87380004882812,0.0054253130861021
2022-01-27,167.60000610351562,169.08999633789062,167.3300018310547,168.02000427246094,15867300,-0.0129821153205973,0.0088663938341228,169.8895004272461,168.7422003173828,-0.0067688711639344
2022-01-28,167.10000610351562,167.4600067138672,166.3699951171875,166.55999755859375,9782500,-0.0029877523376664,0.0087066687821885,169.75450057983397,168.62580047607423,-0.0090484040298156
2022-01-31,168.08999633789062,168.13999938964844,167.4600067138672,167.7899932861328,8539300,0.0059070563312306,0.0086674521727236,169.61100006103516,168.49760040283203,-0.0024190496717279
2022-02-01,168.22999572753906,168.85000610351562,167.8699951171875,168.57000732421875,9763900,0.0008325368758188,0.0079538947272366,169.6059997558594,168.38340026855468,-0.0009110431359086
2022-02-02,168.83999633789062,169.1199951171875,168.16000366210938,168.33999633789062,9085300,0.0036194338899541,0.007814774067846,169.56949920654296,168.30800018310546,0.0031608488854147
2022-02-03,168.60000610351562,168.82000732421875,167.02999877929688,168.30999755859375,10650800,-0.0014224174555621,0.0077928869057939,169.54649963378907,168.3052001953125,0.0017516149700723
2022-02-04,168.86000061035156,169.10000610351562,167.99000549316406,168.0399932861328,9619600,0.001540891086981,0.0072497641235651,169.63999938964844,168.33680023193358,0.0031080570481149
2022-02-07,170.11000061035156,170.3000030517578,169.19000244140625,169.4499969482422,7796900,0.0073753173535773,0.0073586347998798,169.75799942016602,168.39660034179687,0.0101747913264102
2022-02-08,170.6300048828125,170.77999877929688,169.9499969482422,170.10000610351562,5802000,0.0030522079460774,0.0073589134498089,169.87649993896486,168.4722003173828,0.0128080749308469
2022-02-09,171.2100067138672,171.4199981689453,170.5500030517578,170.67999267578125,8002800,0.0033934142753984,0.0069013544945894,169.92250061035156,168.5640005493164,0.0156973384348258
2022-02-10,170.55999755859375,171.99000549316406,170.4600067138672,170.52000427246094,10693500,-0.0038037857675304,0.0069352071422922,169.91350021362305,168.66520050048828,0.0112340723070493
2022-02-11,173.80999755859375,174.1999969482422,170.7100067138672,170.75,25741500,0.0188756078655614,0.008065809192234,170.09599990844723,168.81820037841797,0.0295690699757864
2022-02-14,174.74000549316406,175.0,173.67999267578125,173.77999877929688,13650700,0.0053364517771822,0.0080636433218294,170.3495002746582,169.00820037841797,0.0339143609713155
2022-02-15,173.0800018310547,173.33999633789062,172.38999938964844,173.10000610351562,12603600,-0.0095452603702391,0.008410316666813,170.53400039672852,169.13720031738282,0.0233112615454984
2022-02-16,174.86000061035156,174.86000061035156,173.47999572753906,173.49000549316406,12772100,0.0102317313073376,0.0079827391842071,170.67300033569336,169.31000030517578,0.0327801092385097
2022-02-17,177.25,177.52999877929688,176.38999938964844,176.6999969482422,18612500,0.0135755081689762,0.0084295917065915,170.9530006408691,169.5188003540039,0.0456067387797172
2022-02-18,177.1199951171875,177.25,176.50999450683594,177.07000732421875,12760700,-0.0007337240197317,0.0083713359043226,171.25450057983397,169.72320037841797,0.0435815181559003
2022-02-22,177.49000549316406,178.07000732421875,176.82000732421875,177.6699981689453,14960500,0.0020868588568963,0.0083256565642373,171.52750091552736,169.955400390625,0.0443328372338952
2022-02-23,178.2899932861328,178.38999938964844,177.36000061035156,177.38999938964844,11772200,0.0044971001402729,0.008344195963647,171.81300048828126,170.18960021972657,0.0475962870583635
2022-02-24,177.13999938964844,182.6000061035156,175.27000427246094,182.58999633789065,32726000,-0.0064710234538261,0.0074773312690606,172.18050079345704,170.39240020751953,0.0396003529142794
2022-02-25,176.5500030517578,176.7899932861328,175.7899932861328,176.4199981689453,11530900,-0.0033362372759372,0.0067253051201665,172.62800064086915,170.61460021972655,0.0347883640930338
2022-02-28,178.3800048828125,178.99000549316406,176.5,178.86000061035156,16055800,0.0103119939512437,0.0068006994825013,173.19200057983397,170.85920043945313,0.0440175561164731
2022-03-01,181.6199951171875,181.7599945068359,179.02999877929688,179.0500030517578,21942100,0.0180004317657538,0.0075447860771522,173.86850051879884,171.12840026855469,0.0613083207239019
2022-03-02,179.72999572753906,180.7100067138672,178.7899932861328,180.1300048828125,19727200,-0.0104608643845172,0.0081800200382603,174.44350051879883,171.36700012207032,0.0488016689299077
2022-03-03,180.8000030517578,181.3000030517578,179.5,179.9600067138672,15164400,0.0059357638448758,0.008201059413,175.0415008544922,171.64120025634764,0.0533601651685691
2022-03-04,183.67999267578125,183.97999572753903,181.36000061035156,182.11000061035156,22390100,0.015803608419049,0.008562123574018,175.79550018310547,171.97440002441405,0.0680659019581137
2022-03-07,186.41000366210935,186.63999938964844,184.22000122070312,184.4499969482422,27951800,0.0147534952702928,0.0088444594311988,176.67300033569333,172.33080017089844,0.0816987066574792
2022-03-08,191.5099945068359,193.3000030517578,188.2599945068359,188.3500061035156,47347700,0.0269914293684263,0.0101234635998008,177.74300003051758,172.7816000366211,0.1083934543159997
2022-03-09,185.82000732421875,187.22999572753903,184.7599945068359,186.0399932861328,26839700,-0.0301614952662056,0.0129493200685075,178.50250015258788,173.11060028076173,0.0734178439843897
2022-03-10,186.3999938964844,187.3800048828125,184.9900054931641,186.8800048828125,18455200,0.0031163668784777,0.0129504485734945,179.26199951171876,173.46580017089843,0.0745633647257454
2022-03-11,185.08999633789065,185.77999877929688,183.44000244140625,183.7400054931641,14824700,-0.007052696024243,0.0130765544186064,179.9884994506836,173.79580017089845,0.0649854378292588
2022-03-14,182.3000030517578,183.2899932861328,181.9499969482422,183.02999877929688,13186400,-0.0151884750581415,0.0132661092107671,180.4129997253418,174.04580017089845,0.047425464290172
2022-03-15,178.88999938964844,180.27000427246097,178.00999450683594,179.10000610351562,16962300,-0.018882610033681,0.0140638647732659,180.62049942016603,174.20440002441407,0.0268971355750928
2022-03-16,180.00999450683594,180.1199951171875,176.8699951171875,179.1300048828125,17548100,0.0062412859954877,0.0138723132644462,180.96699905395508,174.43799987792968,0.031942550549797
2022-03-17,180.88999938964844,182.02999877929688,180.6499938964844,181.16000366210935,10954100,0.004876733952655,0.0137555036416203,181.26849899291992,174.66439971923828,0.0356432088073895
2022-03-18,179.3000030517578,180.92999267578125,179.0399932861328,179.92999267578125,13996500,-0.0088287107078973,0.0136489367654263,181.37099914550785,174.86919982910158,0.0253378137887428
2022-03-21,180.6699981689453,181.2899932861328,179.32000732421875,179.3300018310547,10582200,0.0076117550195462,0.013734124757201,181.5484992980957,175.14279968261718,0.0315582398839357
2022-03-22,179.36000061035156,179.7100067138672,178.32000732421875,179.60000610351562,9621800,-0.0072771899242425,0.0138539342717895,181.6419990539551,175.37499969482425,0.0227227422520984
2022-03-23,181.80999755859375,181.88999938964844,179.75999450683594,180.2899932861328,12557300,0.0135672095760514,0.0141364110823997,181.81799926757813,175.64599975585938,0.0350933002248959
2022-03-24,183.1300048828125,183.5099945068359,181.77000427246097,182.3500061035156,10970100,0.0072341375131086,0.0140884361484566,182.11749954223632,175.90279998779295,0.0410863550524554
2022-03-25,182.3800048828125,183.1300048828125,181.3500061035156,181.80999755859375,7911100,-0.0041038605376913,0.0141038090445146,182.40899963378905,176.13559997558593,0.0354522589873489
2022-03-28,179.05999755859375,181.3300018310547,178.85000610351562,180.3800048828125,9489700,-0.018371517706821,0.014622724373632,182.44299926757813,176.31359985351563,0.0155767774429191
2022-03-29,179.13999938964844,179.3300018310547,176.69000244140625,177.02000427246094,10458900,0.0004466880684897,0.0140114866964404,182.31899948120116,176.50299987792968,0.0149402532169
2022-03-30,180.5800018310547,180.9199981689453,179.67999267578125,179.75999450683594,8361300,0.0080062833792575,0.0139418395736479,182.36149978637695,176.72679992675782,0.0218031555253293
2022-03-31,180.6499938964844,181.9600067138672,180.55999755859375,180.91000366210935,9844400,0.0003875207880489,0.0138775062720806,182.3539993286133,176.8981997680664,0.0212087750657554
2022-04-01,179.5,180.4600067138672,178.97999572753906,179.5500030517578,13034400,-0.0063862158789015,0.0134236375941256,182.1449996948242,177.05519989013672,0.0138081237454776
2022-04-04,180.3699951171875,180.80999755859375,179.5800018310547,180.2400054931641,7063100,0.0048350616826839,0.0129810554491579,181.84299926757816,177.24079986572266,0.017655050382505
2022-04-05,179.24000549316406,181.4900054931641,178.92999267578125,180.91000366210935,10828500,-0.0062845490460992,0.0111157464387601,181.22949981689456,177.385,0.0104575104612231
2022-04-06,179.66000366210938,180.30999755859375,178.6999969482422,179.77999877929688,8942100,0.0023404756196963,0.0091932158458703,180.9214996337891,177.5266000366211,0.0120173744388063
2022-04-07,180.33999633789065,180.8800048828125,179.8000030517578,179.8699951171875,10140600,0.0037777415804509,0.0092125672144995,180.6184997558594,177.73760009765624,0.0146417878873381
2022-04-08,181.47000122070312,181.82000732421875,180.52000427246097,180.52000427246097,10655700,0.0062464197486159,0.0092819724258325,180.4375,178.015,0.0194084836710565
2022-04-11,182.3699951171875,183.3300018310547,181.11000061035156,183.1699981689453,10071300,0.0049472061408498,0.0087365826398974,180.44099960327148,178.32039978027345,0.022709658243835
2022-04-12,183.77000427246097,184.63999938964844,182.9600067138672,184.0399932861328,12024600,0.0076474353017589,0.0076638227090266,180.68499984741212,178.63399993896485,0.0287515497343785
2022-04-13,184.6499938964844,184.94000244140625,184.1300048828125,184.5,8651600,0.0047771092877693,0.0076214724212409,180.91699981689453,178.96239990234375,0.0317809439147232
2022-04-14,184.0399932861328,184.41000366210935,182.8800048828125,184.27999877929688,11567200,-0.0033090194372707,0.0076375087825593,181.07449951171876,179.26639984130858,0.0266284894941268
2022-04-18,184.61000061035156,186.1000061035156,184.38999938964844,185.9499969482422,8886700,0.0030924062818564,0.0072989900776456,181.33999938964843,179.58659973144532,0.0279720251200159
2022-04-19,181.82000732421875,183.6499938964844,181.3300018310547,183.19000244140625,12585600,-0.0152282681121338,0.0080353387227745,181.39749984741212,179.84579986572265,0.0109772230431296
2022-04-20,182.7100067138672,182.72000122070312,181.3500061035156,181.58999633789065,7038600,0.0048830061930919,0.0078891788058896,181.56500015258788,180.09779998779297,0.0145043788777612
2022-04-21,182.05999755859375,182.32000732421875,180.77999877929688,181.77000427246097,9639800,-0.0035639435023602,0.0073563580154702,181.5775001525879,180.3263998413086,0.0096136656574454
2022-04-22,180.2899932861328,181.61000061035156,179.74000549316406,180.72000122070312,9147000,-0.0097696613524008,0.0074664077951321,181.4354995727539,180.5079995727539,-0.0012077375359379
2022-04-25,177.0500030517578,177.50999450683594,176.47999572753906,177.1699981689453,13073700,-0.0181344325202295,0.0083962443006711,181.1689994812012,180.6377996826172,-0.0198618264680104
2022-04-26,177.32000732421875,178.3000030517578,176.9199981689453,177.9499969482422,9042400,0.00152385538733,0.0074107667354884,181.0819999694824,180.7079998779297,-0.0187484370144076
2022-04-27,175.97999572753906,176.63999938964844,175.5,176.4600067138672,8854700,-0.0075857232426336,0.0075733047096854,180.92399978637695,180.7327996826172,-0.0262974067984586
2022-04-28,176.92999267578125,176.97000122070312,175.69000244140625,175.9199981689453,6381100,0.005383804789463,0.0074325654330307,180.7414993286133,180.8097994995117,-0.0214579455011283
2022-04-29,176.91000366210938,178.6199951171875,176.7100067138672,178.07000732421875,7719700,-0.0001129833478409,0.0074284148593059,180.55449981689452,180.85079956054688,-0.0217903150442979
2022-05-02,173.6300048828125,174.64999389648438,172.97999572753906,173.61000061035156,14318600,-0.0187145229029449,0.0083492977928202,180.26100006103516,180.7783996582031,-0.0395423058778374
2022-05-03,174.08999633789062,175.2100067138672,173.85000610351562,173.88999938964844,7214300,0.002645759356915,0.0082736364697137,179.9470001220703,180.7177996826172,-0.0366748784921382
2022-05-04,175.8000030517578,176.35000610351562,173.6699981689453,174.32000732421875,10491700,0.0097746167754347,0.0085860081082649,179.775,180.68399963378903,-0.0270305981267303
2022-05-05,175.1300048828125,177.61000061035156,174.66000366210938,177.55999755859375,12794200,-0.0038184194446891,0.0085715008878586,179.54850006103516,180.62079986572263,-0.0303995718488243
2022-05-06,175.4199981689453,176.55999755859375,174.86000061035156,175.38999938964844,7643300,0.0016545049194706,0.00851858751173,179.3025001525879,180.5863998413086,-0.0286090296772254
2022-05-09,172.8800048828125,174.27000427246094,172.7899932861328,174.27000427246094,10742400,-0.0145853476425463,0.0088053643088315,178.87300033569335,180.5129998779297,-0.0422850154851946
2022-05-10,171.4199981689453,173.9600067138672,171.1999969482422,173.8000030517578,11010400,-0.0084810656535207,0.0087252653986437,178.32550048828125,180.3737997436523,-0.0496402558876743
2022-05-11,172.82000732421875,173.32000732421875,172.1999969482422,172.50999450683594,9179600,0.008133958004822,0.008757413797505,177.77800064086915,180.19779998779296,-0.0409427454945287
2022-05-12,170.1699981689453,172.39999389648438,169.89999389648438,172.07000732421875,11626800,-0.0154527061706768,0.0089688822460963,177.0540008544922,180.00660003662108,-0.0546457844638728
2022-05-13,168.7899932861328,169.6199951171875,168.00999450683594,168.30999755859375,13031100,-0.0081426276988109,0.0090119436761239,176.2915008544922,179.76639984130858,-0.061059277845389
2022-05-16,170.39999389648438,170.42999267578125,168.33999633789062,168.42999267578125,7319300,0.0094932796520766,0.0093947477222801,175.58100051879882,179.50079986572266,-0.0507006429834642
2022-05-17,169.3300018310547,170.52999877929688,169.13999938964844,170.44000244140625,6441100,-0.0062990940856839,0.009038736143481,174.9565002441406,179.15919982910157,-0.0548629264219915
2022-05-18,169.4199981689453,170.2100067138672,168.80999755859375,169.00999450683594,7472900,0.0005313437048441,0.0088757451848857,174.29199981689453,178.71739990234374,-0.0520229241163915
2022-05-19,171.91000366210938,172.52000427246094,170.88999938964844,171.5500030517578,10580300,0.0145902771602608,0.0097807369792982,173.7845001220703,178.43919982910157,-0.036590593172607
2022-05-20,172.02999877929688,172.24000549316406,170.88999938964844,171.7100067138672,6578100,0.000697767757192,0.0096714510548313,173.37150039672852,178.1517999267578,-0.0343628363562856
2022-05-23,172.8300018310547,173.3800048828125,172.27999877929688,173.1300048828125,5518500,0.0046395898938689,0.0090342702618949,173.16050033569337,177.9066000366211,-0.0285351875901254
2022-05-24,174.1300048828125,174.41000366210938,173.35000610351562,173.47000122070312,6794000,0.007493711725538,0.0092258101541034,173.00100021362306,177.74320007324218,-0.0203281767681734
2022-05-25,173.0800018310547,173.16000366210938,171.72999572753906,172.7899932861328,4595900,-0.0060482487965583,0.0091734942091849,172.85600051879882,177.6270001220703,-0.0255985761617929
2022-05-26,172.75999450683594,172.92999267578125,171.75999450683594,172.1300048828125,6467000,-0.0018506096399272,0.009057443855435,172.64750061035156,177.4820001220703,-0.0266055465454897
2022-05-27,172.85000610351562,173.52000427246094,172.63999938964844,173.49000549316406,3847900,0.0005208853826908,0.009062527793737,172.4445007324219,177.32120025634765,-0.0252152260776949
2022-05-31,171.13999938964844,173.07000732421875,171.0800018310547,172.7100067138672,6244000,-0.0099422702551653,0.0083527273605829,172.32000045776368,177.15800018310546,-0.033969681229394
2022-06-01,172.22999572753906,172.52999877929688,171.38999938964844,172.2100067138672,6946500,0.0063488366174163,0.0084715128201693,172.22700042724608,176.98920013427735,-0.0268898012032802
2022-06-02,174.35000610351562,174.4499969482422,173.49000549316406,173.66000366210938,5623100,0.0122340400879811,0.0086451448008374,172.15450057983398,176.88900024414062,-0.0143536010555811
2022-06-03,172.5800018310547,173.97000122070312,172.25,173.52999877929688,5519400,-0.010203900438868,0.008891876846197,172.0270004272461,176.70440032958984,-0.0233406666208782
2022-06-06,171.82000732421875,172.88999938964844,171.64999389648438,172.80999755859375,3766000,-0.004413447852864,0.0089096159164165,171.84700088500978,176.47820037841797,-0.0263952887337402
2022-06-07,172.94000244140625,173.0500030517578,171.99000549316406,172.11000061035156,3860000,0.0064972678121684,0.0084580023673879,171.85000076293946,176.28940032958985,-0.0189994286776265
2022-06-08,172.77999877929688,173.4499969482422,172.6699981689453,172.88999938964844,5140800,-0.0009256257836888,0.0082239387019051,171.91800079345705,176.1638003540039,-0.0192082684859615
2022-06-09,172.22999572753906,172.58999633789062,171.5800018310547,172.4499969482422,4701100,-0.0031883338247287,0.0080510608368466,171.88850021362305,176.02560028076172,-0.0215627985200371
2022-06-10,174.5399932861328,174.94000244140625,170.4600067138672,170.88999938964844,16856100,0.0133231352281609,0.0077416519787688,172.10699996948242,175.9048001098633,-0.007758781016084
2022-06-13,169.92999267578125,171.33999633789062,169.61000061035156,171.17999267578125,13265200,-0.0267673588244725,0.0097839832559848,172.16399993896485,175.69040008544923,-0.0327872633158461
2022-06-14,168.57000732421875,169.72999572753906,168.3000030517578,169.61000061035156,7347900,-0.0080354072032867,0.0097053482147676,172.07250061035157,175.4718002319336,-0.0393327754009034
2022-06-15,170.77000427246094,171.83999633789062,169.0800018310547,170.39999389648438,9000300,0.0129665096766109,0.0100534818020685,172.14450073242188,175.27980041503906,-0.025729126413309
2022-06-16,172.69000244140625,172.77000427246094,170.1699981689453,170.55999755859375,8823600,0.0111804468161364,0.0103374879674924,172.30800094604493,175.1488003540039,-0.0140383371603346
2022-06-17,171.27000427246094,172.3000030517578,170.97000122070312,172.14999389648438,7407200,-0.0082568101440456,0.0100086439793119,172.2760009765625,174.98100036621094,-0.0212079945021653
2022-06-21,170.6300048828125,171.91000366210938,170.47000122070312,171.05999755859375,5608500,-0.0037437854344901,0.0100372259519767,172.20600128173828,174.78680053710937,-0.0237820913336893
2022-06-22,171.30999755859375,172.3000030517578,171.10000610351562,171.61000061035156,6558700,0.0039772683354227,0.0100207729483527,172.13000106811523,174.5836004638672,-0.0187509187379312
2022-06-23,170.25999450683594,172.1300048828125,169.89999389648438,171.38999938964844,6535300,-0.0061481182984487,0.0099159356258844,171.9365005493164,174.34140045166015,-0.0234104230793756
2022-06-24,170.08999633789062,170.74000549316406,169.85000610351562,170.24000549316406,6143100,-0.0009989609969459,0.009848003248845,171.7870002746582,174.06780029296874,-0.0228520378173515
2022-06-27,169.89999389648438,170.6699981689453,169.75,170.60000610351562,5719700,-0.001117694441858,0.0098455306823087,171.6440002441406,173.77280029296875,-0.022286608663468
2022-06-28,169.6199951171875,170.2100067138672,169.50999450683594,170.07000732421875,2982700,-0.0016493806069405,0.0098417631891556,171.4824996948242,173.48440032958985,-0.0222752316926516
2022-06-29,169.49000549316406,170.6999969482422,169.1699981689453,170.5800018310547,4785600,-0.000766651706858,0.00961135205775,171.4,173.1820004272461,-0.0213185834842752
2022-06-30,168.4600067138672,169.9600067138672,168.24000549316406,169.50999450683594,9144400,-0.0060955876983352,0.0095483060916593,171.2115005493164,172.91480041503905,-0.0257629404219837
2022-07-01,168.32000732421875,168.67999267578125,166.9600067138672,167.13999938964844,11380300,-0.0008313996785857,0.0090198613892651,170.91000061035157,172.6270004272461,-0.0249497071278981
2022-07-05,164.75,167.3300018310547,164.41000366210938,167.17999267578125,14035400,-0.0214377996803844,0.0098819581568104,170.51850051879882,172.2808004760742,-0.0437123606070083
2022-07-06,162.13999938964844,164.57000732421875,161.47000122070312,164.32000732421875,11861100,-0.0159690175874046,0.0103379952501235,170.0345001220703,171.91780059814454,-0.0568748621403758
2022-07-07,162.22999572753906,163.0399932861328,162.05999755859375,162.42999267578125,4588400,0.00055489929127,0.0101371604402691,169.49899978637694,171.62140045166015,-0.0547216413536161
2022-07-08,162.3000030517578,163.3800048828125,161.83999633789062,162.35000610351562,4584100,0.0004314382372538,0.010157681445501,168.975,171.32100036621094,-0.052655525564117
2022-07-11,161.42999267578125,162.44000244140625,161.3800048828125,161.92999267578125,4321700,-0.0053749265251639,0.0101701176748868,168.43499984741212,171.03000030517578,-0.0561305479288127
2022-07-12,160.8300018310547,161.6199951171875,160.72000122070312,161.22000122070312,5375100,-0.0037236489059839,0.0093938136162314,167.7495002746582,170.70800048828124,-0.0578648840650245
2022-07-13,161.60000610351562,162.7100067138672,160.05999755859375,160.10000610351562,8456600,0.0047762659636861,0.0079181599622461,167.33300094604493,170.40180053710938,-0.0516531774068721
2022-07-14,159.3300018310547,159.8300018310547,158.22000122070312,159.02000427246094,12213600,-0.0141466492616412,0.0082533052192603,166.87100067138672,170.1158004760742,-0.0634026857871822
2022-07-15,159.00999450683594,159.25,158.35000610351562,159.00999450683594,6783800,-0.0020104758163567,0.007378808083724,166.28300018310546,169.81420043945312,-0.0636236893302064
2022-07-18,159.16000366210938,160.42999267578125,159.0500030517578,160.0800018310547,5791800,0.0009429497894323,0.0066177220942875,165.60650024414062,169.48140045166016,-0.0608998790548387
2022-07-19,159.5399932861328,159.8699951171875,159.3300018310547,159.47000122070312,3796200,0.0023846238326167,0.0066915563526751,165.0199996948242,169.16960021972656,-0.0569227977194856
2022-07-20,158.0399932861328,159.82000732421875,158.02999877929688,159.7100067138672,4795800,-0.0094465093392112,0.0068206236863655,164.39049911499023,168.8220001220703,-0.0638661242500464
2022-07-21,160.27000427246094,160.30999755859375,158.27000427246094,158.30999755859375,5863300,0.0140117966022655,0.0077333470209615,163.8384994506836,168.56980010986328,-0.0492365526446199
2022-07-22,160.6699981689453,162.1300048828125,160.35000610351562,160.5500030517578,5733800,0.0024926409954947,0.0078086642733084,163.35899963378907,168.35480010986328,-0.0456464676736457
2022-07-25,160.22999572753906,160.6999969482422,159.80999755859375,160.63999938964844,3713400,-0.0027423043036363,0.007796061727468,162.8659996032715,168.10299987792968,-0.0468344060255183
2022-07-26,160.0399932861328,160.5,159.7899932861328,160.22999572753906,2672800,-0.0011865143173863,0.0077952089018524,162.3729995727539,167.90039978027343,-0.0468158890891702
2022-07-27,161.6699981689453,162.2100067138672,159.50999450683594,160.02000427246094,5766100,0.0101334672497858,0.0083288038921152,161.9754997253418,167.75799987792968,-0.0362903808665717
2022-07-28,163.63999938964844,163.75999450683594,162.8800048828125,163.30999755859375,5606400,0.0121116800437174,0.0089373355063802,161.68299942016603,167.62279998779297,-0.0237604943864115
2022-07-29,164.10000610351562,164.69000244140625,163.27999877929688,163.88999938964844,7537300,0.0028071459585694,0.0089315384839366,161.46499938964843,167.51820007324218,-0.0204049110379174
2022-08-01,165.02999877929688,165.41000366210938,164.41000366210938,164.97999572753906,4666900,0.0056512328686964,0.0090664743138992,161.30049896240234,167.4304000854492,-0.0143367112837768
2022-08-02,164.0500030517578,166.4600067138672,164.02000427246094,165.66000366210938,5725400,-0.0059559901489022,0.0078011100780934,161.26549911499023,167.27320007324218,-0.019269058163968
2022-08-03,164.4499969482422,164.91000366210938,163.47999572753906,164.77000427246094,4417800,0.0024352760679877,0.0068752437346749,161.38099899291993,167.1216000366211,-0.0159859831870534
2022-08-04,167.1699981689453,167.30999755859375,165.33999633789062,165.52999877929688,5502000,0.016404693683584,0.0077185152100594,161.62799911499025,167.0083999633789,0.0009676052557945
2022-08-05,165.2899932861328,165.83999633789062,164.8699951171875,164.99000549316406,6023300,-0.0113097814507426,0.0082333898442903,161.777498626709,166.83159973144532,-0.0092404942936115
2022-08-08,166.69000244140625,166.80999755859375,165.92999267578125,166.02999877929688,3456300,0.0084343482908361,0.0082573420495844,162.04049911499024,166.70379974365235,-8.276537347871308e-05
2022-08-09,167.1999969482422,167.8000030517578,166.82000732421875,167.47999572753906,3205500,0.0030548677970775,0.0081657973938493,162.3589988708496,166.59259979248046,0.0036460032229423
2022-08-10,166.77999877929688,167.97999572753906,166.6199951171875,167.38999938964844,4077300,-0.0025151110588634,0.0081953172658469,162.61799850463868,166.47119964599608,0.0018549703129277
2022-08-11,166.33999633789062,167.66000366210938,166.30999755859375,167.16000366210938,4446000,-0.0026417069148636,0.0073985572293601,162.96849822998047,166.37519958496094,-0.000211589510685
2022-08-12,167.8699951171875,167.94000244140625,166.8300018310547,167.1699981689453,5151700,0.0091559768227203,0.0074886268188332,163.41149826049804,166.2879995727539,0.0095135881632964
2022-08-15,165.7100067138672,166.25,165.44000244140625,165.99000549316406,5236100,-0.0129505280899891,0.0082654034543732,163.73899841308594,166.11519958496095,-0.0024392281507419
2022-08-16,165.4199981689453,165.72000122070312,165.17999267578125,165.30999755859375,4291500,-0.00175162996283,0.0083073479264666,164.03299865722656,165.97199951171876,-0.0033258702937688
2022-08-17,164.35000610351562,165.22999572753906,163.9499969482422,165.2100067138672,5569100,-0.0064893459471051,0.0081206802823969,164.3484992980957,165.8225994873047,-0.008880534911056
2022-08-18,163.9199981689453,164.91000366210938,163.5399932861328,164.60000610351562,3646100,-0.0026198444873023,0.0076598038818851,164.53099899291993,165.64219940185546,-0.0103971164300469
2022-08-19,162.72000122070312,163.74000549316406,162.6199951171875,163.64999389648438,8173000,-0.0073475529581149,0.0078802545772419,164.6334991455078,165.4409994506836,-0.0164469402325604
2022-08-22,161.63999938964844,162.1199951171875,161.36000061035156,161.66000366210938,4458100,-0.006659303367833,0.0080160854606364,164.7039993286133,165.2291995239258,-0.0217225535475502
2022-08-23,162.77000427246094,163.42999267578125,161.91000366210938,161.9600067138672,4425100,0.0069665512175815,0.0081355395812937,164.8404998779297,164.99379974365235,-0.0134780547793097
2022-08-24,163.25,163.61000061035156,162.3699951171875,162.44000244140625,3202400,0.0029445805046794,0.0078576549196812,164.91949996948242,164.86019989013673,-0.0097670625852071
2022-08-25,163.75,163.99000549316406,163.24000549316406,163.97000122070312,2857500,0.0030581063588208,0.0074001352885241,164.925,164.76379974365236,-0.0061530490631417
2022-08-26,161.75999450683594,163.61000061035156,161.5500030517578,163.1199951171875,6689300,-0.0122271532019299,0.0078532930589923,164.80799942016603,164.58359954833983,-0.0171560535147645
2022-08-29,161.86000061035156,162.6199951171875,161.6999969482422,161.8800048828125,4702300,0.0006180465249853,0.0077179220874572,164.64949951171874,164.36699951171877,-0.0152524467126288
2022-08-30,160.50999450683594,161.42999267578125,160.33999633789062,161.27000427246094,4856600,-0.00837555613648,0.0078185024925276,164.47249908447264,164.15179931640623,-0.0221855917799028
2022-08-31,159.27000427246094,160.57000732421875,159.25999450683594,159.5,5438600,-0.0077553096129762,0.0079081625681875,164.2134994506836,163.9245993041992,-0.0283947317943453
2022-09-01,157.8699951171875,158.38999938964844,157.32000732421875,158.1699981689453,7390800,-0.0088290234746503,0.006822872402135,163.7484992980957,163.6557992553711,-0.0353534929071187
2022-09-02,159.25999450683594,160.05999755859375,159.13999938964844,159.35000610351562,5196900,0.008766173723188,0.00698937583198,163.44699935913087,163.43579925537108,-0.0255501228467722
2022-09-06,158.3300018310547,159.4600067138672,158.32000732421875,159.1699981689453,4863800,-0.0058565782593561,0.006601498644375,163.02899932861328,163.20059936523438,-0.0298442380305206
2022-09-07,159.94000244140625,160.14999389648438,158.0800018310547,158.14999389648438,3981400,0.0101172860901148,0.007089237518287,162.66599960327147,163.00139953613282,-0.018781416008934
2022-09-08,158.97999572753906,159.86000061035156,158.7100067138672,159.5399932861328,4607100,-0.0060203788974946,0.007140075035704,162.2759994506836,162.78859954833985,-0.0233960107241405
2022-09-09,159.82000732421875,160.24000549316406,159.41000366210938,159.72000122070312,3927800,0.005269846503477,0.0073419842056619,161.95,162.59519958496094,-0.0170681069787184
2022-09-12,160.6300048828125,161.6199951171875,160.5500030517578,161.0399932861328,4537500,0.0050553861933215,0.0070661450540088,161.58800048828124,162.43859954833985,-0.0111340203040173
2022-09-13,158.5399932861328,159.27000427246094,158.38999938964844,158.47000122070312,6526400,-0.0130967289066481,0.0070779131247516,161.22949981689453,162.2429992675781,-0.022823825978082
2022-09-14,157.92999267578125,158.97999572753906,157.72999572753906,158.67999267578125,6091100,-0.0038550345553118,0.0070863405630743,160.85499954223633,162.10659912109375,-0.0257645676854436
2022-09-15,154.97999572753906,157.49000549316406,154.6199951171875,156.75999450683594,13181200,-0.0188558017376182,0.0079557672335074,160.3864990234375,161.96339904785157,-0.0431171694430127
2022-09-16,155.83999633789062,156.55999755859375,154.33999633789062,154.66000366210938,7141200,0.0055337676270803,0.0081785628377755,159.98249893188478,161.8355990600586,-0.0370474899032749
2022-09-19,155.9600067138672,156.0399932861328,154.82000732421875,154.8699951171875,5582800,0.000769790767981,0.0081280297662139,159.64449920654295,161.70879913330077,-0.0355502758677634
2022-09-20,155.07000732421875,155.22999572753906,154.58999633789062,155.02999877929688,5943700,-0.0057229320552936,0.0081031749086238,159.31599960327148,161.58159942626952,-0.0402990942358015
2022-09-21,155.7899932861328,157.25,154.00999450683594,155.97000122070312,7816100,0.0046322283209624,0.0079819975561603,158.96699905395508,161.4807992553711,-0.0352413785136067
2022-09-22,155.6999969482422,156.47999572753906,155.30999755859375,156.25999450683594,5975200,-0.0005778441890031,0.0079011586599059,158.5894989013672,161.36279907226563,-0.0350936037090394
2022-09-23,153.00999450683594,154.0,152.63999938964844,153.89999389648438,9598000,-0.0174278164066748,0.0084682895453937,158.052498626709,161.23639892578126,-0.0510207649994218
2022-09-26,151.22999572753906,153.50999450683594,151.02999877929688,153.22000122070312,8240500,-0.0117014143217974,0.0084401893167761,157.5259986877441,161.08079895019532,-0.0611544224194097
2022-09-27,151.5399932861328,152.72999572753906,151.5,152.25,7151300,0.0020477436877313,0.0084816574583596,157.0099983215332,160.92839874267577,-0.0583390223844518
2022-09-28,154.69000244140625,154.8800048828125,152.92999267578125,153.1999969482422,8977200,0.0205735578321778,0.0099174849631327,156.71899871826173,160.83139892578126,-0.0381853078776556
2022-09-29,154.66000366210938,155.02999877929688,153.16000366210938,154.13999938964844,6317000,-0.0001939471718055,0.009824068649462,156.48849868774414,160.76379913330078,-0.0379674746684128
2022-09-30,154.6699981689453,156.0399932861328,154.57000732421875,154.94000244140625,6832400,6.462035224685361e-05,0.0096734960967603,156.32849884033203,160.65179901123048,-0.0372345711601213
2022-10-03,158.42999267578125,158.47999572753906,155.22999572753906,155.44000244140625,10362200,0.0240190059453634,0.0109967059017454,156.2869987487793,160.60699890136718,-0.0135548652330081
2022-10-04,160.6999969482422,161.0800018310547,158.9199981689453,159.17999267578125,8024500,0.0142264445961119,0.0113694951225911,156.40549850463867,160.61639892578123,0.0005204824851014
2022-10-05,159.80999755859375,160.0800018310547,158.3800048828125,159.32000732421875,5296300,-0.0055536594329764,0.0112285614246759,156.39899826049805,160.61179901123046,-0.0049921702986506
2022-10-06,159.6300048828125,159.94000244140625,158.9499969482422,159.41000366210938,5712600,-0.0011269264553861,0.0111444035231603,156.4314987182617,160.5709991455078,-0.005860300226709
2022-10-07,157.8800048828125,158.97999572753906,157.67999267578125,158.4600067138672,5030000,-0.0110233861426891,0.0113482557484326,156.3344985961914,160.4557992553711,-0.01605298396513
2022-10-10,155.47999572753906,156.35000610351562,155.1199951171875,155.94000244140625,6110800,-0.0153182032171569,0.0117211670207409,156.07699813842774,160.28339904785156,-0.0299681897741541
2022-10-11,155.16000366210938,156.80999755859375,154.9199981689453,155.49000549316406,5306700,-0.0020602123309399,0.011408499799895,155.90799865722656,160.0859991455078,-0.030770932559324
2022-10-12,155.99000549316406,156.2899932861328,155.25999450683594,155.50999450683594,3998500,0.0053350716717094,0.0114756194144779,155.8109992980957,159.92479919433595,-0.0246040246477998
2022-10-13,154.91000366210938,155.72999572753906,152.9199981689453,153.47999572753906,7083800,-0.0069476110871142,0.0107665739750194,155.80749969482423,159.7339993286133,-0.030200180843026
2022-10-14,152.97999572753906,154.1999969482422,152.72000122070312,154.02000427246094,5471900,-0.0125371607930224,0.0110307626742173,155.66449966430665,159.45019927978515,-0.0405782092557495
2022-10-17,153.4199981689453,155.3300018310547,153.32000732421875,154.9199981689453,4348000,0.0028720806307473,0.0110577576115877,155.53749923706056,159.2127993774414,-0.0363840170585987
2022-10-18,153.75,154.24000549316406,153.24000549316406,154.0800018310547,4528400,0.0021486600903921,0.0110141014718016,155.47149887084962,158.9539993286133,-0.032739027332397
2022-10-19,151.69000244140625,152.49000549316406,151.5399932861328,152.08999633789062,8257100,-0.0134889259883384,0.0113171542165134,155.2664993286133,158.64379943847655,-0.0438327688928494
2022-10-20,151.4499969482422,153.22999572753906,151.27000427246094,151.9199981689453,5019800,-0.0015834633753089,0.0113158540899225,155.0539993286133,158.33719940185546,-0.0434970586800246
2022-10-21,154.14999389648438,154.30999755859375,151.8300018310547,151.97999572753906,6898400,0.0176705974145265,0.0114178659169214,155.1109992980957,158.09339935302734,-0.0249435173933936
2022-10-24,153.64999389648438,154.05999755859375,153.05999755859375,153.4499969482422,4673300,-0.0032488658845126,0.011099481057235,155.23199920654298,157.80899932861328,-0.026354678439272
2022-10-25,154.0,154.7899932861328,153.8300018310547,153.9600067138672,3434100,0.0022753535606352,0.011100951035883,155.35499954223633,157.57479919433592,-0.0226863636356416
2022-10-26,154.97999572753906,155.72999572753906,154.77999877929688,154.77999877929688,4448200,0.0063434463543533,0.0101855139181815,155.36949920654297,157.3659991455078,-0.0151621279750686
2022-10-27,154.74000549316406,155.08999633789062,154.22000122070312,154.7100067138672,3654900,-0.0015497241473593,0.0101920382514182,155.3734992980957,157.17379913330078,-0.0154847287115111
2022-10-28,153.16000366210938,153.5399932861328,152.5,152.9600067138672,4645400,-0.0102631741011786,0.0104483811991141,155.2979995727539,156.95859924316406,-0.0242012581621591
2022-10-31,151.91000366210938,152.8699951171875,151.88999938964844,152.16000366210938,6097800,-0.0081948861927748,0.008828654197882,154.9720001220703,156.7423992919922,-0.0308301751900623
2022-11-01,153.4600067138672,153.97999572753906,152.8699951171875,153.82000732421875,4603600,0.0101517261727974,0.0084718400325165,154.61000061035156,156.57879943847655,-0.0199183589080641
2022-11-02,152.38999938964844,155.4199981689453,152.25999450683594,154.16000366210938,7210900,-0.0069969702028922,0.0085070439621474,154.2390007019043,156.3711993408203,-0.0254599310356033
2022-11-03,151.80999755859375,151.9600067138672,150.57000732421875,150.6999969482422,5378800,-0.0038132974339371,0.0085074731483442,153.84800033569337,156.14239929199218,-0.0277464785544679
2022-11-04,156.47000122070312,156.60000610351562,154.66000366210938,154.9499969482422,7692000,0.0302345832528433,0.0109782159802775,153.7775001525879,155.99679931640625,0.0030334077774062
2022-11-07,155.85000610351562,156.57000732421875,155.80999755859375,156.22000122070312,4425700,-0.0039702607393793,0.0104497805018766,153.7960006713867,155.87859954833985,-0.0001834340628352
2022-11-08,159.4499969482422,159.8699951171875,155.97999572753906,155.99000549316406,11299600,0.0228363289406868,0.011596515059783,154.01050033569337,155.83039947509766,0.0232278007714595
2022-11-09,158.64999389648438,160.35000610351562,158.4499969482422,159.36000061035156,6040600,-0.0050298947591616,0.0116412112632332,154.14349975585938,155.7931994628906,0.0183370932970295
2022-11-10,163.47999572753906,163.50999450683594,161.66000366210938,162.00999450683594,9939900,0.0299901530039926,0.0131695459657252,154.57199935913087,155.8773992919922,0.0487729232722542
2022-11-11,164.55999755859375,164.5800018310547,163.4199981689453,163.91000366210938,4622400,0.0065845979471178,0.0126911339080549,155.1509994506836,156.01119934082033,0.0547960547312876
2022-11-14,164.9199981689453,165.24000549316406,164.14999389648438,164.1999969482422,6187600,0.0021852662272774,0.012694273937026,155.7259994506836,156.1243994140625,0.0563371182716656
2022-11-15,165.5,166.22999572753906,164.55999755859375,165.27000427246094,9903500,0.0035106980811025,0.0126896512903946,156.3134994506836,156.2677993774414,0.059079353899773
2022-11-16,165.1199951171875,165.7100067138672,164.8300018310547,165.41000366210938,3645800,-0.0022987420952167,0.0121269201062855,156.98499908447266,156.37139923095702,0.0559475449427231
2022-11-17,163.9199981689453,164.11000061035156,163.39999389648438,163.7899932861328,4574400,-0.0072939599616732,0.0123367012701699,157.6084991455078,156.47019927978516,0.0476116150132788
2022-11-18,162.7899932861328,163.69000244140625,162.67999267578125,163.3800048828125,4321100,-0.0069175073823137,0.0121213411583624,158.04049911499024,156.52959899902345,0.0399949551212254
2022-11-21,161.8800048828125,162.5,161.27999877929688,162.44000244140625,4766500,-0.0056056352070885,0.0121937305451393,158.45199966430664,156.55459899902343,0.0340162851672105
2022-11-22,162.07000732421875,162.60000610351562,161.72000122070312,162.3000030517578,3203800,0.0011730356909015,0.0121978081218304,158.8555000305176,156.62519927978516,0.0347632952390204
2022-11-23,163.0800018310547,163.24000549316406,161.55999755859375,161.69000244140625,4167000,0.0062125033172795,0.0121957019324888,159.26050033569337,156.7281994628906,0.0405275016871997
2022-11-25,163.22000122070312,163.42999267578125,162.75999450683594,162.85000610351562,1436500,0.0008581023409725,0.0121649754938476,159.68450012207032,156.8929995727539,0.04032685757286
2022-11-28,161.92999267578125,163.05999755859375,161.91000366210938,162.92999267578125,4052900,-0.0079348936653714,0.0120452714021085,160.1229995727539,157.01479949951172,0.0313040120545121
2022-11-29,162.72999572753906,163.6300048828125,162.60000610351562,162.6999969482422,2620600,0.0049282615630087,0.0117700165941894,160.66399917602538,157.15019927978517,0.0355061366344168
2022-11-30,164.80999755859375,164.80999755859375,162.39999389648438,163.69000244140625,4874700,0.0127009210150128,0.011859981246356,161.23149871826172,157.34499908447265,0.0474435064193773
2022-12-01,167.83999633789062,167.9499969482422,166.97999572753906,167.47999572753906,8625800,0.0182178423963075,0.0120169853815563,162.00399856567384,157.5859991455078,0.065069214574797
2022-12-02,167.25999450683594,167.47000122070312,165.75999450683594,166.17999267578125,5185900,-0.0034616677176241,0.0120039268092507,162.77649841308593,157.8171990966797,0.0598337536352519
2022-12-05,164.38999938964844,166.72000122070312,164.32000732421875,166.5500030517578,5436200,-0.0173078053027201,0.0114040312340745,163.1724983215332,158.04479919433595,0.0401481113434822
2022-12-06,164.83999633789062,165.5399932861328,164.4499969482422,165.1999969482422,3597800,0.0027336344458788,0.0113028810070125,163.62199783325195,158.31699920654296,0.0412021271502099
2022-12-07,166.3300018310547,166.63999938964844,165.32000732421875,165.47000122070312,4610700,0.0089984935565378,0.0103995248871299,163.96599807739258,158.6127993774414,0.0486543487278672
2022-12-08,166.47000122070312,167.0500030517578,166.07000732421875,166.5800018310547,3217900,0.000841342527782,0.010269358048166,164.35699844360352,158.84839935302733,0.0479803504392727
2022-12-09,167.05999755859375,168.08999633789062,166.60000610351562,167.25999450683594,5431300,0.0035378943750204,0.0079773692800083,164.53599853515624,159.09639923095702,0.0500551763970228
2022-12-12,165.67999267578125,166.60000610351562,165.42999267578125,166.44000244140625,3504400,-0.0082948418335018,0.0081296727050873,164.5919982910156,159.31659912109376,0.039941811398138
2022-12-13,168.50999450683594,169.7899932861328,168.02000427246094,169.2100067138672,6750200,0.0169368897336953,0.0089352535730972,164.77149810791016,159.51819915771483,0.0563684607561985
2022-12-14,168.10000610351562,168.80999755859375,167.13999938964844,168.42999267578125,5643000,-0.0024359858905979,0.0089489286962459,164.90149841308593,159.6661993408203,0.0528214913207315
2022-12-15,165.35000610351562,166.2100067138672,165.10000610351562,165.72999572753906,8363000,-0.0164946003829018,0.0097344289011495,164.91299896240236,159.77699951171874,0.0348799051730104
2022-12-16,166.7899932861328,166.97999572753906,165.83999633789062,166.02000427246094,5372000,0.00867101949516,0.0097533836246489,165.0564987182617,159.92019927978515,0.04295763785492
2022-12-19,166.32000732421875,167.11000061035156,165.99000549316406,166.7100067138672,3940500,-0.0028218082489996,0.0096234483371462,165.232999420166,160.08899932861328,0.0389221496900928
2022-12-20,169.0800018310547,169.52999877929688,168.02999877929688,168.10000610351562,7803100,0.01645829894144,0.0100718024771555,165.59299926757814,160.3609994506836,0.0543710902915173
2022-12-21,168.8000030517578,169.7100067138672,168.67999267578125,169.0399932861328,3990100,-0.0016573862871153,0.0101064603991113,165.92949905395508,160.63379943847656,0.0508373931378554
2022-12-22,166.75999450683594,167.75999450683594,166.05999755859375,167.75999450683594,5672700,-0.0121589801689325,0.0105326233467932,166.11349868774414,160.84919921875,0.03674743372547
2022-12-23,167.25999450683594,167.8000030517578,166.66000366210938,166.8800048828125,2912300,0.0029938350392547,0.0105406974392426,166.31549835205078,161.09619903564453,0.0382615822600978
2022-12-27,168.6699981689453,170.61000061035156,167.8000030517578,167.88999938964844,6885700,0.0083946773027696,0.0104258497437412,166.652498626709,161.40999908447264,0.0449786204426728
2022-12-28,167.91000366210938,168.33999633789062,167.10000610351562,168.0500030517578,3662500,-0.0045159890327506,0.0105017013727234,166.9114990234375,161.69979919433592,0.0384057648724092
2022-12-29,168.85000610351562,169.35000610351562,168.52000427246094,168.5399932861328,3345900,0.005582639597805,0.0102213748413912,167.1134994506836,162.00179931640625,0.0422724118868218
2022-12-30,169.63999938964844,169.89999389648438,168.8000030517578,169.25999450683594,2864500,0.0046677580293306,0.0094551195648,167.2034996032715,162.3607992553711,0.0448334830061298
2023-01-03,171.05999755859375,172.08999633789062,170.02000427246094,171.32000732421875,7992900,0.0083358168719463,0.0095601839636385,167.39349975585938,162.75299926757813,0.0510405235442591
2023-01-04,172.6699981689453,173.08999633789062,171.85000610351562,172.86000061035156,7574600,0.0093678899395659,0.0086731167913513,167.80749969482423,163.12339935302734,0.058523785390577
2023-01-05,170.52000427246094,171.0,169.7899932861328,170.82000732421875,4692600,-0.0125296308674875,0.0092966073895492,168.09150009155277,163.4607995605469,0.0431859181583121
2023-01-06,173.7100067138672,173.9600067138672,171.22999572753906,171.75999450683594,7889000,0.0185346638111992,0.009914952074268,168.46050033569335,163.85499969482422,0.0601446830270524
2023-01-09,174.10000610351562,175.0399932861328,173.8800048828125,174.50999450683594,5134500,0.0022426010679794,0.0099100137816957,168.84200057983398,164.23739990234375,0.0600509153641997
2023-01-10,174.74000549316406,174.97999572753906,174.05999755859375,174.61000061035156,4398400,0.0036693044744913,0.0099109626012258,169.2260009765625,164.63739990234376,0.0613627620262028
2023-01-11,174.6199951171875,174.7899932861328,173.72000122070312,174.75999450683594,3374200,-0.0006870298860052,0.0096269793063738,169.67300109863282,165.0665997314453,0.0578760052081103
2023-01-12,176.63999938964844,176.7100067138672,174.8800048828125,176.00999450683594,6936900,0.0115016032132319,0.0092719497813794,170.07950134277343,165.56119964599608,0.0669166433158319
2023-01-13,178.75999450683594,178.8300018310547,176.88999938964844,176.9600067138672,7468800,0.0119303337025929,0.0094362098051903,170.61250076293945,166.06719940185548,0.0764316803721484
2023-01-17,177.58999633789062,178.24000549316406,177.08999633789062,178.2100067138672,6610800,-0.0065665912906243,0.0085743702700384,171.2245002746582,166.5711993408203,0.0661506733497477
2023-01-18,177.0800018310547,179.17999267578125,176.89999389648438,178.9199981689453,5384700,-0.0028758838411488,0.0086015732815903,171.7390007019043,167.07659942626952,0.059873150633519
2023-01-19,179.88999938964844,180.02999877929688,178.08999633789062,178.3699951171875,6678700,0.0157439313774708,0.0089362736566059,172.4175003051758,167.54499938964844,0.0736816977228311
2023-01-20,179.2899932861328,179.66000366210938,178.64999389648438,179.05999755859375,5754800,-0.0033409804213138,0.0085632573674201,172.9279998779297,168.01379913330078,0.0671146906444606
2023-01-23,179.6300048828125,179.69000244140625,177.77999877929688,178.35000610351562,5265500,0.0018946378029897,0.0084996705905777,173.46949996948243,168.41739929199218,0.0665762898486549
2023-01-24,180.27999877929688,180.32000732421875,178.35000610351562,179.55999755859375,4604600,0.0036119840879409,0.0077028427645326,174.14550018310547,168.84999938964845,0.0676932154632223
2023-01-25,181.11000061035156,181.22000122070312,179.2899932861328,179.35000610351562,6925300,0.004593393795208,0.0077012670992251,174.83800048828124,169.2025994873047,0.0703736299508819
2023-01-26,179.47000122070312,180.27000427246097,178.4600067138672,180.1499938964844,5860100,-0.009096515003608,0.0081531752898472,175.37800064086915,169.50079956054688,0.0588150715866987
2023-01-27,179.22000122070312,179.72000122070312,178.25999450683594,179.27000427246094,6052700,-0.0013939615756237,0.0080285548490365,175.94350051879883,169.78679962158202,0.0555590989414116
2023-01-30,178.75999450683594,179.42999267578125,178.64999389648438,179.2899932861328,4210700,-0.0025700149312909,0.0081109278286064,176.43899993896486,170.05199951171875,0.0512078365448275
2023-01-31,179.41000366210938,179.6999969482422,178.5399932861328,178.82000732421875,5976900,0.0036296165072691,0.0081020107426849,176.9275001525879,170.33779968261717,0.0532600749592635
2023-02-01,181.6699981689453,181.72999572753903,178.6300048828125,179.75,7996000,0.0125181345283875,0.0083038776141567,177.45800018310547,170.6927996826172,0.0643096750814264
2023-02-02,177.89999389648438,181.11000061035156,177.74000549316406,181.0800018310547,8842400,-0.0209702840085377,0.0097297049234037,177.71949996948243,170.99499969482423,0.04038126386142
2023-02-03,173.4600067138672,175.42999267578125,173.1199951171875,174.9199981689453,13674400,-0.0252744964012274,0.0110272216795248,177.86650009155272,171.2265997314453,0.0130435749230831
2023-02-06,173.82000732421875,174.4600067138672,173.27999877929688,174.11000061035156,8957000,0.0020732591842408,0.0102231634594758,177.87200012207032,171.46159973144532,0.0137547275685478
2023-02-07,173.97999572753906,175.27000427246094,173.47000122070312,173.72000122070312,6794200,0.0009200023760844,0.0102123809245745,177.8659996032715,171.679599609375,0.013399356262469
2023-02-08,174.41000366210938,174.99000549316406,173.8300018310547,174.94000244140625,4075600,0.0024685447555079,0.0101929717436443,177.84949951171876,171.9033996582031,0.0145814684810781
2023-02-09,173.02999877929688,175.52000427246094,172.8699951171875,175.49000549316406,5361300,-0.0079438874640135,0.0103432287787701,177.7699996948242,172.12539978027343,0.0052554649120827
2023-02-10,173.36000061035156,173.67999267578125,172.6300048828125,173.6300048828125,2971100,0.001905377935128,0.0099753027327566,177.6059997558594,172.3379998779297,0.0059302111730771
2023-02-13,172.47999572753906,172.89999389648438,172.07000732421875,172.6999969482422,3970800,-0.0050890977989504,0.009536107089348,177.29199981689453,172.4913998413086,-6.611410064522344e-05
2023-02-14,172.61000061035156,173.50999450683594,171.41000366210938,171.97000122070312,5403100,0.0007534549847423,0.0094833827150149,177.0430000305176,172.5867999267578,0.0001344290733914
2023-02-15,170.88999938964844,170.99000549316406,170.16000366210938,170.60000610351562,5423800,-0.0100146468474003,0.009673420240716,176.73349990844727,172.65940002441403,-0.010247925305633
2023-02-16,170.75,171.60000610351562,169.9600067138672,170.33999633789062,4540400,-0.000819572636313,0.008760177404159,176.27649993896483,172.78660003662108,-0.0117867938612683
2023-02-17,171.25999450683594,171.47000122070312,169.52000427246094,169.8699951171875,4809800,0.0029823390721485,0.0088459905113755,175.875,172.915,-0.0095712083576558
2023-02-21,170.6199951171875,171.5,170.33999633789062,171.1999969482422,4035900,-0.0037440046605545,0.0087952749943406,175.42449951171875,173.00079986572266,-0.0137618135314001
2023-02-22,169.66000366210938,170.9600067138672,169.55999755859375,170.80999755859375,4105700,-0.0056423768979153,0.0086956278263682,174.89349975585938,173.06459991455077,-0.019672401254343
2023-02-23,169.57000732421875,170.1300048828125,169.0800018310547,169.83999633789062,5073500,-0.0005305918526508,0.0085329833099504,174.31650009155274,173.11480010986327,-0.0204765437928755
2023-02-24,168.35000610351562,168.83999633789062,168.19000244140625,168.4199981689453,6496500,-0.0072206822499255,0.0084759419646958,173.76050033569337,173.16820037841796,-0.0278237821053364
2023-02-27,169.00999450683594,169.22999572753906,168.5500030517578,168.8800048828125,4509200,0.0039126704061281,0.0086172741018216,173.25,173.17820037841796,-0.024068883164705
2023-02-28,169.77999877929688,170.25,168.58999633789062,168.77999877929688,6761600,0.0045456218517804,0.0087784262891836,172.80100021362304,173.21180023193358,-0.0198127462911964
2023-03-01,170.75999450683594,171.49000549316406,170.47000122070312,170.9499969482422,6590500,0.0057555556009345,0.0088699318793515,172.36849975585938,173.32,-0.014770398645073
2023-03-02,170.66000366210938,170.97999572753906,170.36000061035156,170.52000427246094,3950700,-0.0005857351538961,0.0081600426019205,171.81800003051757,173.39740020751952,-0.0157868373005251
2023-03-03,172.49000549316406,172.60000610351562,170.97999572753906,171.4499969482422,6894500,0.0106660010558637,0.0075633921548489,171.54750061035156,173.52080017089844,-0.0059404675215833
2023-03-06,171.6199951171875,172.3699951171875,171.5399932861328,172.32000732421875,4264100,-0.0050565936951402,0.005209613437671,171.45550003051758,173.5716000366211,-0.0112438032432831
2023-03-07,168.6199951171875,170.47000122070312,168.52000427246094,170.4199981689453,8713300,-0.0176350683906361,0.0064151138230949,171.19549942016602,173.56799987792968,-0.0285075864457855
2023-03-08,168.5399932861328,169.58999633789062,168.52000427246094,168.61000061035156,5718600,-0.0004745630282821,0.0063947590249147,170.9234992980957,173.60359985351562,-0.0291676357613287
2023-03-09,170.1999969482422,170.64999389648438,169.7100067138672,169.75,5583000,0.0098011277000977,0.0068346623230426,170.71299896240234,173.66239990234374,-0.0199375509957744
2023-03-10,173.8699951171875,173.8800048828125,171.9199981689453,171.92999267578125,13803400,0.0213336672477239,0.0082978740678341,170.75499877929687,173.76639984130858,0.0005961755320563
2023-03-13,177.86000061035156,178.02000427246094,176.3000030517578,176.66000366210938,20554400,0.0226888619465587,0.009700056159471,170.97999877929686,173.96539978027343,0.0223872151301189
2023-03-14,176.8300018310547,177.58999633789062,176.2100067138672,177.35000610351562,10019000,-0.0058078979813613,0.0097261980807481,171.19749908447267,174.12499969482425,0.0155348292374519
2023-03-15,178.2100067138672,180.1300048828125,177.49000549316406,178.86000061035156,14546100,0.0077738384371423,0.0098336002046285,171.47749938964844,174.29639984130858,0.0224537447481521
2023-03-16,178.57000732421875,179.64999389648438,177.8699951171875,179.50999450683594,10762200,0.0020180543660701,0.0094462922705344,171.86149978637695,174.4466000366211,0.0236370745358867
2023-03-17,183.77000427246097,184.80999755859375,180.77000427246097,181.02000427246097,24156300,0.0287042767313048,0.0111102334775894,172.5125,174.66860015869142,0.0521066986596369
2023-03-20,183.83999633789065,184.5399932861328,182.7400054931641,184.19000244140625,11845700,0.0003807952240648,0.0111339642601227,173.14150009155273,174.935,0.0509046007825229
2023-03-21,180.3699951171875,182.72999572753903,179.89999389648438,182.6499938964844,10734500,-0.0190555245693378,0.0121422358484576,173.62900009155274,175.0681997680664,0.0302841712895033
2023-03-22,183.44000244140625,183.94000244140625,180.27999877929688,180.3999938964844,11969600,0.0168773822476493,0.0123624027565187,174.31800003051757,175.25499969482422,0.0467033908352673
2023-03-23,185.7400054931641,186.2400054931641,183.6000061035156,183.91000366210935,11347100,0.012460224063676,0.0124580174827572,175.12649993896486,175.47499969482422,0.0584983947353877
2023-03-24,183.6499938964844,185.9900054931641,183.6199951171875,185.61000061035156,9245900,-0.0113161368911652,0.0126931852453082,175.8914993286133,175.65559967041017,0.0455117527768795
2023-03-27,181.9499969482422,182.1499938964844,180.69000244140625,181.1499938964844,6925000,-0.0092998317455167,0.0130557558576391,176.5384994506836,175.76179962158204,0.0352078628005825
2023-03-28,183.44000244140625,183.6199951171875,182.1199951171875,182.30999755859375,6202600,0.0081557445730061,0.0130931299025648,177.22149963378905,175.85539978027344,0.0431297683813494
2023-03-29,182.52999877929688,183.27000427246097,182.2400054931641,182.4900054931641,4996500,-0.0049731154716589,0.0132308334846086,177.80999984741212,175.95419982910155,0.0373722193422048
2023-03-30,184.17999267578125,184.44000244140625,182.5500030517578,182.75,6360300,0.0089989641395777,0.0132549926787766,178.4859992980957,176.09619964599608,0.0459055507503053
2023-03-31,183.22000122070312,184.4199981689453,182.8000030517578,184.11000061035156,8003300,-0.0052258772770236,0.0132987542353567,179.02249908447266,176.1627996826172,0.0400606799551352
2023-04-03,184.5399932861328,185.0399932861328,183.32000732421875,183.8500061035156,9206600,0.0071785825192108,0.0131887533988503,179.66849899291992,176.26779968261718,0.0469296923114165
2023-04-04,187.97999572753903,188.22999572753903,184.66000366210935,184.72000122070312,13765400,0.0184693456951082,0.0125819571686685,180.6364990234375,176.4347994995117,0.0654360492418576
2023-04-05,187.8300018310547,188.86000061035156,186.77999877929688,188.33999633789065,11440800,-0.0007982432900846,0.0125901633175722,181.6009994506836,176.5857995605469,0.0636755746979101
2023-04-06,186.4900054931641,187.2599945068359,185.9499969482422,186.88999938964844,6648400,-0.0071596603748995,0.0128479806682407,182.41549987792968,176.69339965820313,0.0554440961230672
2023-04-10,185.11000061035156,185.36000061035156,184.19000244140625,185.17999267578125,6408100,-0.0074274015300659,0.0124771551438431,182.97750015258788,176.8061996459961,0.0469655531366064
2023-04-11,186.27999877929688,186.5099945068359,185.63999938964844,185.91000366210935,6031500,0.0063006652922904,0.0116349144523756,183.39850006103515,176.94739959716796,0.0527422228491358
2023-04-12,187.19000244140625,187.66000366210935,185.97000122070312,187.5399932861328,10000900,0.0048732452945133,0.0114867456680629,183.9165000915527,177.11599975585938,0.0568779935151714
2023-04-13,189.72000122070312,190.41000366210935,188.9900054931641,189.7599945068359,14060100,0.0134251505879818,0.011682173783501,184.49199981689452,177.32219970703125,0.0699168041799352
2023-04-14,186.36000061035156,188.4900054931641,185.1699981689453,188.0800018310547,13272500,-0.0178690172198992,0.0125926282783816,184.88149948120116,177.4159997558594,0.0504125945055684
2023-04-17,185.52999877929688,185.92999267578125,184.1000061035156,185.88999938964844,7468100,-0.0044637027644765,0.0109916731361066,184.96949920654296,177.56859985351562,0.0448356237102109
2023-04-18,186.25,186.9900054931641,185.0399932861328,185.2400054931641,8056900,0.0038732698004284,0.0110177826364286,185.08999938964843,177.82439971923827,0.0473815758358507
2023-04-19,185.36000061035156,185.5800018310547,184.27999877929688,184.3500061035156,7373500,-0.004789973842758,0.0100982414907922,185.33949966430663,178.05519958496097,0.0410254855933317
2023-04-20,186.08999633789065,187.02999877929688,185.77999877929688,186.13999938964844,5789900,0.0039305245569871,0.0094453234129112,185.47199935913085,178.29739959716798,0.0437056107286404
2023-04-21,184.25,185.67999267578125,183.22000122070312,184.97999572753903,10698700,-0.0099368769044519,0.0093064635182422,185.39749908447263,178.49419952392577,0.0322464286874639
2023-04-24,184.80999755859375,185.02999877929688,183.4600067138672,184.07000732421875,8303400,0.0030347260178608,0.0089678106391808,185.45549926757812,178.72979949951173,0.0340189385100196
2023-04-25,185.75,186.22000122070312,184.3000030517578,184.83999633789065,8451900,0.0050734265105617,0.0087295144735931,185.645499420166,178.9775994873047,0.0378393750508184
2023-04-26,184.7400054931641,186.6499938964844,184.3000030517578,186.6300048828125,8203600,-0.0054522226988369,0.008675322302704,185.71049957275392,179.2227996826172,0.0307840621858225
2023-04-27,184.75,184.9900054931641,183.3800048828125,183.8999938964844,9107400,5.4098929279614626e-05,0.0085852394940008,185.82149963378907,179.46559967041014,0.029445199187447
2023-04-28,184.8000030517578,185.3800048828125,184.1699981689453,184.7899932861328,6700400,0.0002706158931134,0.0083548120426552,185.85250015258788,179.74379974365235,0.0281300568660312
2023-05-01,183.97000122070312,186.22000122070312,183.91000366210935,186.0500030517578,7997700,-0.0045014682483947,0.0083317355726644,185.8900001525879,180.00819976806642,0.0220090054660917
2023-05-02,187.52000427246097,187.63999938964844,184.52000427246097,184.6499938964844,14680600,0.0191128216996457,0.0092358281231308,186.03900070190429,180.3333999633789,0.0398517651779508
2023-05-03,189.11000061035156,189.2100067138672,186.92999267578125,187.61000061035156,11133800,0.0084433303940006,0.0084663978173542,186.09550094604492,180.7032000732422,0.0465226987330714
2023-05-04,190.44000244140625,191.36000061035156,188.80999755859375,188.86000061035156,14146800,0.0070083375794601,0.0085921374450811,186.2260009765625,181.11880004882812,0.0514645767864253
2023-05-05,187.4600067138672,187.5800018310547,185.77000427246097,186.55999755859375,12508100,-0.0157716720128652,0.0092004940835468,186.27450103759764,181.4766000366211,0.032970678732347
2023-05-08,187.69000244140625,188.6699981689453,187.4900054931641,187.82000732421875,6075400,0.0012261535425393,0.0090217174706233,186.4035011291504,181.8633999633789,0.0320383456990281
2023-05-09,189.02000427246097,189.3300018310547,188.07000732421875,188.1199951171875,7098800,0.0070611734943209,0.0090481651333966,186.5405014038086,182.26360015869145,0.0370694099528756
2023-05-10,188.75,189.63999938964844,187.82000732421875,188.97999572753903,9392100,-0.0014294640409974,0.0090059289610497,186.61850128173828,182.64300018310547,0.0334368128577173
2023-05-11,187.1300048828125,188.80999755859375,186.86000061035156,188.44000244140625,8245500,-0.0086197995462801,0.0086726772140491,186.48900146484377,182.970400390625,0.0227337562977789
2023-05-12,186.80999755859375,187.9199981689453,186.5800018310547,187.42999267578125,7087500,-0.0017115440993107,0.0076841439249958,186.51150131225583,183.29340026855468,0.0191856187123305
2023-05-15,187.2100067138672,187.8800048828125,187.02999877929688,187.3000030517578,5518100,0.0021389727993926,0.0076183769589552,186.5955017089844,183.58780029296875,0.0197301041524444
2023-05-16,184.8699951171875,186.82000732421875,184.4600067138672,186.5800018310547,9519500,-0.0125781683307229,0.0081021742517842,186.52650146484376,183.8528002929687,0.005532658858597
2023-05-17,184.22999572753903,184.4499969482422,183.47999572753903,184.30999755859375,7474300,-0.0034678951337034,0.0080695581571858,186.47000122070312,184.1650003051758,0.0003529195137813
2023-05-18,181.83999633789065,182.27999877929688,181.33999633789065,182.1000061035156,8812600,-0.0130577944134065,0.0084836567131957,186.25750122070312,184.43100036621092,-0.0140486362009396
2023-05-19,183.63999938964844,184.33999633789065,181.80999755859375,182.25,8435000,0.0098501566522876,0.0085590776599785,186.22700119018555,184.69980041503905,-0.0057379651900496
2023-05-22,183.2100067138672,183.83999633789065,182.91000366210935,183.22000122070312,4834300,-0.0023442435084917,0.0085376992630438,186.1470016479492,184.88660064697265,-0.0090682284559214
2023-05-23,183.42999267578125,183.7599945068359,182.47999572753903,182.77999877929688,6345000,0.0012000108481294,0.0084496529391585,186.03100128173827,184.9980004882813,-0.0084758095134079
2023-05-24,181.9499969482422,183.5399932861328,181.77000427246097,183.5399932861328,6732900,-0.0081011761113672,0.008549417252328,185.8915008544922,185.100400390625,-0.0170199709764775
2023-05-25,180.1999969482422,181.30999755859375,180.10000610351562,181.17999267578125,6919200,-0.0096645790468163,0.0087739064329717,185.66400070190429,185.1402001953125,-0.0266835794811644
2023-05-26,180.9199981689453,181.3000030517578,180.08999633789062,181.0099945068359,5823700,0.0039876062500003,0.0088468043317752,185.4700004577637,185.18720001220703,-0.0230426392481793
2023-05-30,182.0399932861328,182.3999938964844,181.1699981689453,181.72000122070312,4906100,0.0061714717783212,0.0089496498749421,185.37350006103512,185.1525997924805,-0.0168110332225216
2023-05-31,182.32000732421875,183.4499969482422,182.1000061035156,182.38999938964844,8497900,0.0015370188425894,0.0076945280796673,185.11350021362304,185.12220001220703,-0.0151369889068059
2023-06-01,183.7599945068359,184.2100067138672,182.72000122070312,182.80999755859375,7300500,0.007867103377943,0.0076566926312328,184.84599990844723,185.19,-0.0077218288955347
2023-06-02,181.0500030517578,183.55999755859375,180.9600067138672,183.52999877929688,8726100,-0.0148572754201644,0.0079433514884561,184.37649993896488,185.14220001220704,-0.0221029941319667
2023-06-05,182.13999938964844,182.44000244140625,180.6000061035156,180.7899932861328,5748800,0.0060023657211361,0.0075131998486717,184.1104995727539,185.0701998901367,-0.0158329136847948
2023-06-06,182.33999633789065,182.6499938964844,181.52000427246097,182.36000061035156,4967200,0.0010974372841259,0.0075108510350447,183.84299926757816,185.04399993896484,-0.0146127602190078
2023-06-07,180.1499938964844,183.0,180.1499938964844,181.94000244140625,9066500,-0.0120832527588809,0.0075891234902504,183.3994987487793,185.00799987792968,-0.0262583563124331
2023-06-08,182.52999877929688,183.0399932861328,181.9600067138672,182.0,6394100,0.0131247330730928,0.0083473192622874,183.0884986877441,184.9897998046875,-0.0132969549023118
2023-06-09,182.0399932861328,182.7899932861328,181.72000122070312,182.36000061035156,4379200,-0.0026881301198417,0.0081915207951747,182.83399810791016,184.97999969482424,-0.0158936447915545
2023-06-12,181.8800048828125,181.94000244140625,181.0399932861328,181.8000030517578,4873600,-0.0008792504640156,0.0081918558391205,182.5874984741211,184.93399993896483,-0.0165139728614547
2023-06-13,180.5399932861328,182.42999267578125,180.1699981689453,182.1000061035156,5126700,-0.0073948331208413,0.0082560636771065,182.2539978027344,184.88039978027345,-0.0234768342090298
2023-06-14,180.63999938964844,181.9600067138672,180.13999938964844,181.69000244140625,6807000,0.0005537743402144,0.0078680034472865,182.04249801635743,184.80239990234375,-0.022523519796793
2023-06-15,181.91000366210935,182.0500030517578,180.17999267578125,180.27999877929688,6739000,0.007005982383036,0.0080525252597757,181.9264984130859,184.68100006103515,-0.0150042310687619
2023-06-16,181.6300048828125,182.6199951171875,181.41000366210935,181.92999267578125,8779100,-0.0015404017609149,0.0075108702669034,181.91599884033204,184.55700012207032,-0.0158595731254942
2023-06-20,179.75,180.08999633789062,179.22000122070312,180.05999755859375,7584200,-0.0104046810434885,0.0074700410082894,181.7214988708496,184.42220001220704,-0.0253342602566165
2023-06-21,179.49000549316406,179.9499969482422,178.19000244140625,179.14999389648438,6702300,-0.0014474699268161,0.0074646826102036,181.53549880981444,184.3098001098633,-0.0261505064506946
2023-06-22,177.7100067138672,178.99000549316406,177.6300048828125,178.36000061035156,7945000,-0.0099664806970392,0.0077032392163805,181.2494995117187,184.13840026855468,-0.0349106625522545
2023-06-23,178.1999969482422,179.9499969482422,178.08999633789062,179.60000610351562,5419800,0.0027534519339434,0.0076016161439567,181.0619995117187,183.9586001586914,-0.0313037999065092
2023-06-26,178.50999450683594,179.0800018310547,178.4199981689453,179.0500030517578,3222100,0.0017380933759117,0.0073440601047807,180.97749938964844,183.73440002441407,-0.0284345529029073
2023-06-27,177.69000244140625,179.2899932861328,177.42999267578125,179.07000732421875,5036900,-0.0046041185904783,0.0073207686500376,180.81599960327148,183.56100006103512,-0.031983905174175
2023-06-28,177.27999877929688,177.69000244140625,176.6999969482422,177.22999572753906,5866700,-0.0023100760234936,0.0071327743244482,180.5779998779297,183.39600006103515,-0.0333486078197062
2023-06-29,177.08999633789062,177.6300048828125,175.7899932861328,175.8300018310547,6862500,-0.0010723394318449,0.0071014683838281,180.31649932861328,183.21279998779295,-0.0334190823474686
2023-06-30,178.27000427246094,178.52999877929688,177.32000732421875,177.69000244140625,6420900,0.0066412216886671,0.0070216117801576,180.04199981689453,183.07100006103516,-0.0262247750161062
2023-07-03,178.47000122070312,179.33999633789062,178.4600067138672,178.61000061035156,4085700,0.0011212477777403,0.0062952587371717,179.9129997253418,182.91860015869145,-0.0243201015868747
2023-07-05,177.83999633789062,179.4199981689453,177.8300018310547,179.41000366210938,5650600,-0.0035362776439635,0.0061181885625314,179.6979995727539,182.7904000854492,-0.0270824055598347
2023-07-06,177.30999755859375,177.8000030517578,176.66000366210938,177.50999450683594,5133000,-0.002984649764026,0.0061057795021271,179.44649963378907,182.6404000854492,-0.0291852324259123
2023-07-07,178.63999938964844,179.64999389648438,178.35000610351562,178.3800048828125,5201100,0.0074730048154887,0.0058658439472432,179.37099990844726,182.49820007324217,-0.0211410341693524
2023-07-10,178.77999877929688,178.9199981689453,178.25999450683594,178.3699951171875,3320500,0.0007833887164984,0.0049423309240133,179.18349990844726,182.37899993896485,-0.0197336379784537
2023-07-11,179.4499969482422,179.7100067138672,179.1300048828125,179.42999267578125,2818800,0.0037406077556986,0.005037495498827,179.05400009155272,182.2729998779297,-0.0154877734583734
2023-07-12,181.8800048828125,181.9499969482422,181.1000061035156,181.17999267578125,7062000,0.0134505552157077,0.0059496235081532,179.05400009155272,182.21459991455075,-0.0018362690579963
2023-07-13,182.0099945068359,182.1499938964844,181.4900054931641,181.9600067138672,4527900,0.0007144446386032,0.0056897934143154,179.12750015258788,182.17539978027344,-0.0009079451651377
2023-07-14,181.42999267578125,182.1699981689453,181.11000061035156,181.58999633789065,5390000,-0.0031917364290745,0.0057460175885873,179.16699981689453,182.05359954833983,-0.0034254025962996
2023-07-17,181.55999755859375,181.6300048828125,180.63999938964844,180.9900054931641,4152400,0.0007163001287566,0.0055227453451434,179.14949951171874,181.90259948730468,-0.0018834361338241
2023-07-18,183.63999938964844,184.22999572753903,182.32000732421875,182.7899932861328,8238000,0.0113911519159545,0.0060742266773237,179.24999923706054,181.76659942626952,0.0103066238202845
2023-07-19,183.6699981689453,183.83999633789065,182.8699951171875,183.4499969482422,3911600,0.0001633431137892,0.0055039828458851,179.4459991455078,181.6907992553711,0.0108932258633107
2023-07-20,182.7400054931641,183.77000427246097,182.47000122070312,183.72999572753903,4972900,-0.0050762515407074,0.0056495276230636,179.6084991455078,181.59179931640625,0.0063230067716725
2023-07-21,182.17999267578125,182.4600067138672,181.67999267578125,182.05999755859375,3845400,-0.0030692385170081,0.0051389122135461,179.8319984436035,181.45499908447263,0.0039954456750518
2023-07-24,181.3999938964844,182.5399932861328,181.33999633789065,182.22000122070312,4370000,-0.0042906650791518,0.00526960683792,179.99199829101562,181.3079989624023,0.0005073958932233
2023-07-25,182.41000366210935,182.47000122070312,181.1000061035156,181.72000122070312,4090100,0.0055524167407637,0.0053699874702474,180.1869987487793,181.21359893798828,0.0066021795887982
2023-07-26,183.3000030517578,183.63999938964844,182.30999755859375,182.66000366210935,6158400,0.0048672507195617,0.0052587550432846,180.46749877929688,181.14339904785157,0.0119055069919304
2023-07-27,180.4199981689453,181.63999938964844,180.32000732421875,181.63999938964844,7592800,-0.0158367154149907,0.0065042414954812,180.6244987487793,181.00759887695312,-0.0032462764638254
2023-07-28,181.86000061035156,182.27000427246097,181.25,181.47999572753903,3828800,0.0079497075742812,0.0066725517951659,180.86299896240232,180.9473989868164,0.005043463617853
2023-07-31,182.3500061035156,183.08999633789065,182.30999755859375,182.42999267578125,5494800,0.002690787072192,0.0065646185474457,181.06699905395507,180.90979919433593,0.0079609115459388
2023-08-01,180.4600067138672,181.3800048828125,180.19000244140625,180.8500061035156,6239700,-0.0104187669555817,0.0070544444694612,181.16649932861327,180.88219940185547,-0.0023340753782539
2023-08-02,179.60000610351562,180.7899932861328,179.41000366210938,180.57000732421875,6339700,-0.0047769939185,0.0070976340716581,181.25449981689457,180.8013995361328,-0.0066448237441717
2023-08-03,179.5399932861328,179.9499969482422,179.27999877929688,179.44000244140625,4636300,-0.0003342029183236,0.0070539050345062,181.3659996032715,180.72799926757813,-0.006573447314527
2023-08-04,180.19000244140625,180.77000427246097,179.85000610351562,180.25,5326200,0.003613876354074,0.0069079926802255,181.44349975585936,180.66319946289065,-0.0026192219715535
2023-08-07,179.77999877929688,180.1499938964844,179.27000427246094,180.1499938964844,4510400,-0.0022779889325187,0.0069336655152291,181.49349975585935,180.6197994995117,-0.0046495496204839
2023-08-08,178.63999938964844,179.3300018310547,178.4600067138672,178.63999938964844,6162900,-0.0063612702400246,0.0070354162546946,181.4529998779297,180.58859954833983,-0.010790272273914
2023-08-09,177.7899932861328,178.9199981689453,177.77999877929688,178.67999267578125,4644000,-0.0047695633496728,0.0063138712928767,181.2484992980957,180.5259994506836,-0.0151557458364783
2023-08-10,177.60000610351562,178.6999969482422,177.5399932861328,178.22000122070312,5934600,-0.0010691758408616,0.0062989196949983,181.0279998779297,180.43719970703123,-0.0157239948753487
2023-08-11,177.60000610351562,178.36000061035156,177.49000549316406,177.6999969482422,5289700,0.0,0.0062869265495515,180.8365005493164,180.3427996826172,-0.0152087778604334
2023-08-14,177.05999755859375,177.5800018310547,176.5800018310547,176.86000061035156,9554500,-0.0030452205303896,0.0062870406122233,180.6115005493164,180.20879974365235,-0.0174730767284271
2023-08-15,176.58999633789062,177.42999267578125,176.3300018310547,176.75,7582700,-0.0026580037072091,0.0055402285745924,180.2590003967285,180.119599609375,-0.0195958867282573
2023-08-16,175.57000732421875,176.9499969482422,175.55999755859375,176.6199951171875,6559400,-0.0057927751891949,0.0055801721049966,179.8540008544922,179.9881997680664,-0.0245471228088339
2023-08-17,175.3000030517578,176.55999755859375,174.92999267578125,176.52999877929688,7937700,-0.0015390561619561,0.0055419767024952,179.48200073242188,179.84739990234374,-0.025284751700915
2023-08-18,175.3300018310547,176.05999755859375,175.10000610351562,175.8300018310547,6253000,0.000171113589552,0.0055588212861982,179.13950119018554,179.75100006103514,-0.0245951245249221
2023-08-21,175.80999755859375,175.94000244140625,174.9600067138672,175.89999389648438,4206400,0.0027339296425673,0.0056224579653611,178.86000137329103,179.6166000366211,-0.0211929324864808
2023-08-22,176.10000610351562,176.25,175.30999755859375,175.8300018310547,5892200,0.0016481975934526,0.0054267042187659,178.54450149536132,179.49780029296875,-0.0189294475136039
2023-08-23,177.88999938964844,178.22000122070312,177.07000732421875,177.32000732421875,7949100,0.0101133281445836,0.0058723939920283,178.27400131225585,179.41800018310548,-0.008516429744494
2023-08-24,177.85000610351562,178.49000549316406,177.41000366210938,177.66000366210938,5526400,-0.0002248455933195,0.0048070615114419,178.14550170898437,179.36420043945313,-0.0084420097891755
2023-08-25,177.6199951171875,178.3800048828125,176.6300048828125,177.5800018310547,6132800,-0.0012941233726573,0.0043528054955399,177.93350143432616,179.3038003540039,-0.009390795027724
2023-08-28,178.1300048828125,178.72999572753906,177.50999450683594,177.64999389648438,4740700,0.0028672388757646,0.0043612336980646,177.722501373291,179.22820037841797,-0.0061273588268295
2023-08-29,179.8699951171875,179.8800048828125,177.89999389648438,178.02999877929688,7576600,0.0097206923776326,0.0044378944251673,177.69300079345703,179.19300018310548,0.0037780210911712
2023-08-30,180.32000732421875,180.8800048828125,180.2899932861328,180.5800018310547,6593700,0.0024987503158226,0.0043368869706113,177.7290008544922,179.20440032958984,0.0062253325955004
2023-08-31,180.02000427246094,180.4900054931641,179.94000244140625,180.3699951171875,4795600,-0.0016651113471639,0.0043556859690637,177.75300140380858,179.21500030517578,0.0044918336406794
2023-09-01,180.11000061035156,181.1199951171875,179.50999450683594,180.8000030517578,4970700,0.0004997991755412,0.0042797213654483,177.74900131225587,179.26300018310548,0.0047249037803725
2023-09-05,178.63999938964844,179.44000244140625,178.63999938964844,179.3300018310547,7056800,-0.0081951746224915,0.0046337577706784,177.69200134277344,179.27180023193358,-0.0035242622736411
2023-09-06,177.8300018310547,179.00999450683594,177.6999969482422,178.3300018310547,6427200,-0.0045445560630184,0.00452560190632,177.65150146484376,179.25820037841797,-0.0079672703639126
2023-09-07,178.02000427246094,178.3699951171875,177.89999389648438,178.30999755859375,3257200,0.0010678794784509,0.0044038325616524,177.66300201416016,179.26480041503908,-0.0069438960671372
2023-09-08,178.0800018310547,179.0500030517578,177.89999389648438,178.36000061035156,3292700,0.0003369702787594,0.0043959959907562,177.6870018005371,179.2808004760742,-0.0066978652584707
2023-09-11,178.41000366210938,179.07000732421875,178.25999450683594,178.97000122070312,3689100,0.0018513951035425,0.0044124668913348,177.7275016784668,179.30720062255858,-0.0050036861728593
2023-09-12,177.49000549316406,177.6999969482422,177.0500030517578,177.11000061035156,4445400,-0.0051699926635786,0.0045196879419852,177.7490020751953,179.29160064697265,-0.010048407997405
2023-09-13,177.0800018310547,177.75,177.0399932861328,177.52999877929688,3874800,-0.002312682045193,0.0045091590521642,177.77350234985352,179.26380065917968,-0.0121820402116592
2023-09-14,177.1699981689453,177.38999938964844,176.36000061035156,176.5,6184400,0.0005080950731221,0.0042876119148857,177.85350189208984,179.25040069580078,-0.0116061248330821
2023-09-15,178.33999633789062,179.11000061035156,178.33999633789062,178.5500030517578,5620900,0.0065821068949775,0.0044696584118492,178.0055015563965,179.27100067138673,-0.0051932790580149
2023-09-18,179.38999938964844,179.41000366210938,178.3800048828125,178.82000732421875,5049300,0.0058703831363188,0.0046031359698654,178.20850143432617,179.28600067138672,0.0005800716055479
2023-09-19,179.22000122070312,179.64999389648438,179.02999877929688,179.5399932861328,4224700,-0.0009480950413542,0.0046098521277619,178.37900161743164,179.29480072021485,-0.0004171872202164
2023-09-20,179.35000610351562,180.66000366210935,179.32000732421875,179.33999633789062,9328000,0.0007251297423292,0.0046072248081557,178.54150161743163,179.2928009033203,0.0003190602182971
2023-09-21,178.0500030517578,178.49000549316406,177.69000244140625,177.86000061035156,7571900,-0.0072748111459232,0.0044166432051343,178.54950180053712,179.2162008666992,-0.0065072120115346
2023-09-22,178.6199951171875,178.9499969482422,178.50999450683594,178.64999389648438,3634800,0.0031961900557462,0.0044715494794555,178.5880012512207,179.14840087890624,-0.0029495421623992
2023-09-25,177.6999969482422,178.7100067138672,177.63999938964844,178.41000366210938,5582100,-0.0051638989324708,0.0046215425458676,178.59200134277344,179.07380096435546,-0.0076717197530571
2023-09-26,176.27999877929688,177.13999938964844,176.16000366210938,176.8300018310547,7181100,-0.0080230849379646,0.0049017919965572,178.49950103759767,178.96820098876952,-0.0150205578120625
2023-09-27,174.10000610351562,175.32000732421875,173.6999969482422,175.27000427246094,10919600,-0.012443751217319,0.0049692526924512,178.21100158691405,178.77740112304687,-0.0261632342239494
2023-09-28,173.22999572753906,174.13999938964844,172.32000732421875,173.91000366210938,10061900,-0.0050097152043379,0.0049243202535446,177.85650100708008,178.56860107421875,-0.0298966633247061
2023-09-29,171.4499969482422,174.02999877929688,171.27000427246094,173.9199981689453,10427400,-0.0103285055180993,0.0052622337277325,177.42800064086913,178.34280090332032,-0.0386491852778219
2023-10-02,169.64999389648438,170.4600067138672,169.5,170.22999572753906,12706000,-0.0105542058560987,0.0055119273351671,176.90500030517578,178.09220092773438,-0.0474035751552964
2023-10-03,169.16000366210938,170.0800018310547,168.75,169.13999938964844,11459800,-0.0028924210000569,0.0053742628127197,176.43100051879884,177.84740112304686,-0.0488474805146405
2023-10-04,169.13999938964844,169.41000366210938,168.5,169.2100067138672,10034600,-0.0001182635075601,0.0053865730030974,175.99650039672852,177.58200103759765,-0.0475386108874957
2023-10-05,168.8300018310547,169.0,168.3000030517578,168.74000549316406,6970200,-0.0018344684108627,0.0053239814869699,175.5370002746582,177.2926010131836,-0.0477323877802414
2023-10-06,169.6999969482422,170.22999572753906,168.5,169.1699981689453,9948400,0.0051398519222737,0.0055685156184135,175.11800003051758,177.07820098876954,-0.041666359830453
2023-10-09,172.82000732421875,172.86000061035156,171.0800018310547,171.17999267578125,10201500,0.0182184785369434,0.0071933475925265,174.83850021362304,176.89740112304688,-0.023049483898251
2023-10-10,172.52999877929688,172.8000030517578,171.89999389648438,172.0800018310547,5844000,-0.0016795054754092,0.0071441362775466,174.5904998779297,176.7010009765625,-0.0236048589097629
2023-10-11,173.7899932861328,174.1300048828125,173.25999450683594,173.60000610351562,7128000,0.00727650782611,0.0073981335709968,174.4259994506836,176.5676007080078,-0.0157311274024069
2023-10-12,173.25999450683594,174.22999572753906,173.24000549316406,174.05999755859375,5912700,-0.0030543103873241,0.007404374282856,174.23049926757812,176.44080047607423,-0.0180276101709797
2023-10-13,178.8300018310547,179.10000610351562,176.72000122070312,176.88999938964844,18796500,0.0316423193817758,0.0103214321933183,174.25499954223633,176.42660064697264,0.0136226690038154
2023-10-16,177.9600067138672,178.3300018310547,177.5399932861328,177.83999633789062,8385400,-0.0048768004743516,0.0102869432133576,174.18349990844726,176.3820007324219,0.0089465250132818
2023-10-17,178.2899932861328,179.1300048828125,177.97999572753906,178.3699951171875,8231900,0.0018525567250013,0.0102981479552355,174.13699951171876,176.3522006225586,0.0109881966696951
2023-10-18,180.8699951171875,182.02000427246097,179.75,180.88999938964844,13920800,0.0143671137834947,0.010806103683445,174.21299896240234,176.3968005371094,0.0253587058634721
2023-10-19,183.08999633789065,183.42999267578125,180.82000732421875,181.0399932861328,13406600,0.012199301049654,0.0109524545075161,174.464998626709,176.50280059814452,0.0373206301397088
2023-10-20,183.58999633789065,185.22999572753903,183.08999633789065,183.42999267578125,12785700,0.0027271753020748,0.0109488979730366,174.7134986877441,176.62260040283203,0.0394479297619202
2023-10-23,182.97000122070312,183.55999755859375,182.7100067138672,183.5099945068359,9479800,-0.003382778876821,0.0109000712661675,174.97699890136718,176.7300003051758,0.0353081022166703
2023-10-24,182.9499969482422,183.3999938964844,181.67999267578125,182.07000732421875,6594000,-0.0001093368636913,0.0106790544902869,175.31049880981445,176.84780029296874,0.0345053579697596
2023-10-25,183.72000122070312,184.3000030517578,182.0399932861328,183.4199981689453,10087000,0.004199991317574,0.0101409294913344,175.79149856567383,176.990400390625,0.0380224058210253
2023-10-26,184.0099945068359,184.4900054931641,182.8699951171875,183.3999938964844,7671400,0.0015772080037924,0.0099834734227649,176.33049850463868,177.15920013427734,0.0386702715262093
2023-10-27,186.1499938964844,186.36000061035156,183.47000122070312,183.7599945068359,14102800,0.0115626934248151,0.009637166945686,177.06549835205078,177.37619995117188,0.0494643246823856
2023-10-30,185.1000061035156,185.6999969482422,184.72999572753903,185.5399932861328,8756400,-0.0056565149769637,0.0093012204423116,177.83799896240234,177.5716000366211,0.0423964534043838
2023-10-31,184.08999633789065,186.2100067138672,183.5,185.0800018310547,10104600,-0.0054715039881709,0.0094240984015204,178.5844985961914,177.73720001220704,0.0357426375865451
2023-11-01,183.5099945068359,185.0,182.6699981689453,183.91000366210935,9048600,-0.0031556165767177,0.009521807331963,179.3029983520508,177.88539978027345,0.0316192039004327
2023-11-02,184.1199951171875,184.27999877929688,183.5,184.1300048828125,7343700,0.0033185604405965,0.0094226277265602,180.06749801635743,178.00999969482422,0.0343238887300606
2023-11-03,184.7899932861328,185.47000122070312,184.3500061035156,184.47999572753903,8530400,0.0036323164276059,0.0094218782395484,180.8219978332519,178.14879943847657,0.0372789144164273
2023-11-06,183.3500061035156,184.22999572753903,183.33999633789065,184.13999938964844,8274700,-0.0078230810507058,0.0091877663411866,181.3484977722168,178.26339965820313,0.0285342165305125
2023-11-07,182.58999633789065,182.6499938964844,181.75,182.25,6795800,-0.0041537457140317,0.0092697781224513,181.85149765014648,178.3525994873047,0.0237585370931897
2023-11-08,180.77000427246097,182.07000732421875,180.57000732421875,182.0099945068359,6738300,-0.0100176534706271,0.0096330241252183,182.20049819946288,178.37059967041014,0.0134517942221666
2023-11-09,181.4900054931641,182.27999877929688,180.88999938964844,180.97999572753903,6486300,0.0039750574137907,0.0095681198213874,182.61199874877929,178.39399963378906,0.0173548766535341
2023-11-10,179.50999450683594,180.58999633789065,179.25,180.5099945068359,7606600,-0.0109696999532455,0.0071284783366082,182.64599838256837,178.38379943847656,0.0063133259404971
2023-11-13,180.5099945068359,180.72999572753903,179.11000061035156,179.39999389648438,5385900,0.0055552613869156,0.0071198979705802,182.7734977722168,178.39179931640626,0.0118738372422192
2023-11-14,182.1199951171875,182.75,181.6199951171875,181.6999969482422,6831600,0.0088796361866049,0.0073488822486335,182.96499786376953,178.46139923095703,0.0205007688048869
2023-11-15,181.63999938964844,182.17999267578125,181.30999755859375,182.02999877929688,4909400,-0.0026390807860946,0.0066820703132368,183.00349807739255,178.5375991821289,0.0173767330900127
2023-11-16,183.69000244140625,184.32000732421875,182.8000030517578,182.8500061035156,8253300,0.0112228645793535,0.0065928513528101,183.03349838256835,178.65099914550785,0.0282058500652115
2023-11-17,183.6699981689453,184.1300048828125,183.4499969482422,183.9600067138672,4871100,-0.0001089082776975,0.0065652522054511,183.0374984741211,178.76279907226564,0.0274508965072532
2023-11-20,183.3699951171875,183.47999572753903,182.22999572753903,182.32000732421875,5389300,-0.001634716238304,0.0065290780940062,183.0574981689453,178.8619989013672,0.0252037673933534
2023-11-21,185.3500061035156,186.1199951171875,185.07000732421875,185.57000732421875,7322400,0.0107400195935418,0.0069472818843303,183.177498626709,179.01919891357423,0.0353638449303849
2023-11-22,184.55999755859375,185.72000122070312,184.27000427246097,185.47000122070312,4337700,-0.0042713618891717,0.0069777352269583,183.21949844360353,179.168798828125,0.0300900534341387
2023-11-24,185.52000427246097,185.75,185.16000366210935,185.47000122070312,2445100,0.0051881153396818,0.0070607022614966,183.2949989318848,179.3357989501953,0.0344839421825818
2023-11-27,186.77000427246097,186.8000030517578,185.92999267578125,186.55999755859375,6320400,0.0067152202241083,0.0067332712075341,183.3259994506836,179.50439910888673,0.0404759170228855
2023-11-28,189.2599945068359,189.3999938964844,187.52000427246097,187.8999938964844,10901900,0.0132437658546178,0.0071842567696509,183.5339988708496,179.70179901123046,0.0531892031587736
2023-11-29,189.5399932861328,189.9900054931641,189.02000427246097,189.16000366210935,8407300,0.0014783465644931,0.0070151870500615,183.8064987182617,179.90819885253907,0.0535372734262566
2023-11-30,188.75,189.2400054931641,188.27999877929688,188.88999938964844,7558100,-0.0041766604910127,0.0070541421732226,184.06849899291993,180.09619873046876,0.0480509934720081
2023-12-01,192.0099945068359,192.3999938964844,188.69000244140625,188.80999755859375,16727600,0.0171240372669509,0.0078782828429992,184.4629989624023,180.3753985595703,0.0645021219089542
2023-12-04,187.86000061035156,190.3800048828125,187.2599945068359,189.6000061035156,18460500,-0.0218504175807455,0.0095089511324654,184.6164993286133,180.5601986694336,0.0404286326372642
2023-12-05,187.1499938964844,187.8800048828125,186.3000030517578,187.5500030517578,7027700,-0.0037866060778629,0.0093573925566143,184.8064987182617,180.74919860839844,0.0354125790729151
2023-12-06,187.83999633789065,188.4600067138672,187.5,188.32000732421875,5778600,0.0036801154063575,0.0092929127496235,185.06899871826172,180.98039855957032,0.0379024349206661
2023-12-07,188.1499938964844,188.58999633789065,187.2599945068359,188.4499969482422,5802000,0.0016489674559858,0.0088949860780889,185.4379981994629,181.2613983154297,0.0380036546395125
2023-12-08,185.63999938964844,186.77999877929688,184.8999938964844,185.92999267578125,7883200,-0.0134301735146684,0.0095210607538245,185.6454978942871,181.50959838867183,0.0227558268964488
2023-12-11,183.58999633789065,184.52999877929688,183.1499938964844,184.5,8519500,-0.0111043205602532,0.0095301086082522,185.84949798583983,181.75239837646484,0.0101104468377885
2023-12-12,183.4900054931641,183.97999572753903,183.2599945068359,183.83999633789065,5056900,-0.0005447904909059,0.0094782884527409,185.99849853515627,182.02919860839845,0.0080251239687556
2023-12-13,187.6300048828125,187.66000366210935,183.3800048828125,183.82000732421875,10635500,0.022311764488914,0.0105003083730444,186.2739990234375,182.3985986328125,0.0286811756735662
2023-12-14,188.72999572753903,189.82000732421875,188.0800018310547,188.86000061035156,9107200,0.0058454350891876,0.0104960868765484,186.62849884033204,182.79039855957032,0.0324940325901911
2023-12-15,187.0,188.9600067138672,186.82000732421875,188.52000427246097,8324800,-0.0092087827575075,0.0105366516596948,186.79399871826172,183.1537985229492,0.0209998455291051
2023-12-18,187.8500061035156,188.4900054931641,187.2400054931641,187.5,5358000,0.0045351876568232,0.0105645467349913,187.00299911499025,183.5167987060547,0.0236120476600159
2023-12-19,189.1300048828125,189.72000122070312,188.1300048828125,188.22999572753903,6025600,0.0067908306061817,0.0106165629467404,187.29099960327147,183.84299865722656,0.0287582680015109
2023-12-20,188.1000061035156,188.9600067138672,188.08999633789065,188.69000244140625,6002400,-0.0054608663623586,0.0104955469103379,187.4284996032715,184.15439880371093,0.0214255392509535
2023-12-21,189.42999267578125,189.6199951171875,188.75,189.2100067138672,4620000,0.0070457557204403,0.0105164038435374,187.6719993591309,184.4671987915039,0.0269033948408714
2023-12-22,190.27000427246097,191.8800048828125,190.07000732421875,191.6000061035156,7176300,0.0044246140313629,0.0105029326766281,187.90949935913085,184.8073989868164,0.0295583689592117
2023-12-26,191.72000122070312,191.7400054931641,190.3999938964844,190.97000122070312,4502700,0.0075918421515082,0.0105286764743929,188.15699920654296,185.0651989746094,0.0359592310329872
2023-12-27,192.58999633789065,193.17999267578125,191.5399932861328,191.77000427246097,5813300,0.0045275772625214,0.0101833465890277,188.3234992980957,185.35779876708983,0.0390174981517146
2023-12-28,191.47000122070312,192.88999938964844,191.44000244140625,192.33999633789065,6171500,-0.0058324131605247,0.0102910817378178,188.4199996948242,185.62139892578125,0.0315082330419262
2023-12-29,191.1699981689453,191.63999938964844,190.7400054931641,190.9900054931641,4612300,-0.0015680697977631,0.0102450301887698,188.54099960327147,185.8273989868164,0.0287503307437884
2024-01-02,190.72000122070312,191.88999938964844,190.5,191.44000244140625,6025600,-0.0023566846852945,0.0094935336483112,188.47649993896485,185.97999908447267,0.0254866230754068
2024-01-03,189.1300048828125,189.86000061035156,188.16000366210935,188.77000427246097,8661600,-0.0083717551598921,0.0082877978604733,188.54000015258788,186.09079925537108,0.0163318425177525
2024-01-04,189.32000732421875,189.75,188.69000244140625,189.0800018310547,4416700,0.0010041086074332,0.0082313865631432,188.64850082397464,186.2177993774414,0.0166590302170285
2024-01-05,189.3500061035156,191.2599945068359,189.0800018310547,189.67999267578125,7481900,0.0001584428568191,0.0081991027130873,188.7240013122559,186.34579956054688,0.0161216756699289
2024-01-08,187.8699951171875,188.7400054931641,187.11000061035156,187.2100067138672,6215000,-0.0078469782930157,0.0083955841649157,188.71000137329105,186.42879943847657,0.0077305420785404
2024-01-09,187.92999267578125,188.77999877929688,187.72999572753903,188.67999267578125,4437300,0.0003193058065587,0.0077851359715043,188.82450103759768,186.50719940185547,0.0076286238734418
2024-01-10,187.5,188.44000244140625,187.2100067138672,188.13999938964844,4504700,-0.0022906686849215,0.0073226756277165,189.0200012207031,186.5341995239258,0.0051776053857101
2024-01-11,187.8699951171875,188.5500030517578,186.55999755859375,188.02000427246097,6831100,0.0019713628783626,0.0073153782039124,189.23900070190427,186.58959930419925,0.0068620963749476
2024-01-12,189.7100067138672,191.0800018310547,189.16000366210935,190.6699981689453,6833700,0.0097464174657847,0.0057843049556415,189.343000793457,186.70199951171875,0.0161112747052268
2024-01-16,187.91000366210935,189.2599945068359,187.5399932861328,189.1499938964844,6548100,-0.0095334814649172,0.0060591506736349,189.3020011901855,186.78999969482425,0.0059960595808928
2024-01-17,185.83999633789065,187.4199981689453,185.4499969482422,187.30999755859375,8643200,-0.0110770755332533,0.0062173980217391,189.24400100708007,186.82439971923827,-0.005269137129984
2024-01-18,187.3699951171875,187.3999938964844,186.3000030517578,186.36000061035156,4685200,0.0081991767942437,0.0064184437862934,189.2200004577637,186.87599975585937,0.0026434392965041
2024-01-19,187.92999267578125,188.3000030517578,187.44000244140625,188.2599945068359,5719700,0.0029842685447011,0.0062568869149366,189.1599998474121,186.96759948730468,0.0051473794984564
2024-01-22,187.22000122070312,187.7599945068359,186.8500061035156,187.22999572753903,4397500,-0.003785111631635,0.006195313519813,189.1159996032715,187.06019958496097,0.0008542791897835
2024-01-23,187.9499969482422,188.1499938964844,187.27999877929688,187.4499969482422,5040800,0.0038915513093621,0.0060383912471981,189.04199981689453,187.20379943847655,0.0039860169077971
2024-01-24,186.3999938964844,188.3699951171875,186.32000732421875,188.3300018310547,6085400,-0.0082810842658062,0.0061718495597201,188.8484992980957,187.30199920654297,-0.0048157804715362
2024-01-25,187.13999938964844,187.63999938964844,186.4600067138672,187.33999633789065,4651000,0.0039621270789886,0.0059545986465483,188.61949920654297,187.4545993041992,-0.0016782725829001
2024-01-26,187.0099945068359,187.3800048828125,186.7599945068359,187.27000427246097,5064800,-0.0006949345993065,0.0058023606783767,188.34049911499025,187.58459930419923,-0.0030631768252547
2024-01-29,188.3300018310547,188.5399932861328,187.19000244140625,188.30999755859375,5629700,0.0070336909422522,0.0060030150468475,188.18349914550785,187.70879943847655,0.0033093940957292
2024-01-30,188.58999633789065,189.8300018310547,187.97999572753903,189.6999969482422,4976500,0.001379574176667,0.0060200174854562,188.05449905395508,187.84779937744145,0.0039510548588218
2024-01-31,188.4499969482422,190.4600067138672,188.1300048828125,189.3699951171875,7886100,-0.0007426235867569,0.006007153686828,187.94099884033204,187.94299926757813,0.0026976140778845
2024-02-01,190.41000366210935,191.36000061035156,188.9900054931641,189.7100067138672,10278100,0.0103469577000935,0.0061878444167421,188.00499877929687,188.0777993774414,0.0124002104043528
2024-02-02,188.61000061035156,188.8699951171875,187.8500061035156,188.07000732421875,7337600,-0.0094982669201154,0.0065625599846912,187.96949844360353,188.18259948730469,0.0022712042676172
2024-02-05,187.57000732421875,187.82000732421875,186.6999969482422,186.8800048828125,5436100,-0.005529246178959,0.0066691338616507,187.88049850463867,188.22699951171876,-0.0034904248019907
2024-02-06,188.5500030517578,188.8500061035156,187.7400054931641,187.94000244140625,4866100,0.0052110917695982,0.0065472281384345,187.9144989013672,188.30679962158203,0.0012915276063557
2024-02-07,188.5,189.38999938964844,188.27999877929688,188.4499969482422,6276900,-0.0002652330017039,0.0065478812701123,187.94299926757813,188.3663995361328,0.0007092584675196
2024-02-08,188.3300018310547,188.52999877929688,187.82000732421875,187.91000366210935,3873300,-0.0009022539588233,0.0065279571537902,187.9844993591309,188.3975994873047,-0.0003588031717705
2024-02-09,187.6000061035156,187.77000427246097,187.13999938964844,187.55999755859375,4412600,-0.0038836838223869,0.006576429351351,187.97099990844723,188.3643997192383,-0.0040580577692071
2024-02-12,187.11000061035156,187.27000427246097,186.36000061035156,186.6000061035156,4706300,-0.0026153866387208,0.0061736627428447,187.84099960327148,188.31579986572265,-0.0064030700357106
2024-02-13,184.52999877929688,185.3800048828125,184.3300018310547,185.3500061035156,9525800,-0.013884637194949,0.0065659119891618,187.6719993591309,188.2313998413086,-0.0196640999595829
2024-02-14,184.4199981689453,184.8800048828125,183.77999877929688,184.27000427246097,7031600,-0.0005962900909107,0.006114255123119,187.6009994506836,188.0795999145508,-0.0194577282558454
2024-02-15,185.66000366210935,186.02000427246097,185.1000061035156,185.6000061035156,6228900,0.0067013085143279,0.0060119098541448,187.5154998779297,188.0355999755859,-0.012633758255272
2024-02-16,186.33999633789065,186.6699981689453,184.83999633789065,185.0800018310547,6518500,0.0036558786728409,0.0060339867386737,187.43600006103512,188.01940002441407,-0.0089320766171222
2024-02-20,187.47000122070312,188.02999877929688,187.3999938964844,187.9600067138672,5531200,0.0060458967511151,0.0061452475058017,187.44850006103516,188.0120001220703,-0.0028827888699406
2024-02-21,187.47999572753903,188.0399932861328,187.1000061035156,187.8800048828125,5789200,5.331114505738622e-05,0.0060790906790053,187.425,187.9986001586914,-0.0027585547483577
2024-02-22,187.55999755859375,187.63999938964844,187.0500030517578,187.55999755859375,4550800,0.0004266309391015,0.0057680892079722,187.48300018310547,188.0370001220703,-0.0025367484227407
2024-02-23,188.6199951171875,189.17999267578125,187.4600067138672,187.55999755859375,6827300,0.0056356020239861,0.0058355964530576,187.55699996948243,188.13760009765625,0.002564054284103
2024-02-26,188.1999969482422,188.36000061035156,187.52999877929688,187.7899932861328,4491900,-0.0022291722929283,0.005860692847475,187.61650009155272,188.23179992675784,-0.0001689564596842
2024-02-27,188.0,188.72000122070312,187.8800048828125,188.5800018310547,5165400,-0.001063248105826,0.0056481127197433,187.6,188.23919982910155,-0.0012707227257591
2024-02-28,188.33999633789065,188.52000427246097,188.02999877929688,188.33999633789065,2824100,0.0018068578078276,0.005654758996435,187.5875,188.2313998413086,0.000576930823835
2024-02-29,189.30999755859375,189.9199981689453,189.22999572753903,189.63999938964844,6848600,0.005137049487701,0.0057694243494578,187.63050003051757,188.2775997924805,0.0054833807486987
2024-03-01,192.88999938964844,193.3999938964844,189.44000244140625,190.27000427246097,13411000,0.0187342049464241,0.0067629549803503,187.75449981689457,188.3783996582031,0.023949665883303
2024-03-04,196.0099945068359,196.3300018310547,193.8800048828125,194.1499938964844,12216300,0.0160455752403637,0.0071472404282932,188.1244995117187,188.5159994506836,0.0397525678350329
2024-03-05,197.19000244140625,198.13999938964844,196.6499938964844,197.44000244140625,9672200,0.0060020930123128,0.0069774235032837,188.60549926757812,188.6977993774414,0.045004250669497
2024-03-06,198.80999755859375,199.3000030517578,197.44000244140625,198.0800018310547,10459300,0.0081818391635687,0.007069175913751,189.1184989929199,188.88539947509764,0.0525429604992023
2024-03-07,199.94000244140625,200.11000061035156,198.91000366210935,199.5399932861328,8403700,0.0056677512615818,0.0070649171817533,189.69049911499025,189.07879943847655,0.0574427330572498
2024-03-08,201.6300048828125,203.3000030517578,200.4499969482422,200.88999938964844,13540100,0.0084170251169512,0.0071049622296345,190.35549926757812,189.2769995117187,0.0652641652338161
2024-03-11,202.0,202.41000366210935,201.4600067138672,201.7100067138672,7329600,0.0018333385345244,0.0069082750789016,191.07549896240235,189.46519958496097,0.0661588536707404
2024-03-12,199.7899932861328,200.6300048828125,199.16000366210935,200.4199981689453,9436600,-0.0110009160939685,0.0075374181993234,191.7094985961914,189.63159942626953,0.0535690986660319
2024-03-13,201.19000244140625,201.86000061035156,200.3500061035156,200.44000244140625,5930000,0.0069829660287375,0.0063941483521436,192.5424987792969,189.83199951171875,0.0598318669081202
2024-03-14,200.3500061035156,200.47000122070312,199.33999633789065,200.3699951171875,6865000,-0.0041838797895552,0.0065868033098618,193.3389991760254,190.024599609375,0.0543372095790022
2024-03-15,199.7100067138672,200.6300048828125,199.57000732421875,199.94000244140625,4556700,-0.003199519647615,0.0067542973526858,194.04149932861327,190.2361996459961,0.0498002330024494
2024-03-18,200.02999877929688,200.1499938964844,199.5099945068359,199.66000366210935,7206800,0.0016010012977577,0.0067697739037057,194.7259994506836,190.45039947509767,0.0502997070659953
2024-03-19,199.8000030517578,199.80999755859375,198.94000244140625,199.6199951171875,4657500,-0.0011504677080451,0.0068208907419303,195.3424995422363,190.6593994140625,0.0479420561786429
2024-03-20,202.17999267578125,202.66000366210935,199.1199951171875,199.16000366210935,9593800,0.0118414720111667,0.0070417841758563,196.07749938964844,190.9455993652344,0.0588355706960184
2024-03-21,201.97000122070312,203.9199981689453,200.6000061035156,203.8800048828125,7396500,-0.0010391759354036,0.0070859498711308,196.7979995727539,191.2263995361328,0.0561826280818526
2024-03-22,200.3500061035156,201.86000061035156,199.72000122070312,201.32000732421875,6918500,-0.0080533100178607,0.0075360724514648,197.3845001220703,191.48339965820313,0.0463048309207968
2024-03-25,200.9900054931641,201.9499969482422,200.97000122070312,201.19000244140625,4034800,0.0031893153617758,0.0074342711196414,198.0240005493164,191.74579986572263,0.0482107333454763
2024-03-26,201.63999938964844,202.7599945068359,201.07000732421875,202.6499938964844,5752700,0.0032287432792986,0.0073636831113568,198.7060005187988,191.98439971923827,0.0502936680507932
2024-03-27,203.1000061035156,203.22000122070312,202.32000732421875,202.32000732421875,6041000,0.0072145724506207,0.0073973651314219,199.4440010070801,192.2881997680664,0.056227092190213
2024-03-28,205.72000122070312,206.0500030517578,203.8699951171875,204.5399932861328,9194500,0.0128175282024101,0.0076664014284778,200.2645011901855,192.68579986572263,0.067644846501733
2024-04-01,207.82000732421875,208.72999572753903,206.2899932861328,208.67999267578125,13677100,0.0101563288270648,0.0070206841296951,201.0110015869141,193.0948001098633,0.0762589526283328
2024-04-02,210.88999938964844,211.02999877929688,208.36000061035156,209.07000732421875,13421100,0.0146643119619138,0.0068988706405706,201.7550018310547,193.55400024414064,0.0895667313702683
2024-04-03,212.7400054931641,212.8300018310547,210.3000030517578,210.57000732421875,11416200,0.008734121015037,0.0069743512427504,202.5325019836426,194.06440032958983,0.0962340600947752
2024-04-04,211.52000427246097,213.4499969482422,211.02000427246097,212.0,12307300,-0.0057512117823675,0.0072051643725044,203.16800231933593,194.53580047607423,0.0873063145951668
2024-04-05,215.13999938964844,215.7400054931641,212.22000122070312,212.4900054931641,13382700,0.0169693993046899,0.0078330874415446,203.9280021667481,195.1106005859375,0.1026566406108153
2024-04-08,216.47999572753903,216.80999755859375,214.61000061035156,215.97999572753903,10331400,0.0062091685195614,0.0077779342973001,204.6705017089844,195.6974005126953,0.1061976048756739
2024-04-09,217.6699981689453,218.86000061035156,216.4499969482422,217.80999755859375,13069900,0.0054820013282546,0.0077782617763621,205.45400161743163,196.3106005859375,0.1088040967693818
2024-04-10,215.61000061035156,217.77999877929688,214.67999267578125,215.3699951171875,13317500,-0.0095089230354046,0.0076353295304102,206.24500198364257,196.85620056152345,0.0952664939957885
2024-04-11,219.8000030517578,219.83999633789065,215.88999938964844,216.8500061035156,11415200,0.0192468328744955,0.0083614699374689,207.17550201416017,197.48040069580077,0.113021860788799
2024-04-12,216.88999938964844,225.08999633789065,216.02000427246097,221.8699951171875,30898800,-0.01332774609336,0.0090763054754683,208.0025016784668,198.0492007446289,0.0951319095163301
2024-04-15,220.9499969482422,221.02999877929688,215.16000366210935,217.94000244140625,13239000,0.0185461080043557,0.0094668082272599,209.06450119018555,198.66000061035157,0.1122017329578582
2024-04-16,221.22000122070312,221.9900054931641,218.77999877929688,220.17999267578125,10746100,0.0012212692273934,0.0094744746846708,210.12400131225587,199.3122006225586,0.1099170072364598
2024-04-17,219.58999633789065,221.7599945068359,218.52000427246097,221.0500030517578,11521100,-0.0073955324112901,0.0097868058064045,211.1135009765625,199.952600402832,0.0982102553079899
2024-04-18,220.33999633789065,221.4600067138672,219.30999755859375,221.30999755859375,6496900,0.0034096367107846,0.0096445644890796,212.02150115966796,200.5884002685547,0.0984682865155305
2024-04-19,221.02999877929688,222.36000061035156,220.0800018310547,220.4900054931641,8689000,0.0031266420969038,0.0095678505771379,212.9745010375977,201.2390002441406,0.0983457406921425
2024-04-22,215.57000732421875,216.9600067138672,215.13999938964844,216.3500061035156,13404300,-0.0250127166271575,0.0113292107603283,213.7355010986328,201.78380035400392,0.068321673722215
2024-04-23,215.0399932861328,215.86000061035156,213.8699951171875,213.9600067138672,10730300,-0.0024616906480957,0.011411760757879,214.4380004882813,202.33260009765624,0.0628044772930478
2024-04-24,214.63999938964844,216.3500061035156,214.36000061035156,214.7599945068359,5741100,-0.0018618228395408,0.0114718870623361,215.08800048828124,202.8832000732422,0.0579486094075899
2024-04-25,215.9199981689453,217.0500030517578,214.33999633789065,214.47000122070312,6606500,0.0059457569557404,0.0114515650016388,215.7290000915527,203.51100006103516,0.060974581738523
2024-04-26,216.6199951171875,217.07000732421875,215.52999877929688,216.77000427246097,6268500,0.0032366836371748,0.0112199769563271,216.27399978637695,204.155,0.0610565262530307
2024-04-29,216.17999267578125,217.22000122070312,215.25,216.02000427246097,6409900,-0.0020332837588085,0.0111174517951915,216.69199905395507,204.76539978027344,0.0557447347440358
2024-04-30,211.8699951171875,214.1300048828125,211.8000030517578,213.3800048828125,11248600,-0.0201385041179373,0.0117329300378261,216.74099884033205,205.27599975585937,0.0321225831035803
2024-05-01,213.7899932861328,215.5,212.41000366210935,212.9600067138672,10373900,0.0090213374183556,0.011744054875577,216.7934982299805,205.802399597168,0.0388119560539601
2024-05-02,213.1300048828125,213.7100067138672,211.4900054931641,211.8999938964844,6287000,-0.0030918623251211,0.0116874965506489,216.87399826049804,206.31539978027345,0.0330300360990825
2024-05-03,212.9600067138672,213.22999572753903,210.7100067138672,212.88999938964844,8679900,-0.000797944909942,0.0110160618489462,216.76499862670897,206.8233999633789,0.0296707565564382
2024-05-06,215.1999969482422,215.91000366210935,214.47000122070312,215.13999938964844,6840500,0.0104634279333738,0.0111922815452543,216.70099868774415,207.355,0.0378336521822102
2024-05-07,214.2100067138672,214.92999267578125,213.8800048828125,214.52000427246097,5660700,-0.0046109404994196,0.0111454634845181,216.52799911499025,207.8752001953125,0.0304740849923546
2024-05-08,213.5800018310547,214.8000030517578,213.5,213.6199951171875,4462700,-0.0029453952906236,0.0109708331737832,216.4264991760254,208.3868002319336,0.0249209719298011
2024-05-09,216.9499969482422,216.9499969482422,214.44000244140625,214.47999572753903,7732500,0.0156554198611632,0.0106559440490745,216.2839988708496,208.9590002441406,0.0382419359528192
2024-05-10,218.7100067138672,219.6000061035156,218.0800018310547,219.22000122070312,8700900,0.0080797838943197,0.0103875254328314,216.37499923706056,209.5470004272461,0.0437276900549213
2024-05-13,216.2599945068359,217.30999755859375,215.8000030517578,217.05999755859375,4896300,-0.0112653199553876,0.0097698187145602,216.14049911499023,210.01440032958985,0.0297388853690243
2024-05-14,218.08999633789065,218.3800048828125,216.97999572753903,217.30999755859375,4662700,0.0084264427207498,0.0099892422360634,215.9839988708496,210.45600036621093,0.0362735961835059
2024-05-15,220.88999938964844,221.19000244140625,217.6499938964844,219.05999755859375,9297700,0.0127570324481877,0.0102914709186465,216.0489990234375,210.93000030517575,0.0472194522830437
2024-05-16,220.02999877929688,220.58999633789065,219.41000366210935,220.13999938964844,4301700,-0.0039009421414324,0.0103048476108817,216.03349914550785,211.35440032958985,0.0410476358011857
2024-05-17,223.66000366210935,223.8500061035156,221.6699981689453,222.17999267578125,10481900,0.0163631628294417,0.0109272433538393,216.16499938964844,211.8288003540039,0.0558526663434499
2024-05-20,224.55999755859375,225.66000366210935,223.02000427246097,223.7899932861328,5990900,0.0040158632080744,0.0091269114033536,216.6144989013672,212.2874002075195,0.0578112376856904
2024-05-21,224.22999572753903,225.2100067138672,223.6999969482422,224.77000427246097,4002600,-0.0014706294501548,0.0091038287045407,217.0739990234375,212.7320001220703,0.054049205567902
2024-05-22,220.11000061035156,223.2400054931641,219.7400054931641,223.08999633789065,8903100,-0.0185448675645655,0.0101852820101119,217.34749908447264,213.13840026855468,0.0327092646515722
2024-05-23,215.72000122070312,219.22999572753903,215.66000366210935,218.77999877929688,9537900,-0.0201461480391864,0.0111760932772256,217.33749923706057,213.42900024414064,0.0107342534235826
2024-05-24,215.9199981689453,217.2100067138672,215.7400054931641,216.9600067138672,4212400,0.0009266841017383,0.0111522900916166,217.30249938964843,213.7404000854492,0.010197408083005
2024-05-28,218.19000244140625,218.58999633789065,217.2100067138672,218.42999267578125,3809700,0.0104582937944146,0.0113892394521938,217.4029998779297,214.11,0.0190556370155818
2024-05-29,216.16000366210935,217.16000366210935,216.1199951171875,216.9199981689453,4185000,-0.0093473628703688,0.0105894313052206,217.61750030517575,214.43260009765623,0.0080556947202356
2024-05-30,216.57000732421875,217.5099945068359,216.41000366210935,216.69000244140625,3068800,0.0018949634848047,0.0104240049474852,217.7565010070801,214.76800018310547,0.0083904824721417
2024-05-31,215.3000030517578,217.9600067138672,214.6499938964844,217.77000427246097,5617200,-0.0058814360935925,0.0104950723534033,217.86500091552733,215.030400390625,0.0012537885835818
2024-06-03,217.22000122070312,217.82000732421875,215.5399932861328,215.9199981689453,6172600,0.0088782519267913,0.0106536069016188,218.0780006408691,215.335400390625,0.0087519322260036
2024-06-04,215.27000427246097,216.2400054931641,214.1999969482422,216.2400054931641,5509400,-0.00901759641821,0.0106324486868678,218.08150100708008,215.6338003540039,-0.001687101377176
2024-06-05,217.82000732421875,218.0800018310547,215.92999267578125,216.69000244140625,5479200,0.0117759932192947,0.0108854900993464,218.26200103759768,215.970400390625,0.0085641686557434
2024-06-06,219.42999267578125,219.97000122070312,218.1000061035156,218.36000061035156,5283900,0.0073641743967564,0.0109409799344747,218.554500579834,216.32620025634765,0.0143477415854186
2024-06-07,211.6000061035156,215.19000244140625,211.5399932861328,215.07000732421875,12195100,-0.0363355128406583,0.0132881207985994,218.2870010375977,216.4962002563477,-0.0226156124081374
2024-06-10,213.5399932861328,214.02000427246097,212.7599945068359,213.1300048828125,4215300,0.0091264084806261,0.0133287894192754,218.02850036621095,216.65260009765623,-0.0143668103227029
2024-06-11,214.1499938964844,214.3800048828125,213.2400054931641,213.9499969482422,4004100,0.0028525382508944,0.0131399616969172,217.92300033569336,216.77919982910157,-0.0121284972667576
2024-06-12,214.72000122070312,216.5500030517578,214.1999969482422,216.47000122070312,5911900,0.0026581839081537,0.0129964672160234,217.75450057983397,216.85579986572264,-0.0098489348513713
2024-06-13,212.97000122070312,214.9600067138672,212.2599945068359,214.44000244140625,5861100,-0.0081835430171976,0.0126884686821573,217.3585006713867,216.86039978027344,-0.0179396448752844
2024-06-14,215.72999572753903,216.0399932861328,214.97999572753903,215.33999633789065,7076500,0.0128762895266324,0.0130922130322003,217.1435005187988,216.944599609375,-0.0055986822627663
2024-06-17,214.61000061035156,215.2400054931641,213.6000061035156,214.8999938964844,3877700,-0.0052051757004507,0.0124609453005153,216.69100036621097,216.93399963378903,-0.0107129312480325
2024-06-18,215.47000122070312,215.8300018310547,214.0399932861328,214.3800048828125,4921400,0.0039992641040523,0.0124605195003988,216.2365005493164,216.91379974365233,-0.0066560934558127
2024-06-20,218.16000366210935,218.7400054931641,216.1499938964844,216.32000732421875,7290500,0.0124070609422332,0.0128749319734668,215.93300094604493,216.9235998535156,0.0056997201292466
2024-06-21,214.77999877929688,217.8999938964844,214.2599945068359,217.8300018310547,8865600,-0.0156145125771135,0.0126844850620564,215.6665008544922,216.90699981689457,-0.0098060507009603
2024-06-24,215.6300048828125,215.94000244140625,215.1999969482422,215.5500030517578,4626900,0.0039497558204108,0.0119137171093361,215.6620010375977,216.8235998535156,-0.0055049126179507
2024-06-25,214.55999755859375,215.30999755859375,214.1199951171875,214.9600067138672,3820900,-0.0049745904122726,0.0119619941112235,215.59400100708007,216.77699981689457,-0.0102271101647012
2024-06-26,212.5800018310547,213.11000061035156,212.1199951171875,212.38999938964844,4690300,-0.009271011435783,0.0118395949536894,215.3135009765625,216.6095999145508,-0.018603044763878
2024-06-27,214.9900054931641,215.5,214.4499969482422,214.7100067138672,4977800,0.0112731442499241,0.0119989176931616,215.25500106811523,216.485,-0.0069057648651681
2024-06-28,215.0099945068359,215.80999755859375,214.82000732421875,215.63999938964844,3955100,9.297215668006984e-05,0.0119885556944006,215.1770004272461,216.3933999633789,-0.0063930113246388
2024-07-01,215.57000732421875,216.0,214.4900054931641,215.25,3797900,0.0026012036358742,0.0119329122180364,215.19050064086915,216.29800018310547,-0.0033656938957847
2024-07-02,215.55999755859375,216.0800018310547,214.6199951171875,215.3300018310547,4921700,-4.643502198142268e-05,0.0117513903154312,215.10750045776368,216.1886001586914,-0.0029076584039872
2024-07-03,217.9900054931641,218.7400054931641,217.3300018310547,217.33999633789065,5055300,0.0112099336370619,0.0118393046460994,215.24350051879884,216.2370001220703,0.0081068705637989
2024-07-05,220.92999267578125,221.27999877929688,219.5800018310547,219.5800018310547,5950600,0.0133966607346945,0.0119248608000341,215.39899978637695,216.35480010986328,0.0211467116218116
2024-07-08,218.19000244140625,220.0399932861328,217.41000366210935,219.63999938964844,5790800,-0.0124796220872563,0.0121650860593404,215.3370002746582,216.42580017089844,0.0081515340089523
2024-07-09,218.55999755859375,219.2899932861328,217.27000427246097,218.57000732421875,3901500,0.0016943111880905,0.0087167000434756,215.68499984741212,216.4786001586914,0.0096147951731791
2024-07-10,219.36000061035156,220.7100067138672,219.16000366210935,220.13999938964844,5556200,0.0036536533844153,0.0085529558447608,215.97600021362305,216.5334002685547,0.0130538768535994
2024-07-11,223.25,224.1499938964844,221.47999572753903,222.6499938964844,9322000,0.0175780011601844,0.0092915307161218,216.43100051879884,216.67480041503907,0.0303459358096381
2024-07-12,223.11000061035156,223.6199951171875,221.86000061035156,222.02999877929688,5179300,-0.0006272936376368,0.0093098104707047,216.85050048828128,216.89960052490235,0.0286326026899998
2024-07-15,223.8300018310547,225.58999633789065,223.02000427246097,223.38999938964844,5719300,0.0032219172131206,0.0090028293563985,217.3935005187988,217.10040069580077,0.0309976449314958
2024-07-16,228.2899932861328,228.2899932861328,225.3000030517578,225.4499969482422,11070700,0.0197298778200488,0.0095338780222068,218.02150039672853,217.4036004638672,0.0500745746576307
2024-07-17,227.22999572753903,229.6499938964844,226.6699981689453,228.7899932861328,8620500,-0.0046540195707981,0.0095101986375095,218.6525001525879,217.68900024414063,0.0438285603438762
2024-07-18,225.77999877929688,228.32000732421875,225.57000732421875,227.7100067138672,5485500,-0.0064016331545465,0.0097263682678939,219.1680000305176,217.90060028076172,0.036160517632272
2024-07-19,221.72999572753903,222.67999267578125,221.41000366210935,221.52000427246097,8666000,-0.0181006622306462,0.0104307150073842,219.34649963378905,218.05100006103515,0.016872179744528
2024-07-22,221.8000030517578,221.9199981689453,220.3999938964844,221.5800018310547,5334100,0.0003156824791686,0.0096924747151483,219.6974998474121,218.21540008544923,0.0164269018818328
2024-07-23,222.5800018310547,222.75,221.86000061035156,222.33999633789065,4435700,0.0035105070964616,0.0096873857290693,220.0449996948242,218.32800018310547,0.0194752924241653
2024-07-24,221.8000030517578,224.8800048828125,221.7400054931641,223.47000122070312,6838800,-0.0035105070964615,0.0096406182477775,220.40699996948243,218.38980010986327,0.0156152116086877
2024-07-25,218.3300018310547,219.2599945068359,217.52000427246097,219.02000427246097,9777100,-0.0157684006136557,0.0101256099575558,220.6944999694824,218.4312002563477,-0.0004632965674052
2024-07-26,220.6300048828125,221.0399932861328,219.6999969482422,219.9600067138672,6328800,0.0104794243898432,0.0100860847340846,220.97649993896485,218.4820004272461,0.0098314939050627
2024-07-29,220.32000732421875,221.5500030517578,219.0500030517578,221.2599945068359,4665100,-0.0014060442276131,0.010101044116523,221.242000579834,218.4706005859375,0.0084652430730778
2024-07-30,222.52000427246097,222.9199981689453,220.36000061035156,221.41000366210935,4939500,0.0099359361835447,0.0102853068024059,221.5895004272461,218.5204006958008,0.01830311295387
2024-07-31,226.5500030517578,226.6000061035156,223.63999938964844,223.72999572753903,7316600,0.0179486801762796,0.0109034618404672,222.1390007019043,218.57820068359376,0.0364711684112715
2024-08-01,225.77000427246097,227.57000732421875,225.0500030517578,226.7400054931641,7217200,-0.0034488837098833,0.0107781584406953,222.52800064086915,218.6024008178711,0.0327883107768865
2024-08-02,225.33999633789065,228.7599945068359,222.8699951171875,227.9499969482422,11109400,-0.0019064443892985,0.0104461635941021,222.7485008239746,218.62460083007812,0.0307165592633005
2024-08-05,222.47999572753903,223.1000061035156,220.2400054931641,220.55999755859375,8939000,-0.0127731657626246,0.0104662691398443,222.96300048828124,218.67200073242188,0.0174141864635738
2024-08-06,220.6999969482422,222.13999938964844,220.11000061035156,221.5,14362300,-0.00803289128685,0.0106553137409269,223.07000045776368,218.77160064697264,0.008814655538318
2024-08-07,220.5500030517578,222.30999755859375,220.3500061035156,221.94000244140625,5287800,-0.0006798590470787,0.0106315692398762,223.12950057983397,218.8642007446289,0.0077025036593166
2024-08-08,224.0099945068359,224.25,222.52000427246097,222.72999572753903,6327100,0.0155662288057779,0.010467449375269,223.1675003051758,218.9806005859375,0.0229673035302716
2024-08-09,224.55999755859375,225.27999877929688,223.82000732421875,224.82000732421875,4441000,0.0024522519879112,0.0104777501765563,223.2400001525879,219.1486004638672,0.0246928206854726
2024-08-12,228.41000366210935,228.5399932861328,225.97000122070312,226.13999938964844,5561300,0.0169993545119223,0.0111120208114599,223.46900024414063,219.385400390625,0.0411358424736361
2024-08-13,228.05999755859375,228.8699951171875,227.58999633789065,228.07000732421875,6740200,-0.0015335341694868,0.0102073505451709,223.45750045776367,219.64060028076173,0.0383326091217638
2024-08-14,226.1999969482422,227.47999572753903,225.3500061035156,226.5500030517578,5462500,-0.0081891913335011,0.0103212398386656,223.40600051879883,219.8202001953125,0.0290227956632791
2024-08-15,226.91000366210935,227.5,225.1199951171875,226.5099945068359,5273300,0.0031339290416113,0.0102409350196979,223.46250076293944,220.05300018310547,0.0311606907122292
2024-08-16,231.9900054931641,232.02000427246097,229.0099945068359,229.9900054931641,11924500,0.0221408117352881,0.0103978257198129,223.9755012512207,220.3364001464844,0.0528900596493913
2024-08-19,231.61000061035156,231.77999877929688,229.7400054931641,230.1499938964844,5164800,-0.0016393656726292,0.0104262346493219,224.4660011291504,220.5800003051758,0.0500045348169172
2024-08-20,232.4600067138672,234.0099945068359,231.1300048828125,233.7100067138672,9073600,0.0036632708025022,0.0104273289530441,224.96000137329105,220.9972003173828,0.0518685593302638
2024-08-21,232.1499938964844,232.8699951171875,230.47999572753903,231.69000244140625,5337400,-0.0013345079227064,0.0103761477053556,225.47750091552737,221.36940032958984,0.0486995653005505
2024-08-22,229.3699951171875,230.3800048828125,228.2599945068359,230.3500061035156,5765400,-0.012047289256478,0.0100641512682302,226.029500579834,221.6738003540039,0.0347185583090698
2024-08-23,232.02000427246097,232.72999572753903,230.52000427246097,231.0399932861328,5418200,0.0114871943432589,0.0101088054198354,226.5990005493164,222.01980041503907,0.0450419459828705
2024-08-26,232.7599945068359,233.5,232.05999755859375,233.4499969482422,3151400,0.0031842629268951,0.0100670751162686,227.22099990844723,222.4156002807617,0.0465093015643514
2024-08-27,233.38999938964844,233.47000122070312,231.57000732421875,231.69000244140625,4435600,0.0027030152296242,0.0099241063347023,227.76449966430664,222.7688003540039,0.047678126464596
2024-08-28,231.75,232.02000427246097,230.72999572753903,232.0,4961500,-0.007051666972008,0.009422331219683,228.02449951171872,223.11160034179687,0.0387178418556878
2024-08-29,232.9499969482422,233.61000061035156,231.9199981689453,231.9499969482422,5524200,0.0051646207163568,0.009398622515676,228.3834991455078,223.46120025634767,0.0424628377589007
2024-08-30,231.2899932861328,232.86000061035156,230.5500030517578,232.52999877929688,5743000,-0.0071515197828322,0.0095721716535235,228.6809989929199,223.72380004882817,0.033819348838404
2024-09-03,230.2899932861328,230.5399932861328,228.52000427246097,230.3800048828125,6417900,-0.0043329502735323,0.0090929843379974,229.0714988708496,224.03399993896485,0.0279243032257261
2024-09-04,230.42999267578125,231.05999755859375,229.3800048828125,229.7899932861328,4696000,0.0006077417877377,0.0088056855007845,229.55799865722656,224.3299996948242,0.0271920518399473
2024-09-05,232.3500061035156,232.88999938964844,231.3300018310547,232.72000122070312,4838100,0.0082977849059199,0.0088819476871778,230.14799880981445,224.68579986572263,0.0341107726539605
2024-09-06,230.6300048828125,232.7599945068359,229.6199951171875,231.8300018310547,6315800,-0.0074301658514056,0.0085998999402455,230.47899932861327,225.0467999267578,0.0248090839677425
2024-09-09,231.6000061035156,231.6199951171875,230.38999938964844,231.2599945068359,3548800,0.0041970561043253,0.0086193639039222,230.83099975585935,225.37899993896485,0.0276024215487488
2024-09-10,232.6199951171875,232.7400054931641,231.1199951171875,232.38999938964844,4378300,0.0043944278678481,0.0078568573529131,231.04149932861327,225.73119995117187,0.0305176916948377
2024-09-11,232.25,232.8699951171875,231.08999633789065,231.72000122070312,4637300,-0.0015918222264343,0.0078578234557023,231.2509994506836,226.0647998046875,0.0273602975812965
2024-09-12,236.3300018310547,236.4499969482422,234.4199981689453,234.6300048828125,9930200,0.0174147634461192,0.0083665429489183,231.75749969482425,226.48019989013673,0.0434907861512661
2024-09-13,238.67999267578125,238.97999572753903,237.7599945068359,238.1300048828125,7455100,0.0098945708274604,0.0085414142457742,232.34599914550785,226.89399963378904,0.0519449305006522
2024-09-16,238.66000366210935,239.27999877929688,238.0500030517578,238.72999572753903,4713500,-8.375168155593023e-05,0.0071951900328828,232.67949905395508,227.24859985351563,0.0502155076684719
2024-09-17,237.33999633789065,238.6000061035156,236.61000061035156,238.0800018310547,5257100,-0.0055462634787813,0.007334235231355,232.965998840332,227.6315997314453,0.0426495996948538
2024-09-18,235.5099945068359,240.2899932861328,235.3000030517578,238.19000244140625,11081100,-0.0077403447317757,0.007573810202983,233.11849822998047,227.97059967041017,0.0330717857799464
2024-09-19,239.1699981689453,239.52000427246097,237.38999938964844,238.2400054931641,6108200,0.0154212364194876,0.008239966522701,233.46949844360353,228.36679962158203,0.0473063447281516
2024-09-20,242.2100067138672,242.6300048828125,240.47000122070312,241.11000061035156,7737400,0.0126305576825315,0.0079487516141543,234.1114990234375,228.74599975585937,0.0588600761210161
2024-09-23,242.67999267578125,243.4600067138672,242.58999633789065,242.97000122070312,5426200,0.001938526716101,0.0076767735406294,234.6444984436035,229.13739959716796,0.0591024996461584
2024-09-24,246.07000732421875,246.19000244140625,243.1499938964844,243.38999938964844,8386300,0.0138724051716508,0.0081055706751894,235.30999908447265,229.58219970703124,0.0718165765387191
2024-09-25,245.72999572753903,246.47000122070312,244.7899932861328,246.19000244140625,7393400,-0.0013827232563759,0.0081589352955701,235.9269989013672,229.93099975585935,0.0687119004764691
2024-09-26,246.97999572753903,247.3699951171875,245.19000244140625,246.44000244140625,7041100,0.0050739895820529,0.007850543628508,236.68849868774413,230.3259997558594,0.0723061920466318
2024-09-27,245.02000427246097,246.75,244.19000244140625,246.30999755859375,8329600,-0.0079674870876455,0.0082166647866468,237.29199905395507,230.71079986572263,0.062022256500634
2024-09-30,243.05999755859375,244.0800018310547,242.5,243.97000122070312,6916700,-0.0080315409050221,0.0082733759222983,237.88049926757813,231.13739990234376,0.0515822954713833
2024-10-01,245.61000061035156,246.97999572753903,245.05999755859375,245.1999969482422,10605500,0.0104365981433151,0.0082922196628302,238.64649963378903,231.61359985351564,0.060429960786793
2024-10-02,245.66000366210935,246.07000732421875,243.9900054931641,245.61000061035156,6798800,0.0002035664766649,0.008299411097826,239.40800018310543,232.07519989013673,0.0585362148924296
2024-10-03,245.4900054931641,245.91000366210935,243.69000244140625,244.72000122070312,5674500,-0.00069224543445,0.0082521022599816,240.06500015258788,232.54899993896484,0.0556485108841395
2024-10-04,245.0,246.69000244140625,244.0500030517578,245.0,5947800,-0.001998025038998,0.0079844356233923,240.78349990844723,233.08239990234375,0.0511304161217211
2024-10-07,244.1699981689453,244.82000732421875,243.80999755859375,244.5800018310547,3849000,-0.0033935140367649,0.00810514102806,241.41199951171876,233.5531997680664,0.0454577304503731
2024-10-08,242.3699951171875,244.0399932861328,240.6300048828125,243.7899932861328,7669800,-0.0073992324943445,0.0083948260337775,241.89949951171872,233.99419952392577,0.0357948855582862
2024-10-09,241.0500030517578,241.83999633789065,240.63999938964844,241.16000366210935,4120500,-0.0054610705017173,0.0085267895673808,242.33949966430663,234.36479949951172,0.0285247766154405
2024-10-10,242.82000732421875,243.02000427246097,241.5099945068359,241.77000427246097,4792700,0.0073160647670896,0.007827500019682,242.66399993896485,234.69019958496096,0.0346405932315666
2024-10-11,245.47000122070312,245.9199981689453,244.47000122070312,244.5,5789500,0.0108542868688607,0.0078853372796673,243.00350036621097,235.08419952392575,0.0441790716594729
2024-10-14,245.07000732421875,245.86000061035156,244.2599945068359,245.16000366210935,3922900,-0.0016308312397319,0.0079082401319276,243.3240005493164,235.47879974365233,0.0407306627645785
2024-10-15,245.9199981689453,246.5500030517578,244.52999877929688,244.9900054931641,5640800,0.0034623584364339,0.0077512569163502,243.75300064086915,235.94759979248047,0.0422653096926424
2024-10-16,247.1499938964844,248.08999633789065,246.36000061035156,247.6199951171875,5431900,0.0049891427128232,0.0074453398330108,244.33500061035156,236.4765997314453,0.0451350965683722
2024-10-17,248.6300048828125,249.05999755859375,247.6199951171875,247.75,5176200,0.0059704521617615,0.0068525333480868,244.80800094604493,237.0381997680664,0.048902687946872
2024-10-18,251.27000427246097,251.3699951171875,249.8999938964844,250.0,7833600,0.0105622079795937,0.0066965261691045,245.2610008239746,237.5833999633789,0.0576075782701641
2024-10-21,251.22000122070312,253.13999938964844,250.72999572753903,252.7400054931641,9258600,-0.000199021080524,0.0067118464067582,245.6880012512207,238.1166000366211,0.055029347731602
2024-10-22,253.92999267578125,253.94000244140625,252.52000427246097,253.05999755859375,5756300,0.0107295555236377,0.0064440273782622,246.0810005187988,238.62699981689457,0.0641293435806893
2024-10-23,250.8699951171875,253.17999267578125,250.1999969482422,253.0800018310547,8081000,-0.0121237524316151,0.0071158154731744,246.33800048828124,239.0831997680664,0.0492999732333991
2024-10-24,252.8000030517578,253.32000732421875,251.3999938964844,253.27000427246097,5962200,0.0076638171342995,0.007216041331424,246.62900085449215,239.61519989013672,0.0550249031266226
2024-10-25,253.32000732421875,253.5500030517578,251.77000427246097,252.0,4424500,0.0020548662166116,0.006889082323946,247.04400100708008,240.1433999633789,0.0548697460053003
2024-10-28,253.3300018310547,253.6300048828125,252.9499969482422,253.0099945068359,4029100,3.945329776617785e-05,0.0065175110501744,247.55750122070313,240.5701998901367,0.0530398276542361
2024-10-29,256.0899963378906,256.2900085449219,254.22999572753903,254.4900054931641,8875500,0.0108359370369524,0.006545047872644,248.08150100708008,241.0597998046875,0.0623504895688993
2024-10-30,257.5,257.7099914550781,255.91000366210935,256.760009765625,6386200,0.0054907892079315,0.006571600910243,248.67350082397465,241.56059967041017,0.0659851000177092
2024-10-31,253.5099945068359,255.6000061035156,252.1999969482422,255.52000427246097,9930800,-0.0156164717872707,0.0076881363676989,249.0745002746582,241.9877996826172,0.047614775783452
2024-11-01,252.47000122070312,254.86000061035156,252.44000244140625,254.3300018310547,6473000,-0.0041108137059421,0.007754512612351,249.44800033569337,242.4497998046875,0.0413289737673022
2024-11-04,252.8300018310547,253.5800018310547,252.27000427246097,253.32000732421875,4581400,0.0014248987496042,0.0076687975663527,249.88100051879883,242.86599975585935,0.0410267476106643
2024-11-05,253.3999938964844,253.9900054931641,252.41000366210935,253.77999877929688,6029900,0.0022519104403699,0.0073607319404991,250.43250045776367,243.2787997436523,0.0416032723093708
2024-11-06,245.6999969482422,247.3500061035156,244.9499969482422,245.63999938964844,14600200,-0.0308579766940856,0.0103430481198065,250.66500015258788,243.52499969482423,0.0089313099523399
2024-11-07,249.6499938964844,250.2400054931641,248.1199951171875,248.2899932861328,8821400,0.0159486453918613,0.0107928058271574,251.00649948120116,243.8829995727539,0.0236465613996605
2024-11-08,247.9600067138672,249.3500061035156,247.77999877929688,249.07000732421875,6267900,-0.0067924425881974,0.0106990184967376,251.13099975585936,244.1831997680664,0.0154671039997351
2024-11-11,242.13999938964844,242.72999572753903,241.05999755859375,242.72999572753903,11653800,-0.0237514011511919,0.0119961399206035,250.9844993591309,244.40019989013672,-0.0092479486575882
2024-11-12,240.0500030517578,241.66000366210935,239.38999938964844,241.2899932861328,10145500,-0.0086688210689802,0.0120862060326648,250.69099960327148,244.59540008544923,-0.018583329989458
2024-11-13,237.6300048828125,241.47000122070312,237.58999633789065,241.30999755859375,8431700,-0.0101323849976972,0.0121509359909275,250.2150001525879,244.73940032958984,-0.0290488390394155
2024-11-14,237.0099945068359,237.9900054931641,236.1300048828125,236.57000732421875,8262400,-0.0026125515313784,0.012006666744428,249.63399963378907,244.83260009765624,-0.0319508332946679
2024-11-15,236.58999633789065,237.8800048828125,236.3300018310547,237.57000732421875,7299500,-0.001773641415401,0.0116166260738885,248.89999923706057,244.9517999267578,-0.0341365264160842
2024-11-18,241.08999633789065,241.5,240.4499969482422,240.4600067138672,6323400,0.0188416228259249,0.012597905851532,248.39349899291992,245.14159973144533,-0.0165276044457294
2024-11-19,243.25,243.30999755859375,242.02999877929688,242.75,6579100,0.008919428494708,0.0125073792141116,247.8594993591309,245.35419982910156,-0.0085761720425703
2024-11-20,244.6199951171875,245.2100067138672,243.5099945068359,243.7400054931641,6630700,0.0056162450322957,0.0123912201907153,247.5469993591309,245.6015997314453,-0.0039967354257103
2024-11-21,246.66000366210935,246.80999755859375,245.69000244140625,246.22999572753903,7646400,0.008304918886222,0.0124163281316347,247.23999938964843,245.8081997680664,0.0034653192808322
2024-11-22,249.83999633789065,250.38999938964844,247.86000061035156,248.1999969482422,7503000,0.0128098133323722,0.0127932307690041,247.06599884033204,246.0313998413086,0.0154801236713631
2024-11-25,242.47999572753903,244.3999938964844,241.47999572753903,244.27000427246097,10733100,-0.029901483187306,0.0143591629427726,246.52349853515625,246.1077996826172,-0.0147407110207665
2024-11-26,242.9499969482422,243.08999633789065,241.5800018310547,242.7100067138672,4945900,0.0019364331609546,0.0140692672536428,245.86649856567385,246.21999969482425,-0.0132808169548981
2024-11-27,243.4900054931641,245.17999267578125,243.1999969482422,244.8500061035156,6930600,0.0022202481870022,0.0139886424623407,245.16599884033204,246.3795999145508,-0.0117282210961819
2024-11-29,245.58999633789065,245.80999755859375,244.72999572753903,245.25,2708500,0.0085875674425342,0.0138676967289597,244.76999893188477,246.50799987792968,-0.003724031433031
2024-12-02,243.44000244140625,244.5800018310547,243.13999938964844,244.4600067138672,4765000,-0.0087929483026941,0.0139518104386602,244.31849899291993,246.53259979248048,-0.0125443748764968
2024-12-03,243.92999267578125,245.17999267578125,243.3000030517578,244.9600067138672,3557800,0.0020107532444556,0.0139595971537301,243.87349853515624,246.5575997924805,-0.0106571734917551
2024-12-04,244.6699981689453,245.33999633789065,244.3699951171875,244.92999267578125,4608600,0.0030290874860776,0.0139725216577069,243.4369987487793,246.529599609375,-0.0075431162966889
2024-12-05,242.86000061035156,244.3800048828125,242.1499938964844,244.16000366210935,4806200,-0.0074252082091734,0.0122839493192529,243.2949989318848,246.47219970703125,-0.0146556045711172
2024-12-06,242.9499969482422,243.86000061035156,242.44000244140625,242.7899932861328,3540700,0.0003705001517975,0.0116586212053052,242.95999908447263,246.39159973144533,-0.0139680199607223
2024-12-09,245.36000061035156,247.11000061035156,245.2599945068359,246.27999877929688,4711500,0.0098708740029185,0.0118439200875294,242.8299987792969,246.39839965820312,-0.0042143092215371
2024-12-10,248.58999633789065,248.86000061035156,247.8300018310547,247.86000061035156,4642000,0.0130784159809939,0.0108657033378454,243.152498626709,246.50899963378907,0.0084418690887273
2024-12-11,250.9600067138672,251.2599945068359,248.97000122070312,249.3500061035156,11033800,0.0094886523605948,0.0107455599137745,243.6979988098145,246.61599975585935,0.0176144571410947
2024-12-12,247.27999877929688,248.2400054931641,246.8699951171875,247.80999755859375,10149600,-0.0147722977478215,0.0110714805033257,244.18049850463868,246.64839965820312,0.0025607266131424
2024-12-13,244.2899932861328,245.94000244140625,244.27000427246097,245.6699981689453,6602600,-0.0121652762233744,0.0114790603633247,244.54449844360352,246.6243994140625,-0.0094654305635445
2024-12-16,244.8800048828125,245.5399932861328,244.2899932861328,245.41000366210935,3310000,0.0024122979128055,0.0114541212189049,244.9589988708496,246.6219995117187,-0.0070634194530705
2024-12-17,243.94000244140625,244.5500030517578,243.22999572753903,243.8000030517578,4421300,-0.0038460111534536,0.010772589448225,245.10149917602536,246.61739959716795,-0.0108564811734089
2024-12-18,239.2599945068359,243.7100067138672,238.82000732421875,243.57000732421875,8015800,-0.0193714996395325,0.0114566746284516,244.9019989013672,246.55519958496097,-0.0295885265871716
2024-12-19,239.6000061035156,240.0500030517578,238.72999572753903,239.6699981689453,8111400,0.0014200879312812,0.0113705680609175,244.6509994506836,246.5261996459961,-0.0280951621062032
2024-12-20,242.1000061035156,242.9600067138672,241.1699981689453,241.41000366210935,9527800,0.0103799974396683,0.0114693334935464,244.4229995727539,246.51179962158204,-0.0178968857670868
2024-12-23,240.9600067138672,241.6699981689453,240.6499938964844,241.6000061035156,5835500,-0.0047199166802106,0.0110250381552898,243.9790000915527,246.42159973144533,-0.0221636131878466
2024-12-24,241.44000244140625,241.66000366210935,240.82000732421875,241.4900054931641,2421000,0.0019900326568706,0.0088374218547255,243.9270004272461,246.34899963378905,-0.0199270027468359
2024-12-26,243.07000732421875,243.55999755859375,242.1999969482422,242.38999938964844,4645100,0.0067284927019149,0.0089628909001535,243.93300094604493,246.29199981689453,-0.0130820022374708
2024-12-27,241.3999938964844,241.9499969482422,241.0500030517578,241.1999969482422,4728100,-0.0068942144537037,0.0090763776372168,243.82850036621093,246.17699981689452,-0.0194047613057403
2024-12-30,240.6300048828125,241.0800018310547,239.5800018310547,241.0800018310547,3522500,-0.0031947790408759,0.0088394867626647,243.58050079345705,246.01699981689453,-0.0218968402106011
2024-12-31,242.1300048828125,242.52000427246097,241.0500030517578,241.0500030517578,2522100,0.0062142878317398,0.0087817207824858,243.51500091552737,245.83419982910155,-0.0150678585358104
2025-01-02,245.4199981689453,245.52999877929688,244.0800018310547,244.22000122070312,6241900,0.0134962289170307,0.0092990103660424,243.58950119018556,245.7181997680664,-0.0012135918275592
2025-01-03,243.4900054931641,244.82000732421875,243.36000061035156,244.55999755859375,4872100,-0.0078951246098437,0.0094501561044491,243.53050155639647,245.50940002441405,-0.0082253246965254
2025-01-06,243.19000244140625,243.7899932861328,242.0500030517578,242.3300018310547,3758900,-0.0012328556129919,0.0093027052660214,243.54700164794923,245.35580017089845,-0.0088271715116726
2025-01-07,244.55999755859375,245.77000427246097,243.80999755859375,245.52000427246097,5090300,0.0056176267350635,0.0093853119272501,243.6275016784668,245.19100006103517,-0.002573514126882
2025-01-08,245.86000061035156,246.4499969482422,244.5099945068359,245.72000122070312,6303300,0.0053016031219844,0.0091945191396143,243.6525016784668,245.04179992675785,0.003339024949369
2025-01-10,248.2100067138672,249.0399932861328,247.5500030517578,248.0099945068359,12380100,0.0095129183749497,0.0089612772831316,243.6335021972656,244.93940002441408,0.0133527178115368
2025-01-13,245.7400054931641,246.7899932861328,245.1499938964844,246.33999633789065,8448600,-0.0100011003036753,0.0089260082366228,243.37250213623048,244.73240020751953,0.0041171715914613
2025-01-14,247.02999877929688,247.0399932861328,245.52000427246097,245.6199951171875,4914800,0.0052356930079882,0.0084137429978367,243.3600021362305,244.52300018310547,0.0102526085248181
2025-01-15,248.8800048828125,248.8999938964844,247.0099945068359,248.2100067138672,6345000,0.0074610904075508,0.0080636605025411,243.5895027160645,244.430400390625,0.0182039733399632
2025-01-16,250.6000061035156,251.38999938964844,250.27000427246097,250.55999755859375,9236000,0.0068871946090514,0.0081683370435627,243.8755027770996,244.39300048828125,0.0253976406968823
2025-01-17,249.27000427246097,250.80999755859375,249.1499938964844,249.6999969482422,8312900,-0.0053214033326847,0.0082223578626485,244.14200286865236,244.32180053710937,0.0202528129887452
2025-01-21,253.1300048828125,253.36000061035156,251.8300018310547,251.9499969482422,7668100,0.015366546556984,0.0072909146993146,244.8355033874512,244.31640075683595,0.0360745496359394
2025-01-22,254.42999267578125,254.67999267578125,253.77999877929688,254.2899932861328,5213800,0.0051225102130685,0.0073005599282647,245.57700271606444,244.49100067138673,0.0406517703191588
2025-01-23,254.07000732421875,254.5399932861328,252.82000732421875,253.19000244140625,6511500,-0.0014158718257654,0.0071480893298105,246.1755027770996,244.5794009399414,0.0388037845697719
2025-01-24,255.6499938964844,257.07000732421875,255.61000061035156,255.9600067138672,7341300,0.00619944922233,0.0069898672769538,246.91000213623047,244.73320068359376,0.044606915540669
2025-01-27,252.9900054931641,254.2599945068359,251.9199981689453,253.86000061035156,5799800,-0.0104593136838803,0.0076077090215862,247.48750228881835,244.95020080566405,0.0328222008435035
2025-01-28,255.17999267578125,255.25,253.88999938964844,254.22999572753903,5332000,0.0086191658238017,0.0076765920528484,248.09300155639647,245.25280059814452,0.0404773851855122
2025-01-29,254.1999969482422,254.82000732421875,253.3000030517578,254.5500030517578,5671800,-0.0038478030414185,0.0075102423511945,248.7330017089844,245.58420043945313,0.0350828615740417
2025-01-30,258.04998779296875,258.2900085449219,256.45001220703125,257.20001220703125,12981200,0.0150319705398159,0.0078694727590012,249.6040008544922,246.00500030517577,0.0489623685406835
2025-01-31,258.55999755859375,259.989990234375,257.8599853515625,259.0799865722656,8961100,0.0019744486005825,0.0078494355137521,250.42550048828124,246.44440032958985,0.0491615845716142
2025-02-03,259.94000244140625,261.3900146484375,259.5199890136719,259.75,11521100,0.0053230786552232,0.0074944373542191,251.1515007019043,246.82140045166017,0.0531501805181409
2025-02-04,262.5,262.5400085449219,261.3500061035156,261.8299865722656,9850400,0.0098002374860446,0.0071946909341933,252.10200042724608,247.20640045166016,0.0618657102744814
2025-02-05,264.1300048828125,265.989990234375,263.8900146484375,264.45001220703125,12681100,0.0061903426424298,0.0071146592919067,253.1490005493164,247.59660064697263,0.0667755703940921
2025-02-06,263.42999267578125,263.7200012207031,261.489990234375,263.6600036621094,8731400,-0.0026537744373774,0.0072624976912358,254.09250030517575,247.9320004272461,0.0625090436967733
2025-02-07,263.8999938964844,266.3500061035156,263.260009765625,265.2200012207031,9154000,0.0017825701444091,0.0072646978887924,254.99449996948243,248.213200378418,0.0631988689326385
2025-02-10,268.3699951171875,268.6600036621094,267.239990234375,268.0,13250300,0.0167963868025065,0.0077464378037868,256.00249938964845,248.73100036621096,0.0789567634193636
2025-02-11,267.3900146484375,268.3599853515625,266.7099914550781,267.70001220703125,7169500,-0.0036582855898708,0.0072618549754055,257.0849998474121,249.21980072021483,0.0729083880001226
2025-02-12,267.6700134277344,268.42999267578125,266.3500061035156,267.1499938964844,9328600,0.0010466070727148,0.0072914222305639,258.117000579834,249.70340087890625,0.071951813573981
2025-02-13,270.30999755859375,270.3900146484375,268.2200012207031,268.3999938964844,8347500,0.0098145108301508,0.0073685915649832,259.18850021362306,250.1978009033203,0.080385185571815
2025-02-14,266.2900085449219,270.2099914550781,265.45001220703125,270.07000732421875,11546700,-0.0149834669265494,0.0084773064304012,259.97300033569337,250.6548010253906,0.0623774508031364
2025-02-18,270.70001220703125,271.010009765625,269.6000061035156,269.67999267578125,8185900,0.0164252691444779,0.0087394839639574,261.04450073242185,251.1902014160156,0.0776694738928288
2025-02-19,270.8500061035156,271.3299865722656,269.239990234375,270.67999267578125,9342500,0.0005539429240083,0.0083557883537358,261.93050079345704,251.71380157470705,0.0760236602406924
2025-02-20,270.989990234375,271.8399963378906,270.1700134277344,270.2300109863281,7356900,0.0005166991544363,0.008368785363287,262.75850067138674,252.2764013671875,0.0741789115659293
2025-02-21,270.739990234375,271.510009765625,269.510009765625,270.79998779296875,8917400,-0.0009229691054979,0.0083553379613304,263.59199981689454,252.83220123291017,0.0708287509033238
2025-02-24,272.2099914550781,272.32000732421875,270.3800048828125,271.45001220703125,5374400,0.0054148811569904,0.0083422344073661,264.41999969482424,253.3692010498047,0.0743610128113791
2025-02-25,268.6199951171875,271.67999267578125,266.45001220703125,271.4599914550781,10079800,-0.0132760725409756,0.0086035611406389,265.2014991760254,253.76980102539065,0.0585183659828423
2025-02-26,269.0299987792969,269.0799865722656,266.6600036621094,267.0799865722656,7276000,0.0015251697060953,0.0085052640319586,265.89399948120115,254.13120086669923,0.058626401881336
2025-02-27,264.92999267578125,266.6700134277344,264.45001220703125,266.489990234375,9374600,-0.0153572805066707,0.0093180633243194,266.4304992675781,254.4842007446289,0.0410469172568969
2025-02-28,263.2699890136719,263.3999938964844,261.25,262.55999755859375,11504500,-0.0062855326956685,0.0089697192816747,266.6914993286133,254.86380065917967,0.0329830612772407
2025-03-03,266.739990234375,266.8800048828125,265.07000732421875,265.07000732421875,7725600,0.0130942847759344,0.009368961332944,267.10049896240236,255.30100036621093,0.0448058952050938
2025-03-04,269.05999755859375,269.3999938964844,267.5199890136719,269.010009765625,8481300,0.0086600294003389,0.0094687352764256,267.5564987182617,255.8034002685547,0.0518233818476284
2025-03-05,269.6199951171875,270.260009765625,267.9599914550781,267.9700012207031,6990400,0.002079148169378,0.0092776032090804,267.9124984741211,256.41060028076174,0.0515165707734464
2025-03-06,268.25,269.510009765625,268.1600036621094,268.25,6136400,-0.0050941606421311,0.0093100617376266,268.11849822998045,256.9836001586914,0.0438409292824578
2025-03-07,268.3900146484375,270.3399963378906,267.6400146484375,269.0899963378906,10431200,0.0005218196474086,0.009275542622467,268.36649932861326,257.5094003295898,0.0422532703851643
2025-03-10,266.0400085449219,268.44000244140625,265.6400146484375,267.6199951171875,7593900,-0.00879449562306,0.0095227704734328,268.47350006103517,258.01100036621096,0.0311188599219213
2025-03-11,269.1600036621094,269.7300109863281,268.44000244140625,268.4700012207031,8436600,0.0116593063906575,0.0091180280757295,268.51300048828125,258.565400390625,0.0409745590689191
2025-03-12,270.3299865722656,271.2300109863281,268.3599853515625,268.4700012207031,7236200,0.0043373733176007,0.0091176903290888,268.65999908447264,259.11059997558596,0.0432996048704174
2025-03-13,275.1300048828125,275.3500061035156,271.54998779296875,271.57000732421875,13741500,0.0176003457428398,0.0098845629616435,269.0329986572266,259.7852001953125,0.0590672781819881
2025-03-14,275.239990234375,276.29998779296875,274.6600036621094,276.2699890136719,13365000,0.0003996778676249,0.0096836012431934,269.2794982910156,260.47739990234373,0.0566751293492869
2025-03-17,276.7300109863281,276.7900085449219,275.3900146484375,275.5400085449219,8583400,0.0053989324346434,0.0089698428128783,269.80149841308594,261.1694000244141,0.0595805288079669
2025-03-18,279.9599914550781,280.2099914550781,278.9700012207031,279.8999938964844,9596500,0.0116043640108771,0.0086174630334285,270.2644973754883,261.8601998901367,0.0691200555584055
2025-03-19,281.1099853515625,281.4800109863281,279.05999755859375,279.8500061035156,8822200,0.0040992943996915,0.0086294985078112,270.7774963378906,262.6125994873047,0.0704360183036534
2025-03-20,280.75,280.8999938964844,279.42999267578125,279.489990234375,5863300,-0.001281406080539,0.0086535526980339,271.2654968261719,263.3637994384766,0.0660159087869817
2025-03-21,278.489990234375,279.4599914550781,276.5899963378906,279.4599914550781,9359300,-0.0080824766049421,0.008914917769813,271.6529968261719,264.0423992919922,0.0547169355418782
2025-03-24,277.25,279.0899963378906,276.8599853515625,278.9100036621094,7870100,-0.0044624907831339,0.0089549494897123,271.90499725341795,264.67019927978515,0.0475300987963387
2025-03-25,278.4700012207031,279.9599914550781,278.2699890136719,278.7799987792969,5090200,0.0043907117900746,0.0083307881364145,272.3974975585937,265.27539916992185,0.0497392599994901
2025-03-26,278.239990234375,279.0199890136719,277.7799987792969,278.92999267578125,3717500,-0.000826322512426,0.0083514484004106,272.85799713134764,265.9253988647461,0.0463084437297103
2025-03-27,281.9700012207031,282.07000732421875,279.5899963378906,280.54998779296875,8476300,0.0133166711213895,0.0077086597496416,273.7099975585937,266.6241989135742,0.057555924667225
2025-03-28,284.05999755859375,284.6400146484375,282.8599853515625,283.82000732421875,9563700,0.0073847882287821,0.0074322006125903,274.74949798583987,267.32779876708986,0.0625905680915805
2025-03-31,288.1400146484375,288.3900146484375,285.8500061035156,287.5299987792969,13925100,0.014261049112946,0.0075131310859932,275.81949920654296,268.07859893798826,0.0748340814594074
2025-04-01,287.57000732421875,289.1300048828125,285.9100036621094,288.5400085449219,15923600,-0.0019801896396476,0.0075319419187885,276.74499969482423,268.84459899902345,0.0696514209134747
2025-04-02,288.1600036621094,289.0299987792969,287.3599853515625,288.2799987792969,11074800,0.0020495598046479,0.0075322027390218,277.6720001220703,269.5451989746094,0.0690600491431994
2025-04-03,286.4200134277344,289.0899963378906,282.45001220703125,282.7799987792969,20524400,-0.0060565822044141,0.0075916616871468,278.580500793457,270.18499938964845,0.0600885100015213
2025-04-04,279.7200012207031,284.0299987792969,278.0199890136719,283.6400146484375,21517200,-0.0236702047321448,0.0096908290065942,279.1470001220703,270.6979992675781,0.0333286613773861
2025-04-07,273.7099914550781,280.1400146484375,272.5799865722656,278.8599853515625,19807000,-0.0217199866857037,0.0108186890471226,279.53049926757814,271.05919921875,0.009779384887022
2025-04-08,275.20001220703125,278.32000732421875,274.239990234375,277.8699951171875,12639500,0.0054290299021522,0.0105957754604526,279.8324996948242,271.50339935302736,0.0136153464848419
2025-04-09,285.3800048828125,285.8699951171875,281.0400085449219,282.2200012207031,25342200,0.0363234921961587,0.0132020380096342,280.5850006103516,272.10739959716796,0.0487770832593803
2025-04-10,292.3500061035156,292.8599853515625,287.2300109863281,288.80999755859375,19837800,0.0241300928868144,0.0136624006617225,281.44600067138674,272.87039978027343,0.0713877589468406
2025-04-11,297.92999267578125,299.2699890136719,296.80999755859375,297.9599914550781,21080100,0.0189067995005809,0.0140944021176501,282.580500793457,273.6679998779297,0.0886548402029967
2025-04-14,296.2300109863281,296.5799865722656,294.5299987792969,295.5400085449219,12427600,-0.0057223182906535,0.0142531634941671,283.55550079345704,274.42140014648436,0.0794712468787145
2025-04-15,297.7799987792969,298.0199890136719,296.0899963378906,296.92999267578125,7924100,0.0052187380190257,0.0141308138026232,284.44650115966795,275.1782000732422,0.0821351353415311
2025-04-16,307.4700012207031,308.05999755859375,303.79998779296875,304.6499938964844,20778100,0.032022570753676,0.0155449497308083,285.764501953125,276.0776000976563,0.1137086134910709
2025-04-17,306.1199951171875,307.1300048828125,302.7300109863281,306.30999755859375,18287800,-0.0044003594906631,0.0156212645293428,287.0330017089844,276.91739990234373,0.105455977938339
2025-04-21,315.5899963378906,316.4100036621094,313.95001220703125,315.0199890136719,20372300,0.0304667251965626,0.0163699789594109,288.8880020141602,277.9605999755859,0.1353767273693099
2025-04-22,311.1099853515625,317.6300048828125,310.3599853515625,317.489990234375,35242300,-0.01429739087994,0.0168495046248924,290.5810012817383,278.9047998046875,0.1154701732255154
2025-04-23,303.6499938964844,304.739990234375,300.5899963378906,304.17999267578125,25421500,-0.0242707980646061,0.0181415300172689,291.84000091552736,279.61039978027344,0.0859753218589222
2025-04-24,308.07000732421875,308.5,304.7099914550781,306.9800109863281,10845000,0.0144513514097526,0.0182344724973523,293.33150177001954,280.42399963378904,0.098586453821831
2025-04-25,304.7300109863281,305.3699951171875,301.010009765625,301.7799987792969,10691600,-0.0109008789559565,0.0184622425380998,294.4695022583008,281.16519958496093,0.0838112662454391
2025-04-28,309.07000732421875,309.1099853515625,302.9700012207031,304.1499938964844,9375500,0.0141416374596136,0.0185911004197417,295.72000274658205,281.9403997802734,0.0962246189800696
2025-04-29,306.05999755859375,306.95001220703125,304.0,305.80999755859375,6852100,-0.0097866589704954,0.0186848630289413,296.61600189208986,282.73579956054687,0.0824946753622973
2025-04-30,303.7699890136719,306.07000732421875,303.44000244140625,304.6099853515625,8331900,-0.0075103532440418,0.018803246049859,297.4260009765625,283.3971990966797,0.0718877602951965
2025-05-01,297.4599914550781,297.94000244140625,295.32000732421875,297.4100036621094,14969100,-0.0209910665037978,0.0195392085628322,297.89100036621096,283.9293988037109,0.047654778647002
2025-05-02,297.9800109863281,300.8500061035156,297.0299987792969,300.1700134277344,8678400,0.0017466735903771,0.0194562542484795,298.4690002441406,284.46919921875,0.0474948142177902
2025-05-05,306.8800048828125,307.6499938964844,304.67999267578125,305.9200134277344,8924000,0.0294304005776794,0.0193949983516327,299.8270004272461,285.19199951171873,0.0760470329049416
2025-05-06,315.4800109863281,315.6199951171875,311.3999938964844,313.1199951171875,11445300,0.0276385157477369,0.0190014902622238,301.9155014038086,286.0573999023438,0.1028556195156246
2025-05-07,310.75,313.260009765625,310.0799865722656,312.1000061035156,7888300,-0.0151065929631357,0.019640700036197,303.69300079345703,286.9,0.0831300104566051
2025-05-08,304.6300048828125,310.4800109863281,303.04998779296875,309.760009765625,11927600,-0.019890788928179,0.0190988847163165,304.655500793457,287.6120001220703,0.0591700094346525
2025-05-09,306.8399963378906,308.57000732421875,306.010009765625,307.7900085449219,6913100,0.0072284856935388,0.0184912701925806,305.38000030517577,288.4502001953125,0.063753799200438
2025-05-12,298.19000244140625,299.4700012207031,296.82000732421875,298.3299865722656,14375900,-0.0285955517409961,0.0192952412951702,305.393000793457,289.1486004638672,0.0312690497655336
2025-05-13,299.4599914550781,300.29998779296875,297.239990234375,299.0199890136719,10233600,0.0042499487599532,0.0192672278443502,305.5544998168945,289.80300048828127,0.0333226051853364
2025-05-14,293.1600036621094,294.79998779296875,291.9599914550781,293.6700134277344,14800600,-0.0212622766256428,0.0198305982368451,305.32350006103513,290.2850006103516,0.0099040702954435
2025-05-15,297.8399963378906,297.8999938964844,293.75,294.1000061035156,13497700,0.0158378697194074,0.0187206453679311,304.84199981689454,290.84940063476563,0.0240351043800273
2025-05-16,294.239990234375,294.5799865722656,291.7799987792969,292.6199951171875,14173000,-0.0121606896022099,0.0188618279772199,304.2479995727539,291.36920043945315,0.0098527565390989
2025-05-19,298.0299987792969,298.5799865722656,296.4800109863281,297.8500061035156,11656300,0.0127984208167456,0.0176361450472253,303.36999969482423,291.9620001220703,0.0207835220155003
2025-05-20,303.5799865722656,303.67999267578125,298.29998779296875,298.3500061035156,12851000,0.0184509744839862,0.0180343568038602,302.9934997558594,292.7127996826172,0.0371257659433804
2025-05-21,305.82000732421875,306.4599914550781,303.6700134277344,304.54998779296875,12414500,0.007351594562024,0.0172778794032693,303.1020004272461,293.44599975585936,0.0421679204305197
2025-05-22,303.1099853515625,305.2799987792969,302.1000061035156,305.0899963378906,9704200,-0.0089009899253181,0.01706292676591,302.85399932861327,294.10159973144533,0.0306301823191136
2025-05-23,309.75,310.25,307.4700012207031,308.8599853515625,13339500,0.0216697929051216,0.0175953055570632,303.10499877929686,294.79399963378904,0.0507337340135491
2025-05-27,304.5,304.8800048828125,302.739990234375,303.80999755859375,9578500,-0.0170944333593,0.017736058435024,302.8764984130859,295.37919982910154,0.0308782750314697
2025-05-28,303.80999755859375,304.989990234375,303.05999755859375,304.6400146484375,8803300,-0.0022685891736125,0.017613584475739,302.7639984130859,295.92079956054687,0.0266598292846012
2025-05-29,305.6099853515625,306.8900146484375,304.4599914550781,305.739990234375,9487900,0.005907233361944,0.0175827630855855,302.85599822998046,296.43379943847657,0.0309552619521391
2025-05-30,303.6000061035156,304.0199890136719,301.5,303.6400146484375,9553300,-0.0065986657130021,0.0169485080555181,303.16299896240236,296.88359985351565,0.0226230288682631
2025-06-02,311.6700134277344,311.7200012207031,308.7200012207031,309.2099914550781,13593200,0.026233913208447,0.0178634321811854,303.84749908447264,297.5020001220703,0.047623253960816
2025-06-03,308.9100036621094,309.55999755859375,307.1499938964844,309.55999755859375,9315100,-0.0088949946420193,0.0168188879315704,303.9489990234375,298.110400390625,0.0362268584300758
2025-06-04,310.8999938964844,311.8800048828125,308.739990234375,309.4100036621094,7462500,0.0064213132412345,0.0156330468744755,303.7199981689453,298.7834002685547,0.0405531017353672
2025-06-05,309.3299865722656,312.20001220703125,307.6499938964844,311.239990234375,10817800,-0.0050626726440741,0.0153048266874062,303.6489974975586,299.4005999755859,0.0331642174313925
2025-06-06,305.17999267578125,309.20001220703125,305.1000061035156,309.0899963378906,7787500,-0.0135068823249481,0.0149352906833332,303.676496887207,299.93940002441406,0.0174721715484548
2025-06-09,306.6199951171875,307.6099853515625,305.05999755859375,305.3900146484375,7159000,0.0047074374937491,0.0148824184034627,303.6654968261719,300.4323999023438,0.0205956322182794
2025-06-10,306.7099914550781,308.6000061035156,305.8699951171875,308.30999755859375,7071700,0.0002934679226739,0.0132803079411313,304.0914962768555,300.8853997802734,0.0193581731750966
2025-06-11,308.3699951171875,308.6199951171875,305.8500061035156,307.5,9248800,0.0053976969783305,0.0132957032888502,304.53699645996096,301.2899993896484,0.0234989403627126
2025-06-12,312.20001220703125,313.1000061035156,311.1499938964844,311.739990234375,11531400,0.0123437023226924,0.0123629798872175,305.488996887207,301.7825994873047,0.0345195936989891
2025-06-13,316.2900085449219,317.6000061035156,315.0400085449219,317.260009765625,16592900,0.0130154940916994,0.0122258328330852,306.41149749755857,302.34519958496094,0.0461221444200319
2025-06-16,311.7799987792969,314.8699951171875,311.6499938964844,314.79998779296875,12848400,-0.0143617343038023,0.0123784884668928,307.2884979248047,302.8523992919922,0.0294783845469793
2025-06-17,311.94000244140625,313.0,310.1199951171875,312.6600036621094,8234100,0.0005130624809404,0.0121641502899902,307.98399810791017,303.4967993164062,0.027819743549248
2025-06-18,310.260009765625,312.9800109863281,309.8599853515625,312.8900146484375,9370800,-0.0054001823384026,0.011653879579041,308.3179992675781,304.22779968261716,0.0198279384372528
2025-06-20,310.1300048828125,310.8900146484375,309.25,309.3299865722656,8794700,-0.0004191069541604,0.0115632566068804,308.5334991455078,304.9263995361328,0.017065119171694
2025-06-23,311.0799865722656,312.6700134277344,310.30999755859375,310.3399963378906,12687900,0.0030584905042089,0.0113478662940142,308.93199920654297,305.4403991699219,0.0184637900476496
2025-06-24,306.19000244140625,306.3399963378906,303.5400085449219,305.07000732421875,12035200,-0.01584423839127,0.0108946325783491,308.7539993286133,305.7171990966797,0.0015465382586376
2025-06-25,307.1199951171875,307.3599853515625,305.1199951171875,305.30999755859375,6733200,0.0030327025232496,0.0101958615332489,308.88499908447267,305.9009991455078,0.0039849362214729
2025-06-26,306.7799987792969,307.2799987792969,304.8599853515625,305.7699890136719,6787500,-0.0011076604529502,0.0101829957931966,309.0334991455078,306.1119989013672,0.0021822074284154
2025-06-27,301.2200012207031,302.3599853515625,299.8900146484375,300.0299987792969,13301300,-0.018289975504647,0.0109161087407675,308.81399993896486,306.1807989501953,-0.0162021842862168
2025-06-30,304.8299865722656,304.9200134277344,301.95001220703125,302.3900146484375,8192100,0.0119133012797551,0.0111735155326954,308.87549896240233,306.12799865722656,-0.004240095942398
2025-07-01,307.54998779296875,309.0,307.3599853515625,308.55999755859375,9335600,0.0088834358471799,0.0096101970135967,308.66949768066405,306.1565985107422,0.0045512306087947
2025-07-02,309.25,309.3999938964844,306.9599914550781,308.0400085449219,8316400,0.0055123753094295,0.0095001965735008,308.6864974975586,306.02979858398436,0.0105225093468534
2025-07-03,307.1400146484375,307.57000732421875,306.1499938964844,307.04998779296875,5275800,-0.0068462938820206,0.0094954766037627,308.4984985351563,305.95039916992187,0.0038882625475998
2025-07-07,307.3699951171875,307.7099914550781,304.5299987792969,305.07000732421875,7351600,0.0007485003525817,0.0094407552827706,308.40049896240237,306.0247991943359,0.0043957088654025
2025-07-08,304.1600036621094,306.45001220703125,302.7699890136719,306.29998779296875,11840500,-0.0104983269629637,0.0092414060639491,308.34949951171876,305.94659912109375,-0.0058395663299308
2025-07-09,305.5199890136719,305.5400085449219,303.2300109863281,303.5799865722656,10644100,0.0044613161776255,0.0092347344374233,308.294499206543,305.96239868164065,-0.0014459609085138
2025-07-10,306.20001220703125,306.510009765625,304.82000732421875,306.1099853515625,7053700,0.0022233161319651,0.0092500084216069,308.2690002441406,305.9049987792969,0.0009643955767693
2025-07-11,309.1400146484375,310.2799987792969,308.5199890136719,308.8599853515625,9187300,0.0095557730188639,0.0094247591102496,308.3075012207031,305.96659912109374,0.0103717710902418
2025-07-14,308.010009765625,309.3800048828125,307.7300109863281,309.07000732421875,5772900,-0.0036620144241214,0.0090026942264069,308.09800109863284,306.0513995361328,0.0063996120666684
2025-07-15,306.7300109863281,308.739990234375,305.7900085449219,307.7300109863281,8149000,-0.0041643640755145,0.0084289289050367,307.6200012207031,306.23679992675784,0.0016105545110458
2025-07-16,308.260009765625,311.0899963378906,305.7300109863281,307.1099853515625,17693100,0.0049756967893918,0.0079770758963751,307.44400177001955,306.44239990234377,0.0059313262912066
2025-07-17,307.5899963378906,307.6700134277344,305.1199951171875,305.5,6642300,-0.0021758989541098,0.0079805610413129,307.22650146484375,306.4565997314453,0.0036983919009691
2025-07-18,308.3900146484375,309.3699951171875,308.32000732421875,309.239990234375,5574300,0.0025975477973482,0.0079329962901562,307.13300170898435,306.3147998046875,0.0067747782512409
2025-07-21,313.1300048828125,313.30999755859375,311.6099853515625,311.8800048828125,10995800,0.0152531921274327,0.0086614509337032,307.2830017089844,306.3623999023437,0.0220901944319081
2025-07-22,316.1000061035156,316.239990234375,313.6199951171875,314.4800109863281,13691800,0.0094401831613078,0.0088762745008474,307.53400268554685,306.5917999267578,0.031012591266398
2025-07-23,312.17999267578125,314.9599914550781,311.4200134277344,314.0,10547500,-0.012478717461642,0.0085707617329706,307.8335021972656,306.69859985351565,0.0178722459929181
2025-07-24,310.2699890136719,310.989990234375,309.05999755859375,309.2900085449219,7698800,-0.0061370703288567,0.0086988471324838,307.99100189208986,306.94019958496096,0.0108483327801747
2025-07-25,307.3999938964844,308.30999755859375,306.20001220703125,307.82000732421875,9376400,-0.0092930394906785,0.0089673828735994,308.0220016479492,307.09899963378905,0.0009801212737724
2025-07-28,305.4100036621094,306.5799865722656,304.04998779296875,306.44000244140625,9275400,-0.0064946630675782,0.0080334325490962,308.2315017700195,307.34399963378905,-0.0062926101501382
2025-07-29,306.25,307.0299987792969,304.989990234375,305.79998779296875,5741100,0.0027466136773079,0.0076097705683236,308.30250244140626,307.51219970703124,-0.0041045516510686
2025-07-30,300.9599914550781,304.6499938964844,300.9599914550781,304.4200134277344,13459600,-0.0174244246984347,0.0082799067559748,307.9730026245117,307.6465997314453,-0.0217347056076814
2025-07-31,302.9599914550781,304.6099853515625,302.8599853515625,304.5899963378906,8981000,0.0066234182282512,0.0083300612264177,307.65850219726565,307.7451995849609,-0.0155492535264119
2025-08-01,309.1099853515625,309.54998779296875,307.45001220703125,308.6099853515625,12843400,0.0200963978265726,0.009443660477727,307.7570007324219,307.85579956054687,0.0040739391390577
2025-08-04,310.9100036621094,311.739990234375,310.3699951171875,310.79998779296875,7639000,0.0058063397939676,0.0095231360546704,307.93400115966796,307.95759948730466,0.0095870476316218
2025-08-05,311.1600036621094,312.239990234375,310.2200012207031,310.3699951171875,6997700,0.0008037680984962,0.0091600225589592,308.284001159668,308.1185998535156,0.0098708867625638
2025-08-06,310.5,311.239990234375,309.8399963378906,310.32000732421875,7418200,-0.0021233597342562,0.0091526068359161,308.5330017089844,308.13359985351565,0.0076797861304619
2025-08-07,313.1199951171875,313.1400146484375,310.70001220703125,311.7200012207031,10891500,0.0084025866801711,0.0093058954469265,308.8790008544922,308.3059997558594,0.0156143421313247
2025-08-08,313.04998779296875,313.5299987792969,311.0,312.3500061035156,19886800,-0.0002236048562566,0.0090936774458328,309.0744995117187,308.49079956054686,0.0147790087708177
2025-08-11,308.54998779296875,309.6600036621094,307.6300048828125,308.6199951171875,10326700,-0.0144790179929437,0.0096659497301085,309.10149841308595,308.549599609375,1.2580913871283762e-06
2025-08-12,308.2699890136719,309.30999755859375,306.7099914550781,308.2200012207031,9697400,-0.000907878502829,0.0096178638047746,309.1784973144531,308.64299926757815,-0.0012085492131408
2025-08-13,309.2099914550781,310.3900146484375,308.45001220703125,309.1000061035156,4718600,0.0030446433804474,0.0095775387193073,309.22599639892576,308.593798828125,0.0019967757916494
2025-08-14,307.25,308.3399963378906,306.5199890136719,307.92999267578125,5817700,-0.0063588816359785,0.0096762563253523,309.20899658203126,308.5605987548828,-0.0042474598512297
2025-08-15,307.42999267578125,308.0,306.8699951171875,307.3399963378906,5990100,0.0005856467855486,0.00965766568643,309.16099548339844,308.49119873046874,-0.0034399881068071
2025-08-18,306.95001220703125,307.8900146484375,306.6300048828125,307.7900085449219,6150100,-0.0015624875893944,0.0089517415532701,308.85199584960935,308.44359924316404,-0.0048423343515561
2025-08-19,305.2699890136719,307.4800109863281,305.19000244140625,306.760009765625,5029900,-0.0054883127211995,0.0086530906870228,308.3104949951172,308.44539916992187,-0.0102948857878754
2025-08-20,308.3599853515625,308.4700012207031,307.3999938964844,307.5400085449219,6515400,0.0100712891656241,0.0086497485749512,308.11949462890624,308.4801989746094,-0.000389696400114
2025-08-21,307.2900085449219,308.1499938964844,307.0299987792969,307.8599853515625,4809000,-0.003475929162816,0.00858053375944,307.9704956054687,308.49179931640623,-0.0038956976300421
2025-08-22,310.5799865722656,311.0199890136719,306.42999267578125,306.5199890136719,8526500,0.0106495189827534,0.0086611606655636,308.12949523925784,308.5359991455078,0.0066247939702941
2025-08-25,309.8299865722656,310.8399963378906,309.6700134277344,309.6700134277344,4044400,-0.0024177572824804,0.008534562571325,308.3504943847656,308.4885986328125,0.0043482577489022
2025-08-26,312.0799865722656,312.2099914550781,310.30999755859375,310.6199951171875,11698500,0.0072358055476428,0.0086489775312272,308.6419937133789,308.4043981933594,0.0119180802882122
2025-08-27,312.7099914550781,312.9100036621094,310.7699890136719,311.3900146484375,4320100,0.0020166939883499,0.007491006757293,309.22949371337893,308.422998046875,0.0138997203040985
2025-08-28,315.0299987792969,315.0799865722656,313.07000732421875,313.32000732421875,9610200,0.0073916523509603,0.0075183409361627,309.83299407958987,308.4847979736328,0.021217255594629
2025-08-29,318.07000732421875,318.0899963378906,314.6400146484375,314.7200012207031,15642600,0.009603638858147,0.006480072743862,310.28099517822267,308.6409979248047,0.0305500871977846
2025-09-02,325.5899963378906,325.9200134277344,320.239990234375,320.82000732421875,21247500,0.0233674025091434,0.0080933965352261,311.0149948120117,308.95019775390625,0.0538591614601871
2025-09-03,328.1400146484375,329.45001220703125,326.7300109863281,327.760009765625,16062200,0.0078014813491287,0.0081758395957225,311.86399536132814,309.29139831542966,0.0609412884925598
2025-09-04,326.69000244140625,327.55999755859375,325.3500061035156,327.0299987792969,11703100,-0.0044286747373555,0.008262567297321,312.6734954833984,309.7013983154297,0.0548547866376558
2025-09-05,331.04998779296875,331.44000244140625,328.92999267578125,329.5299987792969,16065200,0.0132576680069797,0.0085114063969843,313.5699951171875,310.1799981689453,0.0672834797447391
2025-09-08,334.82000732421875,335.6700134277344,333.2300109863281,333.6600036621094,18617300,0.0113237113655559,0.0086864908766802,314.65849609375,310.74079833984376,0.0774896927375484
2025-09-09,334.05999755859375,338.30999755859375,333.8500061035156,337.0299987792969,21641900,-0.002272485609217,0.0077447939445197,315.9339965820312,311.39759826660156,0.0727764100241707
2025-09-10,335.260009765625,336.5,326.19000244140625,335.7300109863281,11945700,0.0035857690781288,0.0076605022886441,317.2834976196289,312.0061987304687,0.0745299648845901
2025-09-11,334.760009765625,335.1600036621094,332.9700012207031,333.3699951171875,9082600,-0.0014924929949519,0.0077629056429781,318.5609985351563,312.5503991699219,0.0710592936521209
2025-09-12,335.4200134277344,336.3900146484375,335.2300109863281,335.8800048828125,9619700,0.0019696315993883,0.0073943237981422,319.969499206543,313.07379943847656,0.0713768256217466
2025-09-15,338.9100036621094,339.2799987792969,336.2300109863281,336.30999755859375,10569900,0.0103510782764184,0.0074523540184133,321.5434997558594,313.70919921875,0.0803317355886233
2025-09-16,339.5899963378906,340.8800048828125,338.6199951171875,340.0899963378906,12161500,0.0020044005996876,0.0073319113364018,323.17549896240234,314.35359924316407,0.080280286770966
2025-09-17,336.9700012207031,341.239990234375,335.5199890136719,338.5299987792969,16535300,-0.0077450875713346,0.0075176891013698,324.76049957275393,315.0097991943359,0.0697127584047615
2025-09-18,335.6199951171875,336.32000732421875,333.80999755859375,336.2200012207031,14913300,-0.0040143562164694,0.00766991268933,326.12350006103514,315.61179931640623,0.0633949549545285
2025-09-19,339.17999267578125,339.2300109863281,336.30999755859375,336.510009765625,14982600,0.0105513652969732,0.0075683102359783,327.71799926757814,316.2713989257812,0.0724333399346551
2025-09-22,345.04998779296875,345.07000732421875,341.8399963378906,342.75,12386400,0.0171583803676831,0.0079568532281078,329.4414993286133,316.9895983886719,0.0885214831872529
2025-09-23,346.4599914550781,348.75,345.32000732421875,348.2300109863281,18384000,0.0040780484982401,0.0077569220847757,331.2729995727539,317.75859802246094,0.0903245218579055
2025-09-24,343.32000732421875,346.8299865722656,342.1400146484375,346.70001220703125,12709100,-0.0091043690037547,0.0084073920952177,332.8350006103516,318.49039794921873,0.0779603075473532
2025-09-25,344.75,345.8299865722656,342.4700012207031,344.3900146484375,12639600,0.0041565384898878,0.0083840906665233,334.43700103759767,319.22019775390623,0.0799755229328416
2025-09-26,346.739990234375,348.25,345.30999755859375,345.8299865722656,11698200,0.0057556747202155,0.0083662286712683,336.0225006103516,320.0031976318359,0.0835516419848397
2025-09-29,352.4599914550781,352.8299865722656,351.2799987792969,351.7900085449219,15719600,0.0163619249989319,0.0087004656169727,337.7419998168945,320.88459716796876,0.0984010905035153
2025-09-30,355.4700012207031,355.57000732421875,350.8699951171875,351.1300048828125,13312400,0.0085037445382532,0.0076299077100497,339.23600006103516,321.73139709472656,0.1048657495993249
2025-10-01,356.0299987792969,356.9700012207031,354.7900085449219,356.1700134277344,15573600,0.0015741326049985,0.0076104065427536,340.6304992675781,322.5299969482422,0.1038663136701377
2025-10-02,354.7900085449219,358.6700134277344,351.3999938964844,358.260009765625,16162100,-0.0034889043060359,0.0075578347712415,342.0354995727539,323.382197265625,0.097122882907183
2025-10-03,357.6400146484375,358.1400146484375,355.79998779296875,357.1199951171875,14464000,0.0080008455959522,0.0073109106017801,343.36500091552733,324.3295977783203,0.102705448711113
2025-10-06,364.3800048828125,365.2999877929687,361.3699951171875,362.1600036621094,17093700,0.0186703577121424,0.0078687845316739,344.843000793457,325.46919799804687,0.1195529626892654
2025-10-07,366.260009765625,367.2699890136719,364.5499877929687,366.510009765625,16836800,0.0051461978380271,0.0077195574351863,346.45300140380857,326.6861981201172,0.1211370785580515
2025-10-08,372.2999877929687,373.5700073242187,370.5,371.6499938964844,28052300,0.0163564577146157,0.008147462190077,348.3050003051758,328.00719787597654,0.135036030318273
2025-10-09,365.4299926757813,373.2200012207031,362.8299865722656,373.1400146484375,33674800,-0.018625225753276,0.0096539510752463,349.83849945068357,329.2965979003906,0.1097290254614799
2025-10-10,369.1199951171875,370.30999755859375,365.44000244140625,367.5400085449219,24192800,0.0100470588599546,0.0097164292629135,351.52349853515625,330.6197979736328,0.116448553230999
2025-10-13,378.0899963378906,378.8599853515625,375.5799865722656,376.5,18514400,0.024010471634505,0.0105706327808244,353.4824981689453,331.99939819335935,0.1388273544932382
2025-10-14,380.7900085449219,382.3800048828125,377.8999938964844,378.2099914550781,18409600,0.0071158116764839,0.0105441938596887,355.54249877929686,333.3969982910156,0.1421518804813528
2025-10-15,387.3900146484375,387.760009765625,384.5899963378906,385.9299926757813,20598300,0.0171839108316424,0.010339470830918,358.0634994506836,334.9215985107422,0.1566588012567737
2025-10-16,396.4500122070313,396.8699951171875,390.3999938964844,391.1499938964844,33621400,0.0231179851694318,0.0105988538309158,361.1050003051758,336.64059875488283,0.1776654796639585
2025-10-17,388.989990234375,397.2799987792969,385.2200012207031,397.1400146484375,62025000,-0.0189963492671914,0.0122096433794765,363.59550018310546,338.1579986572266,0.1503202401806091
2025-10-20,403.1499938964844,403.2999877929687,394.2000122070313,397.4500122070313,34523000,0.0357550747494029,0.0136581169709717,366.50050048828126,339.9599987792969,0.1858747951055578
2025-10-21,377.239990234375,388.8900146484375,375.6499938964844,386.5400085449219,54101400,-0.066427122202817,0.0215075498385445,368.0395004272461,341.333798828125,0.1051937766770356
2025-10-22,377.2799987792969,378.4700012207031,368.9299926757813,372.75,30524100,0.0001060503248209,0.021304071341838,369.7375,342.7139990234375,0.100859608461735
2025-10-23,378.7900085449219,382.25,378.6499938964844,381.4599914550781,13695500,0.0039943702532297,0.0213043264343279,371.4395004272461,344.10559936523435,0.100795829081739
2025-10-24,377.5199890136719,380.7699890136719,376.80999755859375,378.510009765625,13263800,-0.0033584660498819,0.0213780892440364,372.97850036621094,345.5109991455078,0.0926424627503214
2025-10-27,367.010009765625,371.5899963378906,365.3399963378906,371.1300048828125,23657600,-0.0282343960684557,0.0223521369321137,373.7060012817383,346.70259948730467,0.0585729968807572
2025-10-28,364.3800048828125,365.2999877929687,360.1199951171875,361.80999755859375,19257600,-0.0071918297104921,0.0223881141165437,374.15150146484376,347.8511993408203,0.0475168853041598
2025-10-29,363.0,370.0799865722656,361.3599853515625,369.6499938964844,18891800,-0.0037944582730187,0.0224160363969388,374.500001525879,349.00579956054685,0.0400973292050563
2025-10-30,370.1300048828125,370.3599853515625,364.5,365.0899963378906,14812800,0.0194514742074939,0.0227601833472535,375.2670013427734,350.2411999511719,0.0567860232731425
2025-10-31,368.1199951171875,370.6600036621094,365.5,370.4700012207031,11077900,-0.0054453497658757,0.022775802741499,375.79100036621094,351.4577996826172,0.0474088082541262
2025-11-03,368.7799987792969,370.8399963378906,367.5400085449219,368.9100036621094,7254300,0.0017912982604373,0.0224137388783736,376.01100006103513,352.62179992675783,0.0458230286836923
2025-11-04,362.3200073242187,365.739990234375,361.3900146484375,363.4800109863281,11540100,-0.0176724375041694,0.0227484232370767,375.81399993896486,353.6716003417969,0.0244532130203945
2025-11-05,366.510009765625,367.1000061035156,364.6499938964844,366.3900146484375,8357300,0.0114980132662479,0.0225838322211148,375.5245010375976,354.76020080566406,0.0331204259476598
2025-11-06,366.0700073242187,368.1799926757813,364.7000122070313,367.1600036621094,6891100,-0.0012012407765741,0.0221920265618502,375.5565017700195,355.82740112304685,0.0287853216723742
2025-11-07,368.30999755859375,370.4200134277344,366.4200134277344,367.94000244140625,11060400,0.0061003762797749,0.022116221502444,375.51600189208983,356.8930010986328,0.0319899701726167
2025-11-10,378.3800048828125,378.6600036621094,374.7799987792969,375.9299926757813,13456200,0.0269740263306077,0.0222955330320096,375.53050231933594,358.09920104980466,0.0566345967082656
2025-11-11,379.8699951171875,380.3999938964844,376.8699951171875,379.9800109863281,10753200,0.0039300815092205,0.0222536486123684,375.4845016479492,359.18480102539064,0.0575892800384241
2025-11-12,385.989990234375,387.4599914550781,379.44000244140625,380.0700073242187,16203700,0.0159823610212774,0.0222060433777907,375.4145004272461,360.34180053710935,0.0711773922954139
2025-11-13,382.8699951171875,388.1799926757813,381.2099914550781,387.2900085449219,15867900,-0.0081159438712029,0.0215704475155766,374.7354995727539,361.465400390625,0.0592161648208408
2025-11-14,375.9599914550781,378.2000122070313,370.8900146484375,372.8699951171875,15198000,-0.0182127611982625,0.0215381470069477,374.08399963378906,362.3636004638672,0.0375214038435592
2025-11-17,371.6499938964844,375.4599914550781,368.5199890136719,374.0400085449219,13295200,-0.0115301972752757,0.019729171436064,372.5089996337891,363.1002001953125,0.0235466510251796
2025-11-18,374.3500061035156,375.5400085449219,371.6199951171875,374.8299865722656,7818800,0.0072386702324458,0.0133048937859011,372.36450042724607,363.90600036621095,0.0286997348952601
2025-11-19,374.9599914550781,380.1700134277344,373.0299987792969,377.7799987792969,10980400,0.0016281258445646,0.0133121986331413,372.24850006103514,364.7,0.0281326883879301
2025-11-20,374.8500061035156,377.69000244140625,371.8500061035156,375.2900085449219,10506500,-0.0002933685939356,0.0132737276204965,372.05149993896487,365.5017999267578,0.025576361535377
2025-11-21,374.2699890136719,377.2300109863281,372.94000244140625,374.0299987792969,13194600,-0.0015485295000223,0.0132595395321154,371.8889999389648,366.27879943847654,0.0218172320850844
2025-11-24,380.2000122070313,380.2799987792969,374.19000244140625,374.8800048828125,10085300,0.0157200294295932,0.0119908613970347,372.5485000610352,367.104599609375,0.0356721561418482
2025-11-25,380.0799865722656,382.5199890136719,378.05999755859375,380.260009765625,10462800,-0.0003157406112367,0.0118178484598512,373.3334991455078,367.9143994140625,0.0330663523297211
2025-11-26,383.1199951171875,383.7799987792969,380.4599914550781,381.05999755859375,9184100,0.0079665217395295,0.0118012216183724,374.3394989013672,368.8373992919922,0.0387232852541843
2025-11-28,387.8800048828125,388.0,384.989990234375,385.9800109863281,7175400,0.0123477827353176,0.0113694274360423,375.2269989013672,369.8825994873047,0.0486570750298989
2025-12-01,389.75,390.7000122070313,388.05999755859375,390.6099853515625,11177100,0.0048094819130788,0.0112301275591508,376.3084991455078,370.89399963378906,0.050839324402198
2025-12-02,387.239990234375,388.9800109863281,382.9100036621094,388.8699951171875,8103900,-0.0064608773045491,0.0114212310972321,377.2314987182617,371.7377996826172,0.0417019484297622
2025-12-03,386.8800048828125,390.1300048828125,385.8299865722656,388.4599914550781,7886800,-0.0009300505859088,0.0104408189491469,378.4594985961914,372.5461999511719,0.0384752412815357
2025-12-04,387.1300048828125,388.0,385.3999938964844,386.9200134277344,6754400,0.0006459865002764,0.0102718391209978,379.4904983520508,373.4223999023437,0.0367080415745106
2025-12-05,386.44000244140625,391.739990234375,386.1799926757813,389.1199951171875,9449800,-0.0017839435807102,0.0102844154097391,380.50899810791014,374.2561999511719,0.0325547111626312
2025-12-08,385.4200134277344,387.239990234375,384.010009765625,387.0199890136719,6822100,-0.0026429393579943,0.0103183788386963,381.3644989013672,375.02980041503906,0.0277050330432318
2025-12-09,387.3999938964844,388.2099914550781,385.2699890136719,385.6199951171875,6358700,0.0051240516088217,0.0085744865191355,381.8154983520508,375.7286004638672,0.031063361740916
2025-12-10,389.0499877929687,389.760009765625,384.5,385.9500122070313,9120500,0.0042501034686068,0.0085801893886515,382.27449798583984,376.4002001953125,0.0336072818003079
2025-12-11,393.239990234375,394.0899963378906,388.5,389.0199890136719,11240600,0.0107122489785418,0.0081734017742923,382.63699798583986,377.1444000244141,0.0426775267216456
2025-12-12,395.44000244140625,400.3900146484375,391.4700012207031,399.1600036621094,16792100,0.0055789875076315,0.0079461344950967,383.2654983520508,377.95739990234375,0.046255484198959
2025-12-15,395.7999877929687,398.7099914550781,394.0700073242187,397.760009765625,11345000,0.0009099271544497,0.0064430554957594,384.2574981689453,378.7205993652344,0.0450975955793287
2025-12-16,395.8900146484375,398.7099914550781,394.5899963378906,397.75,9201600,0.0002274295635392,0.0055652843794984,385.469499206543,379.3507995605469,0.0435987352789297
2025-12-17,399.2900085449219,399.9800109863281,397.25,398.0799865722656,10456900,0.0085515594385759,0.0056233755867675,386.7164993286133,380.0113995361328,0.0507316597142134
2025-12-18,398.5700073242187,402.2099914550781,396.0499877929687,398.2799987792969,11837600,-0.0018048314286413,0.0057261337232971,387.8970001220703,380.5367999267578,0.0473888659413012
2025-12-19,399.0199890136719,400.6300048828125,397.1700134277344,397.9200134277344,9894800,0.0011283535131123,0.0056911196437127,389.1054992675781,381.2085998535157,0.0467234715245157
2025-12-22,408.2300109863281,408.5199890136719,405.7200012207031,406.9800109863281,14202100,0.0228192545592986,0.0070775983192727,390.8035003662109,381.9908001708984,0.0686906878482167
2025-12-23,413.6400146484375,413.760009765625,407.1000061035156,410.2999877929687,13193300,0.0131652977573308,0.0068817977498416,392.4755004882812,382.70180053710936,0.0808415692528944
2025-12-24,411.9299926757813,412.6300048828125,408.8299865722656,412.25,6718400,-0.0041426515087481,0.0070651613630307,394.06800079345703,383.32460021972656,0.0746244630260039
2025-12-26,416.739990234375,418.4500122070313,414.75,416.4800109863281,10476200,0.011609088487159,0.0072174616389816,395.7490005493164,383.91159973144534,0.0855102855081582
2025-12-29,398.6000061035156,403.760009765625,395.3299865722656,403.6600036621094,20679200,-0.0445040796176014,0.0128441819288702,396.2850006103516,383.954599609375,0.0381435891353833
2025-12-30,398.8900146484375,403.7999877929687,398.55999755859375,403.6000061035156,10179000,0.0007273032894686,0.0128189432628692,396.74200134277345,384.15260009765626,0.0383634382457252
2025-12-31,396.30999755859375,400.1300048828125,395.5899963378906,398.6000061035156,10194700,-0.0064889992538243,0.0128198245834923,397.1955017089843,384.0158001708984,0.0320148217396888
2026-01-02,398.2799987792969,401.8200073242187,396.25,401.6199951171875,10372600,0.0049585453282255,0.0128369639183616,397.76550140380857,384.43660034179686,0.0360095745961546
2026-01-05,408.760009765625,409.7200012207031,406.1499938964844,406.3900146484375,13410600,0.0259729381799143,0.0139539043468885,398.8470016479493,385.06620056152343,0.0615317812094388
2026-01-06,413.1799926757813,413.4800109863281,410.30999755859375,410.6700134277344,11640900,0.0107551050021617,0.0140224895920161,400.184001159668,385.7540002441406,0.0710971044092426
2026-01-07,409.2300109863281,410.80999755859375,406.6499938964844,408.6300048828125,10589500,-0.0096059436175434,0.0142633613893276,401.37450103759767,386.38820068359377,0.0591162211017905
2026-01-08,411.489990234375,411.6400146484375,406.3999938964844,406.9700012207031,8705900,0.0055073227334385,0.0142666264403921,402.57900085449216,387.2778002929688,0.0625189203282246
2026-01-09,414.4700012207031,415.2900085449219,411.7999877929687,413.2200012207031,14011200,0.0072159037912949,0.0142955095777297,403.8500015258789,388.27960021972655,0.067452425999603
2026-01-12,422.2300109863281,425.739990234375,421.5199890136719,421.5199890136719,20904100,0.0185496167367822,0.0146170956333629,405.29950256347655,389.4642004394531,0.0841304810811972
2026-01-13,421.6300048828125,426.1199951171875,420.0700073242187,424.5899963378906,16681200,-0.0014220515093612,0.0146499058587493,406.6090026855469,390.4942004394531,0.0797343581756651
2026-01-14,425.94000244140625,426.8599853515625,422.8399963378906,426.0299987792969,18305500,0.0101703332395237,0.0147196769598391,408.1160034179687,391.6506005859375,0.087551000315509
2026-01-15,423.3299865722656,425.05999755859375,422.7900085449219,423.0199890136719,14253200,-0.0061465119926862,0.0148663935210929,409.48800201416014,392.74160034179687,0.0778842531675996
2026-01-16,421.2900085449219,424.7999877929687,417.0400085449219,422.7999877929687,20951600,-0.0048305320875177,0.0149210468615647,410.58800201416017,393.92100036621093,0.0694784186506106
2026-01-20,437.2300109863281,438.1400146484375,434.1000061035156,436.69000244140625,21308100,0.0371379446256479,0.016735392822004,412.5210021972656,395.335400390625,0.1059723226260731
2026-01-21,443.6000061035156,448.0,437.1099853515625,446.8699951171875,38830200,0.0144638716786628,0.0168538258586212,414.7500030517578,396.88600036621096,0.1177013190039486
2026-01-22,451.7900085449219,452.9800109863281,443.55999755859375,443.8399963378906,19251200,0.0182942197796942,0.0166351549357091,416.9280029296875,398.5556005859375,0.1335683349593424
2026-01-23,458.0,458.75,453.4500122070313,454.1099853515625,21531900,0.0136516950992266,0.0166479644349635,419.1460021972656,400.1480004882813,0.1445765052958524
2026-01-26,464.7000122070313,469.2799987792969,460.3599853515625,466.7799987792969,34156000,0.0145228782453749,0.0166261057178025,421.7845031738281,401.84460083007815,0.1564172101531653
2026-01-27,476.1000061035156,476.489990234375,463.9500122070313,465.0700073242187,28386200,0.0242358666607314,0.017082698972098,424.7525039672852,403.64680114746096,0.1794965419026966
2026-01-28,494.55999755859375,495.8800048828125,481.25,483.3900146484375,44154600,0.0380405444269928,0.0137096463234181,429.5505035400391,405.88060119628904,0.218486412262453
2026-01-29,495.8999938964844,509.7000122070313,468.510009765625,509.510009765625,69970900,0.0027058077398472,0.0136402114815101,434.40100250244143,408.2794012451172,0.2146093885318567
2026-01-30,444.9500122070313,470.05999755859375,430.7999877929687,466.25,86593500,-0.1084123374496471,0.0298641801739389,436.83300323486327,409.74540161132813,0.0859182566961353
2026-02-02,427.1300048828125,440.7799987792969,422.5499877929687,434.010009765625,41626200,-0.0408735157638602,0.0316370202600002,438.27550354003904,410.8010015869141,0.0397491808267747
2026-02-03,454.2900085449219,459.0,448.30999755859375,452.6300048828125,28703500,0.0616473514724485,0.033895976143816,440.55200347900393,412.3876019287109,0.1016092783105894
2026-02-04,453.9700012207031,463.1000061035156,445.7099914550781,462.4700012207031,24427900,-0.0007046601942605,0.0338954185087003,442.59150390625,413.9700018310547,0.0966253574237798
2026-02-05,441.8800048828125,450.8999938964844,440.3500061035156,444.2900085449219,17718100,-0.0269927561976506,0.0344994288397606,444.22400360107423,415.3222021484375,0.0639450590336684
2026-02-06,455.4599914550781,456.9299926757813,450.0299987792969,450.7300109863281,12663900,0.0302695154414894,0.0350031418303114,446.42250366210936,416.82740173339846,0.0926824617600091
2026-02-09,467.0299987792969,467.55999755859375,460.8500061035156,461.3900146484375,12330900,0.0250856143248933,0.035287549826261,449.0505035400391,418.56640197753904,0.1157847275194306
2026-02-10,462.3999938964844,466.75,459.5199890136719,465.9599914550781,7861600,-0.0099631886620211,0.0353285055337935,451.0590026855469,420.152001953125,0.1005540655452424
2026-02-11,467.6300048828125,468.6099853515625,462.8200073242187,466.0,11209600,0.0112470912224942,0.0353294829551011,453.3590026855469,421.747001953125,0.1087927186611919
2026-02-12,451.3900146484375,466.3800048828125,448.05999755859375,464.8999938964844,20488800,-0.0353456520919691,0.0364394838485973,454.6315032958984,422.97980224609375,0.0671668298379278
2026-02-13,462.6199951171875,463.8399963378906,456.25,459.7300109863281,12359300,0.0245742289144127,0.0366846634874554,456.5960037231445,424.48740234375,0.0898320952822004
2026-02-17,448.2000122070313,451.3699951171875,445.5299987792969,450.260009765625,10976100,-0.0316663836009557,0.0375227108172981,457.94150390625,425.7138024902344,0.0528200156660711
2026-02-18,458.2799987792969,460.510009765625,455.3200073242187,455.80999755859375,10226300,0.0222407597592578,0.0369549451599087,458.9940032958984,427.13680236816407,0.0729115267953179
2026-02-19,459.55999755859375,461.510009765625,456.0299987792969,457.3399963378906,8411400,0.0027891563109147,0.0368455867138053,459.79200286865233,428.5992022705078,0.0722371743206027
2026-02-20,468.6199951171875,468.6199951171875,458.3399963378906,463.25,14316300,0.0195226903950525,0.0368755997418899,460.6335021972656,430.26320190429686,0.0891472778595235
2026-02-23,481.2799987792969,481.4599914550781,474.6099853515625,474.6499938964844,17441600,0.0266570237173222,0.0372082276334182,461.7975021362305,432.14080200195315,0.1137110787727043
2026-02-24,474.6099853515625,475.44000244140625,469.5499877929687,470.0899963378906,14147100,-0.0139558354944712,0.0372679408757505,462.29300079345705,433.852001953125,0.0939444400739244
2026-02-25,473.4200134277344,479.5299987792969,472.8999938964844,475.739990234375,12954300,-0.0025104111690772,0.0368701018991523,462.159001159668,435.4556024169922,0.087183195715065
2026-02-26,477.4800109863281,477.8299865722656,442.0400085449219,474.9500122070313,12375000,0.008539325114314,0.0358317350608402,461.3050018310547,437.0964025878906,0.0923906217469205
2026-02-27,483.75,483.8999938964844,479.1099853515625,480.75,16795100,0.0130459471081734,0.0359738373970219,460.69750213623047,438.8554028320313,0.1022992923825341
2026-03-02,490.0,492.1499938964844,483.2799987792969,490.1000061035156,19916600,0.0128371467606806,0.0257165521509611,462.9500015258789,440.7376025390625,0.1117726220253044
2026-03-03,468.1400146484375,473.2000122070313,458.9299926757813,472.8299865722656,22591500,-0.0456379633321948,0.0261800189167423,465.00050201416013,442.1146026611328,0.0588657597615076
2026-03-04,471.7999877929687,476.4200134277344,469.3900146484375,474.8200073242187,9985900,0.007787713327779,0.0225148649128761,465.8760009765625,443.57920227050784,0.063620623730801
2026-03-05,466.1300048828125,470.6700134277344,463.9100036621094,470.4500122070313,11674800,-0.0120905654471962,0.0227269000718374,466.484001159668,444.9214025878906,0.0476681997574443
2026-03-06,473.510009765625,475.4599914550781,467.0700073242187,469.0400085449219,10489800,0.0157084766981486,0.0219183067216194,468.0655014038086,446.22700256347656,0.0611415424109557
2026-03-09,472.5299987792969,472.6799926757813,464.7900085449219,468.0899963378906,8829800,-0.0020718179527898,0.0210102391042837,468.9190017700195,447.40480224609377,0.0561576371265301
2026-03-10,477.8599853515625,481.30999755859375,474.2099914550781,479.739990234375,9616800,0.0112165375097201,0.0204232928013696,469.4605010986328,448.72340209960936,0.0649321678245907
2026-03-11,476.239990234375,477.4500122070313,473.1300048828125,476.1300048828125,7522900,-0.0033958635686846,0.0202876187831878,470.15250091552736,449.91340209960936,0.0585147897615573
2026-03-12,466.8800048828125,475.0199890136719,466.6000061035156,475.0199890136719,11900600,-0.0198496325466451,0.0206869292684898,470.11500091552733,451.2790020751953,0.0345706375343775
2026-03-13,460.8399963378906,470.1000061035156,460.2200012207031,469.30999755859375,11741600,-0.0130213725695528,0.019235298516618,470.5875,452.5180017089844,0.018390416729229
2026-03-16,460.4299926757813,462.7999877929687,456.9100036621094,461.2699890136719,8964100,-0.0008900836759417,0.0184207768128523,470.4779998779297,453.80040161132814,0.014609046269931
2026-03-17,459.2699890136719,462.2099914550781,456.8699951171875,460.510009765625,7610100,-0.0025225710564997,0.0168930692067095,471.0314987182618,455.02020141601565,0.0093397778481723
2026-03-18,444.739990234375,450.05999755859375,444.3900146484375,446.6600036621094,18375600,-0.0321484286975835,0.0176900256914391,470.3544982910156,455.73980102539065,-0.0241361644654837
2026-03-19,426.4100036621094,428.2699890136719,416.7999877929687,420.3599853515625,30206000,-0.0420884864707606,0.0198337483610097,468.6969985961914,456.0044012451172,-0.0648993683003947
2026-03-20,413.3800048828125,428.5899963378906,411.2300109863281,428.0899963378906,27204900,-0.0310340547268587,0.0199338942902232,465.9349990844727,456.0874011230469,-0.0936386230688982
2026-03-23,404.0400085449219,414.5400085449219,399.6400146484375,405.1199951171875,36796800,-0.0228533744859261,0.0186631846571682,462.07299957275393,455.9384014892578,-0.1138276415735485
2026-03-24,404.1300048828125,407.2900085449219,399.2000122070313,400.239990234375,17478500,0.000222716351182,0.0187240914386871,458.5490005493164,455.7316015625,-0.1132280414673212
2026-03-25,416.2900085449219,420.6600036621094,412.25,419.7099914550781,15713200,0.0296455328393158,0.0205183155236972,455.69250030517577,455.61280151367185,-0.0863074804704977
2026-03-26,400.6400146484375,411.3699951171875,400.260009765625,408.5299987792969,15756300,-0.0383188482659118,0.021376393593899,451.8505004882812,455.1930017089843,-0.1198458387007976
2026-03-27,414.7000122070313,418.3999938964844,405.4100036621094,406.2000122070313,16580700,0.0344920916538754,0.0230044120989186,448.3980010986328,454.9682019042969,-0.0885077012607048
2026-03-30,414.5799865722656,420.1000061035156,412.6600036621094,419.5400085449219,13172100,-0.0002894695055481,0.0225707843789093,444.6270004272461,454.7932019042969,-0.0884208804433568
2026-03-31,430.2900085449219,430.5700073242187,419.5899963378906,420.0799865722656,14534300,0.0371934926501502,0.0229659771817961,442.7345001220703,454.9732019042969,-0.0542519718877137
2026-04-01,437.8200073242187,440.19000244140625,433.760009765625,435.0,14133100,0.0173484639016693,0.023325659191007,441.0355010986328,454.98500183105466,-0.0377265062315387
2026-04-02,429.4100036621094,431.6700134277344,421.1700134277344,422.2900085449219,10838600,-0.0193957017234031,0.0235197347022069,439.19950103759766,454.7012017822266,-0.0556215774688673
2026-04-06,427.6499938964844,431.489990234375,426.7099914550781,428.8699951171875,5417300,-0.004107092256447,0.0230540190928637,436.9065002441406,454.2184014892578,-0.0584925830958475
2026-04-07,431.80999755859375,433.4299926757813,423.1000061035156,427.8999938964844,7263500,0.0096805812739327,0.0232837222411142,434.8705001831055,453.69460144042966,-0.0482364211792574
2026-04-08,434.5299987792969,440.44000244140625,431.30999755859375,439.9800109863281,9689700,0.0062793133633793,0.0231339473576428,432.70400085449216,453.091201171875,-0.0409657092094736
2026-04-09,437.9100036621094,440.9100036621094,435.8699951171875,436.4700012207031,6748500,0.0077484337814141,0.0233019505710503,430.7875015258789,452.32740112304685,-0.0318738096015003
2026-04-10,437.1300048828125,440.3500061035156,436.0,438.5899963378906,6193300,-0.0017827733092611,0.0230115339435447,429.3000015258789,451.1788012695313,-0.0311379797702997
2026-04-13,435.3599853515625,436.2200012207031,431.6300048828125,434.7799987792969,5549400,-0.0040574034758216,0.0228990831475972,428.0260009765625,449.9680010986328,-0.0324645657277933
2026-04-14,445.0899963378906,445.1799926757813,439.0199890136719,439.3200073242187,8731700,0.022103259292038,0.0235697174814238,427.25900115966795,449.97080078125,-0.0108469359231425
2026-04-15,440.4599914550781,443.739990234375,439.6000061035156,442.8800048828125,6455900,-0.0104568847295005,0.0236510271128001,426.3185012817383,450.2374005126954,-0.0217161191995233
2026-04-16,440.0799865722656,442.9800109863281,438.1799926757813,442.1499938964844,5350100,-0.0008631178955779,0.0225682199110654,426.0855010986328,449.9532000732422,-0.0219427564897181
2026-04-17,445.9299926757813,448.7000122070313,445.3200073242187,445.6499938964844,9712000,0.0132054745496078,0.0205009397932268,427.0615005493164,449.79239990234373,-0.0085870886822476
2026-04-20,442.0899963378906,443.4200134277344,440.0499877929687,443.1300048828125,8473000,-0.008648499628928,0.0191557484558981,428.4970001220703,449.7965997314453,-0.017133529684653
2026-04-21,429.5700073242187,440.25,428.7099914550781,438.5499877929687,9480000,-0.0287287475717103,0.0196183324372288,429.7735000610352,449.27880004882815,-0.0438676223371044
2026-04-22,435.260009765625,437.1700134277344,433.7799987792969,436.2699890136719,5178100,0.0131588507180819,0.0197326582065862,431.33000030517576,448.6434002685547,-0.029830797677885
2026-04-23,431.0400085449219,435.2900085449219,428.2200012207031,433.9599914550781,4976400,-0.0097426630762592,0.0189583426663862,432.06750030517577,448.0162005615234,-0.0378919155051186
2026-04-24,433.25,435.2799987792969,430.6499938964844,431.3399963378906,5924100,0.0051140155497514,0.0164496470464374,433.69799957275393,447.3286004638672,-0.0314726142018821
2026-04-27,429.8900146484375,431.7999877929687,428.5199890136719,431.6600036621094,6105200,-0.0077855325127164,0.0149624027039342,434.4574996948242,446.8986004638672,-0.0380591610664595
2026-04-28,421.9100036621094,422.5199890136719,418.3999938964844,420.7200012207031,7723400,-0.0187373662546426,0.0156507099524705,434.8240005493164,446.0844006347656,-0.0541924284692689
2026-04-29,417.4100036621094,419.1700134277344,414.1600036621094,416.739990234375,6452600,-0.0107230688646178,0.0132878203884796,434.1800003051758,445.4686004638672,-0.0629866993375971
2026-04-30,423.6600036621094,425.4599914550781,422.739990234375,425.3399963378906,6732800,0.0148622944365537,0.0131124914409829,433.4720001220703,444.7762005615234,-0.0474760045001399
2026-05-01,423.1799926757813,427.9299926757813,421.0799865722656,421.4100036621094,5911500,-0.0011336522597224,0.0124293105725367,433.1604995727539,444.0486004638672,-0.046996224661638
2026-05-04,414.7099914550781,420.8599853515625,413.2799987792969,418.8399963378906,7285700,-0.020218142966322,0.0131602444449966,432.5134994506836,442.970400390625,-0.0637975108734714
2026-05-05,418.2699890136719,421.1600036621094,417.9100036621094,420.1499938964844,4279900,0.0085476705738079,0.0131117716251299,431.8364990234375,441.7102001953125,-0.0530669456382849
2026-05-06,430.9599914550781,433.19000244140625,429.6000061035156,430.1499938964844,7013900,0.0298881277965776,0.0148105019377663,431.6579986572266,440.8372003173829,-0.0224055702540383
2026-05-07,431.6799926757813,437.4200134277344,430.25,435.6099853515625,6816200,0.0016692975079798,0.014696139481926,431.3464981079102,440.00239990234377,-0.0189144587129742
2026-05-08,433.7699890136719,436.2000122070313,431.7000122070313,434.0499877929687,5380800,0.0048298583279887,0.0147451898533377,431.1784973144531,439.1281994628906,-0.0122019274912713
2026-05-11,434.6499938964844,436.0400085449219,432.2099914550781,434.1799926757813,5569100,0.0020266811021026,0.0147282052741693,431.1429977416992,438.1461993408203,-0.007979540732285
2026-05-12,432.9299926757813,432.9800109863281,425.8500061035156,430.7000122070313,6660900,-0.0039650602843981,0.0137848422068898,430.5349975585938,437.00479919433593,-0.0093243976406367
2026-05-13,430.5,432.489990234375,428.75,430.5199890136719,4180300,-0.0056287113305207,0.0136593139109582,430.03699798583983,436.2519989013672,-0.0131850373542188
2026-05-14,427.2099914550781,431.5400085449219,427.1000061035156,430.2999877929687,4021400,-0.0076716482577585,0.0137365800818153,429.3934982299805,435.3601989746094,-0.018720607760487
2026-05-15,417.2900085449219,419.25,414.1199951171875,417.6400146484375,9360400,-0.0234942313978381,0.0141169964730839,427.9614990234375,434.3833990478516,-0.0393509294793439
2026-05-18,418.4299926757813,420.9299926757813,416.05999755859375,419.8200073242187,5628300,0.002728150184872,0.0141201532926455,426.778498840332,433.2817987060547,-0.0342774750165517
2026-05-19,411.5,414.4700012207031,409.8800048828125,412.4500122070313,5419400,-0.0167005742799365,0.0131803080110936,425.874998474121,432.06119873046873,-0.0475886258494953
2026-05-20,417.3999938964844,417.989990234375,410.0799865722656,412.1400146484375,6005000,0.0142359599032742,0.0132481736828856,424.9819976806641,430.8519989013672,-0.0312218697816981
2026-05-21,416.989990234375,418.4200134277344,411.9500122070313,413.1400146484375,4679900,-0.0009827627438162,0.0131262699864767,424.27949676513674,429.6669989013672,-0.0295042642311524
2026-05-22,413.8200073242187,415.6799926757813,412.0,415.1700134277344,5528400,-0.007631102906283,0.013089576659541,423.3079971313476,428.6057989501953,-0.0344974138525241
2026-05-26,414.0,415.9800109863281,411.5,415.1600036621094,5098400,0.0004348594550149,0.0130370271538993,422.5134963989258,427.6689990234375,-0.0319616316699363
2026-05-27,408.489990234375,409.25,404.2999877929687,404.3399963378906,6624600,-0.0133985635356978,0.0127246811381206,421.8424957275391,426.63019897460936,-0.0425197484468603
2026-05-28,412.7699890136719,414.510009765625,405.4100036621094,406.4800109863281,7184100,0.0104231002021168,0.0128064245120759,421.6104949951171,425.70019897460935,-0.0303739814829372
2026-05-29,417.1199951171875,421.8200073242187,415.0799865722656,415.6199951171875,7705700,0.0104834279874444,0.0125640391502141,421.2834945678711,425.1477990722656,-0.0188823838970728
2026-06-01,411.260009765625,412.6099853515625,408.239990234375,409.8599853515625,6158900,-0.0141482968401824,0.0129155542862756,420.68749542236327,424.844799194336,-0.0319758873227889
2026-06-02,411.9500122070313,414.3999938964844,411.1000061035156,414.0799865722656,3823900,0.0016763707549161,0.0121439711175495,420.54949645996095,424.81619934082033,-0.0302864795498694
2026-06-03,407.8699951171875,409.3800048828125,406.2300109863281,408.3800048828125,5038000,-0.009953528184734,0.0121364737574194,420.02949676513674,424.8927990722656,-0.0400637619471232
2026-06-04,411.2699890136719,414.3699951171875,409.010009765625,413.3699951171875,4646500,0.008301422193564,0.0099909107147869,419.0449966430664,425.0355987548828,-0.03238695719026
2026-06-05,396.239990234375,404.7200012207031,395.9200134277344,404.3800048828125,11473900,-0.0372298427684921,0.0126121326813874,417.2729965209961,424.63459838867186,-0.0668683340030315
2026-06-08,397.2699890136719,398.9800109863281,396.0299987792969,397.5199890136719,8057300,0.00259605899033,0.0125368482018362,415.44799652099607,424.56719787597655,-0.0642942012450963
2026-06-09,390.7799987792969,400.4800109863281,388.75,397.5700073242187,9567300,-0.016471383961975,0.0127191815250304,413.2544967651367,424.0887976074219,-0.0785420388749785
2026-06-10,374.5799865722656,384.2099914550781,374.5499877929687,380.75,13956200,-0.0423393762083383,0.0151635937314736,410.3369964599609,423.2887976074219,-0.1150722894403908
2026-06-11,386.3200073242187,387.2099914550781,371.8800048828125,373.9599914550781,12622500,0.0308606980699624,0.0173980383060968,408.12799682617185,422.40939758300783,-0.0854369965850421
2026-06-12,386.5400085449219,388.7699890136719,383.3500061035156,385.7300109863281,7532600,0.0005693171392701,0.0174392954273183,406.09449768066406,421.38379760742185,-0.0826889625570318
2026-06-15,396.5499877929687,401.0,396.1499938964844,399.489990234375,10477100,0.0255667280827467,0.0181377602111214,405.0574966430664,420.7265972900391,-0.0574639436935896
2026-06-16,397.6300048828125,398.9599914550781,395.8200073242187,397.8299865722656,6004000,0.0027198311858468,0.0181376329174686,404.0174972534179,420.1261975097656,-0.053546274334464
2026-06-17,388.6000061035156,402.0400085449219,387.0799865722656,397.8200073242187,13343000,-0.022971384282331,0.018446703598757,402.8724975585937,419.2619976806641,-0.0731332478182354
2026-06-18,387.1199951171875,392.5,385.6000061035156,391.239990234375,7627300,-0.0038158427778742,0.0180023090136395,401.3584976196289,418.31379760742186,-0.0745703408987457
2026-06-22,384.5899963378906,386.4100036621094,382.6400146484375,384.25,7835100,-0.0065568876173955,0.0180001081734073,399.7384979248046,417.2473974609375,-0.0782686754232044
2026-06-23,377.3200073242187,380.3500061035156,377.1700134277344,377.7200012207031,7389600,-0.0190841690616802,0.0182999132858323,397.9134979248047,416.0511975097656,-0.0930923655967553
2026-06-24,365.9200134277344,370.8999938964844,363.3200073242187,364.80999755859375,12741700,-0.0306788862225216,0.0191505874162436,395.5094985961914,414.6623980712891,-0.1175471537093047
2026-06-25,369.4599914550781,371.0400085449219,366.7999877929687,368.989990234375,9137100,0.0096276900320629,0.019384037574972,393.55799865722656,413.1497979736328,-0.105748100889409
2026-06-26,373.6300048828125,375.8500061035156,371.1799926757813,372.2699890136719,5603300,0.0112235589829235,0.019418400344335,391.6009994506836,411.8131982421875,-0.0927196931093001
2026-06-29,368.5799865722656,371.19000244140625,366.9700012207031,370.5799865722656,5006300,-0.0136082680123765,0.0191540308637597,389.1739990234375,410.3831982421875,-0.1018638478597063
2026-06-30,368.3800048828125,372.8299865722656,368.260009765625,369.2200012207031,5302100,-0.0005427206271181,0.0190978763370727,387.0299987792969,408.83219848632814,-0.0989457135550648
2026-07-01,370.6000061035156,377.7799987792969,370.2099914550781,371.2099914550781,9058300,0.0060083029747585,0.0192078644896568,384.96249847412105,407.40239868164065,-0.0903342560014816
2026-07-02,378.1300048828125,380.2699890136719,376.2900085449219,377.44000244140625,7592900,0.0201147344306885,0.0199845756615001,383.4754989624023,406.3735986328125,-0.0695015469632418
2026-07-06,382.1300048828125,382.4299926757813,378.8299865722656,380.2099914550781,3906500,0.0105228128756334,0.0200613132757631,382.01849975585935,405.3109985351563,-0.0571931029163351
2026-07-07,377.489990234375,383.6000061035156,375.5199890136719,382.3900146484375,4815400,-0.0122168252247673,0.0185846496177778,381.08099975585935,404.2399981689453,-0.0661735801893374
2026-07-08,374.4500122070313,375.4700012207031,368.9500122070313,373.1700134277344,7728500,-0.008085737106823,0.0185862828933253,379.9400009155273,403.0639984130859,-0.0709911734084699
2026-07-09,378.1799926757813,379.6499938964844,377.4100036621094,378.510009765625,4754600,0.0099119380907838,0.0185128153553719,379.3100006103515,402.0297979736328,-0.0593234765633359
2026-07-10,377.010009765625,377.5499877929687,373.7000122070313,375.0,5455400,-0.0030985151880659,0.0158618343291348,379.4315017700195,401.1317980957031,-0.0601343210500681
2026-07-13,367.1300048828125,372.8900146484375,365.7699890136719,372.7699890136719,7161700,-0.0265557161325313,0.0152271860951929,378.4720016479493,400.1261981201172,-0.0824644659418158
2026-07-14,372.1499938964844,376.2799987792969,370.9200134277344,374.5299987792969,6303400,0.0135809603397739,0.0156397340166665,377.7525009155273,399.0959979248047,-0.0675176001975277
2026-07-15,372.3500061035156,374.489990234375,369.5,372.1099853515625,7683700,0.0005373061432992,0.0142676930359066,376.54250183105466,398.0793981933594,-0.0646338198023154
2026-07-16,364.9599914550781,368.4299926757813,364.0499877929687,367.4500122070313,9048000,-0.0200465534257651,0.0146771764843117,374.909001159668,397.0843981933594,-0.0809007024311198
2026-07-17,368.4100036621094,369.2099914550781,363.6000061035156,364.1099853515625,6456600,0.0094087232385433,0.0142883739226964,373.8995010375976,396.08719848632813,-0.0698765194381158
2026-07-20,367.6000061035156,368.7900085449219,366.7999877929687,367.7900085449219,3922500,-0.0022010512760906,0.0142861068406375,372.9235015869141,394.8199987792969,-0.0689427910438679
2026-07-21,374.80999755859375,375.010009765625,371.0700073242187,371.7000122070313,6070600,0.0194238173058798,0.0150660450098422,372.4345016479492,393.68259887695314,-0.0479386220579642
2026-07-22,379.1199951171875,382.2200012207031,378.8299865722656,379.0700073242187,7115100,0.0114335403889007,0.0147099888736988,372.5245010375976,392.58959899902345,-0.0343096299957489
2026-07-23,371.5199890136719,373.0899963378906,370.5299987792969,372.3599853515625,9820600,-0.0202500958417707,0.0137070148026756,372.8044998168945,391.3269989013672,-0.0506149842543514
2026-07-24,371.8999938964844,374.489990234375,371.0299987792969,371.260009765625,3852400,0.0010223155810828,0.0135481260888967,372.92649993896487,390.10639892578126,-0.0466703573164425
2026-07-27,374.6300048828125,375.5299987792969,372.9100036621094,373.8900146484375,3700000,0.0073139007421552,0.0134101627401569,372.9764999389648,388.9889990234375,-0.0369136252610573
2026-07-28,369.3699951171875,371.2300109863281,367.9800109863281,369.6099853515625,4819300,-0.0141400467910403,0.0134393389418233,373.01600036621096,387.8321990966797,-0.0476035873826192
2026-07-29,371.0799865722656,377.6199951171875,366.5299987792969,368.2900085449219,11839900,0.0046187981290914,0.0134757137326444,373.1509994506836,386.9079986572266,-0.04090898130794
2026-07-30,377.1600036621094,377.8599853515625,373.760009765625,374.1600036621094,5968400,0.0162518737076547,0.0138897899444955,373.47899932861327,386.0825988769531,-0.0231105862859346
2026-07-31,371.5400085449219,372.010009765625,368.8200073242187,370.8399963378906,6825900,-0.0150129573452565,0.0135458739496603,373.1494995117188,385.2833990478515,-0.0356708608180202
2026-08-03,371.7099914550781,372.0400085449219,368.6400146484375,370.1000061035156,4968900,0.0004574044079915,0.0132844206655641,372.628498840332,384.3695989990234,-0.0329360271387578
2026-08-04,374.1600036621094,376.69000244140625,373.7099914550781,374.1400146484375,5723100,0.006569565835271,0.0131414197618133,372.4619995117188,383.51299926757815,-0.0243876886137649
2026-08-05,389.7049865722656,391.510009765625,384.3200073242187,384.9599914550781,13383922,0.0407064849833687,0.0158895506427209,373.2247482299805,383.03069885253905,0.0174249420208902
