Date,Close,High,Low,Open,Volume,Retorno_Log,Volatilidad_20,SMA_20,SMA_50,Distancia_SMA50
2015-03-16,172.28977966308594,172.380641590183,170.0430234693745,170.74513950639326,136099200,0.0132721330615282,0.0072505767908337,173.000154876709,170.15883819580077,0.0125232488061131
2015-03-17,171.77760314941406,172.15756192548417,170.96810164500624,171.55457619583612,94510400,-0.0029771894551481,0.0072605437230977,172.9113555908203,170.20063323974608,0.0092653586514372
2015-03-18,173.84268188476562,174.51175032254008,170.67078274412282,171.30681621137117,228808500,0.0119501279300326,0.0077783696955364,172.92498550415038,170.34502014160157,0.0205328088854994
2015-03-19,173.0497283935547,173.85096203452886,172.6615012642596,173.4296999300412,117917300,-0.0045717625917607,0.0078465884442285,172.9051628112793,170.50493621826172,0.0149250352027075
2015-03-20,174.5771942138672,175.0833117613719,173.81387167111257,173.99640669875154,177715100,0.0087880169882231,0.0079851673817471,172.90967407226563,170.65426513671875,0.022987582959064
2015-03-23,174.237060546875,175.15802837331734,174.237060546875,174.58553314874214,71784500,-0.0019502286397705,0.0079973952348967,172.8984176635742,170.73748504638672,0.0204968200131183
2015-03-24,173.2580108642578,174.56892610753695,173.1916333255744,174.11260110194763,77805300,-0.0056349131469724,0.008059743915295,172.81342697143555,170.82838317871094,0.0142226229642713
2015-03-25,170.7190704345703,173.69770310854292,170.67759556201722,173.46538811728843,159521700,-0.014762533188036,0.0086699090685642,172.60892333984376,170.89493255615236,-0.0010290657478931
2015-03-26,170.3125762939453,171.2252389858429,169.3584133966899,170.05537123840853,153067200,-0.0023839097458207,0.0086740606594069,172.39441986083983,170.96277069091798,-0.0038031344154344
2015-03-27,170.70248413085938,170.87671404274337,170.00552650267113,170.19636661978635,118939000,0.0022867494845413,0.0086926668914181,172.229150390625,171.0585610961914,-0.0020816085617123
2015-03-30,172.7850341796875,173.08372670196508,171.71472669332005,171.73131157884472,96180400,0.012126062556395,0.0090396858632957,172.11307830810546,171.2263998413086,0.0091027688476977
2015-03-31,171.27500915527344,172.66061965410185,171.21693672358907,171.9636618523457,126768700,-0.0087777395202403,0.0091921728518611,171.95743637084962,171.32092010498047,-0.0002679821569887
2015-04-01,170.66929626464844,171.26668130825644,169.6819511881236,171.2417913197909,137303600,-0.003542761289235,0.0091804557435181,171.80826568603516,171.39622283935546,-0.004241205335011
2015-04-02,171.28330993652344,171.73134247042432,170.4204146457377,170.60294970108774,86900900,0.0035912247524702,0.0092254017780477,171.68029708862304,171.46695526123048,-0.001071024585625
2015-04-06,172.4365692138672,172.95097921240085,170.26275905467685,170.3955014457633,114368200,0.0067104853397223,0.0087978274982818,171.73224029541015,171.51086181640625,0.0053973689342886
2015-04-07,171.98023986816406,173.20819250095542,171.94705743385904,172.461467457011,81236300,-0.0026498684192595,0.0087730077894219,171.72584915161133,171.56430847167968,0.0024243468830408
2015-04-08,172.56105041503906,173.00079052443866,171.8143252715886,172.20428539278765,89351900,0.0033715035813096,0.0079081611511128,171.888094329834,171.6214419555664,0.0054748896685993
2015-04-09,173.3243408203125,173.55665582878575,171.90556078000932,172.3950807864195,85548900,0.0044135523711268,0.0079043998979025,172.10832901000975,171.73861083984374,0.0092333923787676
2015-04-10,174.2701873779297,174.3116749111512,173.37412249347702,173.57324239659198,72722900,0.0054422542094439,0.0075150351143926,172.26847305297852,171.91764892578124,0.0136841008869547
2015-04-13,173.48199462890625,174.7597399003102,173.4322146474628,174.12915970810909,74436600,-0.0045330792415228,0.0074431727398591,172.44166107177733,172.05036102294923,0.0083210148321982
2015-04-14,173.8138885498047,173.99642359516923,172.6606058505757,173.28288096153133,75099900,0.0019113040954993,0.0068693767272093,172.5178665161133,172.23167205810546,0.0091865594335369
2015-04-15,174.59378051757812,175.09989806919253,174.19552802686758,174.27850309836572,99529300,0.0044769007091708,0.0068764057616702,172.65867538452147,172.38777709960937,0.0127967507620571
2015-04-16,174.5440216064453,175.05013921914878,174.0627939861519,174.2619265856519,68934900,-0.0002850388079835,0.0063581732286466,172.69374237060546,172.49464752197267,0.0118807981228031
2015-04-17,172.5361785888672,173.59819398304518,171.75625826434415,173.35758646133294,191113200,-0.011570037212443,0.0068111154654695,172.6680648803711,172.57424713134765,-0.0002205922558739
2015-04-20,174.1126251220703,174.444500201051,173.37419231014897,173.45715474978277,92189500,0.0090954152107115,0.0068326559328134,172.64483642578125,172.65134460449218,0.0084637656366106
2015-04-21,173.90513610839844,174.95055361711223,173.60644358302048,174.7929085814658,72559800,-0.0011924048791231,0.0068241452584693,172.62824020385742,172.73370849609375,0.0067816966503163
2015-04-22,174.75970458984375,174.94223959173425,173.3243145604123,174.24528201169025,78264600,0.0049019579430439,0.006780564640543,172.7033248901367,172.84836212158203,0.0110579148381937
2015-04-23,175.19947814941406,175.8466432219657,174.24531542741792,174.36147293633184,102585900,0.0025132861930798,0.0057678670095435,172.9273452758789,172.93579620361328,0.0130897246000795
2015-04-24,175.60606384277344,175.87157401630265,175.15803125022026,175.6143689483349,61327400,0.0023180128404208,0.0057054983980719,173.1920196533203,173.02938079833984,0.0148915925870221
2015-04-27,174.87591552734375,176.2946957863419,174.685075365081,176.17024581984043,79358100,-0.0041665444427611,0.0058413329711958,173.40069122314452,173.07548614501954,0.0104025672406064
2015-04-28,175.4318084716797,175.48158845695426,173.6811405816105,174.85102087644302,86863500,0.0031737433853833,0.0052763133388966,173.53302993774415,173.11850280761718,0.0133625558594001
2015-04-29,174.7099609375,175.30733337852325,173.90515080555448,174.5440107847622,125684900,-0.0041231787801326,0.0049243908041812,173.70477752685548,173.14163024902345,0.0090580797132432
2015-04-30,172.9593048095703,174.52743764078912,172.2623470377464,174.1374775440112,161304900,-0.0100708983898345,0.0054311316217701,173.81927795410155,173.12941467285157,-0.0009825589926627
2015-05-01,174.83444213867188,174.87592968427109,173.63967172265475,173.7392317039157,103399700,0.0107831467070084,0.0058564133785328,173.996834564209,173.15717987060546,0.0096863570388463
2015-05-04,175.33221435546875,175.91300183759805,175.14967933819705,175.25753173188116,70927200,0.0028430608275007,0.0057211273344928,174.14161682128906,173.17408477783204,0.0124621971030215
2015-05-05,173.3243408203125,175.44838364955402,173.1832933266122,175.09160603354397,113326200,-0.0115179003674619,0.0063177727580705,174.20882186889648,173.15132781982422,0.000999201118852
2015-05-06,172.61077880859375,174.17891126928984,171.54876384368936,173.8719263269991,135060200,-0.0041254153350854,0.0063538178277625,174.21130828857423,173.10438690185546,-0.0028515053956522
2015-05-07,173.29946899414062,173.7226241798103,172.17938137022506,172.5112563713364,88244900,0.0039819062886186,0.0063388039438939,174.21006469726564,173.07419342041015,0.0013016127319643
2015-05-08,175.5811309814453,175.78026356297747,174.884185936411,174.96716101043745,155877300,0.0130800882475083,0.0068904649427349,174.2756118774414,173.09376312255858,0.0143700605614862
2015-05-11,174.74314880371094,175.80516398110535,174.66847882878935,175.53966651686653,75708100,-0.0047840462356537,0.0069000948124266,174.33866958618165,173.10846862792968,0.0094430976643595
2015-05-12,174.2204132080078,174.75972583742453,173.09202063195485,173.91342824033026,119727600,-0.002995934496309,0.0069292964601104,174.3589958190918,173.0907473754883,0.0065264368526234
2015-05-13,174.25364685058594,175.24928460026194,174.02133179766892,174.62700942418684,94667900,0.0001907381150454,0.006853214073283,174.34198913574218,173.0880633544922,0.006734048977754
2015-05-14,176.07064819335938,176.1619157026827,174.99203562687012,175.26583815484017,95934000,0.0103733464213095,0.0072412842738954,174.4183204650879,173.13642211914063,0.0169474801333228
2015-05-15,176.2615509033203,176.40259844881396,175.7803231632827,176.2615509033203,76510100,0.0010836519008584,0.0066671671701522,174.60458908081054,173.1847994995117,0.0177657127686733
2015-05-18,176.80911254882812,177.0580124734228,176.02919235784495,176.0955698911435,74549700,0.0031017138560569,0.0064173811477736,174.73941345214843,173.29302764892577,0.0202898232410457
2015-05-19,176.75103759765625,177.19908280806544,176.46894256012197,176.92528021508664,72114600,-0.0003285152564286,0.0064063864462324,174.88170852661133,173.3858871459961,0.0194084449839138
2015-05-20,176.62652587890625,177.37325075490276,176.31123585293534,176.85053574557546,76857500,-0.0007046951293551,0.0063403074662981,174.97504959106445,173.5320947265625,0.0178320394116126
2015-05-21,177.1409912109375,177.34841625919387,176.319583462163,176.48553362894427,64764600,0.0029084959463401,0.006347421670814,175.07212524414064,173.69652160644532,0.0198303890753582
2015-05-22,176.7178497314453,177.1741747121736,176.65147219637822,176.7593246131695,57433500,-0.0023915846219996,0.0063657525104226,175.12771453857422,173.80953247070312,0.0167327834060678
2015-05-26,174.81781005859375,176.65145286603982,174.4029600049852,176.228297708819,124308600,-0.0108100451414064,0.006772297696518,175.12480926513672,173.9055239868164,0.0052458717288733
2015-05-27,176.47718811035156,176.70950309837983,174.8675680788576,175.27412563801573,93214000,0.0094472759484443,0.0070667319338352,175.1770782470703,173.9892721557617,0.0142992491649863
2015-05-28,176.27810668945312,176.38595910443956,175.5894540174039,176.1702416142466,74974600,-0.0011287226299323,0.0069995537751609,175.25548553466797,174.0792822265625,0.0126311668727406
2015-05-29,175.18292236328125,176.25323018911732,174.91742484828134,176.21175530193312,124919600,-0.0062322009008958,0.0067439318908929,175.3666664123535,174.1060870361328,0.0061849378472618
2015-06-01,175.5396728515625,176.17853287368334,174.75144755376922,175.84665786635355,93338800,0.0020343748374832,0.006321821468915,175.40192794799805,174.15588592529298,0.0079456799230036
2015-06-02,175.36541748046875,176.0540700977669,174.46104739012816,175.0833224787473,91531000,-0.0009931767319342,0.0062955915614421,175.40358810424806,174.171650390625,0.0068539689850008
2015-06-03,175.830078125,176.45235332192888,175.3405580085357,175.8964556652323,87820900,0.0026461667161608,0.0056990115272652,175.52887496948242,174.2035107421875,0.0093371676373373
2015-06-04,174.3448486328125,175.78022595277886,174.02955861123456,175.1247685850004,151882800,-0.0084828369190882,0.0059707198751866,175.61557846069337,174.2252474975586,0.0006864741877067
2015-06-05,174.04617309570312,174.71822807219536,173.39070300390694,174.1955130192715,121704700,-0.0017145999273997,0.0059316120757797,175.65291366577148,174.29178955078126,-0.0014092256193546
2015-06-08,172.97586059570312,174.08766826979198,172.90119063064117,173.93831567945017,89063300,-0.0061685759979771,0.0052576232057164,175.52265014648438,174.3450552368164,-0.0078533609069294
2015-06-09,172.95095825195312,173.49027083493675,172.32039082500262,172.95095825195312,105034700,-0.0001439746353056,0.0051718014412745,175.43304061889648,174.39002471923828,-0.0082519999042491
2015-06-10,175.02523803710938,175.40690566336218,173.65623790120128,173.714310326372,134551300,0.0119221048823043,0.005829217665037,175.47328186035156,174.4348287963867,0.0033846981408273
2015-06-11,175.58946228027344,175.97111729320704,175.23268460099652,175.46499965066585,73876400,0.0032184887268234,0.0058673236335561,175.54007263183593,174.52111785888673,0.0061215767724485
2015-06-12,174.24534606933594,175.46500645752488,173.9715434658424,174.7680612814801,135382400,-0.007684328676849,0.0056336066070093,175.44880752563478,174.59263885498046,-0.0019891605277413
2015-06-15,173.49859619140625,173.78069119959363,172.40338593342784,173.1086361141157,124384200,-0.0042948326917095,0.0056811457154998,175.31065979003907,174.63694458007814,-0.0065183709633095
2015-06-16,174.44442749023438,174.52740255550577,173.17498748493023,173.3492173976957,85308200,0.0054367155780237,0.0057883127735893,175.1924255371094,174.67710174560546,-0.0013320249365594
2015-06-17,174.72654724121094,175.33223745113244,173.7060196267391,174.72654724121094,126708600,0.0016159408014042,0.0058106940152316,175.0912010192871,174.7320278930664,-3.1366040453775804e-05
2015-06-18,176.54356384277344,177.0081938141268,174.7597139184238,175.32390383786228,165867900,0.010345501939297,0.0063023656582766,175.08705291748046,174.8116781616211,0.0099071509373139
2015-06-19,175.75985717773438,176.37682630299184,175.38467857961558,176.30179312772805,130478700,-0.0044490510793012,0.0063368546462896,175.01799621582032,174.86038848876953,0.0051439248004565
2015-06-22,176.66036987304688,177.24398269169183,176.45193581483045,176.6770481598097,70696000,0.0051104595370314,0.0064335224702661,175.0151222229004,174.90819213867186,0.0100176996454564
2015-06-23,176.78533935546875,177.11884131971792,176.39349522039953,176.86871802698082,68476800,0.0007071495529105,0.0059107368192114,175.11349868774414,174.9742590332031,0.0103505528885935
2015-06-24,175.50143432617188,176.89377196974425,175.47642326301445,176.51859330058082,92307300,-0.0072890088965091,0.0057692647432099,175.06471099853516,175.00800994873046,0.0028194388221771
2015-06-25,174.96786499023438,176.12675770364896,174.89283179166455,176.00170237269924,97107400,-0.0030448872367421,0.0057999783914467,174.99919891357422,175.0154916381836,-0.0002721281842162
2015-06-26,174.93450927734375,175.56814411418458,174.38424041488037,175.32635352834328,104174800,-0.0001906572543926,0.0056337030157695,174.98677825927734,175.02330139160156,-0.000507315960514
2015-06-29,171.26600646972656,174.9427844001069,171.19097330097563,173.45873569419442,202621300,-0.0211937299692966,0.0073190296963362,174.77309494018556,174.99789794921875,-0.0213253503226371
2015-06-30,171.6245574951172,172.8501504100554,171.14932187749557,172.80011556467298,182925100,0.0020913445498659,0.0073567362151825,174.58605194091797,174.9481365966797,-0.0189975107264193
2015-07-01,173.000244140625,173.44212326454112,172.2165301557765,173.1919998852783,135979900,0.0079837199536107,0.0075920043042217,174.4445602416992,174.9300387573242,-0.0110318080897264
2015-07-02,172.84181213378906,173.6422043099479,172.4249441241193,173.47545965044043,104373700,-0.0009162102471024,0.0073750189305559,174.36940841674806,174.8916809082031,-0.0117207906274854
2015-07-06,172.34982299804688,173.12519099395382,171.35767560576508,171.55777672815827,117975400,-0.0028505294961342,0.0073897681475046,174.28459091186522,174.83468780517578,-0.0142126533259685
2015-07-07,173.4337615966797,173.55881690458054,170.17385087151584,172.55000349604325,173820200,0.0062694829795314,0.0074100461579239,174.30748596191407,174.7912417602539,-0.0077662939510216
2015-07-08,170.52401733398438,172.3832449894244,170.29057227957043,172.0997778121791,164020100,-0.0169195980184713,0.0083347176801121,174.18613891601564,174.7042037963867,-0.0239272231094921
2015-07-09,170.83253479003906,172.87519856778974,170.72415773962516,172.61672967082305,144113100,0.0018075970016648,0.0078190212377257,173.97650375366212,174.6122183227539,-0.0216461572335588
2015-07-10,172.9835662841797,173.40043434338125,170.87421492236402,172.82515438619453,129456900,0.0125128494749451,0.0083541157643595,173.84620895385743,174.5776904296875,-0.0091313165020352
2015-07-13,174.8927764892578,175.00115350121004,174.2007741926102,174.24246353034553,106069400,0.0109764829582515,0.0085776898820552,173.87858047485352,174.61635986328125,0.0015829938626196
2015-07-14,175.65147399902344,175.95996493406554,174.79272703637704,174.85109465607158,81709600,0.0043286899921284,0.0085573421313284,173.98622436523436,174.63270050048828,0.0058338071599156
2015-07-15,175.59312438964844,176.1517259350618,175.11788880399487,175.69316863008046,97914100,-0.0003322448810852,0.008483224564118,174.04365921020508,174.63791870117188,0.005469635091741
2015-07-16,177.00216674804688,177.00216674804688,176.40187577162789,176.6436536296121,106683300,0.0079924485352946,0.0086523095885039,174.15744018554688,174.71147521972657,0.0131112826186111
2015-07-17,177.1521759033203,177.2105435146903,176.58524167640402,176.99376406880003,89030000,0.0008471400526759,0.0083472490088388,174.18787078857423,174.8023031616211,0.0134430307793286
2015-07-20,177.24388122558594,177.73578226814678,176.92707028928808,177.3772819997103,70446800,0.0005175301613421,0.008276110092284,174.2620719909668,174.88119140625,0.0135102568797544
2015-07-21,176.54354858398438,177.3689515727958,176.2434031991255,177.1104827988299,77965000,-0.0039590641009515,0.0082540459852524,174.25623092651367,174.9004397583008,0.0093945379894655
2015-07-22,176.226806640625,176.56030873500586,175.82661684917207,175.85996069770812,88667900,-0.001795740621537,0.0082612031219789,174.2283042907715,174.93011291503908,0.0074126387045534
2015-07-23,175.23455810546875,176.46015056574527,174.8760578715985,176.36010635569716,90509100,-0.0056464309932091,0.0081944765334459,174.21496047973633,174.9503958129883,0.0016242449247397
2015-07-24,173.41709899902344,175.39304937337204,173.08360966659248,175.33469446500777,117755000,-0.0104257388825208,0.0084958723371382,174.13742218017578,174.93366485595703,-0.0086693768073878
2015-07-27,172.4082489013672,173.04189635575844,171.96636987227896,172.53331692506055,132361100,-0.0058344650884253,0.0085802852467463,174.01110916137696,174.86041687011718,-0.014023573846169
2015-07-28,174.52598571777344,174.66771933333678,172.41663432543018,173.2420249526405,123544800,0.0122084413031349,0.0075793332478592,174.1741081237793,174.82570556640624,-0.0017143923295591
2015-07-29,175.72654724121094,175.95164681042806,174.50928703541234,174.65102063440906,105791300,0.0068554320803067,0.0076913654078678,174.37920761108398,174.8040542602539,0.0052772973994275
2015-07-30,175.7682342529297,175.9349789129583,174.6009961891253,175.21796542521344,91304400,0.000237198468421,0.0075239900763675,174.51760711669922,174.78439819335938,0.0056288551480545
2015-07-31,175.50143432617188,176.29348101036186,175.21796712918638,176.26846994720444,103266900,-0.0015190607213053,0.007532403545997,174.65058822631835,174.7618963623047,0.0042316888249714
2015-08-03,174.90948486328125,175.52645413611395,173.95902625052986,175.46809922643948,113965700,-0.0033786049096316,0.0075466509243523,174.77857131958007,174.71726623535156,0.001100169617299
2015-08-04,174.56764221191406,175.29298843792213,174.08407382064158,174.8344311081119,81820800,-0.0019563097777048,0.0074528382385796,174.8352653503418,174.67426208496093,-0.0006103925774422
2015-08-05,175.14292907714844,176.1767535837583,174.85944916623106,175.45974010894733,85786800,0.0032900771746855,0.0062673409141066,175.0662109375,174.68076446533203,0.0026457670552966
2015-08-06,173.70889282226562,175.43471964877418,173.12526747125386,175.32632990270608,116030800,-0.0082215097783354,0.0066190012212917,175.21002883911132,174.6253985595703,-0.0052484102820359
2015-08-07,173.37542724609375,173.70058383084157,172.47499069099115,173.55051743255973,117858000,-0.0019215254593445,0.0060402897934471,175.22962188720703,174.56734497070312,-0.0068278389913612
2015-08-10,175.55979919433594,175.64316516294912,174.4842726082692,174.4842726082692,80270700,0.0125203780977117,0.0061943313634942,175.26297302246093,174.57488250732422,0.0056418006580665
2015-08-11,173.9756622314453,174.64265347090495,173.2169595375375,174.22578553646764,126081400,-0.009064303820181,0.0064423710238818,175.17918243408204,174.54360229492187,-0.0032538578097919
2015-08-12,174.18411254882812,174.36753547494192,171.2160146125157,172.67505252000194,172123700,0.0011974407004475,0.0064532800108479,175.108731842041,174.51997619628906,-0.0019244997322437
2015-08-13,173.96734619140625,174.7093706772288,173.42541019141387,174.02570109250638,89383300,-0.0012452418623581,0.0061439477387305,174.95699081420898,174.4827215576172,-0.0029537329634141
2015-08-14,174.60096740722656,174.67600058360037,173.6338307279643,173.7755643017148,72786500,0.0036355680594047,0.0062160536305989,174.8294303894043,174.48784393310547,0.0006483172212527
2015-08-17,175.57644653320312,175.57644653320312,173.5504743287551,174.00903163484438,79072600,0.0055713567487926,0.0063700503917804,174.74605865478514,174.51844940185546,0.0060623798513787
2015-08-18,175.06787109375,175.6514837139726,174.83442604566096,175.30131614183904,71692700,-0.0029008072882516,0.0063439074467122,174.67227478027343,174.56028961181642,0.0029077717679223
2015-08-19,173.68385314941406,175.09285600718206,172.87512838151815,174.3258205748909,172946000,-0.0079370228950295,0.0065589996617752,174.54512710571288,174.57494750976562,-0.0051043656209703
2015-08-20,170.05709838867188,173.6588305616013,169.99873077406508,172.17478180084714,194327900,-0.0211024571292934,0.0079352995443323,174.28625411987304,174.47558471679687,-0.025324381834266
2015-08-21,164.93798828125,170.0321155609395,164.67953216633668,168.18955347177467,346588500,-0.0305646788713069,0.0101079341148706,173.86229858398437,174.2625552368164,-0.0535087239074089
2015-08-24,157.99295043945312,164.64615924941685,152.07342055854252,156.31714588799085,507244300,-0.043019160101066,0.0135768788675138,173.14153366088868,173.93750732421876,-0.0916683073711355
2015-08-25,156.13372802734375,162.95368169086757,155.84191536900306,162.9370034104994,369833100,-0.0118375435783176,0.0130877907616008,172.2219207763672,173.5902099609375,-0.1005614425924246
2015-08-26,162.12838745117188,162.40350927054263,157.05092305932166,160.1440907297176,339257000,0.0376756655073365,0.0160962500764437,171.54201278686523,173.34388916015624,-0.0647008773330458
2015-08-27,166.13856506347656,166.2636203663114,162.75359916753715,164.2626591901485,274143900,0.0244336329730643,0.0172980805788538,171.06052932739257,173.17212951660156,-0.0406160302628299
2015-08-28,166.14697265625,166.61386295946747,165.01309075337616,165.49665934508187,160414400,5.060462656873924e-05,0.0173078385111706,170.5928062438965,172.9641976928711,-0.0394140818016356
2015-08-31,164.8045654296875,166.02182537926092,164.2542967104913,165.17141124248494,163298800,-0.0081124541467139,0.0173493686894301,170.0875602722168,172.74509185791015,-0.0459667267117149
2015-09-01,159.88551330566406,162.3867206333518,159.01842097452524,161.01104897004456,256000400,-0.0303023026697195,0.0183884356667636,169.35345382690429,172.4095947265625,-0.072641441102865
2015-09-02,162.9203338623047,162.96202320130396,160.42745896303018,162.26167538279665,160269300,0.0188033147468921,0.0190450355560541,168.7423240661621,172.13229461669923,-0.0535167487013843
2015-09-03,163.03704833984375,165.12138796903685,162.54514724058606,163.62899367032688,152087800,0.0007161333898229,0.0190361644794758,168.208731842041,171.88300689697266,-0.0514649977145862
2015-09-04,160.5692596435547,161.6281082320111,159.75220168926344,160.78603920822766,207081000,-0.0152520916595338,0.0192226074656346,167.56842346191405,171.59503479003905,-0.0642546281130763
2015-09-08,164.6044921875,164.75457128266729,162.72025340947818,163.3622336908571,116025700,0.0248202056614975,0.0199562205447109,167.02065811157226,171.38843444824218,-0.0395822640108826
2015-09-09,162.40342712402344,166.3053181540487,162.03659397647715,166.18026284486265,149347700,-0.0134620489253066,0.0200480025077839,166.44204635620116,171.21118286132813,-0.0514438110297882
2015-09-10,163.2871856689453,164.42939981290357,161.9532031029294,162.21165920366735,158611100,0.0054269953094481,0.0201216856912708,165.89720001220704,171.04443542480467,-0.0453522485931419
2015-09-11,164.02920532226562,164.09590572079074,162.18664338818505,162.89532399093918,119691200,0.004533967408144,0.0201930600062959,165.40029296875,170.8650146484375,-0.0400070742406621
2015-09-14,163.42056274414062,164.25429861131062,162.93699441456607,164.20427649476838,79452000,-0.00371747570721,0.0201338674928308,164.8412727355957,170.67658966064454,-0.0425133108818909
2015-09-15,165.46322631835938,165.90510531161007,163.3788866438561,163.92080987050704,113806200,0.0124219551597183,0.0203500069020706,164.33561172485352,170.53885772705078,-0.0297623162037065
2015-09-16,166.89727783203125,167.08904628489455,165.42157417041264,165.76340900711406,99581600,0.0086295477057543,0.0205146215890345,163.92708206176758,170.4081280517578,-0.0206025983611545
2015-09-17,166.5220947265625,169.1567036506817,166.14691605513212,166.7638853009481,276046600,-0.0022505186842804,0.0204730564059183,163.568994140625,170.32808959960937,-0.0223450804972546
2015-09-18,163.8008575439453,166.5078213622885,163.3902112311698,164.01876403278732,223657500,-0.0164765949606407,0.0202722888333956,163.25618209838868,170.1874560546875,-0.0375268463304952
2015-09-21,164.64732360839844,165.66975777619078,163.5997355626022,164.63055861904252,105726200,0.005154346938433,0.0191542334625881,163.24164886474608,170.02073120117188,-0.0316044258533127
2015-09-22,162.51026916503906,162.97121054142366,161.37886876736252,162.48512807068556,153890900,-0.0130645590198594,0.0166247479553423,163.4675148010254,169.7730810546875,-0.0427795257324036
2015-09-23,162.25048828125,163.14721725645575,161.6722174676966,162.67789972312073,92790600,-0.0015998296175925,0.0163507495566158,163.7733528137207,169.50506134033202,-0.0427985630736789
2015-09-24,161.663818359375,162.1247597604628,159.70273616704816,161.03526539096694,159378800,-0.003622381298718,0.0140425759109684,163.7501243591309,169.22647521972655,-0.0446895608416594
2015-09-25,161.62191772460938,163.42376437043987,160.75031715338602,163.12205844777677,155054800,-0.0002592173444321,0.012798390139135,163.5242919921875,168.9188702392578,-0.0431979713356653
2015-09-28,157.56561279296875,160.8340950566949,157.25553083417196,160.72514181152218,178515900,-0.025417805695896,0.0138708521408136,163.09522399902343,168.52713897705078,-0.0650430918759899
2015-09-29,157.65786743164062,159.01555075995716,156.6605611802042,157.78358571852925,159045600,0.0005853284865714,0.0138269062984622,162.7378890991211,168.1354187011719,-0.0623161458214409
2015-09-30,160.59939575195312,160.7670072335662,158.7640199766395,159.54341912071166,163452000,0.0184857498996522,0.0128825776681503,162.77358322143556,167.81653564453126,-0.043006130861058
2015-10-01,161.01852416992188,161.3202301268568,159.0825829412327,160.9766180782474,131079000,0.002606376257511,0.0121408025019599,162.6784927368164,167.51236999511718,-0.0387663658832156
2015-10-02,163.42369079589844,163.44883187913982,158.4958338736055,159.04058718235376,211003300,0.0148267431054249,0.0126210250263047,162.69782485961915,167.27615264892577,-0.0230305503326153
2015-10-05,166.33184814453125,166.5581307533342,164.5383778401069,164.647331093964,126320800,0.0176387196253707,0.0126556253661393,162.98595428466797,167.13444763183594,-0.0048021188849868
2015-10-06,165.76194763183594,166.7592535071073,165.09987760721134,166.19774784370665,110274500,-0.0034321693412253,0.0114675194197302,163.04382705688477,167.00152160644532,-0.0074225310205888
2015-10-07,167.1196746826172,167.4716628280082,165.5021916464763,166.6922504584011,124307300,0.0081574619253708,0.01111038921514,163.27963943481444,166.85339538574215,0.0015958877927501
2015-10-08,168.628173828125,168.91311473391343,166.4324203846099,166.73412628130978,153055200,0.0089859655263487,0.011205844505757,163.54668884277345,166.71142791748048,0.0114973876391562
2015-10-09,168.728759765625,169.2064533701624,168.10020679948332,168.7706658542897,107069200,0.0005963176117896,0.0111863288668009,163.78166656494142,166.57063842773437,0.0129561929897202
2015-10-12,168.887939453125,169.0890681515825,168.37671603131454,168.80412730347533,56395600,0.0009429610541376,0.0111222013624611,164.05503540039064,166.43836853027344,0.0147175855211895
2015-10-13,167.82363891601562,169.42435684319722,167.65602735233972,168.15886204336746,88038700,-0.006321755175689,0.0109547868200257,164.17305603027344,166.29665161132812,0.0091823093844151
2015-10-14,167.01905822753906,168.34321110380344,166.72574123600018,167.76494043382095,99106200,-0.0048057326250603,0.0108549552589758,164.17914505004882,166.1456799316406,0.0052567018068588
2015-10-15,169.58349609375,169.59187219140185,167.3123204124405,167.68107331608653,134142200,0.0152374808263957,0.0113539233068788,164.3322151184082,166.03449127197266,0.0213751058264388
2015-10-16,170.35462951660156,170.37138172276528,169.2232289913116,169.9858763739013,114580100,0.0045369123818638,0.0106080053504422,164.659903717041,165.96740600585937,0.0264342476412947
2015-10-19,170.4384002685547,170.4384002685547,169.39920099152403,169.7092829967101,76523900,0.0004916224589051,0.0105853558654585,164.94945755004883,165.9086654663086,0.0273025811491802
2015-10-20,170.2205047607422,170.8322926630684,169.7511873130431,170.00261102800798,78448500,-0.0012792593078366,0.0100320929963552,165.334969329834,165.80187957763673,0.0266500307135326
2015-10-21,169.16453552246094,170.79038155042025,168.9969111921257,170.63953499864772,102038000,-0.0062228591160557,0.0101792879575579,165.68067169189453,165.70565704345702,0.0208736294265247
2015-10-22,172.0223388671875,172.2318564832243,169.16452830328043,170.1115392319672,174911700,0.0167525212432634,0.0105891783095404,166.19859771728517,165.66242156982423,0.0383908265803217
2015-10-23,173.90798950195312,174.27674253547696,172.8939314477024,173.6900957948435,144442300,0.0109020178718885,0.0106960989802302,166.81290130615236,165.66123443603516,0.0497808379491593
2015-10-26,173.4805450439453,173.7906269501931,173.11179208087373,173.73196868130665,69033000,-0.002460902598786,0.0083953838911976,167.60864791870117,165.63882598876953,0.0473422762348452
2015-10-27,173.14541625976562,173.480639433348,172.46656823315317,172.81018029823892,77905800,-0.0019336629451597,0.0084805807187531,168.3830253601074,165.59020538330077,0.0456259526883029
2015-10-28,175.1148223876953,175.13996347879436,172.81851748104603,173.480587526555,135906700,0.0113100888524783,0.0080044217103664,169.10879669189453,165.5911444091797,0.0575132082847521
2015-10-29,175.01426696777344,175.38302003999266,174.49466734125065,174.61199670168938,90525500,-0.0005743905647578,0.0080717122805119,169.8085838317871,165.61775268554686,0.0567361537628604
2015-10-30,174.25997924804688,175.5254737879926,174.10075660741566,175.20700293085025,131076900,-0.0043191784136425,0.0078739092830443,170.35039825439452,165.70181030273437,0.0516480111453029
2015-11-02,176.32162475585938,176.514377360471,174.46110751012557,174.58682573847673,86270800,0.0117614230182905,0.0074026436404165,170.84988708496093,165.92948303222656,0.06262986862687
2015-11-03,176.83279418945312,177.38592353422123,175.74330048283156,175.96958299440672,95246100,0.0028948797645004,0.0072506989223545,171.4034294128418,166.30627990722655,0.063295951831156
2015-11-04,176.2964630126953,177.25186261170902,175.7600985498795,177.12615718602464,96224500,-0.003037593618835,0.0072825478596664,171.8622688293457,166.7095346069336,0.0575067792515028
2015-11-05,176.12042236328125,176.81602206489083,175.23207012371117,176.35508096286827,78408700,-0.0009990478399943,0.0071683397519921,172.23688125610352,166.98937530517577,0.0546804073098563
2015-11-06,176.02828979492188,176.2629612566358,174.70414990202073,175.77687892154736,110471500,-0.000523259448526,0.0071856558215217,172.60185775756835,167.18716979980468,0.052881569834
2015-11-09,174.3856964111328,175.56737878519792,173.43867273416632,175.4165194582403,131008700,-0.0093752274722425,0.0076310366003705,172.87674560546876,167.35194427490234,0.0420297007405926
2015-11-10,174.78794860839844,174.82147858334838,173.6397963311649,173.9079721910716,75874600,0.0023040248366423,0.007399905831094,173.2249610900879,167.55161193847655,0.0431887021927249
2015-11-11,174.10073852539062,175.10642038441057,174.03369136306415,175.05613820965038,67846000,-0.0039394282307808,0.0073601975199597,173.57904510498048,167.83591644287108,0.0373270645240704
2015-11-12,171.67037963867188,173.53089740458597,171.65362743389252,173.06157991191262,121315200,-0.0140578480011735,0.0075165128856579,173.68338928222656,168.01091735839844,0.0217810981441588
2015-11-13,169.74281311035156,171.5279075743205,169.65901372340684,171.25973163297792,153577100,-0.011291813265686,0.0079047462362285,173.65279846191407,168.14503265380858,0.0095023946370906
2015-11-16,172.32403564453125,172.38270671213425,169.44107135405784,169.55841348926387,117645200,0.0150922051531493,0.0086125443829536,173.7470802307129,168.38012817382813,0.0234226420509171
2015-11-17,172.1983184814453,173.51408230141928,171.70386003645876,172.63411865075938,121123700,-0.000729805582484,0.0086072764937701,173.84597091674806,168.53200469970704,0.021754406756574
2015-11-18,174.93045043945312,175.07292088872342,172.6341454727028,172.67603876700397,121342500,0.015741641838739,0.0090820777945227,174.13426666259767,168.78254516601564,0.0364250063144288
2015-11-19,174.77960205078125,175.1986372929131,174.48627226611268,174.8131192434579,88220500,-0.0008627055296443,0.0083691834975117,174.27212982177736,169.01239349365235,0.0341229920357615
2015-11-20,175.4165496826172,176.09538480104044,175.0394204821534,175.53387905138243,94011500,0.0036376660968805,0.0080593614928713,174.34755783081056,169.24014038085937,0.0364949431491747
2015-11-23,175.2153778076172,175.9780121229308,174.75443654807228,175.47517757537733,64931200,-0.0011474819108104,0.0080398771105406,174.43429946899414,169.4760366821289,0.0338652073641128
2015-11-24,175.45004272460938,175.85231293454058,173.82418410838238,174.2096893297508,98874400,0.0013383980186343,0.0080210707150483,174.54953079223634,169.67577301025392,0.034031197335441
2015-11-25,175.42494201660156,175.77693012980754,175.16512939186023,175.57578858457168,51980100,-0.0001430749363288,0.0076195784725937,174.56503677368164,169.8463262939453,0.0328450773377435
2015-11-27,175.62603759765625,175.82717910489592,175.03939085313215,175.51708434940895,37317800,0.0011456774926068,0.0076214100108477,174.5956253051758,170.0284051513672,0.0329217488178271
2015-11-30,174.8968963623047,175.90257818432067,174.78794312904074,175.7852488515511,112822700,-0.0041603114454752,0.0076165612902302,174.62747116088866,170.25032592773437,0.0272925787909659
2015-12-01,176.56468200683594,176.68202415007264,175.24891800729733,175.5254827993396,97858400,0.0094906428787605,0.007449973414302,174.6396240234375,170.48867309570312,0.0356387835086385
2015-12-02,174.7628173828125,176.83285226890064,174.51139370825462,176.51438142859806,108441300,-0.0102575541401562,0.0077613737749255,174.53612518310547,170.7337240600586,0.0235986964200265
2015-12-03,172.31568908691406,175.28245325525342,171.59494789072716,175.0142773246412,166224200,-0.0141015292029906,0.0083193417118433,174.33708648681642,170.93502807617188,0.008077109918787
2015-12-04,175.6763153076172,175.9696450663858,172.31565756611263,172.31565756611263,192913900,0.019314988024641,0.0094947354653317,174.3148811340332,171.21527801513673,0.0260551356409097
2015-12-07,174.6120147705078,175.7685435036695,173.64822590694013,175.3495082033207,102027100,-0.0060767300581073,0.009587707832504,174.2440673828125,171.47507995605469,0.0182938233080693
2015-12-08,173.4386749267578,174.56168624677528,172.45813404692703,173.05316968576795,103372400,-0.0067423758863039,0.0094754633898806,174.19671630859375,171.79254119873048,0.0095821024390289
2015-12-09,172.0894317626953,174.88858478757058,171.11726669687656,172.8017969616706,162401500,-0.0078097844763981,0.0095997973691731,174.0617904663086,172.08117248535157,4.799640323489102e-05
2015-12-10,172.53358459472656,173.8409726411973,171.9217966576867,172.1564553948511,116128900,0.0025776170300084,0.0095974435138612,173.9834327697754,172.31985626220705,0.0012403000858724
2015-12-11,169.18968200683594,171.0837167933455,168.8795872161852,170.42164670400737,211173300,-0.0195714465582613,0.0100760802362936,173.8593978881836,172.4832794189453,-0.0190951692430982
2015-12-14,170.04449462890625,170.17021287319162,167.57218927991457,169.34890738654445,182385200,0.0050396716497052,0.0098337485050115,173.87448196411134,172.61569549560548,-0.0148955218661717
2015-12-15,171.82958984375,172.73470749855906,170.01935453413182,171.55302505022993,154069600,0.0104430930518718,0.0095100444247191,173.84975967407226,172.72565032958985,-0.0051877673300405
2015-12-16,174.34376525878906,174.6454710813745,171.63680174288578,172.9525654775375,197017000,0.0145257835998715,0.0100566569304956,173.95703201293946,172.8972866821289,0.0083661149600311
2015-12-17,171.68707275390625,174.7208829813868,171.67030776820306,174.65383582651123,173092500,-0.0153555372248798,0.0099993084924616,173.79486312866212,172.9886346435547,-0.0075239734236317
2015-12-18,168.62844848632812,171.08173725286912,168.46826542354154,170.94685776256094,251393500,-0.0179757104002478,0.0107003428756217,173.48730545043946,172.98864013671874,-0.0252050750092295
2015-12-21,170.01950073242188,170.19654856782793,168.68746758464948,169.80031028938737,99094300,0.0082153757203121,0.0108701969310834,173.2174530029297,173.0144549560547,-0.0173104277581519
2015-12-22,171.5623321533203,171.8574076490797,169.91837134677343,170.90474783070158,111026200,0.009033512699801,0.0111260324219876,173.03480072021483,173.06794281005858,-0.0086995351784511
2015-12-23,173.6868438720703,173.7289993524299,172.47283807637507,172.56557498754754,110987200,0.0123072764988027,0.0115137353561711,172.9466407775879,173.1852069091797,0.0028965347089585
2015-12-24,173.4001922607422,173.94818777080295,173.1810017751457,173.4339217902471,48539600,-0.0016517567449052,0.0115161811280658,172.84540328979492,173.31282958984374,0.0005040750364828
2015-12-28,173.00392150878906,173.04606411357548,171.93323434792845,172.7088460910262,65899900,-0.0022879111942336,0.0115146874749851,172.71429748535155,173.38123809814454,-0.0021762250258121
2015-12-29,174.85025024414062,175.17904239882662,174.06621236144557,174.09992902631632,92640700,0.0106156327798831,0.0117559985944204,172.71196517944335,173.47115051269532,0.0079500235478312
2015-12-30,173.61094665527344,174.69007284761014,173.46762832336478,174.60576189281886,63317700,-0.007113037693352,0.0116351612270695,172.56427841186525,173.5346014404297,0.0004399423181891
2015-12-31,171.87423706054688,173.57721788903368,171.87423706054688,172.93649841504953,114877900,-0.0100538275177343,0.0116265716760526,172.41984939575195,173.5676760864258,-0.0097566497637249
2016-01-04,169.47152709960938,169.47995304876915,167.4228894178709,169.02470737729644,222353500,-0.0140780984937514,0.0116251654543223,172.27764129638672,173.57381591796874,-0.023634260713022
2016-01-05,169.75816345214844,170.21340912285035,168.65375950399786,169.7918801127749,110845800,0.001689925314548,0.0106441633353777,171.9817337036133,173.52853240966795,-0.0217276600289479
2016-01-06,167.6168212890625,168.6622051229766,166.58828935540473,167.21214413008352,152112600,-0.0126943076131112,0.0108870224489577,171.63197402954103,173.40270904541015,-0.0333667668065812
2016-01-07,163.5954132080078,166.45337941363837,163.20760085423277,164.67452645671497,213436100,-0.0242841615484705,0.0119410214598156,171.13981094360352,173.20500640869142,-0.0554810360273823
2016-01-08,161.7997283935547,165.1129538128163,161.51309169258369,164.55653231278043,209817200,-0.0110370611821715,0.0120320162027108,170.62532577514648,172.97809265136718,-0.0646230056446638
2016-01-11,161.95994567871094,163.0559241440481,160.0293476512874,162.7186930740713,187941300,0.0009897297969178,0.0119978904653257,170.0966438293457,172.7149951171875,-0.0622705019397953
2016-01-12,163.26663208007812,164.0169532623226,161.14212210067134,163.4015244612569,172330500,0.0080355882443553,0.0115918634039153,169.8004913330078,172.4800424194336,-0.0534172546001031
2016-01-13,159.1947021484375,164.27834272629687,158.81532848192018,163.93268573198264,221168900,-0.0252566491143628,0.0125900919769304,169.25800170898438,172.1787368774414,-0.0754102101367259
2016-01-14,161.80813598632812,162.92940481013775,158.20828713856892,159.80166644313084,240795600,0.0162832926828078,0.0129870089377746,168.75692901611328,171.88846710205078,-0.058644604176602
2016-01-15,158.334716796875,159.13561930320137,156.40411968734966,157.45794215989585,324846400,-0.0217000345844587,0.012939485193033,167.95647659301758,171.5185055541992,-0.0768651097718326
2016-01-19,158.54551696777344,160.27378878445893,156.9774282612069,160.14733520491595,195244400,0.0013304723963992,0.012760852260616,167.29939880371094,171.16348663330078,-0.0737188165169828
2016-01-20,156.51377868652344,158.0734417911493,152.61042724478108,155.99108662216324,286547800,-0.0128976765591673,0.0125159256546955,166.69366531372071,170.77135375976562,-0.0834892665505197
2016-01-21,157.3905487060547,159.2284095391439,155.66227669927426,156.98588434296087,195772900,0.005586239010199,0.0123971269246974,166.06221771240234,170.39859893798828,-0.0763389506310876
2016-01-22,160.61944580078125,160.82177152815098,159.23683091955206,159.99557812528212,168319600,0.0203075885391862,0.0132417629980886,165.51507339477538,170.12327392578126,-0.0558643617988811
2016-01-25,158.19142150878906,160.30749271059665,157.99752174755105,160.11359294935863,130371700,-0.0152320481243173,0.0129628185965585,164.74030227661132,169.79134338378907,-0.0683186883608079
2016-01-26,160.34963989257812,160.62785059511515,158.51177950278483,158.84899758001723,141036800,0.0135508521227209,0.0135802981795808,164.08777465820313,169.51632141113282,-0.0540755099110632
2016-01-27,158.60452270507812,161.49620578116728,157.70244437337146,159.82695436366987,185681700,-0.0109428551582296,0.0136634560192356,163.36780471801757,169.25500427246095,-0.0629256524092962
2016-01-28,159.43075561523438,160.3496860747916,157.78679450317122,160.1473603157985,143798800,0.0051958686680305,0.0134023746724121,162.59682998657226,169.0487631225586,-0.0568948706258871
2016-01-29,163.3171844482422,163.4520768054198,160.07984506023874,160.19787265675834,210529300,0.0240845329358287,0.0148353611875315,162.0821418762207,168.8686260986328,-0.0328743223572395
2016-02-01,163.25820922851562,164.04226001473677,161.73227600136582,162.31398819603547,136061600,-0.0003611736922594,0.0147528205350077,161.65134048461914,168.68982391357423,-0.0321988283528081
2016-02-02,160.31597900390625,161.84191255992488,159.79327407909,161.83348660747848,182564900,-0.0181863166127171,0.0149487640518567,161.19356307983398,168.3975344848633,-0.0479909370744585
2016-02-03,161.27700805664062,161.68167232000985,157.73616680805867,161.36974495700076,205054900,0.0059766969563144,0.0150465935661959,160.7695053100586,168.12748260498046,-0.0407457153476519
2016-02-04,161.5299530029297,162.49946476772794,160.14733809741855,160.77963173464707,139531800,0.001567159501319,0.0148781590188755,160.46516189575195,167.84975067138672,-0.0376515165687068
2016-02-05,158.45277404785156,161.58895134209288,157.8204804460133,161.01567798450176,180788300,-0.0192339995904329,0.0145158067348234,160.20802993774413,167.5144985961914,-0.0540951656380737
2016-02-08,156.31983947753906,156.90997760538158,154.11103125730858,156.61491497348354,191526700,-0.0135524319754671,0.0146124776422388,159.93403549194335,167.13189453125,-0.0646917518887414
2016-02-09,156.32827758789062,157.60130371702277,154.44826138293897,154.5831537838088,184513100,5.3978321909036886e-05,0.0146048315257138,159.65245208740234,166.7499612426758,-0.0624988670289296
2016-02-10,156.19338989257812,158.7815717708362,156.06692344935064,157.1544756864922,148214100,-0.0008632214513376,0.0144248365920939,159.29878997802734,166.3613082885742,-0.0611194904668492
2016-02-11,154.16159057617188,155.20698715558402,152.66937427376337,153.72319680234816,219058900,-0.0130935765309115,0.0136371370345601,159.04713439941406,165.94660217285156,-0.0710168900258909
2016-02-12,157.33995056152344,157.3568024628288,155.08898678876355,155.9320449597169,127632400,0.0204074129368567,0.0139494850034514,158.82372512817383,165.5621075439453,-0.0496620700496908
2016-02-16,159.9955291748047,160.02081988298823,158.1829598134219,159.14404531652525,120250700,0.0167371174991969,0.0136500956910334,158.90676574707032,165.26676177978516,-0.0318952979305317
2016-02-17,162.60903930664062,162.97998690347998,161.03251202007326,161.15897844483845,136009500,0.0162029156743258,0.0140943496480053,159.10994186401368,165.0726287841797,-0.0149242760334303
2016-02-18,161.94302368164062,162.9378389064611,161.63109630818496,162.87881866605304,102343000,-0.0041042201597239,0.0137625307718624,159.38140411376952,164.79796295166017,-0.0173238747547927
2016-02-19,161.86717224121094,162.01891654044448,160.56042947582927,161.16743240085756,114793000,-0.0004684932270329,0.0137392353906524,159.60523529052733,164.54306610107423,-0.0162625744327601
2016-02-22,164.2108612060547,164.35417954418443,163.37622902795616,163.4436752219077,103640300,0.0143752665573321,0.0133686462941866,159.78480606079103,164.35850982666017,-0.0008983326799518
2016-02-23,162.13694763183594,163.82306391154782,162.01890714277164,163.55327913205167,111455300,-0.0127100071583263,0.0132174669562242,159.98208236694336,164.15946014404298,-0.012320414007407
2016-02-24,162.8788299560547,163.15704068573675,159.6077731227988,160.71217722714357,150812200,0.0045652159916697,0.0129261919168259,160.1085418701172,163.96636505126952,-0.0066326718584923
2016-02-25,164.85157775878906,164.86001657290862,162.5668974763839,163.3256446324791,110728300,0.012038990483017,0.0128502692473121,160.4208946228027,163.8796029663086,0.0059310297003849
2016-02-26,164.47215270996094,165.81261160279362,164.31196966036924,165.7198875888636,129833700,-0.002304268909943,0.0128594288435872,160.67296447753907,163.7681561279297,0.0042987391363269
2016-02-29,163.1823272705078,165.43329090200194,162.9884275052904,164.48906992628648,125918100,-0.0078731235545715,0.0118594383397815,160.66622161865234,163.59521087646485,-0.0025238123032147
2016-03-01,167.0182342529297,167.10254520529068,163.93263863876854,164.40474909828157,141799700,0.0232348457168645,0.0129495326005699,160.85422286987304,163.44870025634765,0.0218388643714125
2016-03-02,167.76856994628906,167.81915137646766,166.29321820053025,166.70632132039938,102415000,0.0044824762523294,0.0121355449282489,161.2268524169922,163.37033020019533,0.0269219003273366
2016-03-03,168.4261474609375,168.44301222499766,167.0182419669896,167.59151530457737,95172200,0.0039118898612614,0.0121111270927218,161.58430938720704,163.3662841796875,0.0309725063935751
2016-03-04,168.9741668701172,169.7497918171889,167.79389040987522,168.6200839320446,129293600,0.0032484847691247,0.0121125670787565,161.9565200805664,163.3453775024414,0.0344594346882674
2016-03-07,169.1090545654297,169.51373179540596,167.9793595758545,168.05523173245695,100219000,0.0007979556151709,0.0110213737250718,162.4893341064453,163.2963119506836,0.0355962883993459
2016-03-08,167.26275634765625,168.54420852554634,167.1025860814623,168.038381279782,123974900,-0.0109778328606502,0.0108280788117705,163.03647994995117,163.1678302001953,0.0250964062121605
2016-03-09,168.08892822265625,168.43457226724504,167.288012735809,168.07206345871057,94801200,0.0049272067769553,0.0108040256039416,163.62451248168946,163.0616049194336,0.0308308219197682
2016-03-10,168.22384643554688,169.51373746114254,166.40285029598266,168.5779422396233,156838700,0.0008023377658818,0.0107739724543901,164.22603530883788,162.96600341796875,0.0322634347489826
2016-03-11,170.93849182128906,170.980647308,168.2069912334791,169.67390440425157,137964500,0.0160082830650306,0.0103416152404268,165.06488037109375,162.8877682495117,0.0494249731474326
2016-03-14,170.7193145751953,171.17456042054744,170.10388558631487,170.43267782574958,73612000,-0.0012830222055917,0.0097811809643814,165.73384857177734,162.82993560791016,0.0484516494944919
2016-03-15,170.44110107421875,170.74460258765515,169.4968798608829,169.75822588499912,93169100,-0.0016309838415464,0.0093845448267628,166.25612716674806,162.8012728881836,0.046927324648637
2016-03-16,171.42739868164062,171.83207575554053,169.9183306270241,169.9604860968941,129303200,0.0057700568760852,0.0088989126732583,166.69704513549806,162.84039031982422,0.0527326687497568
2016-03-17,172.51498413085938,173.02081127539734,170.94689554110465,171.34313387955126,134278500,0.0063242515520155,0.008787737598116,167.22564315795898,162.89552673339844,0.0590529254569681
2016-03-18,173.1929473876953,173.5319048209772,172.7014500581585,173.0149863304641,138372400,0.0039221786030623,0.0087470175573543,167.7919319152832,163.0070492553711,0.0624874701974803
2016-03-21,173.43862915039062,173.667432449845,172.70138987818433,172.9301931776387,72926700,0.0014175385075344,0.00836123691917,168.2533203125,163.20391357421877,0.0627112141616477
2016-03-22,173.34544372558594,173.91320443773537,172.5065197008016,172.66751604840624,97471900,-0.0005374262218835,0.0075848908730566,168.8137451171875,163.4348278808594,0.0606395587356153
2016-03-23,172.20143127441406,173.15052214507975,172.0319396786009,172.96409173399994,81052500,-0.0066214844571484,0.0078960487367692,169.27987518310547,163.63965759277343,0.0523208970709721
2016-03-24,172.1251983642578,172.15910186414206,170.95578622618342,171.17610725384458,84360900,-0.0004427941660034,0.0076141997313663,169.6435562133789,163.81682891845702,0.0507174354469798
2016-03-28,172.22686767578125,172.7522554642158,171.77774335397856,172.54040388108646,62408200,0.0005904963234101,0.0075521560453015,170.03129196166992,164.07747222900392,0.0496679729158867
2016-03-29,173.8199920654297,173.93015903226305,171.51504568353033,171.8201124967345,92922900,0.0092076295465095,0.0073024134799129,170.56317520141602,164.31770935058594,0.0578287194508645
2016-03-30,174.58265686035156,175.3029444872904,174.21826541228114,174.8199295998602,86365300,0.0043780724140431,0.0055903800705229,170.9413963317871,164.64266815185547,0.0603731026718305
2016-03-31,174.15896606445312,174.91315723940892,173.99795678040715,174.4894540415597,94584100,-0.0024298275657668,0.0056560883623804,171.26091613769532,164.95493713378906,0.0557972322052962
2016-04-01,175.34532165527344,175.5317520880499,172.85394489943778,173.16749404386812,114423500,0.0067888159825196,0.0057466322621061,171.60687484741212,165.33156799316407,0.0605677051494691
2016-04-04,174.7775421142578,175.4724214579797,174.47247534171535,175.26903929948693,63497000,-0.0032433188316482,0.0058554837674682,171.89704360961915,165.6793078613281,0.0549147287635027
2016-04-05,173.0319061279297,174.78603056334993,172.7776816347166,173.43865755883377,99662200,-0.0100379713821802,0.0064166366241117,172.09318618774415,165.9275570678711,0.0428159685202417
2016-04-06,174.92164611816406,174.98097077905592,172.85397221365315,173.03193326593183,91839800,0.0108621312138995,0.0060949992839098,172.47613067626952,166.2621615600586,0.0520833151503171
2016-04-07,172.82847595214844,174.19280032543932,172.09970617019692,173.8368913059362,113859000,-0.0120385030088853,0.0068366154137145,172.71310806274414,166.51173828125,0.0379356899165212
2016-04-08,173.29458618164062,174.4385898444838,172.76071608159464,174.0064043614394,95040600,0.0026933224754326,0.0068411301997649,172.96664505004884,166.80553955078125,0.0389018652997665
2016-04-11,172.8878631591797,174.62504892364467,172.79464793483095,173.9301694457003,83757500,-0.0023497621579304,0.0059654454710359,173.06411361694336,167.07468170166015,0.0347939101143998
2016-04-12,174.49790954589844,174.7775551858431,172.61666646292107,173.05732137408188,115350600,0.0092695673904639,0.0062529535205536,173.2530433654785,167.2982962036133,0.0430345885502786
2016-04-13,176.2605438232422,176.3452896414696,175.27754922554817,175.41313736255353,96336400,0.0100505011225812,0.0065246320425428,173.54401550292968,167.55834289550782,0.0519353484723897
2016-04-14,176.2689971923828,176.76897678579215,175.92157040221767,176.3198524369293,65212900,4.795835899544377e-05,0.0064609284745121,173.7860954284668,167.87740325927734,0.0499864411182553
2016-04-15,176.07406616210938,176.4045540759585,175.7520476556538,176.26896597530424,75761600,-0.0011064843922598,0.0063754930390823,173.96404953002929,168.17334442138673,0.0469796314505469
2016-04-18,177.31126403808594,177.34515459405554,175.4130696440022,176.0740453937367,82531000,0.0070020050354515,0.0064854997726002,174.16996536254882,168.48897064208984,0.0523612516734802
2016-04-19,177.87057495117188,178.12479942403957,177.0570721544678,177.73499977198375,88316100,0.0031494367898558,0.0065004532639338,174.39156265258788,168.87732666015626,0.0532531422001567
2016-04-20,178.0401611328125,178.73502793536176,177.43849665841924,177.913042363653,81100300,0.0009529703787007,0.0064872733651501,174.6262985229492,169.31173309326172,0.0515524109291522
2016-04-21,177.08251953125,178.16719870773824,176.8113432719301,178.05703173609004,85695000,-0.0053933132126626,0.0064133739238732,174.870352935791,169.7268179321289,0.0433384758445334
2016-04-22,177.08251953125,177.3536828601742,176.1842708004453,176.7266103886894,99251700,0.0,0.0064074480332512,175.11821899414062,170.14460052490233,0.0407766040470513
2016-04-25,176.77748107910156,176.81985399272102,175.87074986315722,176.4808836141633,66166500,-0.0017240633424528,0.0064440105290167,175.34574966430665,170.59691833496095,0.0362290409725063
2016-04-26,177.04017639160156,177.54862549811813,176.56563078839832,177.1418610407457,75864200,0.0014849194505885,0.006171082299072,175.50675888061522,170.9909228515625,0.0353776296376296
2016-04-27,177.4044952392578,177.79429485484587,176.30286458015692,176.65877363671703,77329400,0.0020557170419861,0.0061242171893065,175.64785079956056,171.33910217285157,0.0353999349213777
2016-04-28,175.7944793701172,177.75198635557425,175.37925845223072,176.65036822776358,97216200,-0.0091168272642056,0.0064820130468811,175.72962646484376,171.6028109741211,0.0244265718737452
2016-04-29,174.8453369140625,175.52326451487454,173.7437061790421,175.17582484152928,142424100,-0.0054137877684342,0.0064297628918555,175.7046272277832,171.86085723876954,0.0173656743207475
2016-05-02,176.235107421875,176.4130555222075,174.91315552639526,175.34532812902663,62188000,0.0079171471359473,0.0066277579807072,175.77750549316406,172.14821594238282,0.0237405392621672
2016-05-03,174.70132446289062,175.24366409735376,173.95560261660503,175.00639131542593,106422100,-0.0087411427578931,0.0065256657200212,175.8609764099121,172.35802520751952,0.0135955332079824
2016-05-04,173.72674560546875,174.43857666186707,173.22677903580248,173.70980679084445,92243800,-0.0055941612213994,0.0061758068147003,175.80123138427734,172.58982116699218,0.0065874362160472
2016-05-05,173.69285583496094,174.54873147151844,173.2691527203575,174.1928224068987,67619200,-0.00019509417704,0.0055292926232761,175.84445037841795,172.8061016845703,0.0051314979144038
2016-05-06,174.3284454345703,174.37081834059887,172.76922076372438,172.9217477089527,89315000,0.0036525942747238,0.0055557051675306,175.89614334106446,172.99563903808593,0.0077042774251145
2016-05-09,174.4724578857422,174.90463038260785,174.02333364476644,174.2012946319418,74374900,0.0008257573761088,0.0055213403154253,175.9753730773926,173.19564514160157,0.0073720834210162
2016-05-10,176.64187622070312,176.65882797062716,175.1080725776919,175.1758666469914,77472200,0.0123574900331355,0.0058160728640882,176.08257141113282,173.46483612060547,0.0183151823225356
2016-05-11,174.98944091796875,176.71814447543505,174.98944091796875,176.18428717716878,81727000,-0.0093987502612664,0.0057804949916466,176.01901626586914,173.62426025390624,0.0078628451004835
2016-05-12,175.04022216796875,175.82831665581352,174.031806723613,175.65882507192094,89586300,0.0002901539824286,0.0057816523462684,175.95757751464845,173.76969329833983,0.0073115676589679
2016-05-13,173.51495361328125,175.29451246957413,173.1929479297748,174.74370340616778,96474600,-0.008752004828202,0.0060794077895289,175.82962188720705,173.8714694213867,-0.0020504560598232
2016-05-16,175.22669982910156,175.70124535905617,173.62510220030677,173.68442685674904,77486800,0.0098167795302365,0.006296577259929,175.72539367675782,173.9965200805664,0.0070701399543252
2016-05-17,173.59121704101562,175.24365703801797,173.06581624757146,174.9555419473399,114924900,-0.0093773553113137,0.0065238276816245,175.51142578125,174.08616333007814,-0.0028431110181
2016-05-18,173.6420440673828,174.81993841591333,172.5573649376739,173.24376203518085,120062100,0.0002927543667213,0.0065139290469814,175.29151992797853,174.21374908447265,-0.0032816297226496
2016-05-19,173.0403594970703,173.32847452848824,171.83704413315402,172.92172313528684,115430500,-0.0034711030513535,0.0064635748848689,175.08941192626952,174.31277770996093,-0.0072996267376783
2016-05-20,174.1334991455078,174.65041742825588,173.59962911878992,173.65047142030744,104990400,0.0062973823274867,0.0066727791473651,174.94196090698242,174.43097076416015,-0.0017053830369065
2016-05-23,173.89627075195312,174.4301279842803,173.70984031196735,174.1504823243016,58682600,-0.0013632651618576,0.0066707497724253,174.797900390625,174.49012634277344,-0.0034033764733124
2016-05-24,176.15037536621094,176.46392454670195,174.68436582204296,174.7097869812184,93537800,0.0128790593857245,0.0073318941678454,174.75341033935547,174.59874755859374,0.0088868209498265
2016-05-25,177.34519958496094,177.76043335068047,176.1503535302454,176.82828119514468,76621400,0.0067600776562255,0.007483713060446,174.7504455566406,174.73682952880858,0.014927420070434
2016-05-26,177.39605712890625,177.7096062974516,177.08252089075677,177.48080294319328,55280700,0.0002867303609671,0.0071707444717547,174.83052444458008,174.8562026977539,0.0145253893883455
2016-05-27,178.1587677001953,178.1672371112262,177.50626099965686,177.55710332663935,64211200,0.0042902623613589,0.0070805884225573,174.9961959838867,174.96907836914062,0.018230017330978
2016-05-31,177.81976318359375,178.54006382536642,177.2604718333041,178.42989685111044,109879400,-0.0019046351938245,0.0069096488609606,175.07542877197267,175.0616146850586,0.0157553013748739
2016-06-01,178.18408203125,178.36203006899777,177.0146574902015,177.209557270246,69936200,0.0020467137067867,0.0065671730938121,175.24956665039062,175.15652374267577,0.0172848731173841
2016-06-02,178.72647094726562,178.74340976386634,177.3113039374439,177.7858494101513,63044700,0.0030393572228354,0.0063932596970028,175.49955291748046,175.2641442871094,0.0197549057979846
2016-06-03,178.19264221191406,178.54008198883983,176.98932650367107,178.16722105071435,101757100,-0.0029913171568973,0.0064606268709428,175.72454223632812,175.38396850585937,0.0160144266889527
2016-06-06,179.0992889404297,179.45519795979135,178.38745797131506,178.54846720325298,64887000,0.0050751141880869,0.0064958696139785,175.96308441162108,175.5234503173828,0.0203724266847593
2016-06-07,179.37899780273438,179.93828918383645,179.22647084265023,179.25189200266425,60974800,0.0015605347905991,0.0064948265936124,176.2084114074707,175.66649291992186,0.0211338247898241
2016-06-08,179.96365356445312,180.09077225481346,179.38742354540955,179.5145293053772,66170900,0.0032540321912294,0.0059844434569684,176.3745002746582,175.78936614990235,0.0237459608961283
2016-06-09,179.71792602539062,179.83656238777846,178.96373495084086,179.23489823755855,73786900,-0.0013663617557099,0.0055050093104925,176.6109245300293,175.89207153320314,0.0217511480696006
2016-06-10,178.01466369628906,178.68410904426875,177.4723112022157,178.34515166586806,113829200,-0.0095226168878039,0.0060163927135501,176.7596466064453,175.96918548583983,0.0116240704575735
2016-06-13,176.64187622070312,178.2688950927016,176.55714333187618,177.4130192122889,117751200,-0.0077415424624574,0.0059352774100887,176.9159927368164,175.99511657714845,0.0036748726676808
2016-06-14,176.2943878173828,176.88758252746695,175.34529696987707,176.2604972572832,125059300,-0.0019691289958466,0.0055769077855124,176.96937713623046,176.02545349121092,0.0015278149883324
2016-06-15,176.0486602783203,177.41298494979887,175.86222985634978,176.29440241797562,109124500,-0.0013948200779304,0.0051140243229342,177.0922492980957,176.08578857421875,-0.0002108534493275
2016-06-16,176.57406616210938,176.74355778520848,174.2182774214604,176.0486783356093,149533100,0.0029799909830444,0.0051379277007944,177.23885040283204,176.11883697509765,0.0025847841992965
2016-06-17,175.9164581298828,176.49568484208004,175.2605583547816,176.4701314869912,117055700,-0.003731214031809,0.0051497229403817,177.38265533447264,176.18059661865234,-0.0014992484634461
2016-06-20,177.0493621826172,178.54854859459653,176.96417567156655,177.87562194878873,82789600,0.0064193634507875,0.0051566138515255,177.52844848632813,176.25569213867186,0.0045029470215401
2016-06-21,177.5519561767578,177.96082289803414,176.98975631147866,177.43270284148394,72461700,0.0028347008579474,0.0051480567113037,177.71123275756835,176.34897399902343,0.0068216000947135
2016-06-22,177.26229858398438,178.45483163932184,177.11747892946045,177.73078535724414,95560500,-0.0016327284106228,0.0043528820570482,177.76682891845704,176.40426177978514,0.0048640367049088
2016-06-23,179.57073974609375,179.62184645879435,178.2589531287725,178.71892654071584,102731400,0.0129386750586123,0.005004829670522,177.87810592651368,176.47046569824218,0.0175682318034617
2016-06-24,173.12254333496094,179.60484320130777,172.67959677050362,173.454750008894,333444400,-0.0365695368690164,0.0097094948874313,177.6644302368164,176.40753662109375,-0.0186216153178798
2016-06-27,170.02194213867188,171.72556876131333,169.2127090948055,171.71704230971076,230775800,-0.0180721865927359,0.0103106331584404,177.25758895874023,176.286494140625,-0.0355361993696229
2016-06-28,173.08847045898438,173.11402381972314,171.31669712780246,171.6233504543078,159382400,0.0178753535936167,0.0112593327644369,177.02102432250976,176.20203826904296,-0.0176704415036588
2016-06-29,176.03570556640625,176.26568575451566,174.3831860051859,174.48539942212344,137328600,0.0168839932798669,0.0119617030738328,176.9136054992676,176.16534088134765,-0.0007358729832601
2016-06-30,178.43783569335938,178.48894240865778,175.9505425669414,176.5042289771642,165021900,0.0135534341436417,0.0123549457228421,176.8991737365723,176.1732943725586,0.0128540555983014
2016-07-01,178.81260681152344,179.298146523958,178.27596039201924,178.43780696283076,106055300,0.0020980870059327,0.0123442517239977,176.9301719665527,176.20789611816406,0.0147820316270768
2016-07-05,177.5264434814453,178.09715693080918,176.93017666850108,177.98641702353322,109803700,-0.0072187929685744,0.0123933290469391,176.8515296936035,176.21677459716796,0.0074321464983754
2016-07-06,178.59117126464844,178.7104246011787,176.376451588928,177.0323514386638,96021500,0.0059796590321589,0.0124700485751636,176.81213836669923,176.2530484008789,0.0132657158839692
2016-07-07,178.4804229736328,179.43444962093204,177.7137962745728,178.77003634904318,85593800,-0.0006203142246759,0.0124433036451342,176.7379768371582,176.28185333251952,0.012471899969001
2016-07-08,181.13803100585935,181.38506405692823,179.54514483967023,179.77513799123625,133971000,0.0147804228876177,0.0128939018352957,176.80898208618163,176.35652404785156,0.0271127307811441
2016-07-11,181.77691650390625,182.34764273817615,181.3936031954377,181.59804302551817,73633900,0.0035208588812511,0.0126942687664515,176.9970947265625,176.47617279052736,0.03003659717661
2016-07-12,183.09722900390625,183.39536879733737,181.80246941184768,182.739469050371,101275600,0.0072371160245661,0.0125899799576564,177.31986236572266,176.64121063232423,0.0365487665560677
2016-07-13,183.07167053222656,183.52313043699377,182.5861438223003,183.51461698511312,87324100,-0.000139599358403,0.0125678207567844,177.65872650146486,176.77794189453124,0.0356024545271053
2016-07-14,184.09381103515625,184.56231075830385,183.701984355894,184.33231762191608,91230900,0.0055677518435702,0.0125685869576662,178.06098403930665,176.96579162597655,0.0402790807403332
2016-07-15,183.84681701660156,184.8519502033913,183.4038705795172,184.65603683603393,107155400,-0.0013425756050005,0.0125922313598623,178.42462158203125,177.1681930541992,0.0376965179091668
2016-07-18,184.3408966064453,184.50274319307965,183.7105501631425,183.96609672111057,58725900,0.0026838477664273,0.0125195682179623,178.84584350585936,177.38115386962892,0.0392360889811983
2016-07-19,184.15353393554688,184.18760075127324,183.67652052953488,183.9235406870623,54345700,-0.0010169091932755,0.0125024170191435,179.2010520935059,177.57765563964844,0.0370310007315481
2016-07-20,184.9201507568359,185.15865744693104,184.15352396690736,184.15352396690736,58159500,0.004154281140113,0.0125107159511574,179.56946182250977,177.78660949707032,0.0401241762804591
2016-07-21,184.22166442871097,185.0308844571477,183.77871787722287,184.8094176802233,67777300,-0.0037843838492886,0.0125530775169839,179.91743011474608,177.93820526123048,0.035312591572202
2016-07-22,185.0479431152344,185.09904983834693,184.0768763831738,184.3409364510158,62787500,0.0044752129537304,0.0123024262844907,180.19129028320313,178.13937530517578,0.0387818122648255
2016-07-25,184.54530334472656,184.89454983597076,183.96607667424624,184.84344312947383,55873100,-0.0027199635556551,0.0085431356614044,180.7624282836914,178.32947692871093,0.034855855145588
2016-07-26,184.63052368164065,184.9882836903036,183.78722387702433,184.4431237250592,70080500,0.0004616788651317,0.0069763868856245,181.49285736083985,178.55178833007812,0.0340446623829111
2016-07-27,184.43463134765625,185.07349136419623,183.66799152922408,185.00534473604847,84083900,-0.0010615597257612,0.0062597006717161,182.06016540527344,178.7359469604492,0.0318832584274054
2016-07-28,184.6475067138672,184.93712001296757,183.77865381893125,184.23862711764156,65035700,0.0011535393770842,0.0053717508973797,182.4907554626465,178.95707275390626,0.0317977594983695
2016-07-29,184.9456787109375,185.3034386969352,184.1023919573851,184.38349187444857,79519400,0.001613514932191,0.004685169262221,182.8161476135254,179.18314544677733,0.0321600184536988
2016-08-01,184.79237365722656,185.3971538028139,184.3409136620228,185.0053269756298,73311400,-0.000829263104051,0.0047206654567499,183.11513595581056,179.41818572998048,0.0299534180739854
2016-08-02,183.60833740234375,184.69865725581784,182.77356410776096,184.5453241214279,92295500,-0.0064280024239291,0.0046452277310039,183.41923065185543,179.6076824951172,0.0222744085979469
2016-08-03,184.14498901367188,184.20462218226243,183.2505954659272,183.54872231596235,53993600,0.0029185432392227,0.0045456120429014,183.69692153930663,179.81265686035155,0.0240935884545933
2016-08-04,184.3408966064453,184.65606332927777,182.50097698624077,184.25571008791,46585500,0.0010633113444874,0.0045191832720623,183.98994522094728,179.97646728515625,0.0242499999423481
2016-08-05,185.84860229492188,185.891195555494,184.34090225224605,184.34090225224605,71892200,0.0081456336793305,0.0036646412659876,184.2254737854004,180.14653533935547,0.031652382016812
2016-08-08,185.73789978027344,186.1382530864224,185.47383972677943,186.0360266481112,39906500,-0.0005958371324327,0.0036479434670631,184.42352294921875,180.3133721923828,0.0300838896302321
2016-08-09,185.84860229492188,186.34265552275468,185.52492210937768,185.806022031988,51251700,0.0005958371324325,0.0033476806444233,184.56109161376952,180.46716888427736,0.0298194593726646
2016-08-10,185.3886260986328,186.03599945766584,185.03937956386423,185.9593393883668,57941100,-0.0024780727604628,0.003420281064898,184.67693939208985,180.6185461425781,0.0264096907982486
2016-08-11,186.2489776611328,186.4960108031976,185.65271093524512,185.9167709854497,72504300,0.0046300648307797,0.0033548166129884,184.78469772338863,180.77984405517577,0.0302530054417339
2016-08-12,186.0871124267578,186.3000657210769,185.6867591936269,185.94229274869977,61313500,-0.0008694577231754,0.003342176205684,184.89671249389647,180.9270568847656,0.028520087768181
2016-08-15,186.6237640380859,186.9730105941644,186.4448905321406,186.4534039855917,49813500,0.0028797226809174,0.0033488670160905,185.0108558654785,181.09567932128903,0.0305257681327076
2016-08-16,185.6612091064453,186.27450264705396,185.6612091064453,186.20636902959353,53213600,-0.0051710767072081,0.0035765263515968,185.08623962402345,181.22691772460936,0.0244681719333452
2016-08-17,186.0104522705078,186.14674550776292,184.86051219996892,185.69528553228903,75134300,0.0018793107096569,0.0034861319574879,185.14075469970703,181.35954681396484,0.025644668495526
2016-08-18,186.4278564453125,186.4619232578189,185.8741830080184,185.98490989689367,52989300,0.0022414683978315,0.003373689450151,185.2510643005371,181.488830871582,0.0272139368026742
2016-08-19,186.1552276611328,186.33411412965725,185.47378758471052,185.9593142890432,75443000,-0.0014634525530904,0.0032740957074037,185.30642852783205,181.61757690429687,0.0249846453971085
2016-08-22,186.1467742919922,186.37676754071967,185.5505075338474,185.9167810432647,61368800,-4.5411354748189235e-05,0.0031980662630468,185.38650207519532,181.78021911621093,0.024021068942544
2016-08-23,186.52154541015625,187.0581919083206,186.4619122447431,186.76005207653185,53399200,0.0020112857717613,0.0032175346158094,185.4810531616211,181.9778125,0.0249686093471216
2016-08-24,185.5674743652344,186.47039410023817,185.1500813000795,186.3766941467395,71728900,-0.0051281982810283,0.0034426628843108,185.5376953125,182.16327423095703,0.0186876314594638
2016-08-25,185.4397735595703,185.8571668024232,185.0309067691607,185.18422694144897,69224800,-0.0006884006251707,0.003443438739841,185.57730865478516,182.35109649658204,0.0169380778198181
2016-08-26,185.09048461914065,186.64930433578445,184.20460460957435,185.627131094704,122506300,-0.0018853469382489,0.00345744948887,185.5845489501953,182.52142486572265,0.0140753873432009
2016-08-29,186.00193786621097,186.26599788851843,185.1841914445002,185.21827125245895,70502200,0.0049122807401128,0.0036162671525577,185.64502716064453,182.7231344604492,0.0179441066148712
2016-08-30,185.69528198242188,186.1978486628494,185.14160858841032,185.9167487404989,58114500,-0.0016500309229599,0.0032896573603452,185.74937438964844,182.89605285644532,0.0153050275402808
2016-08-31,185.1671142578125,185.48228090883924,184.39196130771631,185.3630276086425,85269500,-0.002848323728946,0.003325065050681,185.80048065185548,183.0483560180664,0.0115748553324181
2016-09-01,185.17567443847656,185.46528781237728,184.01720794523555,185.1586345348241,97844200,4.6228418248428985e-05,0.0033201764694753,185.84221954345705,183.20662353515624,0.0107477058707021
2016-09-02,186.0104522705078,186.4363588887011,185.43973896184536,186.02749217457432,79293900,0.0044979010762384,0.0029407344190376,185.8503120422363,183.33541778564452,0.0145909312950699
2016-09-06,186.57264709472656,186.64930716450087,185.57602719474625,186.29154717458263,56702100,0.0030178247582781,0.0030095917740914,185.89204940795895,183.60441986083984,0.0161664258199037
2016-09-07,186.5555725097656,186.73445897028816,185.9507925193483,186.41076585012152,76554900,-9.152127379155196e-05,0.0030090491896038,185.92739791870116,183.93509246826173,0.0142467650209599
2016-09-08,186.1296539306641,186.4959402793945,185.82300073079193,186.2233538805593,74102900,-0.0022856756013495,0.003000366045659,185.9644493103027,184.19591613769532,0.0104982663759125
2016-09-09,181.67474365234375,184.86904359887217,181.64919029258272,184.81793687935007,221589100,-0.0242255295417744,0.0060972784970693,185.7357376098633,184.3086968994141,-0.0142909873021769
2016-09-12,184.2812957763672,184.68164908797755,180.8484890388368,180.9166356660939,168110900,0.0142454061272421,0.0070138855100217,185.64544677734375,184.42556610107425,-0.0007822685745639
2016-09-13,181.6321258544922,183.26760564649985,181.010305854894,183.0035456328748,182828800,-0.0144800165991271,0.0076229530208599,185.39586486816407,184.4819564819336,-0.0154477472040496
2016-09-14,181.5640106201172,182.8843239140845,181.0103371408601,181.68326396938673,134185500,-0.00037508788411,0.0075718730292971,185.19100494384764,184.56270782470705,-0.0162475791557952
2016-09-15,183.3783416748047,183.7616550090451,181.22325535365337,181.40214184170569,134427900,0.0099431923501725,0.0079452425468941,185.0593994140625,184.65845123291015,-0.0069323096211332
2016-09-16,182.6694793701172,182.9434427794408,181.98459697339692,182.7636526591604,155236400,-0.0038730632996432,0.0079432318058615,184.87148056030273,184.74223236083984,-0.0112197030653723
2016-09-19,182.70375061035156,183.9622423952516,182.37842229326847,183.32015528309017,80250500,0.0001875957925911,0.0079469405391892,184.69890670776368,184.7735467529297,-0.0112017990613437
2016-09-20,182.71229553222656,183.71394979635636,182.67805663625663,183.55985516954945,69665300,4.676818090917891e-05,0.0079475107918651,184.52718276977535,184.7922543334961,-0.0112556600858161
2016-09-21,184.76693725585935,184.9467142769323,182.72937726175448,183.41427258495116,110284400,0.0111824721015196,0.0083790834273132,184.43945236206056,184.82564849853512,-0.0003176574417714
2016-09-22,185.93130493164065,186.23095081871756,185.52894234694023,185.77721029026128,76678700,0.0062820449222177,0.0084336798202965,184.4576438903809,184.88284118652345,0.005670962964375
2016-09-23,184.91246032714844,185.67440288302635,184.81828706458867,185.53742121688657,73630900,-0.0054947515011769,0.0085252471109076,184.43127822875977,184.8992141723633,7.163986523383752e-05
2016-09-26,183.41433715820312,184.2618838253767,183.21742102902655,184.08210674101107,89827300,-0.0081347946479856,0.0087051251859237,184.34747085571288,184.8905645751953,-0.0079843307330688
2016-09-27,184.55291748046875,184.64707769209988,182.88348096470668,183.25161760787776,78494800,0.0061885069481207,0.0087510948407353,184.27501983642577,184.89480499267577,-0.0018490920403121
2016-09-28,185.4689483642578,185.62305601942785,183.8166509448692,184.7754965742225,87411000,0.0049512358036014,0.008825285472284,184.2637031555176,184.92111328125,0.0029625339869904
2016-09-29,183.79104614257812,185.6659429820276,183.2431322178197,185.2635672647349,128070600,-0.0090879802577067,0.0090367623461825,184.19489974975585,184.89853118896485,-0.0059896908821568
2016-09-30,185.1779022216797,185.87991058216204,184.37315105327025,184.62141895723136,117202900,0.0075175031205738,0.0092078088294047,184.195011138916,184.91765594482425,0.0014073630531695
2016-10-03,184.7327117919922,184.95529725204656,184.09918124112315,184.76696374787355,83512100,-0.0024070174132061,0.009159631560393,184.13112411499023,184.91135131835935,-0.0009660819906054
2016-10-04,183.79104614257812,185.0666641679634,183.20033685226383,184.84407862653913,119948100,-0.0051104857073676,0.0091828837609221,183.9920440673828,184.8962661743164,-0.0059775140656236
2016-10-05,184.6042938232422,185.0323518152725,184.34745641536537,184.4159472616854,72816000,0.0044150884307741,0.0092549285594261,183.89448013305665,184.89574157714844,-0.0015762815921027
2016-10-06,184.7327117919922,184.95529725204656,183.84235688848105,184.3817010923231,62927400,0.0006953972765934,0.0092490959737936,183.82463302612305,184.90170318603515,-0.0009139526090407
2016-10-07,184.0991973876953,185.1779120165763,183.37150655256383,185.0066914120333,89788300,-0.0034352506468953,0.007413873979759,183.94585571289065,184.89073699951172,-0.004281120972645
2016-10-10,185.05804443359375,185.52034134257795,184.91250627588957,185.05804443359375,51855000,0.0051948009875175,0.0067912555311167,183.98469314575195,184.89298431396483,0.0008927332761779
2016-10-11,182.72084045410156,184.6984794829944,181.99314965685423,184.62998863208392,130367400,-0.0127100034228314,0.0065985406901595,184.0391288757324,184.8515536499023,-0.0115266177304423
2016-10-12,182.9605407714844,183.48277201024095,182.36124917108424,182.85779797705703,73866100,0.0013109792514449,0.0066002482311264,184.1089553833008,184.83859771728515,-0.0101605236622346
2016-10-13,182.36126708984375,182.8578159446073,180.82026871823211,181.63357631731463,101357000,-0.003280801782299,0.0062449460918412,184.0581016540527,184.8029232788086,-0.0132122162660878
2016-10-14,182.45542907714844,183.79953740371388,182.3783817759969,183.33722747021903,93346200,0.0005162153508051,0.0061888331624867,184.0473991394043,184.76521392822264,-0.0125011889520044
2016-10-17,181.82191467285156,182.68658710349447,181.6421245705274,182.4297496987284,58275700,-0.0034782017265046,0.0062352666234275,184.0033073425293,184.68468017578124,-0.0155008282235696
2016-10-18,182.9605407714844,183.47420249045143,182.5838476729331,183.41428116838685,76869700,0.0062427881579986,0.0064020594370453,184.01571960449215,184.62913299560543,-0.0090375348518847
2016-10-19,183.4485626220703,183.75676495027773,182.866409926176,183.22597713186872,66519200,0.0026638101217729,0.005886279205965,183.9498008728027,184.58113220214844,-0.0061358903077794
2016-10-20,183.10610961914065,183.6625798404998,182.44689658612387,183.097540097914,73639800,-0.0018684967263905,0.0056809305439834,183.80854110717777,184.5354818725586,-0.0077457854658274
2016-10-21,183.19171142578125,183.27732825736297,182.14724878429809,183.106107657494,89089100,0.0004673891204415,0.0055751524612459,183.72250366210935,184.47433654785155,-0.0069528648053307
2016-10-24,183.9707946777344,184.33893140659717,183.6197839291966,184.06496797457876,60146600,0.00424381252591,0.0053622014948688,183.75032653808591,184.4320101928711,-0.0025007346319892
2016-10-25,183.3543701171875,184.0478220171836,183.1917059799945,183.79098459336805,66542300,-0.0033562913640488,0.0052194686306444,183.69039916992188,184.3666223144531,-0.0054904308847138
2016-10-26,182.98626708984375,183.56841979028252,182.29280204849215,182.53252658412072,75705500,-0.0020096222686877,0.005079266514039,183.56626510620117,184.31312347412108,-0.0071989251729198
2016-10-27,182.49822998046875,183.73959545780744,182.4211826824867,183.70535656869063,77220200,-0.0026706325622841,0.0047089503070513,183.5016242980957,184.24287902832032,-0.0094692888922094
2016-10-28,181.95887756347656,183.14887820685595,181.24831282341424,182.4725523568128,140623200,-0.0029597601449572,0.0043569231129231,183.3406730651855,184.1534994506836,-0.0119173509803149
2016-10-31,181.96746826171875,182.51538200884303,181.80480412278752,182.292783476287,61272500,4.721119172779416e-05,0.0043461049713469,183.20241088867184,184.0697442626953,-0.0114210839450958
2016-11-01,180.64903259277344,182.34415167961672,179.44191895997065,182.29277374641168,122781800,-0.0072718228523785,0.0044847869995542,183.04531021118163,183.95978942871093,-0.0179971766994248
2016-11-02,179.56175231933594,180.72607045776593,179.12512485286732,180.34080785481316,103330800,-0.0060369296039706,0.0044462842551874,182.7931831359863,183.82059356689453,-0.0231684664102052
2016-11-03,178.7399139404297,179.98984916370236,178.4659635880447,179.77582014393815,88939300,-0.0045874183547244,0.0044730413449555,182.4935432434082,183.68404235839844,-0.0269164830787093
2016-11-04,178.54295349121094,179.69014553308793,178.397415372163,178.85115570310376,109122100,-0.0011025463974069,0.0044543846476591,182.215731048584,183.54610595703124,-0.0272582871738589
2016-11-07,182.48110961914065,182.51536157260367,178.54298408491587,178.54298408491587,109794900,0.0218174506522654,0.0067400213019796,182.08688430786137,183.49391845703124,-0.0055195771413413
2016-11-08,183.30300903320312,183.8680487646155,181.8219319159806,182.08732580286676,106772100,0.0044939118750974,0.0062031698430462,182.1159927368164,183.4399398803711,-0.0007464614699354
2016-11-09,185.24642944335935,185.86283415876895,181.78771264430597,181.81339508550664,258429000,0.0105464191265682,0.0066229775214956,182.23028717041015,183.43096282958984,0.0098972746245468
2016-11-10,185.70867919921875,186.8986799041712,184.2532846271845,186.03400745605103,172113300,0.0024922152807594,0.006569570307705,182.3976577758789,183.44179412841797,0.0123575168983239
2016-11-11,185.2806396484375,185.52035110471616,184.33891980256973,184.98956331771265,100552700,-0.0023075582986976,0.0066086936050281,182.53891830444337,183.4438934326172,0.0100125775868085
2016-11-14,185.42611694335935,186.00828247699437,184.6813003818036,185.80280998336607,94580000,0.0007848645852982,0.0065328349570777,182.71912841796876,183.4322067260742,0.0108700116128609
2016-11-15,186.87301635742188,186.87301635742188,185.60596822040517,185.81142771850293,91652600,0.0077728179808939,0.0066062358927274,182.9147521972656,183.43821411132816,0.0187245730816435
2016-11-16,186.52200317382812,186.7531581694383,186.1367535566741,186.25660928341745,65617700,-0.0018801176696594,0.0066262067882984,183.06842422485352,183.4375427246094,0.0168147719567382
2016-11-17,187.4808807373047,187.5408020750015,186.56483018473205,186.67612946469208,69797200,0.0051276592010195,0.0066607885190767,183.28716278076172,183.4645672607422,0.0218914940172314
2016-11-18,187.0613250732422,187.72053797721748,186.88153498550636,187.5493174090308,86265800,-0.002240366148547,0.0067034298221662,183.48064346313475,183.57229888916015,0.0190062782086129
2016-11-21,188.47396850585935,188.49965094574657,187.48944014139417,187.6349783218536,72402600,0.0075233945778473,0.0068248068676914,183.705802154541,183.65615234375,0.0262328057112501
2016-11-22,188.8420562744141,189.0218333070001,188.11435249754751,188.78212188802365,67429000,0.0019510853562965,0.0067406100458278,183.98018646240232,183.80035095214845,0.0274303356666507
2016-11-23,188.94483947753903,188.99620435852816,188.13153171418705,188.32843477907736,56620200,0.0005441332498119,0.0066951709922642,184.27811508178712,183.94796752929688,0.027164594506576
2016-11-25,189.64678955078125,189.68102843743884,189.21016210032596,189.28722245606545,37872300,0.003708221861189,0.0066325541299147,184.63554306030272,184.0733364868164,0.0302784377701766
2016-11-28,188.75648498535156,189.61260113485753,188.65375522766547,189.3386507599294,76572500,-0.0047055946295751,0.0067111954837139,184.97542343139648,184.19507659912108,0.0247640081941921
2016-11-29,189.1245880126953,189.5783284459944,188.49105747219588,188.79070329643193,69886700,0.0019482486426562,0.0066980085703077,185.33327941894532,184.323493347168,0.0260471119461945
2016-11-30,188.67088317871097,189.90369253700135,188.61094877723767,189.74102837676915,113291800,-0.0024018554307637,0.0064290432147418,185.7343719482422,184.44266510009768,0.0229242950719598
2016-12-01,187.97743225097656,188.97051707232507,187.61785196668092,188.97051707232507,79040500,-0.0036822238828906,0.0062908690067935,186.15515594482423,184.506875,0.0188099074951898
2016-12-02,188.071533203125,188.55952553277265,187.71196609547025,188.06297674697552,74840300,0.0005004718148815,0.0060980299927112,186.621736907959,184.5496795654297,0.0190834990664217
2016-12-05,189.20166015625,189.54410137465365,188.70511124525808,188.90201429267543,67837800,0.0059910449683847,0.0060810090522768,187.15467224121093,184.63546356201172,0.0247308751317141
2016-12-06,189.8009033203125,189.83515527372356,188.9105484810152,189.38997132242855,59877400,0.0031622143022722,0.004150860681983,187.52066192626953,184.7631948852539,0.027265757328927
2016-12-07,192.28369140625,192.34361274349055,189.5269963740866,189.64685211186347,110738100,0.0129961954267479,0.0048068812202551,187.96969604492188,184.91781036376952,0.0398332698618394
2016-12-08,192.7545166015625,193.2253830250353,191.9925738665951,192.2579808058571,99714400,0.0024456036839293,0.0044083421159354,188.34510040283203,185.06352172851564,0.0415586756439737
2016-12-09,193.91883850097656,193.9359644794091,192.94286674302495,192.97711869989007,88005800,0.006022268682283,0.004499383469462,188.75560836791993,185.2660775756836,0.0467045075845479
2016-12-12,193.6962890625,194.30413730862392,193.27678742428512,193.82470126639413,102016100,-0.0011483012251348,0.0044459097229721,189.17639083862304,185.4364453125,0.0445427204780612
2016-12-13,194.98898315429688,195.48553202149307,194.33833967139873,194.35546564979697,110477500,0.00665164826354,0.004538742529698,189.65453414916993,185.6415707397461,0.0503519355998935
2016-12-14,193.37950134277344,195.39136626171157,192.9428737882111,194.68935787987144,142501800,-0.0082884739101296,0.004960655893655,189.9798583984375,185.83333984375,0.0406071456573309
2016-12-15,194.1756896972656,195.0318057935021,193.38806445632343,193.61921946002988,124972600,0.0041087798228905,0.0049129836570211,190.36254272460937,186.0247677612305,0.0438163263641169
2016-12-16,193.79592895507812,194.6915449704416,193.47730315707153,194.6312573112015,156420200,-0.0019576734235984,0.0049318157512185,190.67829513549805,186.20603210449215,0.0407607463883166
2016-12-19,194.2178497314453,194.63982380919117,193.83032948958677,193.97672544138717,90341100,0.0021747729891953,0.004846280255647,191.0361213684082,186.4084051513672,0.0418942728131636
2016-12-20,194.9670867919922,195.11349590689724,194.5192919779791,194.75179627515465,89838800,0.0038502928342714,0.0046880654636409,191.36077728271485,186.60658599853517,0.0448028173749593
2016-12-21,194.4245758056641,195.01015974080977,194.4245758056641,194.83792994460757,67909000,-0.0027864558461715,0.0047928842240314,191.63990325927733,186.8406607055664,0.0405902819624944
2016-12-22,194.0886993408203,194.39871819214375,193.69255903179445,194.27815603553404,56219100,-0.0017290351192973,0.0048423605323689,191.8970962524414,187.06322387695312,0.0375566897558037
2016-12-23,194.3728790283203,194.38148591773765,193.94229803224883,194.13174158145424,36697800,0.0014631034522779,0.0048105630000631,192.13340072631837,187.30345611572267,0.0377431525247986
2016-12-27,194.8551483154297,195.25127551528223,194.6226308736002,194.6398577945518,42672500,0.0024780822552656,0.0046079118350971,192.43833389282227,187.55145050048827,0.0389423691229858
2016-12-28,193.24473571777344,195.1306824848043,193.13279360002076,195.1134687068661,64095000,-0.0082990070690478,0.0051084896352918,192.64434127807615,187.77990692138673,0.0291023085801961
2016-12-29,193.2017364501953,193.6667582363065,192.76253533744895,193.31367859594343,48696100,-0.0002225367332988,0.0050533108164922,192.8708839416504,187.98473083496097,0.0277522838799848
2016-12-30,192.4955596923828,193.61507303026372,191.80662739674145,193.52895156569957,108998300,-0.003661822646751,0.0050522782344549,193.0967903137207,188.1656707763672,0.0230110460539937
2017-01-03,193.9681396484375,194.4762220905839,192.79695876636885,193.7958967308444,91366500,0.0076208300313046,0.0052483817527962,193.39162063598633,188.38291137695313,0.0296482745205501
2017-01-04,195.12210083007812,195.26849680321703,194.28677258194588,194.2953794720281,78744400,0.0059316037514909,0.0052457468494542,193.68764266967773,188.62151916503908,0.0344636269170921
2017-01-05,194.9670867919922,195.12210279706625,194.17481926686472,194.8551446586341,78379000,-0.0007947620757724,0.0052559779277509,193.94595184326172,188.8414450073242,0.0324380158414398
2017-01-06,195.6646423339844,196.12966407630137,194.5365089692909,195.07904528556944,71559900,0.0035714266478114,0.0045282957068112,194.11499938964843,189.08765045166015,0.0347827680264377
2017-01-09,195.0187835693359,195.54409299917103,194.98432972524992,195.4063039034097,46939700,-0.0033063053622704,0.0046050659095077,194.22821273803712,189.32830078125,0.0300561657428104
2017-01-10,195.0187835693359,195.87132567623993,194.63125009497077,195.03599735108756,63771900,0.0,0.0044240846215227,194.28320999145507,189.57871185302736,0.0286955832916831
2017-01-11,195.5699157714844,195.5699157714844,194.2695526066204,194.9326510947826,74650000,0.002822061000986,0.0044455152491196,194.37689132690429,189.8509326171875,0.0301235452228647
2017-01-12,195.07894897460935,195.2684055902416,193.7269320069984,195.0531151761399,72113200,-0.0025135977584128,0.004243794997569,194.38138961791992,190.1131622314453,0.0261201627750458
2017-01-13,195.52687072753903,195.8282695988576,195.21685182484828,195.25129252946203,62717900,0.0022934729933668,0.003788211181746,194.4887580871582,190.41071899414064,0.0268690321659666
2017-01-17,194.83795166015625,195.29436658409256,194.45043129043768,194.88961929074637,61240800,-0.0035296202070369,0.0037958043683683,194.52187118530273,190.71624298095705,0.0216117338239028
2017-01-18,195.26849365234375,195.3115543826404,194.53650065817047,195.08764384121375,54793300,0.0022073060938525,0.0037871579601885,194.595499420166,191.0468145751953,0.0220976156369611
2017-01-19,194.5451812744141,195.48384504186964,194.11460011793417,195.3460559181255,66608800,-0.0037110714917325,0.0038680504451709,194.61186599731445,191.36685913085935,0.0166085295959282
2017-01-20,195.25990295410156,195.7507585273752,194.59680444535823,195.2254491108912,129168600,0.0036670762364925,0.0038588676994077,194.62650680541992,191.6224349975586,0.018982474346437
2017-01-23,194.7517547607422,195.32012475770605,193.99394123841128,195.25985025879095,75061600,-0.0026058117538058,0.0038520228143249,194.64286575317385,191.85140991210935,0.0151176624136435
2017-01-24,196.00051879882812,196.4138729688455,194.85517151455983,194.96711366334637,95555300,0.0063916111248104,0.0040725267074384,194.73845672607425,192.06649169921872,0.0204826311180305
2017-01-25,197.6969451904297,197.6969451904297,196.78410253166143,196.94772539634903,84437700,0.0086179721544862,0.004458462899326,194.9046600341797,192.30625701904296,0.0280317877064859
2017-01-26,197.4903564453125,197.81760233184457,197.21477819553937,197.5506309747665,59970700,-0.001045523290252,0.0044602709368662,195.03642044067385,192.55045135498048,0.0256551208037676
2017-01-27,197.1802673339844,197.71418357760163,196.99941752937465,197.56778761210305,59711100,-0.0015713820915568,0.0039754614075797,195.2331970214844,192.78553436279296,0.0227959685134945
2017-01-30,195.9574432373047,196.5171933597688,194.97571894509807,196.49135954736528,79737300,-0.0062208636175893,0.0042872232625639,195.37098236083983,192.96722290039065,0.0154960012999596
2017-01-31,195.9402008056641,196.0004884566942,194.89820208042732,195.4665590486064,75880800,-8.799456650899389e-05,0.0041683273098869,195.5432144165039,193.15558685302733,0.0144164297704501
2017-02-01,196.0176696777344,196.8529977813524,195.4320858864864,195.9401682595318,79117700,0.0003952918357449,0.0038553340186348,195.64569091796875,193.32632263183595,0.0139212653986273
2017-02-02,196.14694213867188,196.4311272765187,195.3288405759399,196.01775990858116,69657600,0.0006592765472694,0.0036404955072934,195.69693298339843,193.50803497314453,0.0136371968528003
2017-02-03,197.49888610839844,197.67973590662965,196.74107249844477,197.05109133806323,80563200,0.0068688612363914,0.0039162909287911,195.82352294921876,193.68853332519532,0.0196725780188839
2017-02-06,197.14584350585935,197.49031624796152,196.809990794992,197.09417587961693,57790100,-0.0017891671684646,0.0038888161396884,195.8975830078125,193.85460906982425,0.0169778498010829
2017-02-07,197.15444946289065,197.7744872141205,196.964992753332,197.53336288200785,57931200,4.3651791216700555e-05,0.0037927747591747,196.00436630249024,194.01880126953125,0.0161615687389149
2017-02-08,197.4127655029297,197.54193453627465,196.61187807532636,197.15441429595157,51566200,0.0013093641192002,0.0037941803041268,196.12406539916992,194.1741207885742,0.0166790749519183
2017-02-09,198.58401489257812,198.88541378798945,197.4128337377141,197.4128337377141,65955200,0.0059154663020857,0.0039489925292854,196.2747703552246,194.37067138671875,0.0216768480337063
2017-02-10,199.36764526367188,199.5915558331859,198.6012114732937,198.9284572962501,66015900,0.0039383244872212,0.0039305777237315,196.48920516967777,194.57553253173828,0.0246285474313268
2017-02-13,200.45269775390625,200.71104900172796,199.83266001525024,199.85849382600335,55182100,0.0054277135868295,0.0040420973696007,196.7354965209961,194.81116882324216,0.0289589604371338
2017-02-14,201.25357055664065,201.26219058701625,199.92738676753208,200.2718463350098,71109000,0.0039873605517534,0.0039225759339668,197.05627746582033,195.07669158935548,0.0316638493146467
2017-02-15,202.30419921875,202.49365593222012,200.98662225525655,201.03828987887735,86785800,0.0052068433044658,0.0040027415192085,197.40806274414064,195.36134490966796,0.0355385263768137
2017-02-16,202.1319580078125,202.51087141334727,201.38275122705335,202.3300216006002,84722400,-0.0008517597562591,0.0038446162498156,197.78740158081055,195.6199508666992,0.0332890746177047
2017-02-17,202.45054626464844,202.45054626464844,201.4515953151342,201.46882223227416,77204100,0.0015748991581263,0.0038227732063114,198.1469337463379,195.8729437255859,0.0335809653643516
2017-02-21,203.65623474121097,203.82846453736573,202.81228640155743,202.8209064325544,88946100,0.0059378078644431,0.0037806897160162,198.59215774536136,196.10039459228517,0.0385304688684346
2017-02-22,203.47537231445312,203.69926972156108,203.0878520120281,203.25147490734517,62115200,-0.0008884716171425,0.0037092558707298,198.9659004211426,196.31481170654297,0.0364748871756756
2017-02-23,203.61317443847656,204.00930165644272,202.8553475654405,203.9920878749946,74615900,0.0006770130497948,0.0033573965835149,199.26171188354493,196.50869842529295,0.0361534938153615
2017-02-24,203.8715057373047,203.91455332700036,202.72615864919575,202.76921937918132,82381600,0.0012679315125445,0.0033054614678109,199.58076934814457,196.71220275878903,0.0363948086499466
2017-02-27,204.19015502929688,204.36238482880697,203.53567653504197,203.7854077732879,56515400,0.0015617706214419,0.003220910385239,199.93126373291017,196.89622619628904,0.0370445334271484
2017-02-28,203.63902282714844,204.05237699644127,203.25150247216817,203.8112526359961,96961900,-0.0027027616834246,0.002835935167337,200.31534271240236,197.10141662597655,0.0331687428385041
2017-03-01,206.4894561767578,206.9544910893418,205.27521440981133,205.29244133183445,149158200,0.0139004209291516,0.0038556231128018,200.84280548095705,197.3476919555664,0.0463231372538662
2017-03-02,205.1890869140625,206.308600215748,205.13741929311072,206.29998018539592,70246000,-0.0063174222184218,0.0043234529717888,201.30137634277344,197.5755551147461,0.0385347863246275
2017-03-03,205.3182830810547,205.4819059958703,204.72407908105768,205.102992538464,81974300,0.0006294462935433,0.0043240489318253,201.75994338989256,197.7975637817383,0.0380223050048038
2017-03-06,204.7068634033203,205.05992990327823,204.1040393774143,204.52601356749017,55391500,-0.0029823543075974,0.0043354647171782,202.12034225463867,197.99235931396484,0.033912945492548
2017-03-07,204.09542846679688,204.7585269980592,203.88874482138883,204.40544736476315,65103700,-0.0029913501201858,0.0043956496460189,202.4678215026856,198.1857763671875,0.0298187499019118
2017-03-08,203.71649169921875,204.6465482866462,203.5787026180539,204.38819704453468,78168800,-0.0018583903897774,0.0044542895723031,202.79592361450196,198.37833221435548,0.0269089845915993
2017-03-09,203.9748382568359,204.3020840320143,203.010340991413,203.8370491788356,90683900,0.0012673636803849,0.0044544621129495,203.1240272521973,198.57037139892577,0.0272168844719166
2017-03-10,204.68963623046875,204.97382132054472,203.74235259688217,204.93076058441957,81991700,0.003498217962186,0.0043640844013258,203.4293083190918,198.76706115722655,0.029796562059935
2017-03-13,204.79295349121097,204.83601422355267,204.30209793532904,204.62933059248675,57256800,0.000504623471317,0.0043311132090416,203.70057373046876,198.9980255126953,0.0291205300333292
2017-03-14,204.0093231201172,204.3021282593268,203.39790530710175,204.2504474886715,59880800,-0.003833791423096,0.004366303525405,203.8784049987793,199.21417724609375,0.0240703043343139
2017-03-15,205.7746734619141,206.19664760561835,204.34514127577168,204.57765871334672,96081800,0.0086160576187444,0.0046529730885878,204.10446014404295,199.47975952148437,0.0315566549485024
2017-03-16,205.3699188232422,205.9899565408601,205.0426861847087,205.91245511123032,78344000,-0.0019689169067231,0.0045968272173592,204.2577461242676,199.70779510498048,0.0283520416180314
2017-03-17,205.00927734375,205.8222935113512,205.00927734375,205.6320125701059,89002100,-0.0017576016313725,0.0046178751470869,204.4016120910645,199.90553863525392,0.0255307518908134
2017-03-20,204.784423828125,205.29471676192333,204.39521757687984,205.0092953250212,52537000,-0.0010973987035311,0.0046300774212528,204.51830596923827,200.10188537597656,0.0234007712788427
2017-03-21,202.1551055908203,205.5109555506697,202.02537456555163,205.38986886126585,131809300,-0.0129225825311167,0.0053453507970217,204.44324951171876,200.23169464111328,0.0096059265400239
2017-03-22,202.6307678222656,202.9161892187049,201.56693403368797,202.18966922638143,97569200,0.0023501929371903,0.0053777726409951,204.40101928710936,200.38393432617187,0.0112126428880095
2017-03-23,202.41448974609375,203.5475175150741,202.0425855093856,202.63071682253897,100410300,-0.0010679206468178,0.0053768137229644,204.34108505249023,200.53184844970704,0.0093882408751588
2017-03-24,202.26754760742188,203.28813353106028,201.4891350621878,202.71730382336963,112504900,-0.0007262103655042,0.0053647772176312,204.2608871459961,200.66580108642577,0.007982159951143
2017-03-27,202.0599670410156,202.31944229149656,200.3215052984744,200.59826922085048,87454500,-0.0010267942552688,0.0053462795577934,204.15437774658204,200.8054214477539,0.0062475683386272
2017-03-28,203.53025817871097,203.95405486324012,201.64475093774175,201.75719325688067,93483900,0.0072501627837006,0.0055904811244782,204.14893951416016,200.96548919677736,0.012762235905202
2017-03-29,203.7205352783203,203.95406426057835,203.0199615290021,203.24484617764165,61950400,0.0009344468642519,0.004544337513409,204.01049346923827,201.14314086914064,0.0128137325391397
2017-03-30,204.36920166015625,204.56814009591145,203.48700458728308,203.6599836291726,56737900,0.0031790406345602,0.0044181255633735,203.96949920654296,201.32515502929687,0.0151200510955345
2017-03-31,203.8935546875,204.55952479613492,203.8416490865079,204.03193003110584,73733100,-0.0023301032507452,0.0044383919320402,203.89826278686525,201.5121224975586,0.0118178110598296
2017-04-03,203.53890991210935,204.14434319591695,202.3107414799695,203.94541794497783,85546500,-0.0017408768116023,0.0044081907407746,203.8398651123047,201.67770263671875,0.0092286219599753
2017-04-04,203.6686859130859,203.75518205736935,202.87297153602125,203.2535334549345,56466200,0.0006373948163087,0.0043654551834212,203.81852798461915,201.8560412597656,0.0089798880529298
2017-04-05,203.0632171630859,205.32062888253068,202.85563437139967,204.3432780515103,108800600,-0.0029772397623991,0.0043961726533582,203.78586425781248,201.9972952270508,0.0052769119251671
2017-04-06,203.6340789794922,204.15301621103777,202.76051286391876,203.20162468780876,69135800,0.0028073075318328,0.0044358062195268,203.7688262939453,202.11603790283203,0.0075107403272468
2017-04-07,203.42640686035156,204.11833606276656,202.9420603778966,203.3831588106784,74412300,-0.0010203502643087,0.0043581645792337,203.70566482543944,202.2347589111328,0.0058923992870206
2017-04-10,203.54757690429688,204.343291194087,203.01998215593576,203.56487877074764,67615300,0.0005954682724672,0.0043591050173241,203.64339599609372,202.36210510253903,0.0058581709315443
2017-04-11,203.30538940429688,203.4091742008586,201.8177457321159,203.16700087724368,88045300,-0.0011905408030006,0.0042859411181407,203.60819931030272,202.5090640258789,0.0039322949925649
2017-04-12,202.41448974609375,203.2188613331457,202.18961833767395,203.02858045007764,81864400,-0.0043917053902925,0.0038464678222468,203.4401901245117,202.6385498046875,-0.0011057129001846
2017-04-13,201.09988403320312,202.8124124799033,201.09988403320312,202.07723492675308,92880400,-0.0065158043894082,0.0040468977346871,203.22668838500977,202.74019409179687,-0.0080906998532863
2017-04-17,202.8816070556641,202.8816070556641,201.4199094790997,201.6188347524172,68405400,0.0088208723142452,0.004602746415752,203.12030487060548,202.8748873901367,3.3122214453593195e-05
2017-04-18,202.2761383056641,202.812390527755,201.59286642580503,202.14640731501228,83225800,-0.0029888072369413,0.0046345203103545,202.99489059448243,202.97043243408203,-0.0034206663507179
2017-04-19,201.90423583984375,203.21024288163855,201.6793511907246,202.83833857341216,68699900,-0.0018402802044241,0.0036419145966195,202.9823471069336,203.0656002807617,-0.005719158928505
2017-04-20,203.54757690429688,203.9886887153188,202.19832166519816,202.51833360852208,92572200,0.0081062657098217,0.0040474395650392,203.02818756103517,203.19346282958983,0.001742743441525
2017-04-21,202.89886474609375,203.52159986940245,202.5010142602025,203.4697074753693,110389800,-0.003192119022685,0.0041105516618481,203.05240631103516,203.30318481445312,-0.0019887542279693
2017-04-24,205.13031005859375,205.33789281192935,202.8728987562031,205.1389543909375,119209900,0.0109377843392069,0.0047603268761937,203.19554443359377,203.43411071777345,0.0083378315211526
2017-04-25,206.3238983154297,206.6698563911759,205.6838613580991,205.770357475763,76698300,0.0058018198898814,0.0048732989954784,203.40874099731445,203.5732357788086,0.0135119065435979
2017-04-26,206.19419860839844,207.17154951947384,206.15096373769677,206.28933907936556,84702500,-0.0006288194979672,0.0046589581231848,203.5419380187988,203.68806579589844,0.0123037783421794
2017-04-27,206.3671875,206.6698975772396,205.83093521903572,206.5142203713662,57410300,0.0008386092715627,0.0046586996449182,203.6742706298828,203.7903381347656,0.0126446100871098
2017-04-28,205.9174346923828,206.65259906113272,205.7876904879275,206.62665285973316,63532800,-0.0021817596961551,0.0046594708778576,203.75168228149417,203.86260284423827,0.0100794938329838
2017-05-01,206.43634033203125,206.86015021914145,206.02118797570128,206.43634033203125,66882500,0.0025167996268519,0.0046372347162681,203.8788215637207,203.94869049072267,0.0121974298306256
2017-05-02,206.51422119140625,206.69584459897976,206.10771311117955,206.57475792811164,57375700,0.0003771921753105,0.0046045580555522,204.0275871276855,204.02996398925785,0.0121759429525715
2017-05-03,206.26336669921875,206.60933800312412,205.58873915342295,206.51419754423213,73137700,-0.0012154464313428,0.0046250199951631,204.15732116699215,204.08210662841796,0.0106881495239183
2017-05-04,206.50555419921875,206.64394273028756,205.65794754197145,206.5661041306076,61462700,0.0011734775344271,0.0045469629196541,204.32943801879884,204.14271026611328,0.0115744712609396
2017-05-05,207.3185882568359,207.33589012408044,206.43637779177612,206.87748962303496,62001300,0.0039293749218905,0.0045793152371675,204.513663482666,204.21681854248047,0.0151886104998263
2017-05-08,207.2840118408203,207.5088833404866,206.86020184793435,207.3618504525365,48385700,-0.0001667930499596,0.004564462893384,204.70654373168944,204.2850686645508,0.0146801878173191
2017-05-09,207.0936584472656,207.7423397129345,206.74768718710308,207.54341448674987,51363200,-0.000918743554941,0.0045829863280786,204.88384780883788,204.34313873291015,0.0134602988454168
2017-05-10,207.46560668945312,207.46560668945312,206.842871486589,207.05045428669604,54293800,0.0017944278334731,0.0045611237086335,205.09185867309571,204.41967041015624,0.0149004069578303
2017-05-11,207.04180908203125,207.20614381507636,205.96067341458388,207.01586288180903,62358300,-0.0020448259257426,0.0044434343335209,205.32322463989257,204.43071746826172,0.0127725013447399
2017-05-12,206.69581604003903,207.0850221999492,206.4276965342667,206.7909564966798,53912700,-0.0016725243325166,0.0041253992015459,205.60302124023437,204.46085205078128,0.0109310118139519
2017-05-15,207.83753967285156,207.95862634921735,207.10236208226476,207.11966394959072,61918900,0.0055084904703767,0.0038691619414007,205.85081787109377,204.5112371826172,0.0162646441147103
2017-05-16,207.6472320556641,208.1575248978483,207.258025874294,208.13157869892072,51241800,-0.0009160751172876,0.0037775439339876,206.11937255859377,204.57004455566403,0.0150422194348338
2017-05-17,203.9627685546875,207.64727473166943,203.902218613108,207.64727473166943,172174100,-0.0179031700302767,0.0057006867179741,206.22229919433593,204.56739135742188,-0.0029556167223053
2017-05-18,204.784423828125,205.63203060599696,203.62543621230657,203.8849114456229,107047700,0.0040203646433444,0.0054830865999666,206.28414154052737,204.58875,0.0009564251608409
2017-05-19,206.11634826660156,206.78233152544615,205.2168492084189,205.26874160827177,115011400,0.0064829720159901,0.0055843683874535,206.44501571655277,204.63158020019532,0.0072558109796819
2017-05-22,207.1628875732422,207.32722229980183,206.5574542628563,206.6266353290807,61010600,0.0050645735514993,0.005160827645917,206.54664459228516,204.6810452270508,0.012125413681752
2017-05-23,207.62127685546875,207.78561157318967,207.15421890010865,207.53478073115593,48341700,0.0022102553961734,0.0050271322185749,206.61151351928712,204.73761169433592,0.014084686918386
2017-05-24,208.10562133789065,208.2094061280343,207.51747673301352,207.85480369589155,46927700,0.0023301100009111,0.0050414626876719,206.70708465576172,204.81953765869144,0.0160437999067995
2017-05-25,209.10023498535156,209.37701198821208,208.40831887310807,208.6158884277996,64071700,0.0047679845172562,0.0051326777143676,206.8437370300293,204.88604888916015,0.0205684385005209
2017-05-26,209.0570526123047,209.22137415187208,208.8321679416575,208.91000654420895,46629900,-0.0002065365090177,0.005094021251267,207.0007179260254,204.9597915649414,0.0199905601780681
2017-05-30,208.87542724609375,209.12624493362787,208.5813614889964,208.73703870247456,35201900,-0.0008691613425519,0.005088705383137,207.1226722717285,205.03711456298828,0.0187200872938851
2017-05-31,208.82345581054688,209.2040175627438,208.1315265517755,209.1694138412061,91796000,-0.0002488464198647,0.0050919902170479,207.2381340026855,205.11789520263673,0.0180655159524204
2017-06-01,210.4841766357422,210.5014785046096,208.99653265216156,209.28195409990823,68962000,0.0079212939638328,0.0053290393051599,207.4491744995117,205.28447662353517,0.0253292411473595
2017-06-02,211.18470764160156,211.3403980348541,210.24196054050776,210.53602626420476,88666100,0.0033226622901203,0.0053540594327912,207.6831321716309,205.45555541992184,0.0278851170997548
2017-06-05,211.0290374755859,211.29715700891515,210.83009901105527,211.01173560965785,44698800,-0.000737399835367,0.0053268151116117,207.86865463256837,205.6278463745117,0.0262668271652126
2017-06-06,210.35443115234375,211.02040128717897,210.2765793465217,210.4668602986055,50375400,-0.0032018669444941,0.005401129068711,208.02217559814457,205.78958404541015,0.0221821095956261
2017-06-07,210.7436065673828,210.96847802447388,210.025730934513,210.6917141693969,54144300,0.001848384418739,0.0053919653372716,208.2046730041504,205.9632568359375,0.0232097210195756
2017-06-08,210.8473968505859,211.32309917359729,210.3198021282382,210.83875251651543,65950700,0.0004923742891023,0.0053881206576287,208.37376251220704,206.109599609375,0.0229867859148245
2017-06-09,210.5273895263672,211.91123526293748,209.2646172592581,211.11552099498175,132256400,-0.0015188729657554,0.0053747286562914,208.54804153442385,206.24573669433593,0.0207599580028014
2017-06-12,210.4841766357422,210.53606904488535,209.6365698256655,210.2852513348736,86108100,-0.000205281252345,0.0053486547890271,208.737459564209,206.36803619384764,0.0199456297487278
2017-06-13,211.51339721679688,211.565289620332,210.6744348330919,211.02039298829783,60067000,0.0048778603743603,0.0053218990937416,208.92125244140624,206.5204330444336,0.0241766109956249
2017-06-14,211.24525451660156,211.79013789146447,210.42358089248344,211.78149355764185,78602300,-0.0012685381366108,0.0053287270038004,209.1011535644531,206.67455993652345,0.0221154194376023
2017-06-15,210.83880615234375,210.9598928474178,209.61928166787396,209.8960456005603,66464900,-0.0019259125267358,0.0030991145820735,209.44495544433593,206.8179623413086,0.0194414632342214
2017-06-16,210.88482666015625,211.04996279608503,210.00701378083883,210.9978173345951,84553100,0.0002182496043119,0.0030629677892564,209.7499755859375,206.97439453125,0.0188933135316689
2017-06-19,212.6404266357422,212.70125857570503,211.6148507880972,211.71045520387923,65123800,0.0082904621028795,0.0032402678994478,210.07617950439453,207.154521484375,0.0264821888127648
2017-06-20,211.20640563964844,212.292813659966,211.18903265983135,212.28412717005747,56906400,-0.0067667202333319,0.0036237189505562,210.27835540771488,207.31012145996092,0.0187944715494271
2017-06-21,211.15426635742188,211.7105067496339,210.6849439141061,211.5975293302492,55977600,-0.0002468945900899,0.0036209847767437,210.4550048828125,207.46225524902343,0.0177960617653886
2017-06-22,211.05862426757812,211.65832352725792,210.8848016626108,211.1629284400103,44148100,-0.000453051498916,0.0036143264204366,210.60265502929687,207.61731994628903,0.0165752275493168
2017-06-23,211.3107147216797,211.64097374946985,210.73708809083055,211.11950584473,66986800,0.0011936968939966,0.0034890237832193,210.7131790161133,207.7952444458008,0.0169179534654645
2017-06-26,211.44970703125,212.3970646667427,211.2411252311376,211.9798745428912,56700500,0.0006575464846116,0.0034848255195752,210.83281173706055,208.0022409057617,0.0165741778092199
2017-06-27,209.74623107910156,211.5279424723989,209.72884484149196,211.2324294802899,82247700,-0.0080888018426818,0.0039803413125582,210.87635192871093,208.13953338623048,0.0077193297531307
2017-06-28,211.62359619140625,211.82349155414153,210.5284884176897,210.7631562637456,70042600,0.0089108304066377,0.0044269180887639,211.0163589477539,208.3264825439453,0.0158266659485571
2017-06-29,209.76370239257812,211.8235281139844,208.55561699410077,211.77138264182005,106949700,-0.0088275364863147,0.0045642563534904,210.9803352355957,208.483671875,0.00613971591188
2017-06-30,210.15472412109375,210.94563216967157,209.96351529040868,210.57190099630944,86820700,0.0018623704836251,0.0045168532096267,210.9288360595703,208.61581481933592,0.007376762414156
2017-07-03,210.5111083984375,211.52798468158704,210.5111083984375,211.09342148732745,39153800,0.0016943822628621,0.0045355769832369,210.9029396057129,208.7680596923828,0.0083492116017318
2017-07-05,210.99777221679688,211.2063540181552,210.06780081302975,210.8760950787334,54427600,0.002309151987011,0.0045059820506291,210.93510665893555,208.88540893554688,0.0101125458786917
2017-07-06,209.06832885742188,210.35463203575168,208.88580650381545,210.23295488728553,65400800,-0.009186444339852,0.0049419215224367,210.8513427734375,208.94029754638672,0.0006127650459899
2017-07-07,210.42417907714844,210.57192896378987,209.0770305954212,209.64197067450192,57972300,0.0064642629627597,0.0051735995319199,210.83018188476564,209.02489715576172,0.0066943313472557
2017-07-10,210.650146484375,211.023877706191,210.1199788872515,210.42417841054788,36663300,0.0010732899880189,0.0051686623990915,210.83631973266603,209.1105563354492,0.0073625654099261
2017-07-11,210.49371337890625,210.8065993961972,209.3290872496961,210.65014975664388,50354600,-0.0007428963239026,0.0051713430545907,210.83679656982423,209.2020819091797,0.0061740851617685
2017-07-12,212.0754852294922,212.24062133400895,211.45841303681908,211.45841303681908,59610400,0.0074864862069838,0.0053312133465659,210.864900970459,209.3148648071289,0.0131888407682226
2017-07-13,212.431884765625,212.54487544761292,211.85825812727933,212.08423949125515,39471600,0.0016791210002991,0.0053311814316716,210.92423248291016,209.4332180786133,0.0143180089315445
2017-07-14,213.4226837158203,213.7790287344336,212.33627567991405,212.43188011754648,60262700,0.0046532352183457,0.0053905484677514,211.053426361084,209.57640441894532,0.0183526352002215
2017-07-17,213.39659118652344,213.72686344258008,213.2227685692678,213.3444457275283,33531900,-0.00012226500003,0.005392385143627,211.17901458740235,209.71422515869145,0.0175589711429711
2017-07-18,213.50955200195312,213.5616974536571,212.64911226339612,212.9880709612858,42742500,0.0005292068051414,0.0050793932418997,211.22247085571288,209.83804443359375,0.0174968632512264
2017-07-19,214.66549682617188,214.6741833144012,213.813743554394,213.8224433044374,51034300,0.0053994161300133,0.0049268672417927,211.39542541503903,209.9856741333008,0.0222863903082278
2017-07-20,214.7611083984375,215.03922191099485,214.21355460002695,214.9175447626608,47135200,0.0004452987899785,0.0049214637184145,211.57576751708984,210.1390231323242,0.0219953685765578
2017-07-21,214.5699005126953,214.59597324018205,213.9615015064993,214.1874828271371,82340800,-0.0008907248459364,0.0049285161382669,211.7513313293457,210.28110900878903,0.0203955149567286
2017-07-24,214.51776123046875,214.65681136046095,214.0484255985733,214.4916752404168,46622300,-0.0002430239185687,0.0049333272156311,211.91168365478515,210.43062805175785,0.0194227105462311
2017-07-25,215.03924560546875,215.36951787097337,214.81327752275385,215.26521368818368,54915600,0.0024280112901928,0.0049473860221383,212.0911605834961,210.5974966430664,0.0210911764536807
2017-07-26,215.0479431152344,215.36082915600545,214.78721579943908,215.32606993450497,47575400,4.044533292280256e-05,0.0044876459952741,212.35624618530272,210.74170471191405,0.0204337267234647
2017-07-27,214.84800720214844,215.54331085727668,213.5269315835862,215.50855164233664,70766600,-0.0009301596228282,0.0041283748337119,212.51746673583983,210.88572021484376,0.0187887875161391
2017-07-28,214.59600830078125,214.72637195951367,213.91809075173916,214.3700269432227,50088400,-0.0011736055047654,0.0035001873892061,212.75908203125,211.0983850097656,0.0165686880591427
2017-07-31,214.47433471679688,215.09140706086657,214.26573959752176,214.99580262225925,65838700,-0.0005671498355729,0.0035158767598128,212.97506256103512,211.29218322753903,0.0150604316764098
2017-08-01,214.9523468017578,215.10878318749505,214.430865659001,215.07402396682556,55050400,0.0022262812394545,0.0035232718479906,213.19712448120117,211.46890319824217,0.0164726044862022
2017-08-02,215.05662536621097,215.1956887645296,214.1266538094975,215.08269809566875,47211200,0.0004850064684535,0.003512388289569,213.4000671386719,211.62677795410156,0.0162070577517051
2017-08-03,214.63943481445312,214.9696937872359,214.36130803546263,214.9436210594324,40856000,-0.0019417943123305,0.0026886928028609,213.67862243652343,211.76714111328124,0.0135634531687586
2017-08-04,215.0305633544922,215.3608223646905,214.64814562096288,215.1261677878745,60191800,0.0018206002268792,0.0024062870467275,213.90894165039063,211.90563995361327,0.0147467684275084
2017-08-07,215.43035888671875,215.43035888671875,214.99579568195313,215.10009986913212,31995000,0.0018575235359314,0.0024125066720001,214.1479522705078,212.0322424316406,0.0160264137949382
2017-08-08,214.90017700195312,216.33424343971365,214.52645903629823,215.1174585899336,61719400,-0.0024640694015672,0.0025112100681577,214.36827545166017,212.1491049194336,0.0129676346433999
2017-08-09,214.89144897460935,214.94359442375455,213.8571866938526,214.2135316120956,62632600,-4.061515775300039e-05,0.0020070033076757,214.509073638916,212.2694253540039,0.0123523376776125
2017-08-10,211.8582000732422,214.18746521106263,211.80605462255747,214.05708832253737,120479500,-0.0142158288371127,0.0038671196034381,214.4803894042969,212.3301202392578,-0.0022225775857134
2017-08-11,212.1710968017578,212.7621095503957,211.84952433168104,212.08419213347943,74869900,0.0014758262582986,0.0037226129527815,214.41781005859377,212.36385864257812,-0.0009076960743341
2017-08-14,214.27439880371097,214.491680385441,213.4139722276217,213.4487314454998,73291900,0.0098644214984933,0.0043617841231355,214.46170043945312,212.42565246582032,0.0087030277013653
2017-08-15,214.24832153320312,214.6741981986198,213.94413528231837,214.65681195914163,55242700,-0.0001217077615838,0.0043616681211532,214.49863891601564,212.4900381469727,0.0082746626691944
2017-08-16,214.62205505371097,215.16960887774223,214.19617838370715,214.76980493632897,56715500,0.0017428744698428,0.0042048671931098,214.49646682739257,212.575390625,0.0096279462203667
2017-08-17,211.27593994140625,214.32658218751973,211.27593994140625,214.0136961433495,128490400,-0.0157135464453733,0.0054737269705935,214.32220840454104,212.58603729248048,-0.0061626688552068
2017-08-18,210.94566345214844,212.23196674420893,210.5024005235471,211.11078631966924,136748000,-0.0015644701927506,0.005476270345293,214.14099655151367,212.58800262451172,-0.0077254555858643
2017-08-21,211.1107635498047,211.37150408053873,210.18080534642425,210.88479549613615,65469700,0.0007823603457497,0.0054870584467036,213.97064666748048,212.59967010498048,-0.0070033342687717
2017-08-22,213.31837463378903,213.47481101197403,211.6757263537683,211.6931125941719,63140100,0.0104028248491217,0.0059998219081165,213.88460311889648,212.6563540649414,0.0031131003433147
2017-08-23,212.5535430908203,212.97941978670568,212.205897847276,212.35364773887312,50203800,-0.0035918422108396,0.006040568771106,213.75988311767577,212.67715698242188,-0.000581227873061
2017-08-24,212.05813598632812,213.0923851691312,211.84954089488585,212.93594879691088,50741700,-0.0023334606827653,0.006052946600437,213.62038955688476,212.6934146118164,-0.0029868279027242
2017-08-25,212.5535430908203,213.46612843239413,212.4057931992232,212.8490428740146,64445900,0.0023334606827652,0.0060877861648906,213.5182662963867,212.7277093505859,-0.0008187286005068
2017-08-28,212.5622406005859,213.10978119030355,212.14505039855297,213.08370846040347,40565600,4.091831026029071e-05,0.0060888366772306,213.42266159057615,212.76125762939452,-0.0009354006975991
2017-08-29,212.8055419921875,213.0662692263407,211.13680812273213,211.2497987654069,51135700,0.0011439579022717,0.0060685956221584,213.3153213500977,212.76455993652343,0.0001926169267865
2017-08-30,213.81378173828125,214.0832220632763,212.6056965679595,212.7882189478831,62030800,0.0047266570786864,0.0061780309501232,213.25317916870117,212.8167074584961,0.0046851315937194
2017-08-31,215.10008239746097,215.3434367114177,213.848538347503,214.43085140317208,103803900,0.0059979619360179,0.0063197604422577,213.27621154785157,212.89562377929687,0.0103546450557828
2017-09-01,215.404296875,215.83017361111808,215.25654696944488,215.47382858264075,62007000,0.0014132935357804,0.0063146025740536,213.29489822387697,212.98253723144532,0.0113706958093141
2017-09-05,213.8572235107422,215.12615379291992,212.89249275003215,214.90017245863575,91398800,-0.0072081003732429,0.0065033644319176,213.21624145507812,213.03346740722657,0.003866791981285
2017-09-06,214.5873260498047,214.91759836128475,214.00501289028105,214.53518058205896,57916900,0.0034081574687894,0.006536153629752,213.2005989074707,213.09621978759765,0.0069973379335085
2017-09-07,214.56121826171875,214.9088767595875,214.15272781535776,214.89149051924016,58034700,-0.00012167249995,0.0065361577251631,213.18408737182617,213.19251953125,0.0064200129229586
2017-09-08,214.3091278076172,214.7697636064929,214.06577354639276,214.2743553349779,63832800,-0.0011756023023987,0.0056405540497041,213.30663375854493,213.2462301635742,0.004984367804428
2017-09-11,216.5950469970703,216.67326520865828,215.5607842155643,215.57815719914865,71364800,0.0106099720874747,0.0060707087244241,213.52783126831056,213.3828570556641,0.0150536457601573
2017-09-12,217.32504272460935,217.3598019428115,216.77748888976456,216.960011255318,56896000,0.0033646583023741,0.0057378317959514,213.68036346435548,213.52626342773436,0.0177906887700521
2017-09-13,217.4293670654297,217.4641395507926,216.92527212220693,217.03826280691024,59228000,0.000479923103589,0.0057348356967284,213.8394157409668,213.6646286010742,0.0176198488678464
2017-09-14,217.35980224609375,217.5597108519348,216.93393882890064,217.10776144378448,95446300,-0.0003199933431629,0.005734341625788,213.9763031005859,213.79186920166015,0.0166888154248192
2017-09-15,217.6524200439453,217.739756008967,217.11089174686597,217.21570023594433,95432400,0.0013453315883659,0.0042518850587654,214.29512710571288,213.9635510253906,0.0172406421602011
2017-09-18,218.1153259277344,218.46469641738005,217.7310103925462,218.01924704393736,46235200,0.002124554018454,0.0041921521537884,214.6536102294922,214.11737396240235,0.0186717774991676
2017-09-19,218.33367919921875,218.42102848279805,218.0105108397084,218.35988131876667,47108100,0.0010005901589277,0.0041900004290685,215.0147560119629,214.2710446166992,0.018960259375162
2017-09-20,218.412353515625,218.52590495408307,217.41663268010373,218.42109644328093,59574100,0.0003602749028683,0.0036578617236877,215.2694549560547,214.4294174194336,0.0185745787314274
2017-09-21,217.82708740234375,218.34241353480817,217.65240215902375,218.25507757696303,48211400,-0.0026832349830501,0.0036006725304116,215.53313217163085,214.5444494628906,0.0153005027520925
2017-09-22,217.8708038330078,218.03675951066276,217.50396075338588,217.530162878528,51214000,0.0002006731347118,0.0035123510218648,215.82376556396488,214.65322784423827,0.0149896464222021
2017-09-25,217.42527770996097,217.9668192362781,216.68286216782775,217.61743545677857,57064400,-0.0020470033961195,0.0035837858553727,216.06735229492188,214.7332797241211,0.0125364731042082
2017-09-26,217.55633544921875,218.09786373210036,217.3205030273446,217.85330171224217,54082000,0.0006025898072872,0.0035769712632688,216.31705703735352,214.816474609375,0.0127544260505435
2017-09-27,218.403564453125,218.78787999161077,217.37289884285593,218.25508132737005,81001400,0.0038867339434903,0.0036284846731851,216.5969581604004,214.91435485839844,0.0162353491790974
2017-09-28,218.66558837890625,218.7441947367933,218.03671086055107,218.12404681566025,44778800,0.0011990045761598,0.003537662378401,216.83954849243165,214.99435668945313,0.0170759444386533
2017-09-29,219.4342041015625,219.51282378636617,218.47342863829596,218.65684347170293,85578000,0.0035088649867307,0.0033981257715425,217.0562545776367,215.0878186035156,0.0202074925779913
2017-10-02,220.3862762451172,220.3862762451172,219.48662123661737,219.66131981077575,59023000,0.0043293737931395,0.0034785169726197,217.30535354614256,215.2041461181641,0.0240800663947604
2017-10-03,220.8579864501953,220.88418857775793,220.3077151161136,220.38633482643496,66810200,0.0021380918672851,0.0028725426962767,217.65539169311523,215.3309506225586,0.0256676330627674
2017-10-04,221.11996459960935,221.36452661284383,220.59589552688965,220.70944693575927,55953600,0.0011854807665088,0.0028421717955279,217.98202362060547,215.45256500244145,0.0263046281073688
2017-10-05,222.43014526367188,222.44760446083976,221.15491750595024,221.4518837893815,63522800,0.0059077179578641,0.0029777085449222,218.3754699707031,215.60020904541017,0.0316787087011737
2017-10-06,222.17681884765625,222.46505550467177,221.7226398677804,221.98466107631256,80646000,-0.0011395522961979,0.0029758222583977,218.76885452270508,215.74678527832032,0.0298036124201849
2017-10-09,221.80999755859375,222.465077299362,221.54796299676016,222.40394345392528,35803100,-0.0016523975891728,0.00223731840064,219.02960205078125,215.89106506347656,0.0274162920701553
2017-10-10,222.39517211914065,222.77075805290576,221.8361713448633,222.37771292417833,43057400,0.0026347054874617,0.0022056991411363,219.28310852050785,216.04948181152344,0.0293714673805746
2017-10-11,222.7445373535156,222.7445373535156,222.1331323900897,222.29907469416852,47674300,0.0015696883413202,0.002201651224952,219.54886703491212,216.2053256225586,0.0302453776849736
2017-10-12,222.4126739501953,222.77951700719035,222.17684151083012,222.4301464750898,47065100,-0.001490994445885,0.0022592306947204,219.8015106201172,216.35244659423827,0.028010902817858
2017-10-13,222.68341064453125,222.9629176978407,222.41264651640637,222.84936629148,54800400,0.0012165316078758,0.0022588252024127,220.05306015014648,216.51332611083984,0.0284974816309124
2017-10-16,222.9803924560547,223.1725502367093,222.56988810025345,222.91052901548105,38221700,0.0013327618416253,0.0022476196924814,220.2963134765625,216.6723226928711,0.0291134081399273
2017-10-17,223.13758850097656,223.1812631411833,222.70959835115696,222.92795822456165,31561000,0.0007047286060539,0.0022493021612376,220.5365089416504,216.82646728515624,0.0291067843093174
2017-10-18,223.35595703125,223.5568443908322,223.1637992689959,223.5131697489327,40888300,0.0009781487319102,0.0022430124194862,220.78368911743163,216.99558288574215,0.029311076570885
2017-10-19,223.4171600341797,223.4521050895695,222.15941792045257,222.57866529169493,61903800,0.0002739780034865,0.0020699636381707,221.06319274902344,217.1660971069336,0.0287847090799262
2017-10-20,224.5700225830078,224.59625135770185,223.399630150434,224.2119358358131,89176400,0.0051468664217506,0.0022254951111114,221.39815368652344,217.4203335571289,0.0328841783512408
2017-10-23,223.6965789794922,224.91941561151043,223.617972622621,224.89321349255337,63915300,-0.0038969876669421,0.0024119400966366,221.71171875,217.6508432006836,0.0277772219482474
2017-10-24,224.0896759033203,224.3254950144324,223.73156244590075,224.12462095301717,66935900,0.0017557351103205,0.0024051003085878,222.03838577270508,217.84714874267576,0.0286555375944731
2017-10-25,222.9803924560547,223.87130459112328,221.85366122188063,223.75775317683716,103715300,-0.00496246920658,0.0027308478491991,222.26722717285156,218.0217901611328,0.0227436087523964
2017-10-26,223.2686462402344,223.86257882405025,223.14636521841155,223.5918279839053,69798000,0.0012918966732703,0.0027312169220965,222.497380065918,218.1947219848633,0.0232541108658123
2017-10-27,225.0941467285156,225.25138613887677,223.2774038073452,224.01108998639089,85562500,0.0081430065299328,0.003120392250298,222.78037719726564,218.47108612060543,0.0303155018154389
2017-10-30,224.255615234375,224.99804421858872,223.95864897174172,224.01105321483817,54285700,-0.0037322039020429,0.0032238126251249,222.9738441467285,218.73728515625,0.0252281181700828
2017-10-31,224.60491943359375,224.85822430395456,224.30795325862903,224.6311215474067,60304800,0.0015564044630917,0.0032143824846181,223.16119079589845,219.00716827392577,0.0255596709632194
2017-11-01,224.9019775390625,225.72301298114465,224.53514779573624,225.38238536234172,54202700,0.0013217067444962,0.0032152947233667,223.35029144287108,219.2388403320313,0.02583090294792
2017-11-02,224.98928833007812,225.1290418553702,223.7664783028467,224.8320756098468,56449500,0.0003881417521768,0.0029869128454127,223.4782485961914,219.4875552368164,0.0250662644054038
2017-11-03,225.740478515625,225.7841398341459,224.7360016370278,225.14651932111855,59589700,0.0033332206403989,0.0030192897228315,223.65643157958985,219.76120208740235,0.0272080620756915
2017-11-06,226.08982849121097,226.2208390901341,225.53955732047456,225.60942075481384,49652600,0.0015463772119071,0.0029670587477779,223.87042312622071,220.03192779541016,0.0275319166472674
2017-11-07,225.93264770507812,226.52658027431363,225.4260377772938,226.1946689399576,57502200,-0.0006954556498634,0.0029613044191275,224.0472969055176,220.2993359375,0.0255711699883486
2017-11-08,226.3169403076172,226.41303253214264,225.47844568711864,225.7579527790393,50469600,0.0016994717307348,0.0029632466338891,224.22591705322264,220.5695639038086,0.0260569785880116
2017-11-09,225.49591064453125,225.68806842051265,223.91496046403017,225.11159509256848,95085500,-0.0036343834182064,0.003086490696149,224.38007888793945,220.8032064819336,0.0212528805055266
2017-11-10,225.426025390625,225.600723974454,224.7971478062067,225.1115999260466,59984700,-0.0003099660889433,0.0030916125384336,224.5172096252441,221.00972534179687,0.0199823787935043
2017-11-13,225.6356201171875,225.8627229227184,224.7097763557661,224.7447214001383,50228600,0.000929339675563,0.0030879767052345,224.6499710083008,221.21435180664065,0.0199863538438565
2017-11-14,225.11154174804688,225.2163502091529,224.05466090296704,224.8320347482611,61315200,-0.0023253772830403,0.0031557380273612,224.7486686706543,221.4394381713867,0.0165828797570289
2017-11-15,223.9848175048828,224.66609921823311,223.27733367391352,224.14203021059663,80811500,-0.0050177499059452,0.0033788765232817,224.78011169433591,221.62738800048828,0.0106369051481549
2017-11-16,225.88894653320312,226.2558028958665,224.8844963178253,224.9281576360003,67777000,0.0084652209190125,0.003858322463829,224.9037010192871,221.853942565918,0.0181876595052452
2017-11-17,225.22509765625,225.86271808991955,225.14649129953867,225.53954973835357,75756800,-0.0029431553493003,0.0037742003977469,224.9364547729492,222.07226196289065,0.0141973412865323
2017-11-20,225.60940551757812,225.80156326810717,225.22509001652008,225.46967865833645,48075500,0.0017048737472763,0.0036646715096619,225.0320960998535,222.2525491333008,0.0151037924980738
2017-11-21,227.08555603027344,227.26899754044936,225.5745225619716,226.37807207748503,69176800,0.0065216354057947,0.0039029136933056,225.18189010620117,222.44775939941405,0.0208489249043503
2017-11-22,226.8846740722656,227.22530164809308,226.7187184194679,227.0942910420056,45033400,-0.0008850006357192,0.0036944675022037,225.37710418701172,222.63686553955077,0.019079537984064
2017-11-24,227.4087829589844,227.5136181297541,227.23411098490507,227.37386455732957,27856500,0.0023073593120594,0.0037075557543058,225.58411102294923,222.8378451538086,0.0205123945711323
2017-11-27,227.29519653320312,227.749375528968,227.09429582945995,227.45240926382235,52274900,-0.0004996060437861,0.0033027836086232,225.6941635131836,223.03070068359375,0.0191206674082922
2017-11-28,229.6010284423828,229.62723056018447,227.66199175928952,227.75808396140033,98971700,0.0100935457968317,0.0037850003862074,225.961434173584,223.2604147338867,0.0284000803100439
2017-11-29,229.46131896972656,230.2648951619701,229.01588288160568,229.73208312406396,77512100,-0.0006086732129401,0.0038045141348392,226.20425415039065,223.48296752929687,0.0267508146438317
2017-11-30,231.47023010253903,232.37858806797493,230.29982427167096,230.3784306347225,127894400,0.0087167990866687,0.0041719256299438,226.53266677856445,223.74412506103516,0.0345309850678594
2017-12-01,230.9897003173828,231.73212889434348,227.75799159303403,231.2517480443817,164390900,-0.0020781474306689,0.0042405177921367,226.8326873779297,224.00737731933592,0.0311700582436316
2017-12-04,230.71038818359375,233.03371446018812,230.6579572757892,232.60573751269956,94040600,-0.0012099290202448,0.0042484493076296,227.08118286132813,224.2641690063477,0.0287438657981232
2017-12-05,229.8805694580078,231.59250360309943,229.74955884962907,229.8805694580078,77994500,-0.0036032823035602,0.004373472820485,227.27071990966795,224.5132748413086,0.0239063575215895
2017-12-06,229.92420959472656,230.35221308301692,229.46128771759268,229.9766138332505,75898600,0.0001898202839026,0.0043616704848748,227.4702980041504,224.76063232421876,0.0229736730009697
2017-12-07,230.6492156982422,230.9636411789777,229.66222462493985,230.6492156982422,77218600,0.003148278483018,0.004388024699731,227.68691177368163,225.0055453491211,0.0250823611496521
2017-12-08,231.90695190429688,231.91566817453804,230.61425172727832,231.6012427196004,76563900,0.0054382122382194,0.0043582177046003,228.00746383666993,225.27037261962892,0.0294605065348468
2017-12-11,232.6057281494141,232.6668753266698,231.88078491496563,232.6057281494141,83077500,0.00300864455258,0.0043527904855953,228.36644897460937,225.5338031005859,0.031356386278265
2017-12-12,233.01617431640625,233.48783908067503,232.64060175192208,233.3917468808904,85195800,0.0017630024323604,0.0043503472578952,228.7354766845703,225.78640106201172,0.0320204105313184
2017-12-13,232.99002075195312,233.6975047181604,232.9026714581071,233.26078490419235,102905400,-0.0001122455656485,0.0042724449796568,229.12940063476563,226.0290417480469,0.0307968345575061
2017-12-14,232.0379180908203,233.40048144523195,231.98551385836265,233.2869300564884,100666700,-0.0040948248996569,0.0042002148938098,229.5320556640625,226.2474008178711,0.0255937405336672
2017-12-15,233.97024536132812,234.4355334926908,232.98699699252464,233.0396690986028,144610300,0.008293152339018,0.0041859226347622,229.93612060546872,226.47820281982425,0.0330806340222694
2017-12-18,235.45396423339844,235.80512062530684,235.26082419912152,235.36616843754248,83653600,0.0063214626882661,0.0041508307961792,230.44756393432615,226.74374572753905,0.0384143715978204
2017-12-19,234.5497131347656,235.74365017127647,234.47946578466843,235.69976567110132,82382900,-0.0038478516567714,0.0043672147715642,230.89457931518555,226.9985400390625,0.0332652936640194
2017-12-20,234.42674255371097,235.5680072245659,234.1282583596644,235.51533511923463,76751500,-0.0005244211404701,0.0042613459002353,231.26163864135745,227.2391714477539,0.0316299828949587
2017-12-21,234.90956115722656,235.6206881078484,234.66374908730396,235.05002902454035,67032300,0.0020574533442944,0.0042219819282106,231.66288299560543,227.48247192382811,0.032649061576425
2017-12-22,234.84814453125,234.96227635583207,234.31260907548216,234.92715268868955,78720900,-0.0002614821452965,0.0042427708600868,232.03485107421875,227.7311813354492,0.031251597405616
2017-12-26,234.56723022460935,234.7867062791785,234.30386967573068,234.44431077412565,45244400,-0.0011968689364756,0.0042638261169276,232.39845275878903,227.9688577270508,0.0289441837071397
2017-12-27,234.68136596679688,235.04130991726413,234.40921779792103,234.73403807744953,57751000,0.0004864617405984,0.0037656443757274,232.65246963500977,228.2028771972656,0.0283891634018752
2017-12-28,235.1641540527344,235.20806533022463,234.795449354247,235.1817292803327,45116100,0.0020550935798433,0.0037493144254673,232.93761138916017,228.4434085083008,0.0294197393933097
2017-12-29,234.27748107910156,235.7611411882355,234.08436789215665,235.7435927507426,96007400,-0.0037775687611834,0.0034659594678605,233.07797393798828,228.6618389892578,0.0245587200499492
2018-01-02,235.95420837402344,235.98933202968112,234.75148438486625,235.1377642226028,86655700,0.0071315244755419,0.0036952419258057,233.32619934082032,228.91257995605469,0.0307612120719646
2018-01-03,237.4466857910156,237.5959412528905,236.12104223446033,236.12104223446033,90070400,0.0063053635097121,0.0038315185376409,233.66301422119145,229.17011322021483,0.0361154098782838
2018-01-04,238.447509765625,238.9303730753286,237.50817277946743,238.08759267620823,80636400,0.0042060838708692,0.0036857695279363,234.09136123657223,229.4651318359375,0.039144848970386
2018-01-05,240.03660583496097,240.15949850554856,238.74608544046873,239.23770970584548,83524000,0.0066422347576516,0.0038148303731311,234.596981048584,229.7840704345703,0.0446181294508402
2018-01-08,240.4755401611328,240.6335564936815,239.65030803580805,239.94000464548068,57319200,0.0018269442382097,0.0038081056503329,235.08829727172852,230.13397338867188,0.0449371582134686
2018-01-09,241.0198516845703,241.6431562298976,240.61599642060025,240.89693222383696,57254000,0.0022609219715152,0.0037262958476632,235.5439422607422,230.4889974975586,0.0456891838714482
2018-01-10,240.6510467529297,240.91443403501137,239.59757799911705,240.26476683908032,69574300,-0.0015313568036153,0.003794604402576,235.94620819091796,230.80013549804687,0.0426815661681714
2018-01-11,242.4069366455078,242.4069366455078,241.03740804909924,241.20421201328483,62361500,0.0072699248802984,0.0039939659579333,236.41574630737304,231.1631619262695,0.0486399936111988
2018-01-12,243.98709106445312,244.1538681759935,242.3717241306032,242.6702350666326,90816100,0.0064974481100184,0.004084556582552,236.9655998229981,231.55080535888672,0.0537086696213
2018-01-16,243.1531219482422,245.89217870480007,242.45957014401455,245.24253818450373,106555100,-0.0034239420547846,0.0040316356864827,237.5213600158691,231.91582824707032,0.0484541904108428
2018-01-17,245.4707946777344,245.8570746913624,243.15314138747772,244.08371774989664,113258800,0.0094866011764883,0.0041319769317538,238.09638748168945,232.32545837402344,0.0565815575947261
2018-01-18,245.05813598632812,245.777996906449,244.56648509700815,245.35662013203756,100728000,-0.0016825054057245,0.0041196860801053,238.57659606933595,232.7118115234375,0.0530541375706973
2018-01-19,246.17303466796875,246.17303466796875,245.0581063650994,245.6374993598814,140920100,0.0045392094906163,0.0039149797036813,239.1577621459961,233.11347564697263,0.0560223255423187
2018-01-22,248.1746826171875,248.1746826171875,245.9096753056834,245.96237419359392,91322400,0.0080981819812882,0.0040464232240977,239.84515914916992,233.55831634521485,0.0625812281090804
2018-01-23,248.70152282714844,248.99121946507964,247.89383906281728,248.21865937524475,97084700,0.0021206103315921,0.0040457971813177,240.534757232666,234.00600799560547,0.0627997330385591
2018-01-24,248.60501098632812,249.9394430861922,247.42862207143628,249.34244761395337,134816100,-0.000388138242592,0.0040510239616645,241.22260055541992,234.46819000244145,0.0602931296724707
2018-01-25,248.7102813720703,249.56184962807964,247.92017284798752,249.46529301349233,84587300,0.0004233547165431,0.0039815182498684,241.92975311279295,234.9338751220703,0.0586395054474024
2018-01-26,251.5897979736328,251.63370926274965,249.28969303570867,249.544292779746,107743100,0.0115112849961727,0.0043700327656945,242.77517471313476,235.4529586791992,0.0685353005753466
2018-01-29,249.92176818847656,251.45810058127643,249.76375185803687,251.0191484690479,90118300,-0.0066520337654995,0.0049185929353832,243.51305541992187,235.9491632080078,0.0592187096173373
2018-01-30,247.3582763671875,249.9744135293456,246.88420063512552,248.0957126217795,131796400,-0.0103101443839651,0.005569247606137,244.16709518432617,236.4166323852539,0.0462811938040957
2018-01-31,247.48117065429688,248.71023108676377,246.41012653639544,248.20984609063984,108364800,0.0004967036899573,0.0054894583737569,244.74344329833983,236.84847686767577,0.0448923882781034
2018-02-01,247.2001953125,248.49950287103297,246.41008707469777,246.75248249293085,90102500,-0.0011359852678639,0.0054618576679367,245.23111877441409,237.2879788208008,0.0417729399565786
2018-02-02,241.8186798095703,246.01506007123515,241.78355614616368,245.88335303133664,173174800,-0.022010327344195,0.0076252332473158,245.39967727661133,237.61216430664064,0.0177032834796333
2018-02-05,231.70521545410156,242.16984378788024,231.16091921572408,240.0628793719165,294681800,-0.0427222476404044,0.012211450078157,244.98310775756835,237.7045574951172,-0.0252386496255498
2018-02-06,236.27035522460935,236.7707670349998,227.11382109691172,228.20241370210417,355026800,0.0195107816454722,0.0130936640939084,244.7728485107422,237.89227111816408,-0.0068178587136574
2018-02-07,234.98866271972656,239.1060093603168,234.9096277538574,235.7173115220127,167376100,-0.0054394531086585,0.0131095848894862,244.4712890625,238.0438687133789,-0.0128346342636996
2018-02-08,226.17445373535156,235.42757111233564,226.13933006721916,235.28710323131492,246449500,-0.0382306485556731,0.015499159861491,243.7474594116211,238.02145385742188,-0.0497728248024517
2018-02-09,229.5718536376953,231.4242178759614,222.03943710014255,228.95731023449383,283565300,0.0149094475659336,0.0158582097055355,243.10570526123047,238.02087036132812,-0.0354969575180813
2018-02-12,232.9431610107422,234.4092732145407,229.71247909989583,231.6175167323958,143736000,0.0145784114017711,0.0162045859841725,242.55350875854492,238.09050720214844,-0.0216192835736871
2018-02-13,233.5224609375,234.0667571237213,231.16089706515012,231.74031691253185,81223600,0.0024837852879955,0.0162371396367307,242.0719757080078,238.13155181884767,-0.0193552296877228
2018-02-14,236.67416381835935,237.0341077154266,232.03004361372035,232.0388312280291,120735700,0.0134060940366795,0.0164061106915857,241.63214416503905,238.24524108886715,-0.0065943700001201
2018-02-15,239.69412231445312,239.70290992752416,235.9542427906361,238.41239000673545,111200300,0.0126792611607343,0.0167238877338762,241.36394348144532,238.42491577148436,0.0053232965978489
2018-02-16,239.7643280029297,241.70451496630105,239.02689192119868,239.07080319233245,160420100,0.0002928541104315,0.0166753233866173,241.04350814819335,238.6225909423828,0.0047846981127724
2018-02-20,238.2632293701172,240.2560893421596,237.47312083285777,238.81631338365295,86369700,-0.0062804059879183,0.0165574906116683,240.54793548583984,238.78937133789063,-0.0022033726410248
2018-02-21,237.07801818847656,241.1778425854679,236.9814615865255,238.70214631468968,98883700,-0.0049867906220535,0.0165398040754829,239.96676025390624,238.9179473876953,-0.0077010924433946
2018-02-22,237.38526916503903,239.711709729396,236.7180802507282,237.99981276687265,110511300,0.0012951519230298,0.0165548200728814,239.4057731628418,239.02751373291017,-0.0068705252471737
2018-02-23,241.1689910888672,241.1689910888672,238.1314508669865,238.60552651042548,92766400,0.0158134660414495,0.0170391127712911,239.02870864868163,239.1987789916992,0.0082367146917432
2018-02-26,243.9695281982422,244.0661115745576,241.65187545623988,242.24005616182345,86491400,0.0115454374641297,0.0170404911907856,238.6476951599121,239.41784606933595,0.0190114571809657
2018-02-27,240.92323303222656,244.8650409424878,240.86177331085185,244.15391392223984,99099200,-0.0125649854494847,0.0171845759524918,238.1977684020996,239.5765103149414,0.005621263601823
2018-02-28,238.48260498046875,242.46829645388416,238.1665724153138,242.0205568617453,121907800,-0.0101819750354447,0.0171812720433204,237.75398483276368,239.70540405273437,-0.0051012578422996
2018-03-01,235.0149383544922,239.81707485453967,233.52249066745827,238.2719550648111,176855100,-0.0146472929863711,0.017405711699589,237.13067321777345,239.7262979125977,-0.0196530776937255
2018-03-02,236.22645568847656,236.78832724910447,232.48660193015064,233.34693091903503,139083200,0.0051418233563854,0.0174896084257794,236.58198623657228,239.7417477416992,-0.0146628281737983
2018-03-05,238.9567413330078,239.57128497673156,234.9359251780348,235.04129618469472,97307400,0.0114916339964813,0.0170994769617264,236.43888931274415,239.82988830566407,-0.0036406929045617
2018-03-06,239.56246948242188,240.0102091362149,238.0700218307826,239.9311741925403,79213200,0.0025316788093468,0.0139324515985564,236.83175201416017,239.9326028442383,-0.0015426555517205
2018-03-07,239.4747009277344,239.8258572411084,237.2097199336888,237.40285992477092,87063500,-0.0003664373501306,0.0132866108390491,236.9919692993164,240.02390563964843,-0.0022881250534209
2018-03-08,240.633544921875,240.75643757744385,239.15867230598985,240.1506815402928,66901200,0.0048274373733309,0.0132362381122492,237.27421340942385,240.13961364746095,0.0020568504584136
2018-03-09,244.82113647460935,244.82113647460935,241.72213576448175,242.0381952035579,113625300,0.0172526729438048,0.0099451343894011,238.20654754638673,240.34469177246095,0.0186251032595566
2018-03-12,244.5138397216797,245.7341392777814,244.1275597752523,245.11083486984455,71924800,-0.0012559772273566,0.0096613516860569,238.95364685058593,240.5413412475586,0.0165148263226515
2018-03-13,242.93370056152344,246.1731698597941,242.327944397358,245.6727579343504,91968900,-0.0064833425732869,0.0094968777563034,239.453173828125,240.69673217773436,0.009293721454171
2018-03-14,241.68702697753903,244.07492758617036,241.1339698102425,243.89057519707148,105895100,-0.0051449567183321,0.0096328679873606,239.86140213012695,240.8449230957031,0.0034964568528657
2018-03-15,241.42364501953125,242.83705786317583,240.92323321625588,242.19620497023516,83433000,-0.0010903587909296,0.0092447040283775,240.0988761901855,240.95431182861327,0.0019478098870951
2018-03-16,241.6854248046875,242.7343169737831,241.63254174564145,241.9498400999178,100343700,0.0010837296466926,0.0088274497922057,240.19844131469728,241.03908660888672,0.002681466333506
2018-03-19,238.41534423828125,241.86170049075108,236.7670927477109,240.93622002883183,109208400,-0.0136226865201952,0.009369255628416,240.13099212646483,241.03844329833984,-0.0108824925358977
2018-03-20,238.82083129882812,239.4554549648832,238.14212048028443,238.81200848856804,59757300,0.0016993144229543,0.0092697548451248,240.1588722229004,241.0141278076172,-0.0091002819160037
2018-03-21,238.36248779296875,240.8657182435724,238.1509555263528,238.7767564143004,78709600,-0.0019210380098245,0.0092060462811805,240.223095703125,240.9718667602539,-0.0108285626964132
2018-03-22,232.4040374755859,236.9874056171408,232.13077251194272,236.14124989695927,148785900,-0.0253151751632188,0.0108298515801738,239.97403411865236,240.79955047607424,-0.0348651522973772
2018-03-23,227.4504852294922,233.1709209551684,227.25657169813343,232.844799765795,183534800,-0.0215448304259859,0.0109869157968406,239.2881088256836,240.53553924560543,-0.0543996702406309
2018-03-26,233.67327880859375,233.9553397071819,228.6492001841799,231.0466640245638,141956100,0.0269913279329892,0.0124969455237807,238.77329635620117,240.3608660888672,-0.0278231119278829
2018-03-27,229.69813537597656,235.13648355929,228.14682704159767,234.60765289876343,129941400,-0.017157903279588,0.0127381625926596,238.21204147338867,240.0750869750977,-0.0432237752357764
2018-03-28,229.01939392089844,231.496209377788,227.9176186940368,229.8303123233447,146452300,-0.0029593024337074,0.0126072087067895,237.73888092041017,239.79241241455077,-0.0449264361001883
2018-03-29,231.94573974609375,233.80555051179851,229.0282407907725,230.1564576656507,111601600,0.0126967743280674,0.0126488771366426,237.58542098999024,239.521911315918,-0.0316303904231609
2018-04-02,226.93927001953125,231.9281118003099,224.47129066036044,231.4168729983371,186286300,-0.0218210151727834,0.0134121156439821,237.12106170654295,239.15953399658204,-0.051096704249413
2018-04-03,229.84800720214844,230.32398178953056,226.38403119684207,228.17331368218095,119956900,0.0127358034873531,0.0134807228587271,236.665625,238.8330334472656,-0.0376205339580928
2018-04-04,232.3070831298828,233.01220846166905,226.17240666715955,226.30461430451857,123715300,0.0106418783935321,0.0137418665110538,236.30285568237304,238.51568145751952,-0.0260301473248939
2018-04-05,234.14048767089844,235.0219079192024,232.97700648742247,234.06113617759715,82652600,0.0078611792515393,0.0139010061548659,236.0361450195313,238.22446075439453,-0.0171433826340217
2018-04-06,228.9224395751953,233.67328013698705,227.4063958601751,232.1837048489923,179521200,-0.0225380554930557,0.0146127070921503,235.4505897521973,237.83080932617187,-0.0374567524544695
2018-04-09,230.05067443847656,233.43532481155327,229.11637116929023,230.3767956118403,105442900,0.0049163539272156,0.0139820396473954,234.71206665039065,237.4576171875,-0.0311926938236511
2018-04-10,233.70855712890625,234.4930340065151,231.79589038705828,232.9329030607836,103529000,0.0157752484437853,0.0146057152877912,234.17180252075195,237.09999237060543,-0.0143038184345368
2018-04-11,232.48336791992188,234.14044196708517,232.1572467955175,232.22774856614305,91140200,-0.0052561701045324,0.0145896073610627,233.64928588867187,236.7512243652344,-0.0180267555395131
2018-04-12,234.39605712890625,235.3391831575739,233.6292258920898,233.80552068394104,68890500,0.0081935497986587,0.0147517944725478,233.28473739624025,236.49197998046876,-0.0088625536127508
2018-04-13,233.70855712890625,235.81516428659432,232.70375210342695,235.7005753585113,85079200,-0.0029373796941263,0.0147546681761486,232.89898300170896,236.21652770996093,-0.0106172527611365
2018-04-16,235.6300811767578,236.3969394464726,234.51950987009275,235.33922430803472,63405300,0.0081882659008151,0.0149080132605898,232.5962158203125,235.9851254272461,-0.0015045196168422
2018-04-17,238.1509552001953,238.75031455399508,236.8817078046116,237.39291974783777,64682000,0.0106416155114787,0.0148368758317046,232.5829963684082,235.9117709350586,0.0094916173799276
2018-04-18,238.3272399902344,239.1293087659003,237.8688842340687,238.59165531201305,57303900,0.0007399490673942,0.0148324540917546,232.5583168029785,236.04421142578124,0.0096720379231625
2018-04-19,237.00503540039065,237.87763258794652,235.97376217062163,237.67489630549863,77655900,-0.0055632998999493,0.0148782342830531,232.4904441833496,236.05890502929688,0.0040080266024124
2018-04-20,234.99542236328125,237.1549125737747,234.114002179212,236.9345575277574,99953100,-0.008515352675331,0.0138279110927188,232.62001342773436,236.05904022216797,-0.0045057281343077
2018-04-23,234.9602203369141,236.12370161096285,233.88488647431987,235.5684025074935,65558000,-0.0001498099958146,0.0128190700815133,232.99550018310543,236.2347555541992,-0.0053952061977294
2018-04-24,231.79591369628903,236.20301507306135,230.29748846866164,235.98266000422277,112885500,-0.0135589224782798,0.0117586722663017,232.90163192749023,236.2792367553711,-0.018974680639094
2018-04-25,232.3688507080078,232.8095608821234,229.91850321587756,231.73422698132876,103840900,0.0024686807212905,0.0110865818902524,233.0351676940918,236.2677505493164,-0.0165020398774008
2018-04-26,234.7310028076172,235.5595399175105,232.9505437516809,233.3912538357174,67731900,0.0101142067101379,0.0112512328492641,233.32074813842777,236.2919213867187,-0.0066058905862758
2018-04-27,234.951416015625,235.63892284097292,234.01711255807052,235.33924313749463,57053600,0.0009385628047998,0.0109230302505069,233.4710319519043,236.25746643066407,-0.0055280810158961
2018-04-30,233.14447021484375,236.1236748522227,233.0739415341474,235.5683758116827,82182300,-0.0077204471529102,0.0097933694519608,233.78129196166992,236.12647338867188,-0.0126288388211331
2018-05-01,233.55874633789065,233.6645124635416,231.02904763828548,232.58035587799657,74203400,0.0017753305191101,0.0094222663031199,233.96682891845705,236.00236175537108,-0.0103541989974378
2018-05-02,231.98980712890625,234.17571200711808,231.60198008945383,233.36482048739748,86368900,-0.0067401998656306,0.0092671317732093,233.9509651184082,235.87689331054688,-0.0164793003972755
2018-05-03,231.4786071777344,232.13084962675967,228.33193008387593,231.1613087643105,136311500,-0.0022059762551124,0.0090853839618224,233.81787109375,235.76490509033204,-0.0181803899564922
2018-05-04,234.47537231445312,235.15408302694007,230.18286060318687,230.50898174610825,91222100,0.0128631006010802,0.0079592723271295,234.09551773071288,235.7067071533203,-0.0052240127306442
2018-05-07,235.26866149902344,236.2382020758494,234.55468648152564,235.24221997236103,55304900,0.0033775413059298,0.0079288191029257,234.35641708374024,235.58870056152344,-0.0013584652478543
2018-05-08,235.26866149902344,235.6300200638076,233.70853072952212,234.89845322694333,67499200,0.0,0.0071397235449915,234.4344223022461,235.41468322753903,-0.0006202745152242
2018-05-09,237.54278564453125,237.8689068720325,235.4185593613736,235.93859414290463,59666100,0.0096196557680059,0.0072999137907504,234.68739318847656,235.34707427978515,0.0093296735107732
2018-05-10,239.76397705078125,240.0901252067452,238.1774310272706,238.2831971756624,72063900,0.0093072531715337,0.0073610535300277,234.9557891845703,235.37270172119145,0.0186566891465242
2018-05-11,240.4954833984375,240.75989867301985,239.37606263882225,239.88730136809096,59871500,0.0030462988180026,0.0073083581599879,235.29513549804688,235.4823126220703,0.0212889482889227
2018-05-14,240.6100921630859,241.57963284906248,240.06358905252705,240.9273905187562,54790600,0.0004764391544728,0.0071344670710832,235.54413604736328,235.5699853515625,0.0213953692105621
2018-05-15,238.9530029296875,239.40250890537564,238.00987693366224,239.3848901863238,87036100,-0.0069108563421829,0.0069696092799192,235.5842384338379,235.5699105834961,0.0143613092937533
2018-05-16,239.9577789306641,240.41613455876956,238.96176999888644,238.9882384224813,53942600,0.0041960946101409,0.0070271430358749,235.66576538085937,235.57781677246095,0.0185924218935845
2018-05-17,239.7552032470703,240.83053735291216,238.97954888891297,239.6934973552125,56536400,-0.0008445704125645,0.0068964763985254,235.80327377319335,235.58342681884767,0.0177082763611828
2018-05-18,239.15573120117188,239.77273610113608,238.8031685006823,239.41135059102103,64368000,-0.0025034816116041,0.0066041434115988,236.01128921508788,235.5538705444336,0.0152910272644355
2018-05-21,240.9538421630859,241.49152248673255,240.24871674390172,240.6365437940962,58025900,0.0074904541332486,0.0067607125478421,236.31097030639648,235.47652465820312,0.0232605671110238
2018-05-22,240.283935546875,241.72947751252565,239.95781439332927,241.4738581359053,52966400,-0.0027841000019343,0.005891110903001,236.7353713989258,235.39192657470704,0.0207823991389754
2018-05-23,240.94500732421875,240.971475752457,238.85604580289476,239.01472187827835,64694200,0.0027474332247567,0.0058931100729159,237.16417922973633,235.35215270996093,0.0237637707998797
2018-05-24,240.451416015625,240.821624329274,238.67095692322204,240.54838622347975,76043800,-0.002050665346208,0.0056122228178497,237.45019989013673,235.3274404907227,0.0217738123281221
2018-05-25,239.8784942626953,240.50429505271225,239.37607830929167,239.8784942626953,56374800,-0.002385535492867,0.0056694238632041,237.69655380249023,235.29653747558595,0.0194731160784071
2018-05-29,237.11959838867188,239.01467290509535,236.00902748139347,238.25663771876523,115908600,-0.0115678728353561,0.0060356836863261,237.89531021118165,235.2052209472656,0.0081391791971976
2018-05-30,240.283935546875,240.72464562438188,238.35365015429863,238.424151931224,69678400,0.0132566404496745,0.0066441310500659,238.2315696716309,235.2425927734375,0.0214303996312981
2018-05-31,238.81199645996097,240.17818704087188,238.21263716632328,239.87850739405303,93519900,-0.0061446721623314,0.0066068683420978,238.5726791381836,235.24241607666016,0.0151740508486256
2018-06-01,241.1565399169922,241.45621951714224,240.0371191971426,240.10764786706392,71258400,0.0097696491641562,0.0067980772754076,239.05657577514648,235.2982971191406,0.0248970896499319
2018-06-04,242.3023681640625,242.5579875121257,241.73827331525345,241.97624704695025,45385200,0.0047401356076962,0.0063455095336348,239.44792556762695,235.49626373291017,0.0289011142820997
2018-06-05,242.478759765625,242.85776408557587,241.6678411543008,242.43467260590893,51135000,0.0007277164855824,0.0063350153230418,239.80843048095704,235.7968292236328,0.0283376607055854
2018-06-06,244.5059509277344,244.6117170448222,242.4698724773669,243.08687735879116,62732200,0.0083255298453997,0.0065019561045979,240.2702949523926,236.0134826660156,0.0359829793018076
2018-06-07,244.47950744628903,245.28160302621228,243.57164575012257,244.9907462065433,72969400,-0.0001081565147522,0.006255267018259,240.61713104248048,236.30911010742187,0.0345750417119045
2018-06-08,245.2022247314453,245.25510777798377,243.8536532471088,244.02112519408155,72139700,0.0029517858740512,0.0059903467605545,240.88904342651367,236.6327667236328,0.036214164785644
2018-06-11,245.5284118652344,246.24236008435872,245.30805681244755,245.4226457437063,58892500,0.0013293939994867,0.0059735888694333,241.14068984985352,236.90442016601563,0.0364028315435201
2018-06-12,245.8456573486328,246.20701584698483,245.20221111973012,245.9426006289708,72329000,0.0012912587267206,0.0059723532857456,241.4024681091309,237.2825479125977,0.0360882395749954
2018-06-13,245.0612335205078,246.3393034469007,244.85849721046816,246.08368408186067,79070600,-0.0031958178234677,0.0057650364171831,241.70787963867187,237.58681243896484,0.0314597473016862
2018-06-14,245.6782684326172,246.2070990473521,245.0877050477492,245.925065019097,77097600,0.0025147159942108,0.0057321645242604,241.99390411376953,237.8542361450195,0.0328942314183857
2018-06-15,245.36488342285156,245.701331487401,243.78891118859391,244.8956340221906,120041600,-0.00127640534698,0.0057409905441873,242.2743881225586,238.0787240600586,0.0306039919844115
2018-06-18,244.8601226806641,244.9840885625564,243.43467715644596,243.91276179336904,52917600,-0.0020593030313934,0.0057269291105232,242.5596076965332,238.39747772216796,0.0271086968714819
2018-06-19,243.9216766357422,244.1430211698944,242.17748062583885,242.59360943082888,97531500,-0.0038399433013363,0.0056292666261819,242.707999420166,238.67489776611328,0.0219829522029184
2018-06-20,244.3377990722656,245.0018326574148,244.00135106598808,244.603401698487,53785500,0.0017045139233357,0.0055759640119033,242.91069259643555,238.88748260498048,0.0228154125442296
2018-06-21,242.80604553222656,244.3466215713545,242.3102360312357,244.32889671943892,71061400,-0.0062887321893511,0.0057754978596976,243.00374450683591,239.09393615722655,0.0155257361799378
2018-06-22,243.2487640380859,244.17842722996417,243.02741951900936,244.06332375690923,54898500,0.001821681915592,0.0057544271405996,243.14361190795896,239.27099029541017,0.016624555019247
2018-06-25,239.9375,242.2571866362737,238.2552867692335,242.0978250397967,137854200,-0.0137061672565713,0.0065614893677173,243.1465621948242,239.395569152832,0.0022637463553972
2018-06-26,240.46873474121097,241.3186902838372,239.7515805303076,240.50415743620357,68547400,0.0022116072578812,0.0059791419225215,243.3140190124512,239.4923422241211,0.0040769258341301
2018-06-27,238.4766082763672,242.47850775660208,238.3260821033997,241.0530619154473,105110700,-0.0083188530063108,0.0055236471966443,243.2236526489258,239.49885528564457,-0.0042682751366729
2018-06-28,239.840087890625,240.60150009170255,237.7151588224368,238.42347751836468,76650500,0.0057011737968746,0.0055077780361485,243.275057220459,239.52911224365235,0.0012982791279931
2018-06-29,240.18533325195312,242.2925371316784,240.07022979337452,240.9290475001636,97592500,0.0014384464057593,0.0050424946842195,243.22649688720705,239.5927182006836,0.0024734268041199
2018-07-02,240.69888305664065,240.85827165334737,238.3791967022646,238.61826608752668,63554800,0.0021358571668636,0.0049407609244535,243.14632263183591,239.70678741455075,0.0041387882787571
2018-07-03,239.84890747070312,241.6905089389927,239.42394330078528,241.59310330365744,42187100,-0.0035375314966971,0.0049844716611328,243.01483001708985,239.80456115722657,0.0001849268973974
2018-07-05,241.80555725097656,241.8675401917415,239.90200007581,240.9733268418652,56925900,0.0081247478722976,0.00496583225942,242.87981033325195,240.00475402832032,0.0075031981343325
2018-07-06,243.85079956054688,244.2226431574184,241.4514059339386,241.83213897590315,66493700,0.0084226402962074,0.0053572126866873,242.84837493896484,240.2343930053711,0.0150536586786511
2018-07-09,246.04653930664065,246.09965982475168,244.80701551806257,244.8512736099577,50550400,0.0089641411587372,0.0056970829712047,242.8905906677246,240.46070373535156,0.0232297231294673
2018-07-10,246.93191528320312,247.0293209120054,246.20589884882935,246.49808871564431,51966800,0.0035919497911252,0.0057435522366041,242.96076583862305,240.70031372070312,0.025889461738429
2018-07-11,245.12579345703125,246.17056025929276,244.82476811387056,245.38256069839704,77054700,-0.0073411305438604,0.0059833050200244,242.92477264404295,240.93994018554687,0.0173730153176798
2018-07-12,247.34800720214844,247.40112771191875,245.7808981247481,246.38294858187035,60124700,0.0090247595900947,0.0062725312660144,243.039111328125,241.215725402832,0.0254223964423358
2018-07-13,247.54283142089844,247.8438566981135,246.7194363667872,247.170987792406,48216000,0.0007873422323051,0.0062546810065282,243.13233947753903,241.52678588867187,0.0249083989177066
2018-07-16,247.32144165039065,247.72870788977,246.8787527320604,247.58707121314117,48201000,-0.0008947495195145,0.0062499481103246,243.230167388916,241.843642578125,0.0226501677442114
2018-07-17,248.32199096679688,248.71155948323252,246.4981142851185,246.55123480830568,52315500,0.0040373809463757,0.0062724718245036,243.40326080322265,242.12057495117188,0.0256129245392533
2018-07-18,248.84437561035156,248.95061666305273,247.95899747838,248.4016865443658,44593500,0.0021014488143777,0.0061861426971447,243.6493957519531,242.39208923339845,0.0266192118619029
2018-07-19,247.9058074951172,248.56097848294303,247.42769587232033,248.18027247756257,61412100,-0.0037788379914935,0.0062741146808599,243.8277961730957,242.64483215332032,0.0216817943127369
2018-07-20,247.62249755859375,248.3308161274514,247.46313601294727,247.70217833141697,82337700,-0.0011434663348325,0.0060736803987697,244.0686187744141,242.84642639160157,0.0196670432336959
2018-07-23,248.0829162597656,248.28653589889728,247.0735724116495,247.41888278692855,47047600,0.0018576308458125,0.0060739472486514,244.3103263854981,243.01280517578124,0.0208635552365931
2018-07-24,249.33132934570312,250.17244940108057,248.46367604604748,249.49071794855155,68026900,0.0050196218475044,0.0050467256399025,244.7800178527832,243.18952209472656,0.0252552297404664
2018-07-25,251.4562225341797,251.77494565505225,249.03913078919015,249.08338888278033,78882900,0.0084862570276591,0.0052564690310877,245.32939224243165,243.40644470214843,0.0330713422230114
2018-07-26,250.8630523681641,251.54478384538663,250.64170782132055,250.73911347212268,57919500,-0.0023617267796222,0.0047736292872872,245.94871444702147,243.64464569091797,0.0296267814824185
2018-07-27,249.1631774902344,251.2880800439711,248.24237647642775,251.19067437905215,76768700,-0.006799169023552,0.0051410231569476,246.41486892700195,243.82875366210936,0.021877747181193
2018-07-30,247.8616485595703,249.40219804756535,247.33925162185292,249.24283644941409,63742500,-0.0052372913280833,0.005384003676539,246.7986846923828,243.99088256835935,0.0158643878429615
2018-07-31,249.08343505859375,249.69434817311216,248.2423419873048,248.6230481254545,68570500,0.0049171991074315,0.0054349866479619,247.2179122924805,244.1894366455078,0.020041810490724
2018-08-01,248.66732788085935,249.79177557602364,248.02101903646468,249.28710347754523,53853300,-0.0016719503239326,0.0053555765803955,247.6588333129883,244.3437063598633,0.0176948348103893
2018-08-02,250.02200317382812,250.1902002009129,247.162221399743,247.3658681456286,63426400,0.0054329561142445,0.0052205273211693,248.06965560913085,244.5384677124023,0.0224240198800741
2018-08-03,251.0933380126953,251.146458559013,249.96889006988928,250.14597657068583,53935400,0.0042758079150251,0.0050166181751884,248.4317825317383,244.74143432617188,0.025953528073461
2018-08-06,252.01405334472656,252.3239140861713,250.7391066281403,251.12867518151927,39400900,0.0036601185977728,0.0047313101242631,248.73015823364256,244.9726870727539,0.0287434748588174
2018-08-07,252.84629821777344,253.22703138431552,252.54527286766023,252.6781012153091,43196600,0.0032969339910747,0.0047239084697898,249.0258773803711,245.23204315185544,0.0310491849599074
2018-08-08,252.739990234375,253.1384211326269,252.2796034125037,252.6780343107556,42114600,-0.0004205334970242,0.0043011649356392,249.40658721923828,245.5444509887695,0.0293044262113443
2018-08-09,252.39480590820312,253.19164099777953,252.26200456320743,252.802072372724,35717000,-0.0013667020468117,0.0039623892595708,249.658927154541,245.7866683959961,0.0268856629016201
2018-08-10,250.7037048339844,251.5005398433731,249.995386032617,250.96047208820505,77076000,-0.0067227686319948,0.0043239528176444,249.8169708251953,246.02450256347657,0.0190192530489947
2018-08-13,249.76512145996097,251.58899784882067,249.4729316097472,250.97808491065413,65732900,-0.0037508209306764,0.0044231379918129,249.93915481567385,246.1966741943359,0.0144942951699187
2018-08-14,251.3588104248047,251.59787977889283,250.10158878762996,250.4911572717216,43842000,0.0063604798583996,0.0045498419436123,250.09099578857425,246.37780303955077,0.0202169486203849
2018-08-15,249.4818878173828,250.1547839487945,248.0475793432479,250.01312018325515,102925400,-0.0074951233022321,0.0048782064326292,250.12287139892575,246.5178656005859,0.0120235594672852
2018-08-16,251.50051879882812,252.36819912554935,250.88074327694193,250.91616596894616,69967900,0.0080587337178663,0.0050926647474512,250.30260696411133,246.6577569580078,0.0196335274452559
2018-08-17,252.38587951660156,252.82856856746483,250.88958836311608,251.2968547244236,65618500,0.0035141318831077,0.0051094403418627,250.54077606201173,246.81588439941407,0.0225674094304795
2018-08-20,252.92599487304688,253.19159751742657,252.38590013667803,252.8374516517211,39807500,0.0021377513156235,0.0051124345882652,250.78292999267575,246.9703598022461,0.0241147766702432
2018-08-21,253.5191345214844,254.37795226648169,252.96134205561293,253.43945374344452,67272000,0.0023423659749431,0.0050351952457408,250.99232025146483,247.1301742553711,0.0258526110191275
2018-08-22,253.3686981201172,253.89106802965603,252.8463011909792,253.11193086980177,44993300,-0.0005935688177799,0.0047074866666324,251.08794403076172,247.28063507080077,0.0246200558631422
2018-08-23,253.0321807861328,254.05036006048783,252.7134306627465,253.1915423380301,49204900,-0.0013290552901338,0.004681436243207,251.19640045166017,247.4400540161133,0.0225999254334763
2018-08-24,254.5550994873047,254.69676324419368,253.5546177802505,253.607738311634,57487400,0.0060006360682386,0.0045129536239223,251.46599655151368,247.61759063720703,0.0280170275150687
2018-08-27,256.5649719238281,256.67121301707783,255.5910502030282,255.75041184290276,57072400,0.0078646208925432,0.0045000468800848,251.90116271972656,247.84159240722656,0.0351973994028744
2018-08-28,256.6887512207031,257.13144013373443,256.2283374586149,257.02517209815386,46943500,0.0004823318124858,0.0044434083400982,252.281428527832,248.07816497802733,0.0347091661349496
2018-08-29,258.0700378417969,258.3002177918885,256.6622897986318,256.9013321766645,61485500,0.0053667463897881,0.0044573607657951,252.7515640258789,248.36113220214844,0.0390918883062027
2018-08-30,257.025146484375,257.96364472490865,256.43195853099576,257.591801205987,61229500,-0.0040570862335921,0.0045604446825983,253.10172119140623,248.61487915039064,0.0338284955539482
2018-08-31,257.0340881347656,257.47677714013287,256.13101229086976,256.6179593889367,66140800,3.4788404873852936e-05,0.0045171639868384,253.39875869750975,248.8994400024414,0.0326824685995454
2018-09-04,256.5914001464844,256.94554594826343,255.59091866725385,256.617960406128,57594400,-0.0017237777641444,0.0045213293131065,253.62762603759765,249.16629272460935,0.0297998069509409
2018-09-05,255.90077209472656,256.44086666125054,254.8914553438885,256.23722001820227,72452400,-0.0026951766572215,0.0045525628394876,253.7803497314453,249.4855581665039,0.0257137686660853
2018-09-06,255.13058471679688,256.308125831231,254.1035427650116,256.00710048633505,65909900,-0.0030142493246438,0.0046196248949008,253.8998794555664,249.7787951660156,0.0214261164452498
2018-09-07,254.63475036621097,255.608671693143,253.84675087727635,254.08582026001167,73524800,-0.0019453441528082,0.0046335290963292,254.0118766784668,250.1019580078125,0.0181237779764078
2018-09-10,255.07745361328125,255.90971124627143,254.88266933705808,255.6440815861868,50210900,0.0017370718414522,0.0043206408624727,254.23056411743164,250.4067053222656,0.0186526486381605
2018-09-11,255.91848754882812,256.3611765271306,254.085775713545,254.4310590664336,50530500,0.0032917470657773,0.0042102470386879,254.538232421875,250.72136840820312,0.0207286645475047
2018-09-12,255.98048400878903,256.58253456637283,255.1925116359852,255.92736349015473,59810800,0.0002422214683314,0.004035496233051,254.76931610107425,251.0270004272461,0.019732871655687
2018-09-13,257.4944152832031,257.68036407645906,256.7595635932611,257.0428909757199,51034200,0.005896824415118,0.003660946127023,255.16994247436523,251.3799105834961,0.0243237603415253
2018-09-14,257.53875732421875,257.8840406945149,256.75962035999163,257.69811887974004,55079900,0.0001721910101468,0.0033368382422225,255.47185440063475,251.69457458496095,0.0232193433207479
2018-09-17,256.1753234863281,257.5210886145558,255.90085840767375,257.4856929408959,68244000,-0.0053081552179323,0.0035866864745976,255.66132659912108,251.94106506347657,0.0168065433151389
2018-09-18,257.5653076171875,258.15849572409456,256.36117953190404,256.38773979012984,61930400,0.0054112423212938,0.0037255830180732,255.89329223632816,252.1714404296875,0.0213896830597038
2018-09-19,257.83984375,258.2559725900537,257.4945332782199,257.61849919719697,49080600,0.0010653217494963,0.0037106340854805,256.1093276977539,252.38959899902343,0.0215945695567179
2018-09-20,259.9292297363281,260.24797982774675,257.8574487106688,259.0969993755768,100360600,0.0080707691313548,0.0040262075875864,256.43735427856444,252.68566772460937,0.0286662954687765
2018-09-21,259.6918029785156,260.78575750232153,259.5317200165653,260.6701329824998,105479700,-0.0009138458968654,0.0040131053872891,256.7703353881836,252.9325436401367,0.0267235652680413
2018-09-24,258.8291015625,259.25601660965026,258.2510060962114,259.1137115939335,53409600,-0.0033275503629211,0.0039798377930756,256.98403549194336,253.15826904296875,0.0224003448157908
2018-09-25,258.5890197753906,259.3894618716786,258.3488952890775,259.2827398777616,44370000,-0.0009279992116167,0.0036326501896881,257.08523788452146,253.38362060546876,0.0205435503584777
2018-09-26,257.81524658203125,259.9141847464246,257.3972340300499,258.7313131778317,79739700,-0.0029967752896397,0.0037106072453024,257.1415626525879,253.57348571777345,0.0167279353054241
2018-09-27,258.5356140136719,259.6206660004718,258.0108795398294,258.2865870236804,59249500,0.0027902263905193,0.0035643205518687,257.16484146118165,253.76731048583983,0.0187900621191242
2018-09-28,258.56231689453125,259.060370917637,257.877499398238,257.9130552985251,70091400,0.0001032797823662,0.0034283542324823,257.24169998168946,253.98044067382813,0.0180402719538051
2018-10-01,259.460693359375,260.5279407094553,258.7936535873556,259.7986373779872,62078900,0.0034684844020901,0.0034997056639219,257.36303024291993,254.21720458984376,0.0206260185182632
2018-10-02,259.3094177246094,260.0209157713873,258.9358907497197,259.3094177246094,47258200,-0.0005832087694386,0.0034712563814444,257.49893112182616,254.44173461914065,0.0191308360350353
2018-10-03,259.4517517089844,260.7769285042683,259.096002645905,260.3589158911238,64694600,0.0005487457286059,0.0033875596265021,257.6764801025391,254.64414306640623,0.0188797141952107
2018-10-04,257.42388916015625,259.02477312297555,255.840783146468,258.97141213367536,111545900,-0.0078466570799773,0.003811422610908,257.79114532470703,254.76349639892575,0.0104425979343
2018-10-05,255.98309326171875,258.16207274661025,254.56007018759945,257.6462407924696,105951700,-0.0056126999832235,0.004015360195372,257.8585624694824,254.86589721679687,0.0043834661958385
2018-10-08,255.98309326171875,256.3388422447717,253.9197111613411,255.29824864888656,87742200,0.0,0.00400058108385,257.9038444519043,255.00229553222655,0.0038462309817452
2018-10-09,255.6096038818359,256.9081002124858,255.04928619930556,255.6007284758009,74339000,-0.001460104682189,0.003946615914944,257.8884002685547,255.15725463867187,0.0017728253261096
2018-10-10,247.5160675048828,255.1736936729073,247.14254065292167,255.10252760650397,214731000,-0.0321757965568649,0.0081908212193234,257.4651794433594,255.12590728759767,-0.0298277813634052
2018-10-11,242.06423950195312,248.0497908987219,240.45442560578684,246.43110159758783,274840500,-0.0222723556954136,0.0091811901088729,256.69367065429685,254.99384552001953,-0.0507055611154007
2018-10-12,245.42616271972656,246.44004899775393,242.24214453540336,246.1554388649365,183186500,0.0137929957261017,0.0099119841348308,256.0880409240723,254.9019287109375,-0.037174163566085
2018-10-15,244.04754638671875,246.39553877632216,243.95860234615915,245.0703349983781,102263700,-0.0056330705932479,0.0099172513282394,255.4816520690918,254.76101287841797,-0.0420530063476082
2018-10-16,249.3838348388672,249.75738891009476,245.53280531070305,246.0041788161168,118255800,0.0216301463911836,0.0111751008762014,255.07257843017575,254.7084085083008,-0.0209045853673105
2018-10-17,249.4283142089844,250.0508681229723,246.85797564445295,249.41941166358663,110626000,0.0001783411663891,0.0111656642128155,254.652001953125,254.640048828125,-0.0204670657389732
2018-10-18,245.82632446289065,249.090383549691,244.5545087926348,248.4944828915224,134557500,-0.014546267628244,0.0112732451372029,253.9468566894531,254.5017755126953,-0.0340879784918117
2018-10-19,245.69293212890625,248.4055491200804,244.99921199445404,246.47559630970608,139901600,-0.000542775630742,0.0112767988446831,253.24691314697264,254.36773803710935,-0.0341034046815228
2018-10-22,244.5900421142578,246.6800774115977,244.05640510863475,246.3599114933672,82415800,-0.0044990013232714,0.0112828843176695,252.53496017456055,254.24546478271483,-0.0379767744400428
2018-10-23,243.3448486328125,244.46548348573245,238.89791939665656,240.97910616405136,146352700,-0.0051039440228204,0.0112844883202712,251.77275161743165,254.11705932617187,-0.0423907419750702
2018-10-24,235.9719085693359,243.4783288522013,235.42049357209595,243.0958722305184,177806700,-0.030766801048231,0.0128754736908584,250.6805847167969,253.8093212890625,-0.0702787928714864
2018-10-25,240.2053375244141,241.7439849383375,236.7812234431827,237.8040118236247,138061500,0.0177813641114802,0.0137259851632522,249.764070892334,253.6237902832031,-0.0529069167517985
2018-10-26,235.98081970214844,241.0236512105069,233.27710529716651,236.50558142545964,201574600,-0.0177436012921137,0.0140437382697846,248.63499603271484,253.3133963012695,-0.0684234503670196
2018-10-29,234.6734313964844,240.35662228359303,231.107011165262,239.0670014275264,160749100,-0.0055556352262034,0.0139162912159663,247.3956329345703,252.9591473388672,-0.072287229518081
2018-10-30,238.1509246826172,238.46221527012415,234.0152844254869,234.5044631035441,157116000,0.014709715965187,0.0145773774865802,246.33770828247071,252.66364593505855,-0.0574388974667592
2018-10-31,240.6945648193359,243.0069741099624,240.24096922248452,240.71234277026565,128296300,0.0106241537951416,0.0149221732551615,245.39984893798828,252.4071545410156,-0.0464035567572488
2018-11-01,243.25599670410156,243.4516627284058,240.4722139163721,241.55726602534855,99495000,0.0105856093858931,0.0152221634071753,244.69145431518555,252.2049005126953,-0.0354826721859961
2018-11-02,241.8152008056641,244.78574713551563,239.76959648164816,244.35883203457692,122634100,-0.0059405717883044,0.0152254936154225,243.9830596923828,251.98056091308592,-0.040341842523829
2018-11-05,243.1492462158203,243.70066118097728,241.33489121602472,242.3043186776565,65622500,0.0055016353600934,0.0153289836303547,243.34136734008788,251.75244384765625,-0.0341732437641877
2018-11-06,244.68788146972656,244.8479644418792,243.02473392791143,243.0869974643845,60085900,0.00630800842562,0.0154565179020996,242.79528121948243,251.5149020385742,-0.0271436026792583
2018-11-07,249.92630004882812,250.00634150986255,246.43099339892763,246.85790833301073,102752100,0.0211826294038251,0.0145877482254671,242.9157928466797,251.3796530151367,-0.0057815059766236
2018-11-08,249.47279357910156,250.1131526376013,248.33438049086973,249.1259199823726,65584900,-0.0018162091208215,0.0135912907000467,243.2862205505371,251.2077081298828,-0.0069062950484156
2018-11-09,247.03591918945312,248.3521933924552,245.63067379630257,248.1654298904992,98812600,-0.0098161175998354,0.0134929886953944,243.36670837402343,251.00792358398436,-0.0158242191633534
2018-11-12,242.419921875,246.76900482293735,241.90406285226152,246.5288804004304,99673600,-0.0188623111038483,0.0141106670181013,243.2853271484375,250.71564025878905,-0.0330881566671556
2018-11-13,241.9664306640625,244.8747140465854,241.24602994415395,242.88249745245955,98176600,-0.0018724365005582,0.0131297266227526,242.9144569396973,250.42314086914064,-0.0337696834874266
2018-11-14,240.31211853027344,244.23428707633516,238.7556929624398,243.834079644037,125335900,-0.0068604279620674,0.0131763507140962,242.45864715576172,250.11136779785156,-0.0391795437122962
2018-11-15,242.82015991210935,243.28265801047837,237.47496842136428,239.04917189597128,135101400,0.0103825143695367,0.0130920947068112,242.30833892822267,249.8651593017578,-0.0281952050031126
2018-11-16,243.45166015625,244.35882418194376,241.21038987573397,241.7262489988628,126668000,0.002597315217907,0.0131118227003984,242.19627532958984,249.6414974975586,-0.0247949055079239
2018-11-19,239.333740234375,243.14031062759025,238.4176738847104,242.846798094472,103061700,-0.0170594213735699,0.0136070069503933,241.9334602355957,249.32662322998047,-0.0400794863627057
2018-11-20,234.9046173095703,237.4660532377612,234.04191183572692,236.00744722346693,136021300,-0.0186794325603214,0.0141459056274367,241.5114486694336,248.9063458251953,-0.0562529993729379
2018-11-21,235.70501708984375,237.59941320378695,235.6961416882554,236.45209791161415,75563700,0.0034015476672026,0.0124165451784788,241.49810409545896,248.5008364868164,-0.0514920576440454
2018-11-23,234.130859375,235.5272018784924,233.97077641256175,234.06859584230529,42807900,-0.0067009084829468,0.0117545665999779,241.1943801879883,248.03356536865235,-0.0560517120857765
2018-11-26,237.91078186035156,238.13312838545468,235.98970462643132,236.3810366819656,79981400,0.0160155501123933,0.0116897972291704,241.29087829589844,247.641005859375,-0.0392916510949274
2018-11-27,238.7112274169922,238.7112274169922,236.27431815159747,236.87909419467337,75502400,0.0033588306607545,0.0116202139748166,241.49276809692384,247.29172393798828,-0.0346978717457918
2018-11-28,244.2076416015625,244.2076416015625,238.64897806215677,239.7785158641876,127629600,0.0227642856573188,0.0122483305058777,241.79560394287108,247.02457061767575,-0.0114034365450758
2018-11-29,243.67396545410156,245.07028072822635,242.2954009854832,243.43381388358048,82346400,-0.0021877289596403,0.012066248653941,241.94457397460937,246.7412530517578,-0.0124311908110997
2018-11-30,245.1592559814453,245.71957352817088,243.20262298270973,243.52278892831976,98204200,0.0060768991673693,0.011911287674022,242.03973693847655,246.44585357666017,-0.0052206096249643
2018-12-03,248.4055328369141,249.3838629987836,246.81355122186903,249.277141006927,103176300,0.0131545999274569,0.0121402688436341,242.36925354003907,246.22012817382813,0.0088758164464242
2018-12-04,240.3565673828125,248.00529243928708,240.04527685328785,247.57837738663264,177986000,-0.0329391054980235,0.0142985667313214,242.22961959838867,245.8506774902344,-0.0223473458096942
2018-12-06,239.99188232421875,240.10750683118937,233.41043224822184,236.5055048781223,204185400,-0.0015184190929905,0.014207007450671,241.99481964111328,245.47873474121093,-0.022351640449738
2018-12-07,234.4154815673828,241.2192792431404,233.5794565309465,239.65395115076464,161018900,-0.023509995956644,0.0140534315356204,241.21927871704105,245.01073944091797,-0.0432440549247438
2018-12-10,234.8601837158203,235.82961126558465,230.01301882509009,234.23760261616204,151445900,0.0018952710078636,0.014097152225885,240.48864822387696,244.53723083496095,-0.0395728989246292
2018-12-11,234.9134826660156,238.23977697129047,233.4460014808591,238.05301354748184,121504400,0.000226913316936,0.0140209162210247,239.88252639770508,244.06425415039064,-0.0374932884630307
2018-12-12,236.0964202880859,239.24485459889897,236.0163787982232,237.88409498741427,97976700,0.0050229946411878,0.0135651186763305,239.56635131835935,243.59696868896484,-0.0307908117299109
2018-12-13,236.01638793945312,237.90188215211617,234.90465530067445,237.03917653874748,96662700,-0.0003390390940668,0.0135661745750845,239.26884918212892,243.13110809326173,-0.0292628952732757
2018-12-14,231.6584014892578,234.82461387404103,231.1069864429735,233.87296422091924,116961100,-0.0186373638006913,0.014069021357529,238.83616333007816,242.5752410888672,-0.0450039317722867
2018-12-17,227.11361694335935,231.81846306627645,225.4860388815235,230.70673052985472,165492300,-0.0198134718010065,0.0143072565428298,238.05083618164065,241.9690356445313,-0.0613938831536921
2018-12-18,226.86459350585935,229.41714067784332,225.26369591406456,228.75010114550832,134515100,-0.0010970723120387,0.0142502533345321,237.2214828491211,241.38666564941408,-0.0601610370833255
2018-12-19,223.46713256835935,230.70673442492728,221.76841553795205,226.9446352580269,214992800,-0.0150889897425439,0.0141582943323713,236.42815246582032,240.7363464355469,-0.0717349669997216
2018-12-20,219.82952880859375,223.78729366508375,217.58827236195947,222.22197924177337,252053400,-0.0164119684455483,0.0140383247891183,235.67439804077148,240.020744934082,-0.0841227958484733
2018-12-21,215.32534790039065,223.38552036390047,214.68124937399995,220.72861735508985,255345600,-0.0207022465613699,0.0144595732046175,234.65541458129883,239.37693054199215,-0.1004757751181136
2018-12-24,209.6358184814453,215.45058694361015,209.57320499611265,213.84034063943145,147311600,-0.0267783028244908,0.0152918353041343,233.4306625366211,238.728362121582,-0.1218646305013401
2018-12-26,220.2276611328125,220.2276611328125,209.116981023146,211.0940084996387,218485400,0.0492900070743039,0.0190957729624292,232.5465065002441,238.22439208984375,-0.0755452907200366
2018-12-27,221.9184112548828,222.1152062471228,213.7687889616163,216.99822249418895,186267300,0.0076479628287449,0.0192049044675273,231.70686569213868,237.78180938720703,-0.0667140946282062
2018-12-28,221.63214111328125,224.8973518593085,220.46918466599615,223.26922375327263,153100200,-0.001290811970909,0.0181902092042365,230.5780906677246,237.22677551269533,-0.0657372438912551
2018-12-31,223.57337951660156,223.81491988199969,221.38166176077164,223.2513302461389,144299400,0.0087206946726087,0.0184361155067629,229.5730613708496,236.70967681884767,-0.0554953962118719
2019-01-02,223.80596923828125,224.7273989963419,220.02190048222155,220.04873678437625,126925200,0.0010397875685704,0.0183208758600145,228.5053970336914,236.26926971435543,-0.0527504084265468
2019-01-03,218.46536254882812,222.36573144390616,217.98228176056196,222.06156390491395,144140700,-0.0241519895563478,0.0183219049364241,227.0083885192871,235.72471832275392,-0.0732182687362226
2019-01-04,225.7829742431641,226.42707273146465,221.1132670280863,221.48898887122783,142628800,0.0329467687726502,0.0192050095914648,226.2797088623047,235.34857696533203,-0.0406444043363686
2019-01-07,227.5632171630859,228.96770037116784,225.15679528246304,226.05137509532184,103139100,0.0078538304920238,0.0193600556174085,225.65827560424805,235.0329443359375,-0.0317816176534594
2019-01-08,229.70120239257812,230.1842830382069,227.2232266388743,229.74594775444223,102512600,0.0093512668728347,0.0188859497730998,225.4225616455078,234.90753021240235,-0.0221633074730158
2019-01-09,230.7747344970703,231.61564162896792,229.1823836665336,230.40795353099523,95006600,0.004662715088683,0.0189185109474928,225.21828918457032,234.71891815185543,-0.0168038592110133
2019-01-10,231.5888214111328,231.83930266140655,228.56513733970849,229.24502671919808,96823900,0.0035214183510318,0.0189429595079192,225.05205612182615,234.63107818603515,-0.012966128777238
2019-01-11,231.67825317382812,231.70508947195933,229.93381189408592,230.51528322053164,73858100,0.0003860916033644,0.0188973860322073,224.83114776611328,234.57117462158203,-0.0123328088049218
2019-01-14,230.2648468017578,231.06996320273117,229.3792214907282,229.7817660410097,70908200,-0.0061194150657212,0.0189318096166341,224.5435707092285,234.41345306396485,-0.0176978164349424
2019-01-15,232.90383911132812,233.2169474781809,230.6315989437874,230.64055347725397,85208300,0.0113955064214495,0.0186679528731466,224.60584259033203,234.25763854980468,-0.0057791047790688
2019-01-16,233.4674530029297,234.3530782952415,233.1275083007143,233.3332441885954,77636700,0.0024170191241042,0.0180612931603849,224.92353439331055,234.0618676757813,-0.0025395622053009
2019-01-17,235.2386779785156,236.0974941749581,232.5549387905483,232.59968415725848,96118400,0.0075579698662323,0.0181024693384391,225.34223861694335,233.93033721923828,0.0055928648452771
2019-01-18,238.3697204589844,238.83491941669797,235.2744820652817,237.04575985726615,127900300,0.013222265934921,0.0178159333963708,226.0873680114746,233.8347467041016,0.0193939259190656
2019-01-22,235.14920043945312,237.11728664606431,233.53896794342953,236.9025962600359,115531200,-0.0136027074566824,0.0176633613212484,226.8533515930176,233.6439730834961,0.0064423975337002
2019-01-23,235.6412048339844,236.87572899305863,233.18111104755135,236.1779580292865,86030300,0.0020901214983769,0.0167397353980603,227.8691444396973,233.3582711791992,0.0097829558097475
2019-01-24,235.76646423339844,236.34796286693012,234.4514310090516,235.46231041761553,59204100,0.0005314270877679,0.0150854493483301,229.17567672729493,233.08414459228516,0.011507945535314
2019-01-25,237.76138305664065,238.5844083633359,235.86487852864417,237.6092925009104,96883400,0.0084258217842769,0.0111493963666683,230.05236282348633,232.8986538696289,0.0208791639892164
2019-01-28,235.95437622070312,236.01697605824288,234.19205292689497,235.62338606355897,85613700,-0.0076291133027797,0.0113947021560473,230.75416107177733,232.76934295654297,0.0136832162848643
2019-01-29,235.6412048339844,236.6610113346969,234.80925239648704,236.09744914505137,66136300,-0.0013281355692649,0.0113954563586719,231.4546142578125,232.6428384399414,0.0128882815140558
2019-01-30,239.3716583251953,240.21256554741151,236.3927195106193,237.15311782437777,92473700,0.0157070701695873,0.0116814579071965,232.2445281982422,232.62402923583983,0.0290065867723172
2019-01-31,241.4739532470703,241.9570340519741,239.09436736417533,239.30908511102857,104012100,0.0087442133882781,0.0117259964361707,233.12792739868163,232.59710510253908,0.0381640525604045
2019-02-01,241.59017944335935,242.61001335424547,240.80294497890085,241.67068833626016,85782500,0.0004812040086042,0.0097653679498905,234.2841682434082,232.55987548828125,0.0388300171563049
2019-02-04,243.2899169921875,243.35254413085923,240.96400403080256,241.63493888694768,60744800,0.0070109890000485,0.0072651681651988,235.15951538085935,232.6389990234375,0.0457830286987994
2019-02-05,244.3096618652344,244.6138156129058,243.21827380575488,243.71923613137832,79552800,0.0041827204287247,0.0072016994829151,235.9968376159668,232.8270999145508,0.0493179786841729
2019-02-06,243.98765563964844,244.52440891312497,243.25412104298292,244.03240100434135,58347800,-0.0013188942913238,0.0071443495015204,236.7111602783203,232.9927526855469,0.0471898925068308
2019-02-07,241.66172790527344,242.9230610211796,240.0067503108111,242.3773806107919,95482000,-0.0095787026489154,0.0076625984196447,237.2555099487305,233.14337005615235,0.0365369937265187
2019-02-08,241.9569854736328,242.0553761416929,239.5952818353024,240.41830721543772,75788900,0.001221034657573,0.0076606406057965,237.77391815185547,233.22429412841797,0.0374433177206078
2019-02-11,242.0911102294922,242.8693900595652,241.563311578068,242.60998164980816,68021400,0.0005541794730013,0.0076586495477309,238.29456100463867,233.29189178466797,0.0377176350944336
2019-02-12,245.204345703125,245.58005395704043,243.62987640943152,243.70145808664165,72270200,0.0127777831466707,0.0077436966335834,239.04153594970705,233.3118258666992,0.0509726405519644
2019-02-13,246.00050354003903,246.8414107807634,245.6158407576936,246.03629437805577,65277200,0.0032416558400493,0.0074970694826639,239.69636917114255,233.35835662841797,0.0541748197676565
2019-02-14,245.45474243164065,246.58192140597924,244.10391856876825,244.9179892390793,83234400,-0.002221001147991,0.0075787233821972,240.2957336425781,233.36426635742188,0.0518094576472172
2019-02-15,248.129638671875,248.16542951432376,247.0203682596874,247.22610417783676,97088700,0.0108387644729471,0.0077279218072196,240.9402816772461,233.3587484741211,0.0632969207040119
2019-02-19,248.55902099609375,249.212046825401,247.3244964141007,247.33345094888384,59120800,0.0017289802085318,0.0073182126405989,241.44974670410156,233.52279754638673,0.0643886747148112
2019-02-20,249.05992126464844,249.51616561794015,248.02220560446585,248.5231680196707,76610800,0.0020131887884137,0.006320521541789,242.14528274536133,233.70415832519532,0.0657059893563632
2019-02-21,248.17431640625,248.7826240600063,247.2171095596472,248.4247976342912,64214700,-0.0035621271736291,0.006481710898761,242.7719383239746,233.97933502197264,0.0606676712836384
2019-02-22,249.71299743652344,249.90977876755096,248.15641015139627,248.79155411176745,78114600,0.0061808601505345,0.0065102663865749,243.4692649841309,234.27639129638672,0.0658905750371049
2019-02-25,250.05291748046875,251.65422284883292,249.972408580438,251.1353786151655,69030700,0.0013603172454016,0.0063835871963699,244.08384170532227,234.5791799926758,0.0659638143857272
2019-02-26,249.87403869628903,250.75070943647637,249.4983031644879,249.70406634861823,56844100,-0.0007156197104533,0.0059794604189026,244.77982482910156,234.85473236083985,0.0639514741068659
2019-02-27,249.76661682128903,250.11548864335228,248.22793893074171,249.15828198984417,56921600,-0.0004299965403891,0.0059496024411024,245.4860954284668,235.12973693847655,0.0622502286328943
2019-02-28,249.301513671875,249.99035764970895,248.97947802022117,249.55199494552065,69268300,-0.001863886935055,0.0052122067343617,245.9825881958008,235.4825991821289,0.0586833784650821
2019-03-01,250.85809326171875,251.2695923481323,249.4267600432769,250.8759750305505,78880500,0.0062243515619846,0.005069936294097,246.4517951965332,235.9574887084961,0.0631495301750349
2019-03-04,249.94558715820312,252.155200325263,247.65546508632025,251.913673610794,106494600,-0.0036441709557285,0.0052128719103813,246.86956558227536,236.41910858154296,0.0572139818046677
2019-03-05,249.60560607910156,250.26761358958612,249.05992559250143,250.0708049730212,59114600,-0.001361146309707,0.0050988459680322,247.1853500366211,236.9418780517578,0.0534465588416475
2019-03-06,248.09378051757812,249.73087668536957,247.77174492415404,249.7219221520835,75039800,-0.0060752745622259,0.0053034663390561,247.3745559692383,237.5071630859375,0.04457388692656
2019-03-07,246.0184326171875,247.78968338711277,245.1775253080747,247.64654732381564,94885100,-0.008400359470169,0.0056736323168859,247.47609481811523,238.12102478027344,0.0331655209538989
2019-03-08,245.52635192871097,245.6963242662043,243.701428884689,244.1666005291717,85795800,-0.0020021811575763,0.0052048505757452,247.6693260192871,238.83883544921875,0.0280001217846923
2019-03-11,249.08677673339844,249.24779452916363,246.21518350729428,246.2420198065885,65098900,0.0143970553838199,0.0060302684004774,248.02581558227536,239.41601776123048,0.040393115976946
2019-03-12,250.02606201171875,250.54493350601277,249.45354522192395,249.6413993075936,79667500,0.0037638237859672,0.0060477987247201,248.4225631713867,239.9781707763672,0.0418700217725847
2019-03-13,251.68104553222656,252.6114160495917,250.75067501486143,250.91172010661697,80639200,0.0065974330382651,0.005587666495647,248.7463981628418,240.5791488647461,0.0461465456165612
2019-03-14,251.5199737548828,252.1282812585758,251.08163853904512,251.70782780447044,67518400,-0.000640188619145,0.0055842194043503,249.022371673584,241.13808074951172,0.0430537266163097
2019-03-15,252.76272583007812,253.57138855973616,251.88216612584608,252.0708751186068,81309000,0.0049288012143726,0.0055886459293496,249.38777084350585,241.71721588134767,0.0456960002143678
2019-03-18,253.67919921875,253.9757262440812,252.75372449783703,252.9783545506864,62199800,0.0036192674569655,0.0051688415634783,249.6652488708496,242.4214926147461,0.046438566492512
2019-03-19,253.74200439453125,255.50309565216767,252.85247850277997,254.7393757034298,90268100,0.0002475465181776,0.0051700581058522,249.92439804077148,242.98067321777344,0.0442888359565654
2019-03-20,252.97836303710935,254.73048847637557,251.87320068923955,253.52647464319236,84609200,-0.0030140566064201,0.0052415522957977,250.12032012939457,243.4889761352539,0.0389725524846113
2019-03-21,255.8356170654297,256.23993462503853,252.11573099309788,252.1606734468245,79550400,0.0112311539156291,0.0056261540287207,250.5033851623535,244.01166442871093,0.0484565058166437
2019-03-22,250.91172790527344,254.99998322875308,250.8488249198276,254.47885365665272,122659300,-0.0194339217685242,0.0072036741145756,250.563321685791,244.414404296875,0.0265832270691646
2019-03-25,250.72312927246097,251.75642220373024,249.4652062508868,250.57036874596088,85575200,-0.0007519359510214,0.0072018597933649,250.59683227539065,244.79709045410155,0.0242079626329158
2019-03-26,252.5919952392578,253.5444244613853,251.1903059153472,252.47518322548856,68125900,0.0074262602678429,0.0073792464753501,250.73273010253905,245.21536529541015,0.030082250086413
2019-03-27,251.2711944580078,253.1670865350181,249.7257384571924,252.5830264080266,72224700,-0.0052427080745273,0.0074902109497579,250.807958984375,245.63549224853512,0.0229433546344778
2019-03-28,252.22357177734375,252.6728318312341,250.7500130593253,251.9001177004583,56238500,0.0037830719167,0.0075107418051186,250.95406188964844,246.02188690185548,0.0252078583478318
2019-03-29,253.8140411376953,254.13749530534216,252.61002714590103,253.7331775957836,82186800,0.0062859935975864,0.0075131910299236,251.10185928344723,246.4288186645508,0.0299689886644207
2019-04-01,256.8240661621094,257.1205932407867,255.53918860961605,255.8087611739287,77617900,0.0117894056277403,0.0078412991714971,251.44578323364257,246.86052642822267,0.0403610082099687
2019-04-02,256.9498596191406,257.18348367932794,256.1591573421968,257.0127626231394,40070400,0.0004896840934604,0.0078184149423277,251.81299591064453,247.2321292114258,0.039306098437572
2019-04-03,257.3541564941406,258.55817021900583,256.7521359213784,258.16281915464305,68243200,0.0015722099988068,0.0076153808099855,252.27601470947263,247.6762283325195,0.0390749173902467
2019-04-04,258.03692626953125,258.28851073297454,256.9856733911128,257.6775238104194,48997500,0.0026495226543231,0.0072247440988026,252.87693939208984,248.12414276123047,0.0399509027940091
2019-04-05,259.285888671875,259.33979767108934,258.4143232903756,258.70185623328587,58621700,0.0048285704512133,0.0071676719719282,253.56491622924804,248.59453125,0.043007210851003
2019-04-08,259.483642578125,259.59146060914446,258.2077318961907,258.8636614791043,53566300,0.0007623960310552,0.0066272620669087,254.0847595214844,249.0289764404297,0.0419817255290216
2019-04-09,258.15380859375,258.8456592016085,257.60572449284734,258.522205126451,66142300,-0.0051381016076315,0.0068023409248513,254.49114685058595,249.47296508789063,0.0347967303904095
2019-04-10,259.034423828125,259.12428134186337,258.1538640665501,258.5671757249507,52601500,0.003405398770476,0.0067158007308912,254.85881576538085,249.94082946777343,0.0363829886446146
2019-04-11,258.9623718261719,259.52844366112635,258.39629999121735,259.5194496889376,55093100,-0.0002781947804399,0.0067103852165218,255.2309356689453,250.33264373779295,0.0344730433854961
2019-04-12,260.71466064453125,260.99319975147006,259.0074775121329,260.57089410213314,69727800,0.0067437864282809,0.0067717852261845,255.62853240966797,250.7174578857422,0.0398743782865931
2019-04-15,260.54388427734375,260.8853263154702,259.74418819639936,260.78647484201645,49596700,-0.0006552463262671,0.0067704526819776,255.97176666259764,251.09653198242188,0.0376243838189817
2019-04-16,260.71466064453125,261.47840840448066,260.12163393988806,261.4244993786644,52153200,0.000655246326267,0.0067676192106813,256.32039947509764,251.4450268554687,0.036865448901444
2019-04-17,260.07659912109375,261.85565099506766,259.6632602193015,261.8286964945726,58268300,-0.0024503554187177,0.0067496137550277,256.67531127929686,251.7603656005859,0.033032338115132
2019-04-18,260.5887451171875,260.8583175536374,259.36677115136985,260.6606420685019,68708500,0.0019672757825566,0.0063439321906942,256.91296768188477,252.0923873901367,0.0337033490579066
2019-04-22,260.8135070800781,260.96626761343117,259.7352990506445,259.8251565749306,40160100,0.0008621442499161,0.0041661023991815,257.408056640625,252.4754229736328,0.0330253297855296
2019-04-23,263.1585998535156,263.39222387949684,260.9482478452623,261.1818444505832,52246600,0.0089512720269538,0.004395382254925,258.0298301696777,252.8994552612305,0.0405661000008405
2019-04-24,262.5745849609375,263.41020222021825,262.4308184291265,263.07775411194496,50392900,-0.0022217168315531,0.0043462288656033,258.5289596557617,253.3091247558594,0.0365776803895564
2019-04-25,262.41278076171875,263.06871029746924,261.22675508512435,262.47568374884355,57770900,-0.0006164118030509,0.0040574614937127,259.08603897094724,253.65329345703125,0.0345333079862862
2019-04-26,263.63470458984375,263.7065741106072,261.68490450860463,262.4576458152186,50916400,0.0046456871663563,0.0040800407263319,259.65659561157224,254.00597747802735,0.0379074823648562
2019-04-29,264.0480651855469,264.56922213553327,263.6347536677554,263.72461115092415,57197700,0.0015667014499274,0.003966951351385,260.16829681396484,254.37784393310548,0.0380151867903417
2019-04-30,264.1828918457031,264.47042488251304,262.29602141570473,263.7066772500253,81111700,0.0005104837620342,0.0032321731467939,260.5362380981445,254.698908996582,0.0372360560415607
2019-05-01,262.19720458984375,265.018571472677,262.18821061229863,264.8119019337827,71671900,-0.0075447255264798,0.0038019726040426,260.79860534667966,254.97167266845705,0.0283385673622739
2019-05-02,261.63104248046875,262.9968104059952,260.13949601586444,262.0803024726753,65030200,-0.0021616334475978,0.0038641194955942,261.01244964599607,255.22309509277343,0.0251072395519928
2019-05-03,264.19189453125,264.4704336008856,261.7389245024655,263.1046927620058,56543700,0.0097404358671463,0.0043368174391757,261.32019805908203,255.54344665527344,0.0338433561461791
2019-05-06,263.1047058105469,263.54497195780687,259.5824943704813,259.896981941665,107198100,-0.0041236384250536,0.0044017758188056,261.5111389160156,255.8112808227539,0.028510959189663
2019-05-07,258.7109375,261.2986802923113,256.80607889473276,260.7056536173514,144729900,-0.016840706901833,0.0059000839764871,261.4725036621094,255.98444122314453,0.0106510234130938
2019-05-08,258.3514709472656,260.0586535717971,257.7584444190409,258.3514709472656,91568300,-0.0013904186603927,0.0057918155430501,261.48238677978514,256.15398986816405,0.0085787501503785
2019-05-09,257.56982421875,258.17181744485043,254.55078184893665,256.28494681196247,103471100,-0.0030301029784903,0.00577364238025,261.4091567993164,256.31005401611327,0.0049150245294612
2019-05-10,258.86370849609375,259.6184622709735,253.6522742114518,256.63536824121263,112429300,0.0050108558127542,0.0058937768934046,261.4042236328125,256.50129791259764,0.0092101311093603
2019-05-13,252.3583984375,254.7215112151304,251.52278113899095,253.76011533329583,127290500,-0.0254514080314085,0.0079777244128321,260.9864105224609,256.53130401611327,-0.0162666525031625
2019-05-14,254.64068603515625,256.1681817443647,253.24799032785907,253.3737689301306,77003200,0.0090031839657169,0.0083245512437994,260.6912506103516,256.62520599365234,-0.0077331451164823
2019-05-15,256.13214111328125,256.77008271546595,252.807605728279,253.0142752256212,73956400,0.0058400104225532,0.0084631696031599,260.4621246337891,256.75573669433595,-0.0024287503332285
2019-05-16,258.5042419433594,259.8609886388919,256.76111076781007,256.83298031022184,76749600,0.0092186161225626,0.0087471577868778,260.38350677490234,256.96394592285156,0.0059942106468518
2019-05-17,256.83306884765625,259.31299393594594,256.1861330603053,256.20412101760206,100353000,-0.0064857673562066,0.0088354516710915,260.19572296142576,257.18023864746095,-0.0013499085374152
2019-05-20,255.1347198486328,256.9407260832024,254.3889330249561,255.23354386924208,62877600,-0.0066346175144808,0.0089231235682603,259.9117835998535,257.3724060058594,-0.0086943514728444
2019-05-21,257.4349670410156,257.81233007528556,256.5723681213772,256.82395261777503,46847100,0.0089754142437679,0.0089245564752411,259.6256019592285,257.5393698120117,-0.0004053856739352
2019-05-22,256.6442565917969,257.59668554101046,256.16804211719005,256.4825295824555,49482500,-0.0030762226381438,0.0089322538874881,259.3290855407715,257.67173370361326,-0.0039875429758944
2019-05-23,253.5084686279297,254.46986427419012,252.09778552084444,254.42494923843603,98733800,-0.0122936810981615,0.0092712880738454,258.88386993408204,257.70828216552735,-0.0162967736322114
2019-05-24,254.08348083496097,255.3593912816285,253.46349985025927,254.94605234472476,55268100,0.0022656484351613,0.0092002006100558,258.4063087463379,257.7595523071289,-0.0142616304197633
2019-05-28,251.720458984375,255.314540218978,251.70249844964093,254.3621108854613,70029400,-0.0093436956750649,0.0093100605180814,257.7899284362793,257.7387069702148,-0.0233501908059751
2019-05-29,250.03118896484375,251.0105726249219,248.62949974302012,250.6062550151604,104972900,-0.0067335161093732,0.0093321408070072,257.0823432922363,257.6657467651367,-0.0296296962096862
2019-05-30,250.7140960693359,251.62161026679743,249.6179003033244,250.78596562189657,62523800,0.0027275644855072,0.0093372034723434,256.50818786621096,257.6051885986328,-0.0267505967825583
2019-05-31,247.33558654785156,248.99785400522927,247.30863204511155,248.17123097409964,86862800,-0.013567165936244,0.0096744287405919,255.79341506958008,257.49233306884764,-0.0394448502599896
2019-06-03,246.7067108154297,248.4857633553792,245.3768909783469,247.37160702364017,96428000,-0.0025458389916773,0.0092147445497826,254.91915588378907,257.3097549438477,-0.0412073150150559
2019-06-04,252.06187438964844,252.1966469375377,248.54865706447725,248.9979171712153,77231900,0.0214743651674713,0.0107605113288552,254.36701431274415,257.3327578735352,-0.0204827536433471
2019-06-05,254.2452392578125,254.2721937639268,251.87316045778283,253.67916720875505,71169700,0.0086247194383423,0.0104315432468626,254.14372940063475,257.4032000732422,-0.0122685375105326
2019-06-06,255.8985595703125,256.5724497666044,253.89487693589513,254.54181262116185,69430400,0.006481804168998,0.0105586429588391,254.0210838317871,257.4693313598633,-0.0061008112354762
2019-06-07,258.4593200683594,259.53755523499956,256.74314326213107,256.9138642871934,74272200,0.0099571981173767,0.0107901863845563,254.06555862426757,257.6130938720703,0.0032848726109757
2019-06-10,259.64532470703125,261.3075921861058,259.5554672231737,260.0047272218072,60799100,0.0045782516031231,0.0107804057519966,254.1046394348145,257.76152893066404,0.0073082891158437
2019-06-11,259.58245849609375,261.8287588074491,258.93552290959707,261.46036226590786,58641300,-0.0002421527247901,0.0089473157110393,254.46584243774413,257.87689727783203,0.0066138581480766
2019-06-12,259.1242980957031,259.9060064165086,258.6121349128771,259.348928184241,47096300,-0.0017665492639782,0.0087890342850242,254.69002304077148,257.9229019165039,0.0046579662770238
2019-06-13,260.193359375,260.5527892422328,259.3307880190692,260.03163238713466,48945200,0.0041171825146808,0.008746125467189,254.89308395385743,257.9877719116211,0.0085491938126992
2019-06-14,259.9059143066406,260.50790737500523,259.14216679214854,259.9059143066406,52324700,-0.0011053470449637,0.0085241156437762,254.9631675720215,258.0388070678711,0.0072357613956818
2019-06-17,260.0047302246094,260.7684777152376,259.83400922950466,260.13950274162505,39205700,0.0003801265475059,0.0083746481439181,255.12175064086915,258.07816314697266,0.0074650526574755
2019-06-18,262.72735595703125,263.7786368760442,261.46043891951973,261.8198690112389,85434800,0.0104170010779171,0.0084653768314434,255.50138244628903,258.1469924926758,0.0177432377581753
2019-06-19,263.32037353515625,263.85049725511794,261.89172945851396,262.8621193786363,78674400,0.0022546160589051,0.0082830361885416,255.7956527709961,258.2237271118164,0.0197373280927545
2019-06-20,265.8362121582031,266.24055727570857,263.3832692020409,265.99796665760397,116570000,0.0095089342090682,0.0084235090219528,256.25525054931643,258.37737518310547,0.0288679957748303
2019-06-21,265.4497375488281,266.82212083031214,265.2330527028107,265.5671176917623,83309500,-0.0014548650411584,0.0077971702271713,256.8523139953613,258.50568145751953,0.0268622958387462
2019-06-24,265.1247253417969,265.97341688825486,264.9712218644644,265.6574273212025,47582700,-0.0012251333994209,0.0078369817879014,257.4043762207031,258.62892852783204,0.025116280885283
2019-06-25,262.5243225097656,265.2059070885623,262.4159801112717,265.1788214889388,82028700,-0.0098566420075929,0.0078772320808496,257.94456939697267,258.66512176513675,0.0149196796162296
2019-06-26,262.26251220703125,263.92382683504434,262.15416979385975,263.418210537563,51584900,-0.0009977777914201,0.0076394789112046,258.556135559082,258.69949432373045,0.0137728057513793
2019-06-27,263.1924743652344,263.6980906365372,262.64172460878746,263.02092303525444,40355200,0.0035396490772173,0.0076435356812531,259.18005447387696,258.74905059814455,0.0171727152498455
2019-06-28,264.5467529296875,265.0433313760385,263.65290070464994,264.16752703039054,59350900,0.0051323891316364,0.0066649542723781,260.0406127929688,258.8384536743164,0.0220535209291336
2019-07-01,266.948486328125,268.08613665460155,265.74762708261784,267.86942429707057,78705600,0.0090377093484631,0.0066275973728792,261.05270156860354,258.96564849853513,0.0308258561545664
2019-07-02,267.6437072753906,267.6978784773819,266.0636495912675,266.90333077615117,61504500,0.0026009408573812,0.0051870760972219,261.8317932128906,259.1022525024414,0.0329655751366683
2019-07-03,269.78363037109375,269.80170581299336,268.1764866215848,268.32095238664516,40898900,0.0079636231920398,0.0051513230697196,262.6087127685547,259.234753112793,0.0406923729617029
2019-07-05,269.4765625,269.6391036536074,267.26449836154364,268.55562454830994,51677300,-0.0011388487722306,0.0051594184467718,263.28761291503906,259.3727926635742,0.0389546248574002
2019-07-08,267.99591064453125,269.2960749060107,267.45417094324387,268.1674620091727,45841800,-0.0055096983570359,0.0051554081994599,263.76444244384766,259.4844552612305,0.0328014076015922
2019-07-09,268.3299865722656,268.6279282653834,266.7860517816925,266.840222998623,41101300,0.0012457946658004,0.0051149801722837,264.19867553710935,259.5783609008789,0.0337147736082999
2019-07-10,269.6120300292969,270.5600812739369,268.8626432853066,269.39534519807506,58448500,0.0047664835418412,0.0051402689688256,264.70015411376954,259.68964019775393,0.038208647152759
2019-07-11,270.24407958984375,270.4878500388574,269.24188463431943,270.253117309667,50826100,0.0023415493057176,0.0050678015417976,265.2561431884766,259.81086395263674,0.040156964487478
2019-07-12,271.4540100097656,271.52625667648226,270.42472921830876,270.7317086667794,40326000,0.0044671836775448,0.0050757287578799,265.81917572021484,259.99600006103515,0.0440699470224182
2019-07-15,271.54425048828125,271.88735320178154,271.03863413807807,271.88735320178154,33900000,0.0003323785209317,0.0050377075291646,266.4010925292969,260.1942642211914,0.0436212008787449
2019-07-16,270.6684265136719,271.6616112571717,270.3614471482306,271.45393658906914,36650100,-0.00323055794698,0.0051689780880657,266.93427734375,260.3237948608398,0.0397375570618196
2019-07-17,268.8265380859375,270.80386996621183,268.8265380859375,270.64135633183906,36036300,-0.0068282215962477,0.0051309477644753,267.23923645019534,260.4382315063477,0.0322084301182385
2019-07-18,269.8106994628906,270.1899255172124,267.88756624619475,268.32997368121545,51392600,0.0036542682292539,0.0051563255633993,267.56375274658205,260.6602267456055,0.035104982572641
2019-07-19,268.3119201660156,270.9302965017042,268.1403688062337,270.90321089510843,58678600,-0.0055704150605695,0.0049795554414693,267.68753814697266,260.8594357299805,0.028568966329243
2019-07-22,268.970947265625,269.51268682028854,268.194475028688,268.7091014293009,43638100,0.0024531860964355,0.0049769925026866,267.8635986328125,261.08745819091797,0.0301948210355715
2019-07-23,270.8941345214844,270.8941345214844,269.25990553066293,270.0905766044497,44564500,0.0071247259957765,0.005157570142537,268.1520690917969,261.3280667114258,0.0366055890224069
2019-07-24,272.167236328125,272.167236328125,270.04543875193104,270.13573328679485,47213200,0.0046886197664212,0.0045209975898217,268.6342147827148,261.7242434692383,0.0399007471392849
2019-07-25,270.86712646484375,271.77001688639325,270.0635407637308,271.7158456654226,55394100,-0.0047883244098054,0.0047197049129115,269.06444549560547,262.04877227783203,0.0336515760419676
2019-07-26,272.6818542480469,272.88049117681857,271.42682375398465,271.5532415968484,45084100,0.0066773541681529,0.0048377522081516,269.5389144897461,262.3797665405273,0.0392640326018747
2019-07-29,272.1852722167969,272.68187835964795,271.6345224202421,272.56449822490094,38126500,-0.0018227642836952,0.0048333854138727,269.92084045410155,262.6533871459961,0.0362907372883125
2019-07-30,271.51708984375,271.9234013772406,270.40652519182134,270.7857511266804,45849000,-0.0024578988654878,0.0045557744534518,270.14927062988284,262.94706756591796,0.0325921956733121
2019-07-31,268.546630859375,271.9505446149553,266.5332033083149,271.7609178303265,104245200,-0.0110005128112218,0.0052436616880046,270.19441680908204,263.21530578613283,0.0202546164909344
2019-08-01,266.2081298828125,271.65255641303344,265.4135821381002,268.700115526861,142646600,-0.0087461245981536,0.0052674077589157,270.015641784668,263.39076904296877,0.010696505614379
2019-08-02,264.2037048339844,265.55804002591907,262.6507327117384,265.31426961081803,116749700,-0.0075580311724873,0.0054885925223477,269.7519989013672,263.5419580078125,0.0025109733234668
2019-08-05,256.25823974609375,260.2219124148856,254.3621652846192,260.11357002634685,178745400,-0.0305347297862443,0.0085643590396117,269.1651153564453,263.5969534301758,-0.0278406619977343
2019-08-06,259.8518371582031,260.0685495834864,256.67367297899784,258.1453886890081,120711700,0.0139259264590737,0.0092757354377724,268.7412078857422,263.71232055664063,-0.0146389952137573
2019-08-07,260.00531005859375,260.7727722927134,254.6511774136103,256.7819852077057,140572300,0.0005904426078239,0.0091711671308267,268.26087188720703,263.878017578125,-0.0146761278376843
2019-08-08,265.1066589355469,265.1066589355469,260.9443476671785,261.49509755220527,87713900,0.0194301774502131,0.0103046861443592,268.0040008544922,264.17952697753907,0.0035094769402272
2019-08-09,263.30078125,264.7634586627928,261.5220868217728,264.1675479475779,93730000,-0.0068351979138696,0.0103013248081731,267.5963394165039,264.43126068115237,-0.0042751353536656
2019-08-12,260.09564208984375,263.29185424173795,259.1475906449031,261.80209060429195,65527600,-0.0122476160801329,0.01056270948383,267.023908996582,264.6864617919922,-0.0173443691493228
2019-08-13,264.1405334472656,265.58516336808646,259.4545308129541,259.79763351897674,94299800,0.0154318676107518,0.0112636518825101,266.69751434326173,265.0351382446289,-0.0033754195888454
2019-08-14,256.33050537109375,260.70049034452813,256.20411507951735,260.09556938065884,135622100,-0.0300136367619865,0.0129396161431446,266.07271270751954,265.1205108642578,-0.0331547546604742
2019-08-15,257.0076599121094,257.901539842479,254.96714703508584,257.2153345533102,99556600,0.002638241142306,0.0129166529028238,265.4325607299805,265.17575927734373,-0.0308025868861242
2019-08-16,260.79986572265625,261.23323542718947,257.06188669690755,258.6600201444486,83018300,0.0146474256287092,0.0134386059517854,265.0569580078125,265.27378540039064,-0.0168652913478867
2019-08-19,263.94189453125,264.6190622184229,263.13833653723043,263.81550422440336,53571800,0.0119756672637454,0.01374817104846,264.8055053710938,265.38343688964846,-0.0054319228633619
2019-08-20,261.9194641113281,263.96901533165703,261.79307378762985,263.43631331987183,51596400,-0.0076919148296067,0.0136895919428754,264.3567718505859,265.42891967773437,-0.0132218281665282
2019-08-21,264.05023193359375,264.42039264271136,263.3911122132719,264.07731753557846,49524700,0.00810228990315,0.0137941175848639,263.9509216308594,265.51827514648437,-0.0055289723921289
2019-08-22,263.968994140625,265.3865385206094,262.1993368727227,264.75453184479977,51666400,-0.0003077077106216,0.0137745090278279,263.60601501464845,265.6151690673828,-0.0061975938066254
2019-08-23,257.18829345703125,264.33015864750445,255.9423005022551,262.6688438924776,149161500,-0.0260231738146671,0.0146894169926968,262.83133697509766,265.55506774902346,-0.0315067393099033
2019-08-26,260.03240966796875,260.03240966796875,257.84740299073746,259.37328982123614,72423800,0.0109977998189028,0.0150161457821341,262.22369384765625,265.55759765625,-0.0208059872398502
2019-08-27,259.0120849609375,261.7930019677156,258.2536605647307,261.42281371111113,66668900,-0.0039315551243225,0.0150206597166496,261.59844360351565,265.5377447509766,-0.0245752625343673
2019-08-28,260.8360290527344,260.99854271685837,257.54949466784865,258.3530803749549,59696700,0.0070172480274205,0.0150153203280459,261.2129135131836,265.49991821289063,-0.0175664429260446
2019-08-29,264.1676025390625,264.69129428520955,262.3889077432596,263.3911301931494,57899400,0.0126917910924217,0.0152311988106946,261.1108871459961,265.51686279296877,-0.0050816367733235
2019-08-30,264.05023193359375,265.6663854420489,263.1202561934248,265.6483375587326,62901200,-0.0004444022891335,0.0151376423694388,261.10321350097655,265.48114318847655,-0.0053898790614553
2019-09-03,262.5063781738281,263.26480289607287,261.1791280213919,262.35290221731935,69101400,-0.0058639779809873,0.013429805501912,261.4156204223633,265.4222760009766,-0.0109858820860149
2019-09-04,265.48577880859375,265.50382668884157,263.9237692156625,264.6731833331905,46887300,0.0112858958964105,0.0133106311367412,261.6973175048828,265.4294970703125,0.0002120402551429
2019-09-05,268.8988037109375,269.81070420416734,265.44975604997495,267.9688277765969,83258100,0.0127738390018868,0.0135637922252625,262.1419921875,265.55698669433593,0.012584180360685
2019-09-06,269.1064758300781,269.7475478604389,268.5376780168426,269.21484582472306,49584300,0.0007720077752102,0.0129044335530625,262.34198303222655,265.69386596679686,0.0128441424526817
2019-09-09,269.2419128417969,270.1808989649801,268.3028991645869,270.0906319733859,51260300,0.0005031574995894,0.0127811853048282,262.63903961181643,265.81485473632813,0.0128926508221979
2019-09-10,269.1785888671875,269.24179777751164,267.2283432421519,268.483345961652,57947100,-0.0002352212618218,0.0123966210462388,263.0931869506836,265.9074914550781,0.0123016369121815
2019-09-11,271.09283447265625,271.17409129973674,268.8356085403277,269.48569071099945,68821100,0.0070862663954207,0.0120461503906226,263.4408020019531,265.99037841796877,0.0191828594892618
2019-09-12,272.03179931640625,273.08816543274827,271.23725152228974,271.9956759928493,72908700,0.0034576438658895,0.0095290334840346,264.2258666992187,266.07814025878906,0.0223756038426404
2019-09-13,271.8511962890625,272.82633309685326,271.4810080151809,272.47419270681183,62104800,-0.0006641245835633,0.0095636801110875,264.9680435180664,266.11949157714844,0.0215380868118502
2019-09-16,271.01153564453125,271.89637799232213,270.3704912942259,270.72260415700487,58191200,-0.0030934572028298,0.009224436152311,265.47862701416017,266.1501910400391,0.0182654184297047
2019-09-17,271.6976318359375,271.7878987797383,270.64123856414864,270.8127898437897,41475500,0.0025284133677047,0.0089192666745153,265.86641387939454,266.2242254638672,0.0205593850917717
2019-09-18,271.8602294921875,271.968571901471,269.27794933684083,271.30945217296875,73375800,0.0005982717670665,0.0086610440585183,266.3634521484375,266.2948303222656,0.0208993887083227
2019-09-19,271.8421325683594,273.2416287217111,271.5080676481326,272.24844412507855,76560500,-6.656923014354019e-05,0.0085431124523178,266.75304718017577,266.33943237304686,0.0206604787968654
2019-09-20,270.5577697753906,272.7256557739762,269.7686322549902,272.44444179650503,89565000,-0.0047358607106394,0.0086479140218956,267.0824859619141,266.3457061767578,0.0158142725824065
2019-09-23,270.49432373046875,271.2109087987867,269.6416852140578,269.89566087758845,43476800,-0.0002345284159297,0.0058352798685969,267.74778747558594,266.3265124511719,0.0156492541464905
2019-09-24,268.3717956542969,271.9728243964235,267.41031441968806,271.5827953011382,94869400,-0.0078777973851353,0.0059181545184285,268.16475677490234,266.2630633544922,0.0079197327381349
2019-09-25,269.9591064453125,270.40355684518136,266.9748722488337,268.45338400504926,71854000,0.0058971735968921,0.005844157913918,268.7121078491211,266.248876953125,0.0139351930218309
2019-09-26,269.3967590332031,270.17681716965757,267.99082742388725,269.9682111328825,56179700,-0.0020852563284222,0.0057927982262095,269.14014434814453,266.2602813720703,0.0117797429078425
2019-09-27,267.9454345703125,270.2584534548734,266.39437020670596,270.1495830366901,84746600,-0.0054018761576325,0.0053691797793677,269.329035949707,266.22297607421876,0.0064699843773572
2019-09-30,269.1881408691406,269.8956464426555,268.41716214409126,268.4625040639401,51662400,0.0046271861337059,0.0054311944733292,269.5859313964844,266.24050048828127,0.0110713448008602
2019-10-01,265.9862060546875,270.7210593029976,265.7685205613803,270.06797514180766,88242400,-0.0119660930653936,0.0059787274182935,269.75992279052736,266.1808056640625,-0.0007310805483871
2019-10-02,261.2876281738281,264.4169953695027,259.9996188362365,264.4079159140389,122539500,-0.0178226263049254,0.0067488826666732,269.5500152587891,265.9886755371094,-0.0176738628206199
2019-10-03,263.4283752441406,263.455585936669,258.3488337490657,261.0609342690708,85278800,0.0081596861312333,0.0063261829175901,269.27649383544923,265.8138983154297,-0.0089744106173796
2019-10-04,266.99298095703125,267.2469565208113,264.02687854720455,264.08132758632775,65091200,0.0134408591781302,0.007102505047733,269.1708190917969,265.7364154052734,0.0047286163239669
2019-10-07,265.84112548828125,267.818537273,265.5599391103268,266.1948921658021,59610500,-0.0043235117613361,0.0071522356513182,269.0007797241211,265.59960083007815,0.0009093562544833
2019-10-08,261.71392822265625,264.72537300214316,261.67763808472165,263.99065687623875,95708100,-0.0156468275265555,0.0078981566157095,268.6275466918945,265.39017395019533,-0.0138522299933719
2019-10-09,264.1993103027344,265.13358083305707,263.1017756443016,263.72764914999317,62359400,0.0094517513564725,0.0080483074289834,268.2828704833984,265.243818359375,-0.0039379166802123
2019-10-10,265.9862060546875,266.8660551651619,263.9544009671046,264.1176650870851,55296300,0.0067406689269808,0.0081825503255337,267.9805908203125,265.19260986328123,0.0029925275512594
2019-10-11,268.74371337890625,270.97507304287916,268.6167393837116,268.7346339216523,98720400,0.0103137365899686,0.008573849807916,267.82521667480466,265.24332153320313,0.0131969085044991
2019-10-14,268.44439697265625,269.0974812285745,268.09970977074494,268.4262380580679,40394800,-0.0011143822115852,0.0085546506835856,267.6968597412109,265.32813537597656,0.0117449345967922
2019-10-15,271.10205078125,271.8458464973218,269.3695631563232,269.4874853651235,46754500,0.0098515162649048,0.0088419063438383,267.6670806884766,265.6250115966797,0.0206194407358239
2019-10-16,270.6667175292969,271.3560920358637,270.2313464146453,270.63950683463116,48928200,-0.0016070817334328,0.0088463625924666,267.607405090332,265.84130920410155,0.0181514616356729
2019-10-17,271.46490478515625,272.33567459941145,270.77553035484783,271.8277232343232,45736600,0.0029446274659177,0.0088746902141893,267.5885437011719,266.0705010986328,0.0202743395613169
2019-10-18,270.276611328125,271.5737002063706,269.4239728965291,270.9296954952778,64304000,-0.0043869459047954,0.0088653722685727,267.5744857788086,266.17390014648436,0.0154136494201076
2019-10-21,272.10882568359375,272.3083799212792,271.1564240881151,271.5918227015919,39048600,0.0067561597337476,0.0089946642812333,267.6552108764648,266.3500610351563,0.0216210374649674
2019-10-22,271.2199401855469,272.9342686902184,271.1292286758053,272.6440029315517,48594700,-0.0032720015832712,0.0088318218487678,267.79761810302733,266.57254699707033,0.0174338777223283
2019-10-23,272.009033203125,272.063454563809,270.75728654487045,270.96592021500015,34352200,0.0029051969288832,0.0087611431047691,267.90011444091795,266.7299169921875,0.0197919913539062
2019-10-24,272.45355224609375,273.08850518920275,271.62812449255955,272.9433722970273,35453100,0.0016328730517615,0.0087455522901305,268.0529541015625,267.0523779296875,0.0202251496814168
2019-10-25,273.5692138671875,274.1134552290327,271.82764704553614,271.8820684135941,45205400,0.0040865079001077,0.0086618375282645,268.3341430664062,267.38360900878905,0.0231338221565972
2019-10-28,275.1112365722656,275.61013608971376,274.75749763127527,274.7847083190437,42147000,0.0056208555042624,0.008686320078694,268.6302978515625,267.6698364257812,0.0278006675905289
2019-10-29,275.0296936035156,275.95491264990335,274.7122170225253,274.83921872743275,44284900,-0.000296443928726,0.0081379018335073,269.0824722290039,267.89159240722654,0.0266454842130257
2019-10-30,275.8731994628906,276.24506964645207,273.92299861636155,275.22916703094626,49643900,0.003062269336957,0.0067214431785015,269.811750793457,268.1706671142578,0.0287225013515406
2019-10-31,275.138427734375,275.864092158819,273.68715424802167,275.864092158819,69053800,-0.0026669933183805,0.0066958734037017,270.3972534179687,268.3924310302734,0.0251348246975737
2019-11-01,277.68731689453125,277.7326588147076,276.41741095435447,276.5807027657832,71141500,0.009221376705783,0.0063812979565867,270.9319702148438,268.66679748535154,0.0335751179290084
2019-11-04,278.802978515625,279.374430643672,278.43108065957426,279.23837720396307,60606900,0.0040096408689361,0.006219170783406,271.58006286621094,269.0990911865234,0.0360606469769733
2019-11-05,278.4945373535156,279.3018337699568,278.2042716072942,279.00248856877056,42933200,-0.0011069175254509,0.0046537805574759,272.4190933227539,269.46833374023436,0.0334963425497797
2019-11-06,278.5580749511719,278.8301818233875,277.6147249920431,278.4945741205653,46487100,0.0002281206353881,0.0044442749745258,273.1370315551758,269.85925354003905,0.0322346604647454
2019-11-07,279.5377197265625,280.8710989172841,279.06605853304166,279.89148638265715,54272300,0.0035106725078205,0.0043452370848782,273.81460723876955,270.2332873535156,0.034431111223078
2019-11-08,280.2271423339844,280.28156372408887,278.49465426558714,279.1930805594458,49032100,0.0024632591387808,0.0039361002279768,274.38877868652344,270.5544781494141,0.0357512625580292
2019-11-11,279.69189453125,279.864238107545,278.7122544469131,278.84833556176477,35797300,-0.0019118762911532,0.0039741489517606,274.95115356445314,270.8673114013672,0.0325789888939631
2019-11-12,280.2814636230469,281.1794439203386,279.5104572968919,280.0546986848405,46484600,0.0021057048556222,0.0035262744515525,275.41012420654295,271.2228131103516,0.0333992941405324
2019-11-13,280.3721618652344,280.77127035209,279.0659936684823,279.2927585959564,53917700,0.0003235446587888,0.0034577481911735,275.89539642333983,271.5205407714844,0.0326001895421961
2019-11-14,280.78033447265625,280.8619942096514,279.45603498872856,280.090987886083,51219900,0.0014547656192272,0.0034469489519287,276.36116790771484,271.75817138671874,0.03319923386259
2019-11-15,282.8121643066406,282.8575062211695,281.4243640106054,282.1137105902836,62023600,0.0072103111416176,0.0033453603460125,276.9879455566406,272.03228515625,0.0396272050730996
2019-11-18,283.0207824707031,283.2566268714091,282.1228021468884,282.57633203669667,49228000,0.0007373843276657,0.0031872391711636,277.5335433959961,272.3078625488281,0.0393412067562098
2019-11-19,282.9391174316406,283.62849164179835,282.2951128139359,283.6194121870548,67804700,-0.0002885894906807,0.0029930918258975,278.11950225830077,272.5830731201172,0.0379922501899444
2019-11-20,281.8869323730469,282.86657234836355,280.3358680402715,282.3495416770167,79406200,-0.0037257002436716,0.0032566159837136,278.6133972167969,272.798955078125,0.0333138273653549
2019-11-21,281.4333801269531,282.1046230732926,280.63519090852355,281.99578034720054,54664700,-0.0016102822285471,0.0033440821289626,279.06238861083983,272.98698669433594,0.0309406449548989
2019-11-22,282.0592956542969,282.31327128023827,281.05247260615073,282.1772178522817,44850200,0.0022215578362233,0.0032974015148401,279.4868927001953,273.19114868164064,0.0324613261280679
2019-11-25,284.24530029296875,284.24530029296875,282.984501675249,282.984501675249,48647200,0.0077202816716034,0.0034637690635831,279.94359588623047,273.45582397460936,0.039456012168756
2019-11-26,284.88934326171875,285.0707663027961,283.96415218727157,284.28162866852205,37569000,0.002263236831409,0.003435898248296,280.43657836914065,273.719658203125,0.0408070254504878
2019-11-27,286.1592102050781,286.1592102050781,285.15235952241426,285.37004499703744,44444600,0.0044474993547919,0.0034772215745417,280.95087890625,274.0056378173828,0.0443551909533895
2019-11-29,285.0979309082031,285.84172650261706,284.87116598414514,285.5968026686247,36592700,-0.0037155965027517,0.0035556239709868,281.44885406494143,274.2707537841797,0.0394762364365804
2019-12-02,282.67608642578125,285.4153966404745,282.24976727728045,285.3518958206147,75767800,-0.008531067279489,0.0038066387396066,281.6982925415039,274.5131201171875,0.029736160898645
2019-12-03,280.78033447265625,280.8619942096514,278.5852653796921,279.9639862341054,73941700,-0.0067290354181706,0.0040902801596618,281.79716033935546,274.7188403320313,0.022064355445367
2019-12-04,282.5128173828125,283.1114801298138,281.4787836789131,281.82347080730165,49080000,0.0061512850539647,0.004271859201628,281.9980743408203,275.00166076660156,0.0273131318380865
2019-12-05,283.0207824707031,283.2294161852713,281.71461417355385,283.2112849549353,40709000,0.0017964104153185,0.004276817955456,282.22120971679686,275.26289428710936,0.0281835595883185
2019-12-06,285.60589599609375,286.00500449632267,284.9165217354681,284.9256011908763,48927000,0.0090925432572033,0.0046308588910178,282.5246185302734,275.5870770263672,0.0363544585538312
2019-12-09,284.7079162597656,285.88708285190785,284.63533597889335,285.21586750080536,34838500,-0.0031490749798152,0.0047115713385908,282.7486572265625,275.9223266601563,0.0318408071791531
2019-12-10,284.3904113769531,285.3156022560636,283.73732732073876,284.6534664265952,52649800,-0.0011158174267473,0.0046908335300201,282.9835830688477,276.2263720703125,0.0295556113829801
2019-12-11,285.1977233886719,285.4516989977195,284.3087949163725,284.8439568182491,53429100,0.0028347239103142,0.0047040579290461,283.2293960571289,276.6106024169922,0.031044077474422
2019-12-12,287.6557922363281,288.43585014256996,284.9709037870693,285.20672044084057,96389600,0.0085818935094685,0.0050063608305766,283.5935775756836,277.13796569824217,0.0379515903264518
2019-12-13,287.82818603515625,289.05272214678655,286.64899183529326,287.4199981041912,81503900,0.0005991263371142,0.0050084652807144,283.9459701538086,277.6259619140625,0.0367480910313848
2019-12-16,289.8055725097656,290.3951557751756,287.76468819631657,289.55159690245364,82749700,0.0068465326671762,0.0049862517166387,284.29564056396487,278.0822137451172,0.0421578877942684
2019-12-17,289.86907958984375,290.48587355216506,289.7874475372953,290.18655602615394,61097700,0.000219112842358,0.0049902444823716,284.6380554199219,278.5627728271484,0.0405880033715453
2019-12-18,289.8872985839844,290.4859614985211,289.83287719914233,290.2591965012545,48133000,6.285051732948327e-05,0.0049853601007422,284.98546447753904,279.126240234375,0.0385526575379426
2019-12-19,291.07550048828125,291.14808077783215,289.823753465592,290.07772911648044,85310500,0.0040904634958818,0.0048831424921105,285.4448928833008,279.66376403808596,0.0408052022379316
2019-12-20,292.3515930175781,293.48186803995895,291.13016050237536,292.1054650052227,147142100,0.0043744782456935,0.0048591292890257,285.99080352783204,280.1910717773437,0.0434008163182939
2019-12-23,292.79827880859375,293.1902254958816,292.6524323585263,293.13553655427705,52990000,0.001526740068789,0.0048592162186496,286.5277526855469,280.6721630859375,0.0432038417680325
2019-12-24,292.8074035644531,293.0717241770153,292.5065865675843,293.0261593313642,20270000,3.1163481280316096e-05,0.0046724352273975,286.9558578491211,281.15942321777345,0.0414283832758387
2019-12-26,294.36602783203125,294.37515192605576,293.1810639379538,293.1901602146185,30911200,0.0053089184387592,0.0047481914639147,287.42969207763673,281.62470275878906,0.0452422140118692
2019-12-27,294.29302978515625,295.14985992527306,293.7643609710234,295.09517100716806,42528800,-0.0002480146913721,0.0047178562849912,287.8363830566406,282.09722900390625,0.0432326145999864
2019-12-30,292.67059326171875,294.5118799794698,292.18748916413625,294.3751576532409,49729100,-0.0055282494237953,0.0048372307595233,288.2150161743164,282.5213427734375,0.0359238363680731
2019-12-31,293.38165283203125,293.62778090007464,291.82296227634913,292.1693441370268,57077300,0.0024266093133191,0.0042485755286491,288.7502944946289,282.98344360351564,0.0367449384886431
2020-01-02,296.12530517578125,296.1435533670269,293.9923531023892,294.9129966046256,59151200,0.0093083622403556,0.0040513025700013,289.51754302978514,283.4637731933594,0.044667196233873
2020-01-03,293.8829345703125,295.00411329960116,292.68884653822107,292.74353546966336,77709700,-0.0076011867328209,0.0045624796283411,290.08604888916017,283.9170330810547,0.0351014568626204
2020-01-06,295.004150390625,295.0861837981025,292.01434006994486,292.1328420420894,55653900,0.0038079190519592,0.0045805200129932,290.6852172851562,284.3769354248047,0.0373701719161762
2020-01-07,294.1746520996094,294.9129805533922,293.7279886988713,294.43897268463854,40496400,-0.0028157796430352,0.004390112748327,291.11365509033203,284.811357421875,0.0328754259046806
2020-01-08,295.742431640625,296.9547400028766,294.1199284891358,294.3660286722624,68296000,0.0053152664172964,0.0043281246276247,291.665380859375,285.25482177734375,0.0367657584118503
2020-01-09,297.7477111816406,297.8206482880284,296.7176901384193,297.30107572009905,48473300,0.0067576090226026,0.0043967840476935,292.3332458496094,285.7075512695312,0.0421415529922446
2020-01-10,296.8909912109375,298.48615024274386,296.4261352089056,298.33120751452185,53029300,-0.0028814826886668,0.0045431995125917,292.9179092407227,286.1447772216797,0.0375551638355872
2020-01-13,298.9327697753906,298.94186605271307,297.082386683004,297.510801872737,47086800,0.006853659388739,0.0044265433429049,293.4817581176758,286.6059686279297,0.0430095758524258
2020-01-14,298.4770812988281,299.54354357146394,297.9210399203598,298.4953016751799,62832800,-0.0015255475420095,0.0044850881947375,294.0142028808594,287.07274169921874,0.0397263060648172
2020-01-15,299.1515808105469,299.9081297404282,298.30387436905687,298.3859077842946,72056600,0.0022572538463272,0.0043288749198686,294.48150329589845,287.50202697753906,0.0405199015654868
2020-01-16,301.6399230957031,301.6399230957031,300.29998886032536,300.5278686430947,54050300,0.0082835942176382,0.0045639626812106,295.0700454711914,287.9587658691406,0.0475108204651069
2020-01-17,302.5789489746094,302.7885806840839,301.5762718291727,302.3510690696179,95846000,0.003108233384673,0.0045470451109643,295.70462799072266,288.4404541015625,0.0490170316680633
2020-01-21,301.986328125,302.78846954692693,301.5488166711206,301.6217259743135,77742400,-0.001960486524348,0.0046114617410685,296.2501693725586,288.90901916503907,0.0452644538330959
2020-01-22,302.0227966308594,303.49035714511143,301.867853930092,302.84315842409643,48914900,0.0001207548177966,0.0045864395338828,296.73372955322264,289.358720703125,0.0437660074559404
2020-01-23,302.3691711425781,302.77936593801815,300.2635638696882,301.37561848363805,51963000,0.0011461917699393,0.0045876677430319,297.2122741699219,289.8015612792969,0.0433662600291141
2020-01-24,299.68023681640625,303.1075588185603,298.3949910655985,303.02552540689584,87578400,-0.0089326629021665,0.0051528896080237,297.55591583251953,290.201328125,0.0326632160943225
2020-01-27,294.8765563964844,296.3532135264237,294.1108833593813,294.4481411214826,84062500,-0.0161592130556971,0.0063419771233245,297.58144226074216,290.49322998046875,0.0150892549761326
2020-01-28,297.9666442871094,298.8416952816207,294.9677371260553,296.2985479035743,63834000,0.0104247324474047,0.0067483391938662,297.76512298583987,290.8451196289063,0.0244856254328405
2020-01-29,297.72052001953125,299.55268327227856,297.5199845997412,299.32480337785205,53888900,-0.0008263541547696,0.006603207002359,298.01761932373046,291.1839233398438,0.022448343317562
2020-01-30,298.6867370605469,298.8963965836487,294.9130603663084,295.66048530013137,75491800,0.003240127865175,0.0066158887383486,298.2828735351562,291.50141479492186,0.0246493564042564
2020-01-31,293.2631530761719,298.2218209474655,292.35163365596884,298.06685040639036,113845600,-0.0183249827261141,0.0075815936460019,298.13976593017577,291.7062622070313,0.0053371869954428
2020-02-03,295.4416198730469,297.30112696346464,294.6212580975968,294.73976005288546,69083000,0.0074009141440415,0.0075826796818357,298.2177001953125,291.95631225585936,0.0119377710666968
2020-02-04,299.94451904296875,300.8104734483571,298.723086598825,299.0421238964606,62573200,0.0151262675834556,0.0082537230662781,298.4647186279297,292.3174639892578,0.0260916845323727
2020-02-05,303.4083557128906,303.6180152040548,301.4121536768775,302.8705625667215,65951100,0.0114820857587399,0.0085356748064181,298.92640380859376,292.75696350097655,0.036383053316778
2020-02-06,304.4292297363281,304.6206410029242,303.35361580732535,304.3654167083422,50359700,0.0033590386898224,0.0085013398198019,299.3607437133789,293.20436218261716,0.0382834261746752
2020-02-07,302.8066711425781,304.4382703838826,302.25975409202255,303.3718085617881,64139400,-0.0053440926433961,0.0085341061470205,299.61369171142576,293.5755895996094,0.0314436277060994
2020-02-10,305.0672607421875,305.13107376686384,301.88606741089336,301.92253597033135,42070000,0.0074377264834051,0.0086087320400272,300.02250518798826,293.97914794921877,0.0377173444794256
2020-02-11,305.595947265625,307.20020220152,305.06725053223005,306.41630901268127,54864500,0.0017315163205993,0.0085122951729381,300.3556640625,294.36788269042967,0.0381429674751686
2020-02-12,307.5649108886719,307.7745425630313,306.66248770025715,307.02708992369514,43992700,0.0064223616515408,0.0085684978123167,300.8100555419922,294.81722229003907,0.0432392941620341
2020-02-13,307.2367248535156,308.20293318619815,305.8694457619048,306.1428904532812,54501900,-0.0010676161130651,0.0085852630663419,301.2143127441406,295.3084350585938,0.0403926484272455
2020-02-14,307.7288818359375,307.84738378054004,306.4527605428289,307.646848447526,64582200,0.0016006003657459,0.0084291513715507,301.51876068115234,295.8474060058594,0.0401608247660038
2020-02-18,306.9358825683594,307.79271287619065,305.550355525555,306.735347223604,57226200,-0.0025802673374794,0.0084501900536494,301.73660736083986,296.3358673095703,0.0357702743006659
2020-02-19,308.40350341796875,309.07801894449966,307.61961000252654,307.9021788213364,48814700,0.0047701273992845,0.0084720331203372,302.0574661254883,296.8435217285156,0.0389430148993635
2020-02-20,307.1365661621094,308.67703664097724,304.1558790164622,307.8566466781261,74163400,-0.0041165120113626,0.0085491604270594,302.31315460205076,297.2741351318359,0.0331762163765093
2020-02-21,303.9734802246094,306.09730805211063,303.1530905628107,305.78739481387316,113788200,-0.0103520280960581,0.0089065928047131,302.3933700561523,297.6594464111328,0.021212274260416
2020-02-24,293.89208984375,304.0464012409805,292.8164758374308,294.5483849080448,161088400,-0.033727802882943,0.0115789595974157,302.10396270751954,297.84947998046874,-0.013286543716572
2020-02-25,284.9864807128906,295.88824287722144,284.11143004396996,295.2775405729495,218913200,-0.0307709155663272,0.0129653993849539,301.60945892333984,297.84525512695313,-0.0431726683326937
2020-02-26,283.93817138671875,289.9632986856454,283.20896730624605,286.3810356553901,194773800,-0.0036852349734648,0.0126506607640748,300.9080352783203,297.7709027099609,-0.0464542747372322
2020-02-27,271.18603515625,283.99286638377913,271.18603515625,278.43259474470216,284353500,-0.0459514461211852,0.0159475588680869,299.58131103515626,297.4380596923828,-0.0882604753516858
2020-02-28,270.0468444824219,271.53262609514337,260.2753518507002,263.155757539543,384975800,-0.0042096199213856,0.0158397768513092,298.14931640625,297.04288513183593,-0.0908826368200418
2020-03-02,281.7414855957031,281.80529862026447,268.40595433040124,271.8241515658398,238703600,0.0423944907173291,0.0187171027552285,297.57323303222654,296.8803332519531,-0.050993097085357
2020-03-03,273.6745910644531,286.07126116142535,271.24084970802795,282.1152700822015,300139100,-0.0290501559980534,0.0195109623869126,296.48488159179686,296.5560791015625,-0.0771573730891993
2020-03-04,285.177978515625,285.39676211227726,276.4911987598748,279.03434596352906,176613400,0.0411736946264917,0.0216001534509515,295.7465545654297,296.43812866210936,-0.0379848240079773
2020-03-05,275.6981201171875,281.1763600202487,273.4649145191371,277.9951665598652,186366800,-0.0338069719527418,0.0224131617476408,294.36104278564454,296.10505920410156,-0.0689179007672672
2020-03-06,271.14056396484375,272.3437762979566,264.55029623787203,267.2119174164198,228667200,-0.0166691267997552,0.0224772995232766,292.6966094970703,295.6719049072266,-0.0829681161288559
2020-03-09,249.9659881591797,259.04471406948755,249.25500410266216,250.94129282702897,309417300,-0.0813125113819542,0.0281109007452213,290.05457534790037,294.8150765991211,-0.1521261699276172
2020-03-10,262.9003601074219,262.99148976667317,249.3004824278456,259.4548189035631,276444100,0.0504502402417728,0.0309808810919753,287.9462303161621,294.1857632446289,-0.106345741521121
2020-03-11,250.0845184326172,256.99385297422504,246.912447845986,255.86357750702288,255316300,-0.0499761670267878,0.0323046606241807,285.17065887451173,293.3015930175781,-0.1473468798458617
2020-03-12,226.15708923339844,243.06577765843556,225.76512864095776,233.3489770719644,392220700,-0.1005690915426164,0.0378250578830843,281.100267791748,291.97132293701173,-0.2254133489603418
2020-03-13,245.4903564453125,247.45924124597292,226.5307543943124,239.8115818422406,329566100,0.0820278222651709,0.0436016465305129,278.01294937133787,291.01349700927733,-0.156429653716417
2020-03-16,218.62796020507812,234.1693567355809,216.35827161630672,219.84026891466843,297240000,-0.1158861918308496,0.0493227364461733,273.5579032897949,289.46355010986326,-0.2447133322240404
2020-03-17,230.43209838867188,233.50392810842425,216.09390266325667,223.3586992105736,262070500,0.052584761690856,0.0516639232241539,269.7327140808105,288.1945333862305,-0.2004286282562722
2020-03-18,218.76466369628903,226.39407689191867,207.84466479454713,215.34646582603455,327597100,-0.0519596780100078,0.0521151830307893,265.2507720947266,286.66974365234375,-0.2368756433479984
2020-03-19,219.2295379638672,225.4916860447425,211.6730478414128,218.0810284637233,289322000,0.0021227424489993,0.0522160146116364,260.8554206848145,285.17084136962893,-0.2312343824812398
2020-03-20,209.78201293945312,224.149511692918,209.50694631687315,222.37076338943308,347158800,-0.044050341514426,0.0525377077407177,256.14584732055664,283.45163299560545,-0.2599019073469034
2020-03-23,204.41824340820312,210.58883736917824,200.11807712080457,209.22269612416616,326025200,-0.0259008501543085,0.0524477231571143,251.6721549987793,281.58504364013675,-0.2740443854345905
2020-03-24,222.9391632080078,223.8102096064836,214.3663514159035,214.9348120208323,235494500,0.0867308157025945,0.0573151023786105,248.56978912353512,280.10600708007814,-0.2040900317276208
2020-03-25,226.27667236328125,235.0420516206146,219.8218472180857,224.51626550550063,299430300,0.0148595410160852,0.0576106630653361,245.68671417236328,278.65288513183594,-0.1879622123552552
2020-03-26,239.48887634277344,240.95586078896224,228.34878482606825,228.77971920189324,257632800,0.0567485059092985,0.0589261553092149,244.10185623168945,277.47312103271486,-0.1368934206980825
2020-03-27,232.35560607910156,239.1313451664376,230.1826060955269,232.21807974740867,224341200,-0.0302379874650872,0.0591664722626376,242.21729431152343,276.13720153808595,-0.1585501526600567
2020-03-30,239.9014434814453,240.61660815727984,232.45638865585167,234.44601489405457,171369500,0.0319592038662803,0.0587476944658248,240.12529220581055,274.9024319458008,-0.1273214944539167
2020-03-31,236.32566833496097,241.4418431399688,234.92284395447984,238.90209724302795,194881100,-0.0150173824999451,0.0585670547275488,238.25784606933593,273.57736633300783,-0.1361651312656574
2020-04-01,225.68983459472656,236.24312431481496,223.62685616519352,227.3677253962696,189554600,-0.0460491609877696,0.0580095032430659,235.283438873291,272.05143646240236,-0.1704148394529172
2020-04-02,230.8977203369141,231.67705936295383,224.25950903784965,224.80964222485147,177660400,0.0228132000133989,0.0582548053972962,233.04341888427737,270.6289349365234,-0.1468106675619455
2020-04-03,227.560302734375,232.2638985790031,224.83716977069236,229.9166755402143,135561200,-0.0145595731350922,0.0582418427181582,230.8644058227539,269.13275756835935,-0.1544682082166271
2020-04-06,242.8446502685547,244.80678550079665,227.5419457283824,236.40816732964865,188061200,0.0650066693640015,0.0578371786683015,230.50833892822263,267.99604583740233,-0.0938498756213269
2020-04-07,243.0922088623047,252.16930817093797,242.8721667882083,251.4174604431951,201427200,0.0010188921071329,0.0565445390091617,229.5179313659668,266.9603588867187,-0.0894070944613248
2020-04-08,251.2525177001953,253.05877164603703,243.2023158663454,245.6870517677705,153774500,0.0330176483179891,0.0560294509474844,229.5763313293457,266.0260763549805,-0.0555342500900986
2020-04-09,255.0758514404297,257.8264895451894,252.57276069196072,254.50736272812497,189999200,0.0151024775357367,0.0508028891950786,231.02226943969723,265.1731829833984,-0.0380782529717603
2020-04-13,252.74696350097656,254.4431958847466,248.8502262862596,254.10395500418,114839100,-0.0091721135715079,0.0476140454074467,231.38509979248047,264.254387512207,-0.0435467661277672
2020-04-14,260.201171875,261.2188944182337,252.60941275513804,257.6247434043118,134143400,0.0290662258307784,0.0390797170834915,233.46376037597656,263.5931478881836,-0.012868225294773
2020-04-15,254.67239379882812,260.338700945521,252.56355469912344,254.49818449986756,121775000,-0.0214770808309838,0.0382019610015684,234.67577514648437,262.7777633666992,-0.0308449598779797
2020-04-16,255.9009704589844,256.7536613333941,252.8385975263279,255.94680322305484,131798300,0.0048125465109448,0.0357791170398843,236.5325904846191,261.8968923950195,-0.0228942080266895
2020-04-17,262.8142395019531,263.4193550866855,258.9266530783905,261.658962878332,146684800,0.0266569334446111,0.0359927386713635,238.71182556152343,261.08501007080076,0.0066232428689928
2020-04-20,258.1840515136719,262.95183530213035,257.96400942467557,259.11925837284326,100109300,-0.0177747603914738,0.0343959961048513,241.1319274902344,260.16010650634763,-0.0075955342239512
2020-04-21,250.34474182128903,254.929138502849,249.4095069904513,253.7280288107553,126385700,-0.0308337733033073,0.0346863135441851,243.42825241088863,259.1108679199219,-0.0338315647236456
2020-04-22,255.9009704589844,257.6430352076185,253.8930029283225,255.21331111234483,92951600,0.02195160025017,0.0298437803988704,245.0763427734375,258.12754211425784,-0.0086258585079148
2020-04-23,255.88267517089844,260.3387233355944,255.58011729880272,257.17547840445417,104709700,-7.149618105219661e-05,0.0298207912097165,246.55664291381837,257.1332766723633,-0.0048636314896666
2020-04-24,259.44921875,260.1185504080015,255.35076902204304,257.3954190051184,85063200,0.0138419553174348,0.0274370588719001,247.55466003417968,256.1709628295898,0.012797140956959
2020-04-27,263.1902770996094,264.308871327073,260.9622663945535,261.4207061930067,77896600,0.0143162630261917,0.0262956295406538,249.09639358520508,255.29003387451172,0.030946148211101
2020-04-28,261.9799499511719,267.1786402598977,261.67736409264813,266.8302216256885,105270000,-0.004609283729076,0.0256765387598436,250.2003189086914,254.3750552368164,0.0298963855055501
2020-04-29,268.83819580078125,270.36939668055743,266.2709447231819,267.29784515422165,118745600,0.0258417220984094,0.0256755925740224,251.82594528198243,253.61310150146485,0.0600327593849817
2020-04-30,266.3351745605469,268.93910905447325,264.6022588270189,267.4629184687706,122901700,-0.0093541257093754,0.0228866063430621,253.85821228027345,252.7717349243164,0.0536588461533943
2020-05-01,259.2843017578125,266.5001372793607,258.1198471539412,261.5948274910563,125180000,-0.0268304204550875,0.0238971605543435,255.27754135131835,251.81468963623047,0.0296631309808517
2020-05-04,259.99951171875,260.3020696248995,255.92856473218876,257.40472721224256,80873200,0.0027546031461702,0.0234299297992845,256.8995018005371,250.93521026611327,0.036122078854634
2020-05-05,262.4017639160156,265.2074131354292,260.1278925305998,262.81437091102384,79569900,0.0091970262792964,0.0190249107295466,257.87735748291016,250.3054037475586,0.0483264044137721
2020-05-06,260.6229553222656,264.4830095523587,260.192020908388,264.09793589455825,73632600,-0.0068020320522325,0.0191665077069857,258.7538948059082,249.8181332397461,0.043250751826531
2020-05-07,263.7678527832031,265.6933050734505,263.2635803176103,263.8320410550969,75250400,0.011994623541055,0.0180025501176294,259.3796615600586,249.41472686767577,0.0575472270454272
2020-05-08,268.1322326660156,268.5998501465137,265.76666797978606,266.89443979354115,76452400,0.0164108935195345,0.018053329009449,260.03248062133787,249.35365081787108,0.0753090311152512
2020-05-11,268.18719482421875,269.56251377203523,265.7849755389823,266.2067321816507,79514200,0.0002049605350033,0.0178550291305339,260.8044921875,249.31645782470704,0.0756898969452695
2020-05-12,262.8418273925781,269.7825831185984,262.7042730991444,269.37000418111256,95870800,-0.0201327903357094,0.017454343755625,260.93652496337893,248.93846466064457,0.0558506004722363
2020-05-13,258.1932067871094,263.31855852406073,255.77263209509584,262.2824804769914,144721100,-0.0178442663167332,0.0172310200538867,261.112565612793,248.62883697509767,0.0384684653975582
2020-05-14,261.2832336425781,261.41158226247813,250.29900373706897,255.76362740596664,121977900,0.011896837124461,0.0173923620605553,261.38167877197264,248.15094207763673,0.0529205791241075
2020-05-15,262.4842529296875,262.53008571070245,257.954866120157,258.89925085277906,111146300,0.0045860860893585,0.0163504613990183,261.36517944335935,247.88666473388673,0.0588881544373179
2020-05-18,270.4794006347656,272.08393945209053,268.3705893815132,268.6914747602291,119703800,0.0300048510723809,0.0170997407054505,261.9799468994141,247.87344146728515,0.0911996018357782
2020-05-19,267.7012939453125,271.58885385664627,267.68296642946405,269.8834715117107,95189300,-0.010324158385888,0.0155513387568883,262.84777450561523,248.22814758300785,0.0784485826926329
2020-05-20,272.2489929199219,273.1108617924765,271.00205036955106,271.23127021904025,85861700,0.0168452786263662,0.0152692581877505,263.6651756286621,248.41512023925785,0.0959437278121749
2020-05-21,270.36944580078125,272.9275475763484,269.27835689934,272.12068909653203,78293900,-0.006927721220489,0.0154203397901696,264.38951416015624,248.8208187866211,0.0866029905344834
2020-05-22,270.8828125,271.05702179895974,268.8473394108852,270.08513201578137,63958200,0.0018969596719074,0.0151979859132075,264.96119384765626,249.71533325195313,0.0847664377368838
2020-05-26,274.22021484375,277.07172366444183,270.90111666487996,276.833326122004,88951400,0.0122451862431463,0.0151176144278539,265.51269073486327,250.2899304199219,0.0956102564081554
2020-05-27,278.3003845214844,278.3370675296901,272.19396476879547,277.007581296367,104817400,0.0147695628102622,0.0152882173351524,266.3287124633789,251.48337890625,0.1066353002407822
2020-05-28,277.78692626953125,281.3352447299404,277.1175942986496,279.3272767982314,90405200,-0.0018466826626221,0.014337060904283,266.7761489868164,252.4304754638672,0.1004492455162909
2020-05-29,279.0247497558594,279.61153803025144,274.577879005406,277.3193394971249,119090800,0.0044461191412815,0.0141105270768986,267.410627746582,253.6356771850586,0.1001005570374719
2020-06-01,280.1524963378906,280.7576401144218,277.8694755298853,278.38292576798335,55758300,0.0040335980011244,0.0123291380730266,268.45403747558595,254.85413635253903,0.0992660364372364
2020-06-02,282.47210693359375,282.51796767814466,279.7398250642185,281.06928299945145,74267200,0.0082457245030121,0.0123640727294554,269.5776672363281,256.30793823242186,0.1020809924250026
2020-06-03,286.23138427734375,287.18494662104723,284.1775835194625,284.45263612777273,92567600,0.0132207104679847,0.0124827704865306,270.7691482543945,257.9442010498047,0.1096639626415841
2020-06-04,285.4795227050781,286.98321817364206,283.3890390401753,285.2503028822557,75794400,-0.0026302174631754,0.0123204768588546,272.01197662353513,259.1950082397461,0.1014082587617575
2020-06-05,292.79620361328125,294.56577377345707,290.7974136505666,290.8616019107014,150524700,0.0253065140031829,0.0130797388138966,273.46339416503906,260.5253988647461,0.1238681713535685
2020-06-08,296.33544921875,296.52798606844794,293.062182869184,293.60313838658124,73641200,0.0120152708395925,0.0129177327878011,274.8735549926758,261.66233032226563,0.1325109306096168
2020-06-09,294.12579345703125,296.4088145420949,292.81463445829365,293.67650345846687,77479200,-0.0074845423107054,0.0131797545077419,276.1704849243164,262.8977340698242,0.1187840568413307
2020-06-10,292.4844665527344,295.59270049020836,291.769301891686,294.7033265416414,95000800,-0.0055959852712212,0.0120996419290984,277.6526168823242,263.94939453125,0.1081081169826514
2020-06-11,275.6230163574219,286.2038091418731,275.07291127510564,285.5711603162795,209243600,-0.0593775101730902,0.0182763383521517,278.5241073608398,264.7353414916992,0.0411266391724432
2020-06-12,278.9237976074219,283.38899457849544,273.7801190211421,282.61881945235933,194678900,0.0119045683742739,0.0182765305849605,279.40613555908203,265.8000207519531,0.0493746269031181
2020-06-15,281.5278015136719,282.65557322051234,272.0747773753375,273.2483818586524,135782700,0.0092925870806923,0.01832464976984,280.3583129882812,266.8126223754883,0.0551517353533401
2020-06-16,286.946533203125,289.4037909524716,282.0962619316776,289.25708690915724,137627500,0.0190646982039649,0.017642465563083,281.1816696166992,268.00034698486326,0.0706946331652765
2020-06-17,285.7546081542969,288.25769873534205,285.0210879201945,287.96429064170104,83398900,-0.004162473875859,0.0174511337668691,282.08433532714844,268.8585461425781,0.0628436858494303
2020-06-18,285.8645935058594,286.34136061280276,283.78328781211144,284.2417274083413,80828700,0.0003848203580297,0.0171626281940386,282.76511535644534,269.71399383544923,0.059880466121693
2020-06-19,284.23101806640625,289.5170574345226,282.28787417657315,289.32367329044104,135549600,-0.0057308980363186,0.01713030238549,283.45819396972655,270.3735638427734,0.0512529924400861
2020-06-22,286.0543518066406,286.4503381503588,282.49041850503755,283.6323430698322,74649400,0.0063944826554322,0.0171514780450466,284.2167709350586,270.99313385009765,0.0555778581640161
2020-06-23,287.3712158203125,289.6274664668477,286.96601139314646,288.69733429029844,68471200,0.0045929808610029,0.0170127119023453,284.8743209838867,271.68561889648436,0.0577343658730959
2020-06-24,280.0407409667969,285.95302134093265,278.2081310603143,285.3359965817493,132813500,-0.0258397188697639,0.0178539951965072,284.96133880615236,272.0824102783203,0.0292497066618006
2020-06-25,283.0429382324219,283.3100111754416,277.45298321689944,279.4697872300513,89468000,0.0106635152995423,0.0179930014162755,285.22413940429686,272.6498211669922,0.0381189212629783
2020-06-26,276.3203125,282.15893364058905,275.7401601235611,281.94711324330086,127961000,-0.0240378660041607,0.0188094169187556,285.0889175415039,273.0582080078125,0.011946553505889
2020-06-29,280.3815002441406,280.51963173893165,275.2888463730119,277.5727234684733,79773300,0.0145904313462495,0.0190890015892334,285.1003677368164,273.40955322265626,0.0255000124878834
2020-06-30,283.9731140136719,285.66762102118946,279.7921834155964,279.94872310498295,113394800,0.0127283880347462,0.0192163014031563,285.1754180908203,273.92533447265623,0.0366807238197189
2020-07-01,285.9622802734375,287.22395639224413,284.62697148514405,285.08742860608777,72396500,0.0069803502522914,0.0190447627704305,285.161962890625,274.6376852416992,0.0412346725897135
2020-07-02,287.5370178222656,290.7325908541107,286.8739585501112,289.38803604130976,69344200,0.0054916946253503,0.0190733530497915,285.26483764648435,275.27040618896484,0.0445620428404502
2020-07-06,291.9758605957031,292.55604108748975,290.60370731479867,291.34964563164624,61713800,0.0153195200666837,0.018508200378414,285.2238204956055,275.9922698974609,0.0579131825111644
2020-07-07,288.96453857421875,292.4087496665529,288.5869602725549,290.438007333276,82910000,-0.0103671529699416,0.0184109504310943,284.8552749633789,276.5825762939453,0.0447676872715011
2020-07-08,291.1746520996094,291.28515730964824,287.9698885921955,289.7288100254336,54638600,0.0076192894842885,0.0184518882643033,284.7077178955078,277.1422637939453,0.0506324373394638
2020-07-09,289.5169982910156,292.0218859318801,286.109604655345,291.7824392568342,83354200,-0.0057092548520716,0.0184535506552877,284.55934448242186,277.6930047607422,0.0425793712033216
2020-07-10,292.47314453125,292.74021752489676,288.02514120267125,289.4525470058198,57550400,0.010158837567938,0.0123048882302585,285.40185089111327,278.16570373535154,0.0514349562285027
2020-07-13,289.94061279296875,297.18820278628755,289.2867716039281,294.8122566026346,102997500,-0.0086967303514116,0.0123793855422194,285.95269165039065,278.6378125,0.0405644883282621
2020-07-14,293.6979675292969,294.4715320808562,287.32522893206374,288.522406144319,93657000,0.0128757994165166,0.0125166124095039,286.5611999511719,279.3260858154297,0.0514519854882572
2020-07-15,296.39617919921875,297.49206911744704,294.0202053194717,296.9118887955538,87196500,0.0091450846944348,0.0119953424507137,287.03368225097654,280.05401916503905,0.0583535993623754
2020-07-16,295.42010498046875,295.871343992354,293.85453943512255,294.49919068416483,54622500,-0.0032985746755012,0.0119749618861206,287.51695709228517,280.7143859863281,0.0523867665081363
2020-07-17,296.2765197753906,297.0593024720893,294.45309952821765,296.4238694209868,62774900,0.0028947786995401,0.0119740109307541,288.03755340576174,281.4274572753906,0.0527633751296323
2020-07-20,298.67083740234375,299.4167754994566,295.26344433587724,296.00938243299004,56308800,0.0080488820541037,0.0119148556241002,288.7595443725586,282.1255169677734,0.0586452463158809
2020-07-21,299.30633544921875,301.0744749886083,298.32095050262376,300.63245415579655,57292200,0.002125493463554,0.0118791809719578,289.4221435546875,282.7489990234375,0.0585584263179259
2020-07-22,301.0099792480469,301.32311478404205,298.83663538971115,298.94714058873586,57792900,0.0056758356576539,0.011892813155462,290.10408172607424,283.40545471191405,0.0621178041686886
2020-07-23,297.4183654785156,301.35068608523807,296.055430800531,300.6507824803938,75738000,-0.0120036322695557,0.0104881119204375,290.9729629516602,284.0969854736328,0.0468902546877576
2020-07-24,295.5028991699219,296.52510025578465,294.001804800679,295.56736989715625,73766600,-0.006461137713996,0.0105293595502921,291.59596099853513,284.8431793212891,0.0374231177802195
2020-07-27,297.65789794921875,297.8328739008944,295.40164684860423,296.193647698937,48293000,0.0072661857334218,0.0085766026255568,292.66284027099607,285.5706726074219,0.0423265639690296
2020-07-28,295.77001953125,298.04467867981947,295.47532024869815,296.9303522871835,57495000,-0.0063626423068506,0.0084576736655294,293.43226623535156,286.23638793945315,0.0333068470449448
2020-07-29,299.4075927734375,299.9693649980808,296.60800599281623,296.64485042658015,48454200,0.0122236403383691,0.0084267816595601,294.20399017333983,286.81495178222656,0.0439051064561386
2020-07-30,298.3393249511719,298.7537475391664,294.36099738513786,296.4422441472383,61861700,-0.0035743185884054,0.0084714525805201,294.8228424072266,287.42771240234373,0.0379629801790092
2020-07-31,300.6968688964844,300.7981840639859,295.9173223565921,300.12590663768805,84986800,0.0078711641846025,0.0085377671704218,295.4808349609375,287.996669921875,0.0440984230062609
2020-08-03,302.787353515625,303.5516998495723,301.8111868221174,302.3545227663099,53077900,0.0069280783262742,0.0080534995794711,296.0214096069336,288.64502807617185,0.0489955622437434
2020-08-04,303.9569091796875,303.9569091796875,301.9308868941844,301.9308868941844,41917900,0.00385518968868,0.0075319572612267,296.77102813720705,289.30651000976565,0.0506397148457783
2020-08-05,305.8448181152344,306.10270108517585,304.98837460760626,305.2554476092795,42697700,0.0061918977360839,0.0074878196001886,297.5045364379883,289.93900207519533,0.0548591804696695
2020-08-06,307.88922119140625,308.00894452980793,304.942312718452,305.264638297825,43679400,0.0066622038438832,0.0072859155507792,298.4231475830078,290.53077880859377,0.059747343995689
2020-08-07,308.1103210449219,308.3958022453001,306.0198274823178,306.9223336634307,57308300,0.0007178572315418,0.0071065206705151,299.2050064086914,291.1372467041016,0.0582992198111667
2020-08-10,309.0311584472656,309.21532440909493,306.62755797641967,308.56148325207386,44282100,0.0029842041616644,0.0065901042921238,300.15953369140624,291.7373748779297,0.0592786014358704
2020-08-11,306.480224609375,310.84537688701096,305.7527226498275,310.2099438612299,69601100,-0.0082888749529218,0.0066516350308408,300.7986465454102,292.26392944335936,0.0486419764255265
2020-08-12,310.75323486328125,311.5267992817978,308.88378049251634,308.911406789461,53774400,0.0138459069342478,0.0069871546814956,301.5164993286133,292.8295520019531,0.0612085861511975
2020-08-13,310.1914367675781,311.4991469565095,309.270522807618,309.98883457222433,41816100,-0.0018094953533223,0.0069313377895753,302.25506591796875,293.30875305175783,0.0575594268502486
2020-08-14,310.2006530761719,310.73479890808306,309.07713692746546,309.8046668206931,47260400,2.9711238248517137e-05,0.0069510133632892,302.95127258300784,293.8031756591797,0.055811096596225
2020-08-17,311.1861267089844,311.58211307766084,310.2099598864431,311.2137530113555,35481000,0.0031718552472685,0.0068229502370205,303.57703704833983,294.17097412109376,0.0578410315250423
2020-08-18,311.8583984375,312.2820111007127,309.98891563003593,311.58210731482745,38733900,0.0021580222994766,0.0068229724409067,304.2046401977539,294.48143310546874,0.0590086958922387
2020-08-19,310.5599060058594,312.7516581960092,309.99813372934017,312.2359484919656,68054200,-0.0041724168655226,0.006902741261719,304.68213653564453,294.8101153564453,0.0534235083160953
2020-08-20,311.5268249511719,312.0056901723592,308.70883001435334,308.83774337602864,42207800,0.0031086331723702,0.0061227167357302,305.38755950927737,295.1909625244141,0.0553399815734762
2020-08-21,312.63201904296875,312.85302949747313,310.85463295774207,311.19539488053783,55106600,0.0035413909695986,0.0057660566705123,306.2440155029297,295.931142578125,0.0564350082230185
2020-08-24,315.79986572265625,315.87352648257695,312.6042927708127,315.06311760311377,48588700,0.010081835721577,0.0059128969846871,307.15111389160154,296.66866394042967,0.0644867628691248
2020-08-25,316.9049987792969,316.9878776871024,315.2013018413242,316.3616627587458,38463400,0.0034933639443187,0.0054908348285249,308.2078628540039,297.3762078857422,0.0656703205424491
2020-08-26,320.08209228515625,320.34913711570266,316.9509902417963,317.4943261404444,50790200,0.0099754607161844,0.0053222111295058,309.24158782958983,298.03891906738284,0.0739607205889433
2020-08-27,320.7820739746094,322.227916207643,319.1244394337551,320.94785991195465,58034100,0.0021844940150066,0.0050787389968133,310.36372528076174,298.7394683837891,0.0737853813226388
2020-08-28,322.85400390625,322.98294535067055,320.6161897272106,321.8041766053933,48588900,0.0064382254499396,0.0050255360308865,311.47158203125,299.47925659179685,0.0780513067264419
2020-08-31,321.6844787597656,323.517088692937,321.4542502514148,322.64223722364346,66099200,-0.0036290352290225,0.0052038534035833,312.416438293457,300.22832580566404,0.0714661179837841
2020-09-01,324.71429443359375,324.81558148751446,321.6200086611954,322.5132963995055,54908700,0.0093745161290132,0.0053929944420591,313.45430755615234,301.00152465820315,0.0787795669882975
2020-09-02,329.4110107421875,330.37795938167653,325.4786892390397,326.6206419236981,69540000,0.0143605421965697,0.0059080264879013,314.6326171875,301.84232055664063,0.091334741048592
2020-09-03,318.0745849609375,328.19542353260755,315.49600820932886,327.7257482737778,148011100,-0.0350203446646707,0.0104321403478756,315.1418853759766,302.6029974365234,0.0511283353287322
2020-09-04,315.4775695800781,320.32155893623025,308.3865193279406,318.7560217314167,139156300,-0.0081983145608144,0.0106610507783135,315.5102478027344,303.2516900634766,0.0403159484916388
2020-09-08,306.85772705078125,315.54196689159204,306.5538378154059,310.0809258509965,114465300,-0.0277033742521576,0.0124467305680211,315.40157623291014,303.8624383544922,0.0098573838626104
2020-09-09,312.9173583984375,315.37618290240937,309.9888306834143,310.85449204324215,91462300,0.0195549146335962,0.0130546991025238,315.72343292236326,304.5131555175781,0.0275988170907586
2020-09-10,307.4839782714844,315.44066034104674,306.52621987560775,314.78681929289183,90569500,-0.0175161422950092,0.0133163813165232,315.5599700927734,304.9833728027344,0.0081991534350543
2020-09-11,307.64056396484375,310.32042738546795,304.8225690491499,309.26138178450964,84680200,0.0005091186775685,0.0133147376765889,315.4324264526367,305.4169384765625,0.0072806226772254
2020-09-14,311.6926574707031,313.4608253569491,307.78798968967357,310.79936944297793,65605700,0.0130855287131473,0.0136533221463246,315.5070266723633,305.9000512695313,0.0189362707758029
2020-09-15,313.2673645019531,314.97103311859536,311.70179927663685,314.1422160421619,52920900,0.0050393955082706,0.013680788039113,315.61108856201173,306.32588134765626,0.0226604527301394
2020-09-16,312.02410888671875,315.9287755119788,311.7478178059842,314.50136995908423,82096000,-0.0039765687090105,0.0137064695607898,315.61937408447267,306.7870727539063,0.0170705893367724
2020-09-17,309.27978515625,310.99269998077335,306.6551743743273,307.1801021515254,91523300,-0.00883413609494,0.0138207944144922,315.5553680419922,307.14917541503905,0.0069367262286539
2020-09-18,305.7191467285156,310.19420971929947,303.24122418442806,310.08326217502207,105877900,-0.0115794614540177,0.014024113099518,315.2649841308594,307.47321838378906,-0.0057047949232573
2020-09-21,302.316650390625,302.4645898682485,297.4717524188794,301.142417821237,99450800,-0.0111918800498661,0.0141625461249933,314.7492156982422,307.6700885009766,-0.0173999303488827
2020-09-22,305.39556884765625,305.9503348545205,301.2903399000604,303.7960278580259,63612100,0.0101329040414307,0.014164782288304,314.2290008544922,307.9791876220703,-0.0083889395071217
2020-09-23,298.3131408691406,306.22771947563723,297.8138486616711,305.9503223752341,93112200,-0.0234641402610257,0.0149100765036227,313.2994079589844,308.07149108886716,-0.0316756029103375
2020-09-24,299.1082763671875,302.1594468796686,295.6872430633771,297.0001882528296,76681300,0.002661893077858,0.0146621282748457,312.25071716308594,308.12573303222655,-0.0292655098173703
2020-09-25,303.9439697265625,304.729857674503,297.3885547651494,298.257653382287,71069400,0.0160377381526293,0.0152545239830416,311.40881195068357,308.29621032714846,-0.0141170746016228
2020-09-28,308.99224853515625,309.70418077413325,307.10605558287943,308.09538490645014,64584600,0.0164728166273176,0.0157284237483935,310.7157241821289,308.55052490234374,0.001431608755008
2020-09-29,307.3094482421875,309.5284836874694,306.6159979020015,308.788814611231,51304000,-0.0054609762843167,0.0157425474897368,309.99697265625,308.7232971191406,-0.0045796636993271
2020-09-30,309.6394958496094,312.78313211808506,307.781039690102,307.97519790754353,104081100,0.0075534895007769,0.0156766857935485,309.2432327270508,308.9299603271484,0.0022967520589766
2020-10-01,311.6273193359375,313.19912304877136,309.7503816970542,312.2283039383906,88698700,0.0063992803778137,0.0153264857720488,308.35404815673826,309.1423071289062,0.0080384086866346
2020-10-02,308.66864013671875,311.59963625667905,306.2184543549931,306.69000965854815,89431100,-0.0095396450415085,0.013449031638471,307.88375091552734,309.3673126220703,-0.0022583914229007
2020-10-05,314.1423034667969,314.3272066536649,310.675051276602,310.7212700191764,45713100,0.0175777395110864,0.0139973123903697,307.8169876098633,309.7401007080078,0.0142125696631675
2020-10-06,309.6764221191406,316.3705485681372,309.16790315798374,314.28094252067115,90128900,-0.0143181262748827,0.0128898598278864,307.9579223632812,309.98047119140625,-0.0009808652496624
2020-10-07,315.06689453125,315.87129250041943,312.5981986311307,312.62593551915137,56999600,0.0172570271456261,0.012719791159359,308.0653991699219,310.36640869140626,0.0151449567614689
2020-10-08,317.8591613769531,317.9238901844621,316.083915987055,316.99928967685366,45242500,0.0088234160533193,0.0121230224420785,308.5841583251953,310.7354400634766,0.0229253583434877
2020-10-09,320.6976623535156,321.15996256500506,318.88545342511554,319.5049199072346,59528600,0.0088904215481377,0.0122255990514534,309.2370132446289,311.18260681152344,0.0305770802535735
2020-10-12,325.85699462890625,327.32710625079835,322.7410950073578,323.23113221465513,80388500,0.0159598008693872,0.0123777471714572,309.9452301025391,311.68580932617186,0.0454662512013967
2020-10-13,323.73040771484375,325.89396970025575,322.76881520469266,325.71829333157706,73255500,-0.0065475238701617,0.0125094049193007,310.46838226318357,312.10467041015625,0.0372494820068196
2020-10-14,321.6962585449219,325.39466069842285,320.96584443553525,324.30363883511666,57727900,-0.0063032905556371,0.0125750608173631,310.9519897460938,312.45945739746094,0.0295615988851678
2020-10-15,321.2987060546875,321.7794882050628,317.25820597808996,317.7944619067174,60357700,-0.0012365650208157,0.012358501327074,311.5529357910156,312.76853515625,0.0272731107500186
2020-10-16,321.1045227050781,324.30363260576735,320.92884634883575,322.648589773227,89501900,-0.0006045528628444,0.0119655996452382,312.32220458984375,313.03284118652346,0.0257854143608692
2020-10-19,316.22259521484375,322.9906487706289,315.32573168859045,322.3619272638812,68425600,-0.0153203051925373,0.0122457464062226,313.0175018310547,313.19508666992186,0.0096665263082897
2020-10-20,317.48931884765625,320.72542054305353,316.8051235185024,317.56327447111846,60051900,0.0039977955023607,0.0121139825377048,313.6221893310547,313.3642498779297,0.013163814861885
2020-10-21,316.8883056640625,319.6066331009399,316.5831717303874,317.4430433315355,63575000,-0.0018948126169336,0.0105984563291084,314.55094757080076,313.5724114990234,0.010574572390433
2020-10-22,318.62664794921875,319.2091509309516,314.96523691392366,317.10106236922707,55399300,0.0054706710227073,0.0106120580923236,315.52686614990233,313.72987976074216,0.0156082302145112
2020-10-23,319.7083740234375,319.9025322364598,317.258188232449,319.84705846131055,49143900,0.0033892143543606,0.0101720336832589,316.3150863647461,313.9202185058594,0.0184383011235387
2020-10-26,313.8002014160156,317.1195140807674,310.31443920384794,316.33359795190205,91473000,-0.0186527669424567,0.0106584100666122,316.55548400878905,313.99220947265627,-0.0006115057980677
2020-10-27,312.7183837890625,314.4751191044585,312.5057155150436,314.1422764667609,65994100,-0.0034534289250515,0.0106059444187744,316.8259307861328,314.0228546142578,-0.004154063330192
2020-10-28,302.0299987792969,312.7461150486337,301.5399616493468,307.059827691063,127094300,-0.0347767070868977,0.013126638247641,316.44545593261716,313.82628662109374,-0.0375885907098643
2020-10-29,305.0997314453125,308.26184985459844,300.5784207406355,302.2612006889962,90597700,0.0101123653557758,0.0132659493415301,316.11907653808595,313.71708312988284,-0.0274685445835368
2020-10-30,301.9190979003906,304.8315842442729,298.27616915749184,303.52789396877716,120287300,-0.0104796177641739,0.0132992013142018,315.7815994262695,313.52492858886717,-0.0370172500818764
2020-11-02,305.3031311035156,307.3002435800331,302.566292996373,305.3031311035156,86068300,0.0111460617742235,0.0128952782969921,315.33964080810546,313.37835083007815,-0.0257682756488214
2020-11-03,310.6935729980469,312.7461876866935,305.38637399387943,308.5300107397287,93294200,0.0175019751162953,0.0131808828931488,315.39049835205077,313.27622497558593,-0.008244008870256
2020-11-04,317.6373291015625,321.7055664962755,313.9851450876126,315.1593778065313,126959700,0.0221031267908253,0.0135509907865866,315.5190200805664,313.29087158203123,0.0138735530262432
2020-11-05,323.83209228515625,325.63507467035436,322.55613899305547,322.907491721787,82039700,0.0193148903542201,0.014086465746838,315.8176666259766,313.3658715820313,0.0333993636584805
2020-11-06,323.7581481933594,325.0063646417054,321.43739166729375,323.5454798982403,74973000,-0.0002283669131999,0.0139623044974104,315.97069091796874,313.42539306640623,0.0329671920512321
2020-11-09,327.826416015625,336.90600149766686,327.36411567397204,336.5269118315226,172304200,0.0124874679716875,0.0137800193979112,316.0691619873047,313.52484130859375,0.0456154435716773
2020-11-10,327.3455810546875,328.39961099114294,324.0817422973662,326.83703383089585,85552000,-0.0014678131831535,0.0136936849549172,316.2499206542969,313.6380633544922,0.0437048920452689
2020-11-11,329.7772216796875,330.60010132463776,328.2886004326059,329.52756152474734,58649000,0.0074009050179738,0.0136752866667611,316.65396881103516,313.73932189941405,0.0511185518065703
2020-11-12,326.5780944824219,329.82345086701974,324.7751406594177,328.7693928828868,67546200,-0.0097482337762922,0.0138872327626596,316.9179382324219,313.68266357421874,0.0411097979125391
2020-11-13,331.0994567871094,331.8391259274995,327.96504743366876,328.48282147525566,62892200,0.0137496970288894,0.0141778952023602,317.4176849365234,313.9431610107422,0.0546477767540225
2020-11-16,335.2324523925781,335.4266106214588,332.4771323966517,333.76234079790987,74541100,0.0124053750143591,0.0137935956994852,318.36817779541013,314.3382586669922,0.06647041252373
2020-11-17,333.4294128417969,334.6314103678308,331.32132492500256,332.82842818706325,66111000,-0.0053929916286399,0.0139142417712106,319.16518249511716,314.8696923828125,0.0589441312008518
2020-11-18,329.41668701171875,334.2431030727179,329.3796950886092,333.69759212727365,70591300,-0.0121077120371454,0.014265042861682,319.7916015625,315.1996789550781,0.0451047669330488
2020-11-19,330.80364990234375,331.17348455309883,327.4473447190055,328.7880270716397,59940900,0.0042015213812406,0.0142513203958552,320.40045166015625,315.6660723876953,0.0479544013081544
2020-11-20,328.5382080078125,330.74801624067436,328.46425240003975,330.54460304859737,70417300,-0.0068718549635842,0.0143780859724454,320.841943359375,316.0840252685547,0.0394014937283728
2020-11-23,330.5076904296875,331.7651617960009,328.1129784945893,330.34126910985094,63230600,0.0059767864100445,0.0136077044625445,321.6773178100586,316.4603259277344,0.0443890224178082
2020-11-24,335.83343505859375,336.3789460330993,332.19976142931375,333.05037819016013,62415900,0.0159853799594533,0.0138451964507715,322.8330703735352,316.91164733886717,0.059706823269559
2020-11-25,335.315673828125,335.7779741513508,334.2246518372895,335.7502372606201,45330900,-0.0015429099922118,0.010619840125932,324.4973541259766,317.37747863769533,0.0565200633246795
2020-11-27,336.24951171875,336.7210388362217,335.24167223686067,336.4066780190502,28514100,0.0027810807129762,0.010568752000996,326.0548431396484,317.9168731689453,0.0576648806559647
2020-11-30,334.76080322265625,335.7408773444086,332.0887228617469,335.4727353400609,83872700,-0.0044372222171102,0.0101866059528849,327.6969284057617,318.4977062988281,0.0510618965292308
2020-12-01,338.42230224609375,339.95714263167446,337.41449097572354,338.00624890506265,74231400,0.0108782739826391,0.0101785004142086,329.35288696289064,319.2198193359375,0.060154419453349
2020-12-02,339.1341857910156,339.2913520564298,336.73947416095587,337.3127218895292,45927000,0.0021013268102032,0.0097691331844834,330.77491760253906,319.8945916748047,0.0601435429573292
2020-12-03,339.0418395996094,340.42874067685017,337.9415624876724,339.03258456312386,62882000,-0.0002723369406159,0.0088726665509813,331.8451431274414,320.70916564941405,0.057162924898242
2020-12-04,341.9634704589844,341.9634704589844,339.53176684344106,339.62423252861316,50749900,0.0085803994218467,0.0081452599740833,332.7517120361328,321.56626953125,0.063430785067935
2020-12-07,341.2608642578125,341.75090149337296,339.99416583098116,341.1961354377298,48944300,-0.0020567371890862,0.0081902751934273,333.6268478393555,322.312607421875,0.058788444508893
2020-12-08,342.2593994140625,342.8233922079248,339.9478980295718,339.99411677063375,42458900,0.0029217447372413,0.00785701177701,334.34849700927737,322.97795043945314,0.0596989638096794
2020-12-09,339.18975830078125,343.0730641489794,338.3576233487797,342.91589783781166,74098300,-0.0090092176093908,0.0082128904877938,334.94070587158205,323.615556640625,0.0481256272777126
2020-12-10,339.0788269042969,340.1236019996459,336.95222835158745,337.82135527213035,57735400,-0.000327101681821,0.0081155964051952,335.4057861328125,324.20434326171875,0.0458799641390691
2020-12-11,338.68115234375,339.0879788216525,335.8703871356922,337.38671728522763,57698600,-0.0011734968672077,0.0077126589813679,336.0109390258789,324.745419921875,0.0429127912727069
2020-12-14,337.164794921875,341.91722644158915,336.98911858351033,340.8447147774003,69216200,-0.0044872946932162,0.0072946762685489,336.3142059326172,325.31534301757813,0.0364245098137181
2020-12-15,341.7231140136719,341.7231140136719,338.329845795208,339.6982365511047,63865300,0.0134289844748435,0.0073826520759414,336.63873901367185,325.8669592285156,0.0486583691169409
2020-12-16,342.2593994140625,343.17474493301853,341.05740176418556,341.93578357691985,58420500,0.0015681263767922,0.0072299458115774,337.08023834228516,326.51861877441405,0.0482079113856704
2020-12-17,344.1732177734375,344.37663097467845,343.07294112352906,343.895848961092,64119500,0.0055761432961515,0.0065526585894853,337.8180648803711,327.10074523925783,0.0521933159207326
2020-12-18,342.79913330078125,344.6283621984902,340.7934791537867,344.46123143712066,136542300,-0.0040004122523924,0.0066757158868973,338.41783905029297,327.5995446777344,0.0463968551543591
2020-12-21,341.5733947753906,351.415944151772,336.1600082036477,338.8899235370573,96386700,-0.0035820836920206,0.0064892146091675,339.06959838867186,328.0170593261719,0.0413281415212575
2020-12-22,340.9977722167969,342.00987964743905,339.87424427442966,341.898459135714,47949000,-0.0016866305607003,0.0064648543292091,339.59410247802737,328.3198748779297,0.038614468111566
2020-12-23,341.30419921875,343.20769903686835,340.97920384235437,341.9634561227385,46201400,0.0008982152635739,0.0055018042916417,339.86764068603514,328.6713507080078,0.0384361109769047
2020-12-24,342.6318664550781,342.6597215709097,341.1926382423749,341.77759567483866,26457900,0.003882435714848,0.005513530917298,340.2334503173828,329.0900628662109,0.0411492327386759
2020-12-28,345.5754699707031,345.9654417210335,344.5540681584186,345.1761753962295,39000400,0.0085544611647802,0.0057532501660333,340.69974822998046,329.5755981445312,0.048546894600963
2020-12-29,344.91607666015625,347.27458040793783,344.3310908811892,347.09815522580993,53680500,-0.0019099249345181,0.005645786969165,341.20751190185547,330.0518292236328,0.0450361007587444
2020-12-30,345.408203125,346.43889910302494,345.018231496331,345.73319837345264,49455300,0.0014257836863729,0.0051966612970432,341.55680694580076,330.63554138183594,0.0446795939765706
2020-12-31,347.16314697265625,347.88740830602285,344.702517336016,345.2132038945642,78520700,0.0050679185719783,0.005270909342707,341.9582550048828,331.22901794433596,0.0481060781667325
2021-01-04,342.4368896484375,348.6209805572402,338.7505780933009,348.4909711220461,110210800,-0.0137074567172014,0.0062327619359867,342.12800750732424,331.73998962402345,0.0322448313709099
2021-01-05,344.79541015625,345.88181651795514,341.74979422078724,341.7962383123607,66426200,0.0068638501656961,0.0061265226184898,342.2696044921875,332.26336486816405,0.0377172045225582
2021-01-06,346.8567810058594,350.04170094295614,342.743347597711,343.29118386394964,107997700,0.0059607328058208,0.0062180773433873,342.54940032958984,332.8063330078125,0.0422180908369825
2021-01-07,352.01025390625,352.7530761209453,349.0482028609267,349.2246280958658,68766800,0.014748345694343,0.0069485826347239,343.03694305419924,333.5705340576172,0.0552798223042319
2021-01-08,354.0158996582031,354.2294461631156,350.15316189053533,353.39376410680273,71677200,0.0056815208245696,0.0065551413739285,343.7782501220703,334.396484375,0.0586711170719171
2021-01-11,351.6295166015625,353.3844459686813,350.72882987062206,350.84954484541544,51034700,-0.0067637147476643,0.0068346417362563,344.4057846069336,335.3884747314453,0.048424567609611
2021-01-12,351.7037353515625,352.71584242095815,349.4659464169587,351.8151841603632,52547700,0.0002110486034021,0.0068097206978393,345.0569137573242,336.3205548095703,0.0457396383361177
2021-01-13,352.6509094238281,353.64442764556827,350.8495360073249,351.62950774382404,45303600,0.0026894822096377,0.006643230839585,345.8312194824219,337.33519104003904,0.0454020771938117
2021-01-14,351.4158935546875,353.8951124303812,351.0816321351394,353.3936919642144,49989100,-0.0035082385097643,0.006207822457141,346.3158584594727,338.2574462890625,0.0389006876566444
2021-01-15,348.8531188964844,350.59875344385847,346.9960355450777,349.8002212044383,107160000,-0.0073194331154291,0.006505980769427,346.6455444335937,339.02063720703126,0.0290026051819632
2021-01-19,351.5923156738281,352.13088573862603,349.82809207789774,351.3044700083426,51233300,0.0078213394104858,0.006608493607793,347.0164993286133,339.6997369384766,0.035009090211646
2021-01-20,356.4579772949219,357.2936593696755,353.4866317659634,353.876603510318,61836100,0.0137440468913533,0.0070676422392555,347.69944152832034,340.35225463867187,0.0473207461879408
2021-01-21,356.78289794921875,357.44218304043847,355.86365062010475,357.0150334029827,47840100,0.0009111106445285,0.0069528996425103,348.45991668701174,341.01274963378904,0.0462450401997143
2021-01-22,355.5201110839844,356.6807884063507,354.554419617458,354.93512517961597,52860500,-0.0035456488942491,0.0070193955160468,349.18603363037107,341.5666235351562,0.0408514374279662
2021-01-25,356.9222106933594,357.27503278883,351.4159360582794,356.25365943655754,70402000,0.0039360419129427,0.007025221662645,349.96693420410156,342.1581561279297,0.0431497957918311
2021-01-26,356.36505126953125,358.2778450349725,356.1329158287073,357.86928439217473,42665300,-0.0015622304416601,0.007063499720896,350.6535934448242,342.6899127197266,0.0399052847551689
2021-01-27,347.6554260253906,353.14311284162346,345.4269308132445,353.0502529709395,123351100,-0.0247437962298143,0.0090683498923495,350.7575912475586,343.11145935058596,0.0132434127481638
2021-01-28,350.6451721191406,354.6378897005829,349.02951878829003,349.465906140877,94198100,0.008562972365026,0.0092348666425666,351.04404602050784,343.50237365722654,0.0207940294148934
2021-01-29,343.6254577636719,349.75383907984985,341.9540655846165,348.78814770996314,126765100,-0.0202225278675812,0.0103606556030058,350.9549087524414,343.67023376464846,-0.000130287690284
2021-02-01,349.3452453613281,350.3759130211794,343.9132708831619,347.01459668411917,75817600,0.0165083963032074,0.0109682308234919,351.064013671875,343.9885504150391,0.0155723059381654
2021-02-02,354.2850341796875,355.8357111112943,349.4287797742082,352.5208108168436,64450700,0.0140410954994759,0.0108557812483906,351.6564208984375,344.4859173583984,0.0284456238340048
2021-02-03,354.5636901855469,356.2814981741382,353.2915924599428,355.11152644432576,52427100,0.0007862214055982,0.0107885008368158,352.1448348999023,344.9611181640625,0.027836679312123
2021-02-04,358.5935974121094,358.64001317221204,354.6751494739212,355.59439688401244,47142600,0.0113017147581371,0.010971960427077,352.73167572021487,345.5622259521484,0.0377106364101424
2021-02-05,360.0048828125,360.710583549237,358.54709392712255,360.4598874996903,48669800,0.0039278881147299,0.0105515350106364,353.1314071655273,346.1521697998047,0.0400191425080678
2021-02-08,362.6048278808594,362.6512436310637,360.5991744109489,361.45341690524697,38365200,0.0071960181249098,0.010591332337605,353.5608535766602,346.68759765625,0.0459123150992893
2021-02-09,362.3634643554687,362.95774475328056,361.3606516052226,361.76918395765694,35551100,-0.0006658595607371,0.0104366983705337,354.0975509643555,347.2285534667969,0.0435877485810482
2021-02-10,362.20556640625,364.2483696645013,359.8099410732521,364.09979957873327,59154400,-0.0004358396371209,0.0104419156487217,354.62264251708984,347.7476745605469,0.041575811726056
2021-02-11,362.79052734375,363.700508430255,360.3670470571915,363.28265332168206,42913300,0.0016136943894725,0.0104380794233445,355.12962341308594,348.30826904296873,0.0415788529527981
2021-02-12,364.5826721191406,364.82407372216704,361.91773330512245,361.9920325190132,50593300,0.0049277273432445,0.0103989362282226,355.78796234130857,348.8314764404297,0.0451541696851453
2021-02-16,364.2669982910156,366.0033955530589,363.552031185599,365.808381339612,50972400,-0.0008662248490448,0.0101979793578968,356.5586563110352,349.33413269042967,0.0427466548590001
2021-02-17,364.3504638671875,364.6011599060725,361.5091004089487,362.5212357222634,52290600,0.0002291067147627,0.0101172073322706,357.1965637207031,349.8403051757812,0.0414765207917237
2021-02-18,362.7998352050781,363.54265727343494,360.0327705772848,361.7505784893111,59712800,-0.004264953241604,0.0097927623901207,357.51365661621094,350.2570324707031,0.035810280941109
2021-02-19,362.1590881347656,364.3411666164825,361.7133779544017,364.0533209802604,83241000,-0.0017676787374522,0.009810642715589,357.78246612548827,350.6749969482422,0.0327485315077037
2021-02-22,359.3735046386719,361.77842431901905,359.1042196026477,359.4013597570989,67414200,-0.007721334735137,0.0099502612252428,357.97513580322266,351.01727905273435,0.0238057385906696
2021-02-23,359.8099670410156,361.15636405887625,353.0316228676275,357.1729115862207,107284100,0.0012137722100563,0.0099199195514113,358.1195236206055,351.42968322753904,0.0238462606132522
2021-02-24,363.7747802734375,364.2019298681405,357.7392590796617,358.7235110381606,72433900,0.0109589178808153,0.0101810450542885,358.4900100708008,351.92360229492186,0.033675428136201
2021-02-25,355.0093688964844,363.8769599629682,353.5701404616122,362.5120024028312,146670500,-0.0243907602435196,0.0101342069705484,358.85770721435546,352.2501666259766,0.007833075841913
2021-02-26,353.18017578125,358.0271655270358,351.2024053803291,356.88507715052293,152701600,-0.0051658406899295,0.0100630012611605,358.9844573974609,352.5704742431641,0.00172930401899
2021-03-01,361.7413330078125,362.98560406297776,353.3751899411778,358.03645997578053,105348800,0.0239510670163344,0.0101549390400227,359.89025115966797,352.97083862304686,0.0248476458253029
2021-03-02,358.9185791015625,362.19633073939394,358.41715856200267,361.964195274004,79595300,-0.0078338431058131,0.0098504905159963,360.36891784667966,353.30402221679685,0.0158915736354691
2021-03-03,354.1644592285156,359.18784590388924,354.0623048857202,358.22218274333903,119940200,-0.0133341842609726,0.0098962982944428,360.3628890991211,353.50384704589845,0.0018687552855157
2021-03-04,349.78167724609375,356.5600204671109,345.30609935501286,353.97867561907805,183433000,-0.0124521987891576,0.0102752215414639,360.12378845214846,353.6434979248047,-0.010920095241033
2021-03-05,356.2164611816406,357.26571784913307,346.01179684391315,353.27297148908974,152039600,0.0182294025441592,0.0108035400412978,360.004931640625,353.93635925292966,0.0064421240403887
2021-03-08,354.4429626464844,359.9770636155982,354.1644114525265,357.1728776946545,123149200,-0.0049911452867677,0.0108025013676644,359.7268356323242,354.20526306152345,0.0006710786364561
2021-03-09,359.50347900390625,362.04767402813786,357.7763768194202,358.2777972390248,113633600,0.0141764166420382,0.0111798858010696,359.57176818847654,354.5692486572266,0.013916126018728
2021-03-10,361.7413330078125,363.4312860296286,360.4321138939262,361.8434873497362,109899400,0.0062055522565135,0.0112773974123955,359.54066162109376,354.95143798828127,0.0191290815949741
2021-03-11,365.4090576171875,367.3775617218999,363.7469598417814,364.201964598063,86245000,0.0100880251497806,0.0115034622453673,359.7008361816406,355.3481097412109,0.0283129348381891
2021-03-12,365.9011840820313,366.0404596864284,363.2455681020347,364.05339494438545,64653600,0.0013458762398461,0.0115021802136603,359.8563690185547,355.76781188964844,0.0284831057047005
2021-03-15,368.0832824707031,368.34327305827475,364.01626458616573,366.15189953144346,73427200,0.0059459155252319,0.0115253796020552,360.0313995361328,356.2213134765625,0.0332994364609266
2021-03-16,367.6190490722656,369.40183375852735,366.8483433804173,368.69616114127246,73722500,-0.0012620143776858,0.0115281482487112,360.1990020751953,356.6304315185547,0.0308123384393213
2021-03-17,368.8725280761719,369.6710604301495,365.1954821103504,366.3375987365771,97959300,0.0034039227415615,0.0115466739419784,360.4251052856445,357.15914428710937,0.0327959789814214
2021-03-18,363.505615234375,368.37116601733726,362.8277694050452,366.2912411031278,115349100,-0.0146563874483408,0.0120026892172216,360.46039428710935,357.53334838867187,0.0167040833326985
2021-03-19,362.8329772949219,364.7799824618673,360.6623728633488,363.20560482975657,113624500,-0.0018521338082712,0.0120033946712225,360.4940887451172,357.8528723144531,0.0139166270994539
2021-03-22,365.730224609375,367.1089779028957,363.2894813107104,363.34537402520954,73778600,0.0079533596514443,0.0119780200913824,360.8119247436523,358.1272717285156,0.0212297512115272
2021-03-23,362.8516540527344,366.5407155405644,362.069127581356,365.0967729617704,90686600,-0.0079018861683091,0.0121368973785251,360.9640090942383,358.3039868164062,0.0126922038371243
2021-03-24,361.0069885253906,365.8791772373448,360.9604207531097,364.2489071923662,97588600,-0.00509676727494,0.0119324567556028,360.8256195068359,358.4915362548828,0.0070167689223194
2021-03-25,363.037841796875,363.8296644620866,357.6346443016574,359.5723525170637,116128600,0.0056097592641842,0.0105624929356856,361.2270431518554,358.71821838378906,0.0120418289111383
2021-03-26,368.88818359375,369.2887573922417,363.5874749543767,364.1836731891651,114409100,0.0159864964220512,0.0109519698342231,362.01244354248047,359.0429638671875,0.0274207287632694
2021-03-29,368.7019348144531,369.60557150137186,365.9351320456119,367.4163456691813,108107600,-0.0005050197355065,0.0096847271995378,362.3604736328125,359.3886846923828,0.0259141439860354
2021-03-30,367.7237548828125,368.3944957563923,366.1307275395253,367.4349664373488,76262200,-0.0026565626935706,0.0095050275869784,362.800732421875,359.7660974121094,0.0221189754341629
2021-03-31,369.2142333984375,370.76998933005086,368.26402908759354,368.2919754370403,112734200,0.004045063686933,0.0088790246910037,363.553221130371,360.11853576660155,0.0252575103152452
2021-04-01,373.2015075683594,373.2574287119727,370.9377673643158,371.1427167920272,99682900,0.0107414546515786,0.0083817058678733,364.7242126464844,360.45340637207033,0.0353668490044177
2021-04-05,378.5580139160156,379.0983479190761,375.7819150666603,375.8564291896752,91684800,0.0142508258210275,0.0080478020080593,365.84129028320314,360.88890869140624,0.0489599563718321
2021-04-06,378.33447265625,379.3778410378448,377.663731778131,377.9991164320186,62021000,-0.0005906816892251,0.0078749303923263,367.0358657836914,361.3451959228516,0.0470167499806076
2021-04-07,378.7723083496094,379.1169894924743,377.7103185696919,378.1667851178475,55836300,0.0011566023529375,0.0074519408892192,367.9993072509766,361.7821978759766,0.0469622623041756
2021-04-08,380.5702209472656,380.6261136446718,379.089007606696,380.0205904696696,57863100,0.0047354543913095,0.0074218036333227,368.9407516479493,362.26630126953125,0.0505261450308512
2021-04-09,383.3370056152344,383.50471212941807,380.3280113007407,380.4491216161199,61104600,0.0072438030958107,0.0072956804790424,369.83714904785154,362.9799328613281,0.0560831905869667
2021-04-12,383.4767761230469,383.7469146788607,382.13529455131146,382.7408177148852,56704900,0.0003645487670906,0.0073063986170521,370.7159286499024,363.6365649414063,0.0545605505453982
2021-04-13,384.6133117675781,385.2374848347506,382.9923665797892,383.374318989603,56551000,0.002959383259662,0.0072593147582654,371.5424301147461,364.4563220214844,0.0553070108217398
2021-04-14,383.2998352050781,385.63808919365846,382.7595011466084,384.58539585907903,61659900,-0.0034209020866459,0.0073291632355391,372.3264694213867,365.1354138183594,0.0497470820394179
2021-04-15,387.4173889160156,387.687555926274,385.386544949816,385.433112724498,60229800,0.0106850937218176,0.0075746673104222,373.2537124633789,365.7980609130859,0.0591018113900458
2021-04-16,388.7123107910156,389.317834022548,387.28699001478793,388.70298586402646,82037300,0.0033368728887401,0.0064154977683745,374.51404724121096,366.4810333251953,0.0606614679731419
2021-04-19,386.8025512695313,388.2278720552796,385.4797193923822,387.78073043129933,78498500,-0.0049251496659755,0.0065813576883729,375.71252593994143,367.04521240234374,0.0538280794833803
2021-04-20,383.9705810546875,386.6907875184191,382.4986639809094,385.59152639170094,81851800,-0.0073484215776783,0.0068820721566113,376.62454376220705,367.5245263671875,0.0447481827949328
2021-04-21,387.6036987304687,387.8086481028547,383.21592286206607,383.3556830388797,66793000,0.0094174848032095,0.0065968624462302,377.8621459960938,368.0245037841797,0.053200791645577
2021-04-22,384.0637512207031,388.26520006438915,383.001761278924,387.4361058956806,97582800,-0.0091748650073037,0.0069249128927709,379.0149841308594,368.4585095214843,0.0423527786601678
2021-04-23,388.2278747558594,389.6345741269456,384.54813911119874,384.6226532391619,73209200,0.0107839156863168,0.0071177500596399,380.2744857788086,368.97895568847656,0.0521680675025661
2021-04-26,389.0383605957031,389.6066410056365,388.2931055721406,388.8800074072831,52182400,0.0020854788146707,0.0064683835141846,381.28199462890626,369.5039123535156,0.0528666885223621
2021-04-27,388.9544982910156,389.53210359386,387.8179659687333,389.3364507074016,51303100,-0.0002155863104767,0.0064612514295131,382.2946228027343,369.9913488769531,0.0512529535396489
2021-04-28,388.84271240234375,390.342575715046,388.3769209336228,389.2246648182536,51238900,-0.000287442248197,0.0063795879319307,383.35057067871094,370.4828631591797,0.0495565411220535
2021-04-29,391.3206787109375,391.93552678623496,387.94835343735446,391.56289934262634,78544300,0.0063524504474958,0.0064241463152183,384.4558929443359,371.0222674560547,0.0547094151358099
2021-04-30,388.7496032714844,389.9047856090629,387.85529148566474,389.05704160482367,85527000,-0.006591931032444,0.0064806190740287,385.23329772949216,371.5412628173828,0.0463160950781385
2021-05-03,389.5880126953125,391.1157939955126,389.0942748542552,390.7338415630485,68128300,0.002154360089767,0.0058109837901925,385.78479766845703,372.08984130859375,0.0470267377501623
2021-05-04,387.1844787597656,388.0974402326931,383.5047433776642,387.6037024349062,101591200,-0.0061885343079271,0.0060438862933235,386.2272979736328,372.6460607910156,0.0390140122181604
2021-05-05,387.3056335449219,389.0570141395226,386.7466780571217,388.8241183887439,60162200,0.0003128633515643,0.0060468268059628,386.6539642333984,373.19597412109374,0.0378076410311164
2021-05-06,390.3985595703125,390.5289664285822,385.3773127188648,387.3802108160868,74321400,0.0079540328040923,0.0061894294011645,387.1453811645508,373.7284497070313,0.0446048725387352
2021-05-07,393.23980712890625,393.8919265936675,390.4823294392389,391.1623952565096,67733800,0.0072514571250764,0.006189818117886,387.6405212402344,374.49305847167966,0.0500590017175025
2021-05-10,389.34576416015625,393.8173507618117,389.2246538329622,393.5937799606252,81852400,-0.0099518193280718,0.006680133814187,387.93397064208983,375.2163702392578,0.0376566563763963
2021-05-11,385.87103271484375,386.8585085388163,382.00496848744234,384.836989107153,116888000,-0.0089646012046865,0.0069979984154168,387.9968566894531,375.6989642333984,0.0270750506384841
2021-05-12,377.6730346679687,384.3617932044162,376.3594993403955,383.0948540805935,134811000,-0.0214743678482004,0.0084899668169964,387.7155166625977,376.07405334472656,0.0042517725140065
2021-05-13,382.2098693847656,384.1382530041698,379.1728997288725,379.21949593633536,106394000,0.0119410203878576,0.008583050679479,387.4551406860352,376.6349615478515,0.0148018861924101
2021-05-14,388.078857421875,388.9266014154042,384.9114807136324,384.9394270681594,82201600,0.015238705711811,0.0092617312843554,387.4234680175781,377.4009051513672,0.0282933933775944
2021-05-17,387.0912780761719,387.9017789998937,385.07905579969406,386.97019619206054,65129200,-0.0025480338697212,0.0092114179725024,387.43790435791016,378.0184014892578,0.0240011506084628
2021-05-18,383.7563171386719,387.59443468838975,383.5979355139091,387.3522140021612,59810200,-0.0086527655159103,0.0092708868358133,387.42719116210935,378.60466857910154,0.0136069335301764
2021-05-19,382.7501525878906,382.9271556206344,377.5985000735296,379.07974196431326,106467100,-0.0026253271653211,0.0090126144516236,387.1845138549805,379.06960205078127,0.0097094320335828
2021-05-20,386.8677978515625,388.1254406224363,383.5047967743601,383.6258786868124,78022200,0.010700593850166,0.009116021402772,387.32471618652346,379.57213134765624,0.0192207643854233
2021-05-21,386.551025390625,389.58799485674376,386.09455884988506,388.3489736323711,76578700,-0.0008191486142593,0.0087810271058167,387.2408737182617,379.994970703125,0.017253003836785
2021-05-24,390.49169921875,391.563014094204,388.54466552821737,388.7868862308914,51376700,0.010142833815988,0.0090722010722945,387.3135406494141,380.48678100585937,0.0262950481129502
2021-05-25,389.6252746582031,391.9262858634761,389.0476977323679,391.57227976579446,57451400,-0.0022212692347623,0.0090879506868246,387.3470794677734,380.91762084960936,0.0228596770849612
2021-05-26,390.3985595703125,390.901594004632,389.1781879116937,390.2122315674567,43088600,0.001982721890034,0.0090972113136345,387.42487182617185,381.37321105957034,0.0236653971726724
2021-05-27,390.6034851074219,391.9356421143981,390.3239931202354,391.42328278237954,56707700,0.0005247759419037,0.0089823705249142,387.3890121459961,381.8078302001953,0.0230368636039095
2021-05-28,391.3021240234375,392.42933147222897,391.0692282777566,392.1684893742527,58520200,0.0017870164730325,0.0088577745264666,387.5166381835937,382.36376037597654,0.0233765972974842
2021-06-01,390.95745849609375,393.7987753351119,390.5196133395258,393.6590435680493,54216600,-0.000881205056094,0.0088508232558094,387.5851104736328,382.92625,0.0209732513665327
2021-06-02,391.572265625,392.4107130596126,390.6034397848831,391.6095369048989,49097100,0.0015713326572936,0.0087263720941223,387.8044998168945,383.4430908203125,0.0212004727671491
2021-06-03,390.1190490722656,391.25558160462,387.79941622388145,389.26200853094554,58138800,-0.0037181383484328,0.0087788577091036,387.9451705932617,383.98843872070313,0.0159656118084889
2021-06-04,393.6870422363281,393.98515566544813,390.1842805183219,391.9636077344512,55938800,0.0091043380478924,0.0088348059121357,388.1095947265625,384.64203979492186,0.0235153766505313
2021-06-07,393.3049926757813,393.8546231833986,392.37340976192394,393.6776201553933,51555000,-0.0009709109460088,0.0086902783135224,388.11285400390625,385.2473828125,0.0209154175284895
2021-06-08,393.388916015625,394.2552814880263,391.563021073544,394.162117490748,47134300,0.0002133570356522,0.0083683916251759,388.3150115966797,385.7373974609375,0.0198360817619773
2021-06-09,392.8019714355469,394.3018348687151,392.5784006100936,394.2272923071258,48436300,-0.0014931353148295,0.0080848302069002,388.6615585327148,386.2193981933594,0.0170436111520528
2021-06-10,394.6279296875,395.5781627079137,392.7088706477692,394.0224063180113,51020100,0.0046377754317426,0.0061631653228391,389.5093032836914,386.75748168945313,0.0203498274000202
2021-06-11,395.2799377441406,395.39172314331665,393.8918883216148,395.1774772714472,45570800,0.0016508462102971,0.0057204126363022,390.16280670166014,387.2787957763672,0.0206599020009183
2021-06-14,396.1650390625,396.2674995574854,394.1528161505777,395.3918091672138,42358500,0.0022366727019287,0.0047561025149052,390.5671157836914,387.73806640625,0.0217336738029241
2021-06-15,395.4382629394531,396.351195855603,394.5625728646135,396.31395301429274,51508500,-0.0018362134807006,0.0047305037060716,390.98446502685545,388.07567138671874,0.0189720513177893
2021-06-16,393.23052978515625,395.8017082457771,391.1903889457864,395.5781373986484,80386100,-0.0055986465837477,0.004440649834298,391.4581756591797,388.3735925292969,0.0125058380623367
2021-06-17,393.1000671386719,394.0782178856841,390.63137795315737,392.8206036194272,90949700,-0.0003318264561797,0.0043651090030819,391.9756713867188,388.66014770507815,0.0114236549844642
2021-06-18,387.7969970703125,390.5167474088944,387.5913771677302,389.82512979232945,118676300,-0.0135822039430853,0.0049593664703494,392.0221313476562,388.80468322753904,-0.0025917541652573
2021-06-21,393.3486633300781,393.5356008794385,388.7409408172673,389.5540649639203,72822000,0.0142144033225361,0.0058659695020068,392.3620132446289,389.0049163818359,0.011166303471544
2021-06-22,395.45159912109375,396.28343417143736,392.61966911686017,393.339353041914,57700300,0.0053319981581132,0.005556242512089,392.6100082397461,389.2444128417969,0.0159467575500427
2021-06-23,394.9749450683594,396.3301424887815,394.8908317268986,395.5263737663793,49445400,-0.0012060680755643,0.0055334031712166,392.8774917602539,389.4516455078125,0.0141822473322585
2021-06-24,397.3114929199219,397.73205959660106,396.8628599421337,397.11522847080494,45110300,0.0058982572803437,0.0056498932082205,393.2231384277344,389.73187866210935,0.0194482788624635
2021-06-25,398.7228393554687,399.17147241602134,397.73213297075046,398.05925946140326,58129500,0.0035459473471146,0.0056802690008614,393.62910614013674,389.9579876708984,0.0224763999243099
2021-06-28,399.5266418457031,399.69486854958024,398.0499376849995,399.2462640059079,53159600,0.0020139136468963,0.0056820895879178,394.04033203125,390.17427429199216,0.0239697185845522
2021-06-29,399.7416076660156,400.5453764693619,399.2088612604478,399.9098343658785,35970500,0.000537906580493,0.0056656722767703,394.4795394897461,390.43305541992186,0.023841608995125
2021-06-30,400.0779724121094,400.7509075851133,399.2554929203643,399.28353069746186,64827900,0.0008411016041669,0.005664902344596,394.9048248291016,390.7552032470703,0.0238583365942906
2021-07-01,402.2931213378906,402.4520211210759,400.7696685970019,400.83509959729395,53441000,0.0055215213280739,0.0056301345310171,395.5135284423829,391.04899169921873,0.0287537620025894
2021-07-02,405.3680114746094,405.7231756894549,402.37718195001327,403.4520300284134,57697700,0.0076143443535282,0.0055337564721433,396.0975769042969,391.4750769042969,0.0354886821408272
2021-07-06,404.6296691894531,405.63908633581775,401.90056347036705,405.42411100289456,68710400,-0.0018230730958312,0.0055567077148329,396.66381072998047,391.8031127929688,0.0327372498524839
2021-07-07,406.0596008300781,406.3400071225295,403.3024576849441,405.3119077621989,63549500,0.0035276971742983,0.0055682583434151,397.29734497070314,392.14353759765623,0.0354871670655961
2021-07-08,402.7511291503906,403.5081778396305,399.57336151548776,400.7510054866028,97595200,-0.0081811232473683,0.0059505467261512,397.7948028564453,392.4194702148437,0.0263280996987495
2021-07-09,407.0503234863281,407.3494121346729,402.5547524182168,404.2557870176814,76238600,0.0106179970743719,0.0062713106274773,398.4159225463867,392.78362243652344,0.0363220364466959
2021-07-12,408.50836181640625,408.7607303525051,406.536304788165,406.9662269112006,52889600,0.003575560924621,0.0062876912498988,399.07734375,393.1273760986328,0.0391246874496841
2021-07-13,407.1157531738281,409.21867209378087,406.8540577380294,407.7232573795041,52911300,-0.0034148328139406,0.0063859685268315,399.6248794555664,393.4946990966797,0.0346155973852186
2021-07-14,407.7232666015625,409.2934677745335,406.48022038406873,408.80744158086895,64130400,0.0014911253034169,0.0063414134243169,400.2391296386719,393.8574041748047,0.0352052856688299
2021-07-15,406.3307189941406,407.0597298390083,404.43341971053184,406.3867945573869,55126400,-0.0034212693270617,0.0062303108135834,400.8941390991211,394.2403289794922,0.0306675627172515
2021-07-16,403.1436767578125,407.5551356129404,402.7511477644121,407.5084154784258,75874700,-0.0078743903970806,0.0065746246896362,401.3963195800781,394.55708984375,0.021762596934864
2021-07-19,397.19000244140625,403.20902632092094,394.38611039278754,398.3302530154178,147987000,-0.0148782546515473,0.0067331079030829,401.8659698486328,394.6929187011719,0.0063266494581448
2021-07-20,402.8819580078125,404.1530707517098,397.0591977452092,397.8536396448114,99608200,0.0142288491043552,0.0067345784867699,402.3426345825195,394.88576171875,0.0202493912524443
2021-07-21,406.143798828125,406.28401626491234,402.83522636423976,404.0782727663207,64724400,0.0080636703274975,0.0068495650319382,402.8772445678711,395.2217224121094,0.0276353140443703
2021-07-22,406.9942626953125,407.23727579624176,405.33997668113454,406.3213274734552,47878500,0.0020918075725192,0.0068248507904412,403.4782104492187,395.6441870117188,0.0286875835819054
2021-07-23,411.1814880371094,411.51794144372303,408.2374066385629,408.9196688873081,63766600,0.0102356049910233,0.0070376011082326,404.1717102050781,396.3143560791016,0.0375134832487381
2021-07-26,412.19085693359375,412.20021236866125,410.5459261537889,410.5926462837905,43719200,0.0024517933065978,0.00702686925317,404.8451110839843,396.9139758300782,0.038489148868005
2021-07-27,410.3122863769531,411.18148619614936,407.4896830394306,411.1534484123905,67397100,-0.004567943207161,0.0071622917859233,405.3843933105469,397.3586444091797,0.0325993712481926
2021-07-28,410.1440124511719,411.51792083805464,408.7233839343774,410.93845431834467,52472400,-0.0004101959565209,0.0071709559869408,405.9045135498047,397.8196990966797,0.0309796457603198
2021-07-29,411.8450317382813,412.9198513896068,411.05994533585215,411.0693007705477,47435300,0.0041387941293957,0.0071980854281307,406.4928665161133,398.38147338867185,0.0337956437458979
2021-07-30,409.8449096679687,411.2935758166281,409.1532635675781,409.28412555399376,68951200,-0.0048683230008241,0.0072633540239207,406.8704559326172,398.9233685302734,0.0273775416515025
2021-08-02,408.9850463867187,412.1067095157106,408.62988215553224,411.55528082300833,58783300,-0.0021002250612825,0.0071161454071461,407.05130767822266,399.36571350097654,0.0240865266109496
2021-08-03,412.3124084472656,412.4339150257173,407.5925338958521,409.77956673996874,58053900,0.0081027409633601,0.0072936105499967,407.4354446411133,399.88094116210937,0.031087921442389
2021-08-04,410.28424072265625,412.28433581198715,410.050583021591,411.0319339569977,46732200,-0.0049311453831744,0.0073804243073094,407.6466766357422,400.2767919921875,0.0250013214122693
2021-08-05,412.8824768066406,412.96659014888616,411.12536648595767,411.4431375086628,38969700,0.0063128031230594,0.0071904836385593,408.1532440185547,400.74193603515624,0.0302951592528597
2021-08-06,413.5647583007813,413.9853535543252,412.9198607907698,413.2002671340216,46930000,0.0016511196847426,0.0068464343157602,408.47896575927734,401.20526000976565,0.0308059228603204
2021-08-09,413.228271484375,413.85445807390835,412.46186747322616,413.5366870620658,41222600,-0.0008139566321001,0.0068228850757227,408.71496124267577,401.6577557373047,0.0288069023485699
2021-08-10,413.7423400878906,414.4526685963435,412.9946468851688,413.67690908891893,43339300,0.0012432574085168,0.0067587450645591,409.0462905883789,402.10656005859374,0.0289370559575087
2021-08-11,414.7705078125,414.8639766088712,413.68633252447233,414.8079010355829,44034300,0.002481960913506,0.0067676469521878,409.3986526489258,402.5828210449219,0.0302737378011918
2021-08-12,416.0135192871094,416.1537367311729,413.72369084389135,414.62092846348145,38909400,0.0029923839688636,0.0067059341623148,409.8827926635742,403.071646118164,0.0321081209595956
2021-08-13,416.7705078125,416.78919015715337,415.9760660634455,416.4620637284058,39470300,0.0018179713088771,0.0063585729794387,410.5641342163086,403.6046752929687,0.0326206144910844
2021-08-16,417.7518310546875,417.8826645039691,413.91983997608867,415.4713301600155,73740000,0.0023518212725927,0.0050275291390221,411.5922256469727,404.0859710693359,0.0338191893897912
2021-08-17,415.0134582519531,415.87330259419554,412.03198379117543,415.2003672937734,92673900,-0.0065766013733445,0.0046135044722638,412.1988006591797,404.5201403808594,0.0259401617462462
2021-08-18,410.47113037109375,415.5648794226537,410.2281457688839,414.004033503329,89351900,-0.0110053507715264,0.0051241961889437,412.4151672363281,404.8617846679688,0.0138549646213836
2021-08-19,411.1066589355469,412.3030136509168,407.61114913490746,407.7513380397817,92812200,0.0015470931650934,0.0051169000346895,412.6207870483398,405.2278784179687,0.0145073447081904
2021-08-20,414.3778991699219,414.7050256555393,410.96650244315384,411.45252871527185,72008700,0.0079256657829324,0.0049074312719473,412.7806076049805,405.6228778076172,0.0215841409380687
2021-08-23,418.0229797363281,418.92957275106846,414.4526832434195,416.0602493564847,54973000,0.008758049055272,0.0052384966179599,413.0722137451172,406.07773864746093,0.0294161436395249
2021-08-24,418.6865234375,419.21926979163254,418.1724879522138,418.6865234375,38744700,0.0015860793686659,0.0050912963933105,413.49092559814454,406.5281683349609,0.0299077801972165
2021-08-25,419.5651245117187,420.0791600532625,418.49963168684314,418.87350683269574,40529700,0.0020962712047353,0.0050853380676273,413.96198120117185,407.0107055664063,0.0308454268490097
2021-08-26,417.08831787109375,419.5183349461485,416.9948490937456,419.2846772641112,57829600,-0.0059207642032302,0.005266899451085,414.2241455078125,407.487861328125,0.0235601043713988
2021-08-27,420.8174743652344,421.1913209422029,417.8360001384459,417.89207569885787,77235100,0.0089011942650551,0.0054080615561228,414.7727737426758,408.0422094726562,0.0313086847291817
2021-08-30,422.6680603027344,423.4531466839395,421.2474033554113,421.4904164695936,48357400,0.0043879564751935,0.0053865907752263,415.45692443847656,408.7396307373047,0.0340765331228216
2021-08-31,422.0418701171875,422.9110698917558,421.4437212534849,422.5746165039233,59300200,-0.0014826161684653,0.0052051879458945,415.94339752197266,409.31349487304686,0.0310968863806664
2021-09-01,422.26617431640625,423.49053835442544,422.03251662178167,422.97650283531857,48721400,0.0005313326243296,0.0050079914724134,416.54249420166013,409.84978637695315,0.0302949723341646
2021-09-02,423.5653991699219,424.3691680896962,422.3690727042691,423.6869057560907,42501000,0.0030720675747708,0.0048931168911276,417.0766403198242,410.4215954589844,0.032025126982508
2021-09-03,423.4624938964844,423.9765579301553,422.0325099688313,422.4344228744772,47170500,-0.0002429796581343,0.004903818018565,417.5715270996094,410.9446154785156,0.0304612299236299
2021-09-07,421.94830322265625,423.21006017897633,421.2753680807963,423.1165914187561,51671500,-0.0035821456223005,0.0050012329460771,418.0075286865234,411.40912475585935,0.0256172696049245
2021-09-08,421.4343566894531,422.1446851897138,419.5183465302411,421.4156743425341,56181900,-0.0012187743980298,0.0050263113223136,418.3921295166016,411.8472790527344,0.0232782347348983
2021-09-09,419.63043212890625,422.9857523608711,419.38741906008994,421.23799780631873,57970400,-0.0042896275071365,0.005142362965614,418.6351257324219,412.2450555419922,0.0179150155656912
2021-09-10,416.3218994140625,421.9764037145198,416.2003928599835,421.5558370150139,89948200,-0.0079156427114855,0.0054429800998803,418.6505447387695,412.5699340820312,0.0090941317388514
2021-09-13,417.3873596191406,419.5744205265016,415.07882068151736,419.3127250750678,83738600,0.0025559528662511,0.0054581690351625,418.68138732910154,412.87181884765624,0.0109369072078773
2021-09-14,415.1349487304687,419.03234294728094,414.2470381175579,418.8267230433787,78197100,-0.0054110655339617,0.0055626770242405,418.5505432128906,413.0671575927734,0.0050059441901547
2021-09-15,418.6024169921875,419.0977701394543,414.4526542585058,415.5555116773011,78792200,0.0083179389494861,0.0056760242873403,418.72999114990233,413.34661254882815,0.0127152474068926
2021-09-16,417.9388122558594,419.0509965202967,414.99470280608074,418.0790011528334,77786700,-0.0015865443383406,0.0050313819065216,419.10337524414064,413.5841967773438,0.0105289697054356
2021-09-17,413.8677062988281,417.59007902636665,413.5114041887088,417.1681649070518,118425000,-0.0097886668913236,0.0055650154644419,419.2414276123047,413.8065283203125,0.00014784198491
2021-09-20,406.9667663574219,409.3295710757895,402.1098470708218,407.75436793021106,166445500,-0.0168148457883394,0.0064656878576075,418.87087097167966,413.8048571777344,-0.0165249167613696
2021-09-21,406.5823669433594,410.59540113058426,406.0572991890718,409.3014739453589,92526100,-0.0009449937979997,0.0060535700256424,418.29884033203126,413.76633728027343,-0.0173623847317667
2021-09-22,410.5484619140625,412.5831207202877,406.69483696311266,408.85136298150707,102350100,0.0097074445751642,0.0065180969953277,417.8919372558594,413.8349914550781,-0.007941642463485
2021-09-23,415.5366516113281,417.1400110058016,412.17996661282217,412.4143728690153,76396000,0.0120768435184154,0.0071203627939154,417.69051361083984,413.99125915527344,0.0037329108329677
2021-09-24,416.2210693359375,416.9336734105124,413.68947068134617,413.9051347076099,62094800,0.0016457145196119,0.0070164550864061,417.647151184082,414.1890661621094,0.0049059797561937
2021-09-27,415.03033447265625,416.3523605127942,414.33647253059087,415.1897146952346,61371100,-0.0028649231081396,0.0067081552095323,417.3577941894531,414.42679931640623,0.0014563130503276
2021-09-28,406.6667175292969,412.59251441684535,405.93537117136833,412.26433994291904,130436300,-0.0203576385429886,0.0078983109270531,416.5577270507813,414.6163336181641,-0.0191734272007438
2021-09-29,407.3511657714844,409.77961092728947,406.78858508585967,408.0449990691309,82329200,0.0016816544636871,0.007939322847878,415.8231918334961,414.7057177734375,-0.0177343877519699
2021-09-30,402.3723754882813,409.52642965582174,402.0348156347722,408.8232109595568,140506000,-0.0122976615488594,0.0082554396592304,414.82850189208983,414.63028930664063,-0.0295634789220475
2021-10-01,407.1542663574219,408.8326231008619,400.58153463739126,404.0976283486504,129240100,0.0118141794009665,0.0087761548793017,414.0079452514648,414.6334893798828,-0.0180381546933092
2021-10-04,401.9036254882813,406.89176913571015,399.76581284989487,405.9916570765266,128570000,-0.0129798241609895,0.0090999473526231,412.9300018310547,414.44793212890625,-0.030267509301321
2021-10-05,406.0853271484375,408.3262356545151,402.60674697637165,403.4037052054627,90682500,0.0103509806242901,0.0095443024333979,412.13685302734376,414.3258215332031,-0.019888923056429
2021-10-06,407.7731323242187,407.9794109817039,400.8722256266175,402.4942986652522,113032200,0.0041476686167402,0.0096398903117976,411.453791809082,414.27503845214846,-0.0156946606105518
2021-10-07,411.2986145019531,414.1302318975777,410.867314983928,411.0454660354257,72437500,0.0086085351209862,0.0098822367224015,411.0372009277344,414.2981304931641,-0.0072399940295179
2021-10-08,410.5484619140625,412.45186810178103,409.9202691984104,412.06743842451107,74557400,-0.0018255289037203,0.0097509723957507,410.7485290527344,414.2721990966797,-0.0089886243651801
2021-10-11,407.57623291015625,412.7988112757424,407.5105922896659,409.89216791478833,65233300,-0.0072659879335353,0.0098255034046185,410.2579727172851,414.2268255615234,-0.016055436878941
2021-10-12,406.5728759765625,408.89819586614095,405.785274549618,408.4950240548549,71181200,-0.0024648001959621,0.0097808610395855,409.82986907958986,414.1785821533203,-0.0183633497831192
2021-10-13,408.03564453125,408.8513737107969,404.6227043779437,407.5949596324776,72974000,0.0035913450204972,0.0095981955267134,409.301530456543,414.093046875,-0.0146281189444326
2021-10-14,414.8990173339844,415.0490407513381,411.2235151439211,411.6923275928861,70236800,0.0166806242600647,0.0104027505989444,409.1495407104492,414.1853424072266,0.001723081079137
2021-10-15,418.0588684082031,418.42455590539737,416.38989699593026,417.0087329506892,66260200,0.0075870972257042,0.0102993649955645,409.35909881591795,414.2888702392578,0.0090999262586226
2021-10-18,419.2964782714844,419.6340094982905,415.6209761000303,416.2773249708746,62213200,0.0029559989540106,0.009464602113577,409.975584411621,414.40350463867185,0.0118072689493271
2021-10-19,422.5313415527344,422.59695355572194,420.3091462784129,420.9186254165008,46996800,0.0076853701607376,0.0095440367153901,410.77303314208984,414.5895660400391,0.0191557534564879
2021-10-20,424.1909484863281,424.49099536699856,422.8782791509517,422.99078957769177,49571600,0.0039200788225006,0.0093819817731297,411.4551574707031,414.7985382080078,0.02264330611891
2021-10-21,425.2973327636719,425.5223536137635,423.1595488456662,423.5908483463569,41305400,0.002604826758281,0.0090606809299872,411.9431915283203,415.0090747070312,0.0247904411822885
2021-10-22,424.856689453125,426.3100255563803,422.91579858892055,424.8660748608127,58845100,-0.0010366200441111,0.0090729704552894,412.3749725341797,415.1859381103516,0.0232925791918392
2021-10-25,427.1350708007813,427.4632452839596,424.1722008875209,425.9442973142117,45214500,0.0053483774962641,0.0090734290682444,412.98020935058594,415.3932293701172,0.0282668098574184
2021-10-26,427.5195617675781,429.8917522879476,427.1445174247861,428.6822364284971,56075100,0.0008997575817977,0.0074934541951234,414.0228515625,415.588583984375,0.0287086273372024
2021-10-27,425.62548828125,428.6446418796485,425.5504622585324,427.9789361517596,72438000,-0.0044402217374721,0.007652010732249,414.93656768798826,415.80082458496094,0.0236282929599664
2021-10-28,429.7323303222656,429.8073277379248,427.0413509410185,427.05070773419686,51437900,0.0096027031260053,0.0070090251490593,416.3045654296875,416.1860485839843,0.0325486204652237
2021-10-29,430.6042175292969,430.8948789471614,427.1443795021593,427.43504092002377,70162400,0.0020268521840528,0.0067181272651372,417.47706298828126,416.57599975585936,0.0336750503669413
2021-11-01,431.3450012207031,431.963837137472,429.61977470154915,431.5887642564896,48433600,0.0017188573472248,0.0056143564527921,418.9491317749024,416.915341796875,0.0346105263520342
2021-11-02,433.0889587402344,433.3983909976397,431.3824744636354,431.5137556913935,48908400,0.004034917567699,0.0053836696633664,420.2993133544922,417.21666137695314,0.0380432970028028
2021-11-03,435.7331237792969,436.1362956921223,432.0857485213813,432.52643344894864,52509800,0.0060868001767607,0.0054186226233176,421.6973129272461,417.5575933837891,0.0435281999022399
2021-11-04,437.7865295410156,437.8709123645309,435.9862767972165,436.3331934985726,52847100,0.0047014615784345,0.0052865911252486,423.0217086791992,417.922021484375,0.0475316136395154
2021-11-05,439.3054504394531,441.2932109079652,437.7958878886841,440.0086692059953,66390600,0.0034635419124483,0.0051568432877755,424.4595581054688,418.3663641357422,0.0500496409336509
2021-11-08,439.6804809570313,440.89941061596096,438.9960330253521,440.4024705143944,50405200,0.0008533254673128,0.0045591809904386,426.0647705078125,418.7436242675781,0.049999225005691
2021-11-09,438.2270812988281,440.28048188915807,436.8206441062207,440.0460756903901,51149100,-0.0033110569916539,0.004623765209346,427.6474807739258,419.0548046875,0.0457512392099295
2021-11-10,434.70166015625,438.2271390064617,433.2202253751318,436.53939698466087,69429700,-0.0080772694089337,0.005327317367101,428.9807815551758,419.30800048828127,0.0367120580815126
2021-11-11,434.8422546386719,436.26746268516337,434.82351244323235,436.1924366753276,34848500,0.0003233752344301,0.0042996910431642,429.97794342041016,419.55952209472656,0.0364256601009637
2021-11-12,438.1239929199219,438.6771881976893,435.161094692695,436.1081050332003,53466700,0.0075186268657399,0.0042953245409178,430.98119964599607,419.85069396972654,0.0435233267746198
2021-11-15,438.2740478515625,439.56797493267015,437.1489150175016,439.40859470618256,46980500,0.0003424355740797,0.0043154346580458,431.930078125,420.1469250488281,0.0431447232432504
2021-11-16,440.0086059570313,441.1431240587056,437.93646296807935,438.0114603688836,48857500,0.0039498909675805,0.0041435498875897,432.80394134521487,420.5081311035156,0.046373597586191
2021-11-17,438.939697265625,439.9241918816736,438.3208614503229,439.74604087663033,47858300,-0.002432245934017,0.004233256183339,433.5413787841797,420.858237915039,0.0429633014674079
2021-11-18,440.4306640625,440.69319795520033,437.2521011266173,439.97120828973823,50625600,0.003390990397536,0.0042456449181822,434.2980453491211,421.27424255371096,0.0454725676857555
2021-11-19,439.6430358886719,441.5651558500262,439.2773483740664,440.31809847431913,57315600,-0.0017899146040951,0.0042748912692234,435.03736267089846,421.7406652832031,0.0424487655072274
2021-11-22,438.4053039550781,444.00292604113224,438.1990253218852,441.518225650883,72762000,-0.0028192815754107,0.004299139642558,435.60087432861326,422.16102416992186,0.0384788714616578
2021-11-23,438.9866027832031,439.8398448730952,435.47989482517465,438.0771054886185,73206500,0.001325061033077,0.0042980960873999,436.17422637939455,422.63805725097654,0.038682142442554
2021-11-24,440.15869140625,440.2805872370219,436.1737850737095,436.98951426235885,61858800,0.0026664291448541,0.0040850016651667,436.9008865356446,423.0691827392578,0.0403941231463427
2021-11-26,430.3417053222656,434.96418925297854,429.2165439866492,433.5014966851021,112669600,-0.0225557675263657,0.0064476580263405,436.93135528564454,423.31724060058593,0.0165938545562511
2021-11-29,435.6204833984375,437.4582199759263,432.9295048278909,435.12354340402334,86268800,0.0121918567157662,0.006987959757872,437.1821685791016,423.75229614257813,0.0280073697863011
2021-11-30,427.1444396972656,435.0861245357968,426.9006480424914,433.1827469437874,148559600,-0.0196491910661989,0.0083124990241454,436.9721405029297,424.155849609375,0.0070459716414212
2021-12-01,422.4000549316406,435.6862135337651,422.2031616971008,432.84521097923056,131939200,-0.0111693598608904,0.0085682761575414,436.4376953125,424.47220336914063,-0.0048817058479986
2021-12-02,428.8696594238281,430.435505728032,422.22190176024696,422.6157168413784,127637800,0.0152001861386761,0.0091981411724502,436.0945220947266,424.838627319336,0.0094883841658357
2021-12-03,425.1379089355469,431.58874442702455,420.9185967447433,430.5292522904625,137331600,-0.008739440675766,0.0092662699448871,435.46209106445315,425.0306524658203,0.0002523499637127
2021-12-06,430.1729736328125,432.0482235973753,425.2691846744251,427.6788877462588,98977500,0.0117737841619344,0.0096762000168861,435.0054672241211,425.3096905517578,0.0114346867449587
2021-12-07,439.0710144042969,439.633595102183,430.0416814760553,435.4424103932935,95484700,0.0204737719482973,0.0108078065069159,434.9749938964843,425.79050415039063,0.0311902452601796
2021-12-08,440.2336120605469,440.6836822924531,437.71139890894136,439.4647814253452,72238800,0.002644358504952,0.0107958257537839,435.0753204345703,426.4618420410157,0.0322930885296103
2021-12-09,437.2613830566406,440.3367916207848,437.0644898372222,438.9490964511675,61272600,-0.0067743756654386,0.0107468894592308,435.2033065795898,427.06004638671874,0.0238873590639855
2021-12-10,441.37750244140625,441.5275258475931,437.4113677313655,439.96170840846366,77159800,0.0093693770304606,0.0109368885587245,435.5300689697266,427.8401489257813,0.0316411481007907
2021-12-13,437.4676818847656,441.20879629669554,437.1863772299923,440.86187964178026,87724700,-0.0088976907901873,0.0110175649432559,435.4972534179687,428.4464172363281,0.0210557593330543
2021-12-14,434.4578857421875,436.6894377150197,431.5418858646757,434.2047373052017,97264100,-0.0069038188783663,0.0111217703678717,435.3064453125,429.0975024414063,0.0124922267556502
2021-12-15,441.2462463378906,441.4900093337228,432.00125072662127,434.5141069927306,116899300,0.0155040871152522,0.0116492295579793,435.36832733154296,429.8007208251953,0.0266298425249741
2021-12-16,437.3551940917969,443.3747305871484,435.8080899456226,443.0934545318682,116568600,-0.0088574352513245,0.0118113801944587,435.2891021728516,430.3923620605469,0.0161778708105198
2021-12-17,432.7004089355469,437.28267979708494,430.9973478702641,434.2811459384775,135511600,-0.0107000737679536,0.0120057756775443,434.90258941650393,430.8203979492188,0.0043637928827819
2021-12-20,428.0993957519531,428.4945657060667,424.4862697414786,427.62893618734074,107134800,-0.0106901906238935,0.0122043777088194,434.32540740966795,431.1714166259766,-0.0071248249665128
2021-12-21,435.7019653320313,435.8430974441347,429.3507618562461,431.5148641473523,69806300,0.0176030421740372,0.0129073503833864,434.1902404785157,431.7339312744141,0.0091909247112085
2021-12-22,440.0584411621094,440.17134685592566,435.25032979357655,435.44794347232624,58890200,0.0099490950561572,0.0131073271865388,434.24383239746095,432.403642578125,0.0177029003232814
2021-12-23,442.7964782714844,444.2925360057626,440.95228510851217,441.05577241344565,56439700,0.0062027085710449,0.013167173309986,434.37572174072267,433.0988592529297,0.0223912365765232
2021-12-27,449.06298828125,449.11002274302933,444.1231637825782,444.1701982443576,56808600,0.014052916121055,0.0123415285577278,435.31178588867186,433.782138671875,0.0352270143168202
2021-12-28,448.696044921875,450.5214301033936,447.9339028188725,449.49583182545905,47274600,-0.0008174651910768,0.0121241741055816,435.96556396484374,434.3948822021485,0.032922033167673
2021-12-29,449.27001953125,450.28619942831625,447.802188171838,448.7995600259367,54503000,0.0012783883718233,0.0110612408301545,437.071842956543,434.9943530273438,0.0328180501759498
2021-12-30,448.0280151367187,450.7002217741406,447.56697399413,449.693431506238,55329000,-0.0027683225410767,0.0106662854460327,438.3532409667969,435.50428649902346,0.0287568435626024
2021-12-31,446.8989562988281,448.6866969603346,446.6261104168571,447.53880315085513,65237400,-0.0025232437348859,0.0103253252938059,439.25470581054685,435.95844665527346,0.0250953037554188
2022-01-03,449.4865112304687,449.61825370387953,445.85457683489585,448.15981168840295,72668200,0.0057733245630982,0.0100323008343618,440.47213592529295,436.4422302246094,0.0298877608593152
2022-01-04,449.3358459472656,451.6223008842784,447.48223441413006,450.9071932731494,71178700,-0.0003352504160828,0.0098244888084164,441.4302795410157,436.9318133544922,0.0283889435688899
2022-01-05,440.7076721191406,449.74050080120287,440.61357447061033,448.9689402836536,104538900,-0.0193888140244976,0.0099602484277194,441.5121124267578,437.20326538085936,0.0080155090681412
2022-01-06,440.293701171875,443.0035528678846,437.9319849605687,440.2466667010779,86858900,-0.0009397737399355,0.0099459226950941,441.5151168823242,437.4587481689453,0.0064805036241607
2022-01-07,438.552978515625,441.47925183914367,437.1980527186537,440.3031029677847,85111600,-0.0039613847849683,0.0098645365666514,441.57969665527344,437.7172979736328,0.0019091787001813
2022-01-10,438.00726318359375,438.2236562011222,429.62367048499374,435.36328278709937,119362000,-0.001245129259975,0.0096248992009365,441.4111846923828,437.8827966308594,0.0002842462725003
2022-01-11,441.9967651367187,442.0908627934465,434.751676287286,437.7438209696161,74303100,0.0090670705058089,0.0096267480626013,441.6376388549805,438.1106475830078,0.0088701737224375
2022-01-12,443.1916809082031,445.2429062617321,441.2345819172256,443.7280116585806,67605400,0.0026998013872138,0.0094755490146188,442.0743286132813,438.3475811767578,0.0110508188922617
2022-01-13,437.0851135253906,444.9417931268879,436.0595152339108,444.2925567024861,91173100,-0.0138744208194616,0.0093846897348312,441.86627197265625,438.42750427246096,-0.0030618305968233
2022-01-14,437.2639770507813,437.6121125646515,432.7287395605385,433.9425333832712,95890900,0.0004091352751743,0.0091754122648578,441.8617111206055,438.45812133789065,-0.0027235081960976
2022-01-18,429.5201416015625,432.7851319574491,428.4098639787604,432.578128611285,109709100,-0.0178684434104092,0.0097377358945606,441.70269775390625,438.2927935791016,-0.0200155058583134
2022-01-19,425.0601806640625,432.455790611051,424.7873060995941,431.0632487949444,109357600,-0.0104378753258652,0.0097238137449498,441.55073699951174,438.00788818359376,-0.0295604437016534
2022-01-20,420.3556518554687,431.6372638548228,418.2385836592185,426.9420862438029,122379700,-0.0111296173773739,0.0090284653211701,440.7834213256836,437.6213916015625,-0.0394536009378024
2022-01-21,412.1036682128906,421.5881180456868,412.0754417946066,419.23582080679665,202271200,-0.0198262035109883,0.0094360723999473,439.3856826782227,437.09892333984374,-0.057184435358399
2022-01-24,413.8538513183594,414.3619556697632,395.90112761933347,406.5052754832323,251783900,0.0042379557872207,0.0093418928098375,437.9385513305664,436.6819671630859,-0.0522762961636128
2022-01-25,408.8011169433594,413.7409421509055,401.9135823339121,407.47441758472695,167997300,-0.0122841242265361,0.008580424835827,435.9254577636719,436.1611444091797,-0.0627291720423239
2022-01-26,407.7754821777344,417.8056821970188,403.5225099061903,414.68182421507754,186391100,-0.0025120369750247,0.0085484093982088,433.87942962646486,435.5541741943359,-0.0637778114926462
2022-01-27,405.7618713378906,415.50038803398513,404.0776471228915,412.3671406225885,149878300,-0.0049502704285951,0.008428641126457,431.7040222167969,434.9039306640625,-0.0670080384917982
2022-01-28,415.8391723632813,415.886206828452,402.54398201671927,407.1168346707988,164457400,0.0245321168833011,0.0107232385863062,430.094580078125,434.4205419921875,-0.0427727693163284
2022-01-31,423.3289184570313,423.677053931945,413.8256297428248,415.17113717300543,152251400,0.0178508812741228,0.0117612315023522,428.9160781860352,434.1083264160157,-0.0248311476722383
2022-02-01,426.1893615722656,426.8291797344353,420.5344280122152,424.05345661872343,123155400,0.0067342963482713,0.0117996094919784,427.751220703125,433.82350036621096,-0.0175973380591438
2022-02-02,430.3293151855469,431.0538124863708,426.2833462117449,428.58860927324656,117361000,0.0096670066066549,0.0121112287283534,426.80089416503904,433.6372259521484,-0.0076282905816913
2022-02-03,420.2144775390625,426.20812763649417,419.37704575360794,424.3074813838875,118024400,-0.0237855231015668,0.0124748405970123,425.7762344360352,433.2734094238281,-0.0301401646182985
2022-02-04,422.1904602050781,426.0293979401201,417.60815954090174,419.9792943228935,118454400,0.0046912979767272,0.0125722421452711,424.87107238769534,432.9374865722656,-0.0248235061654649
2022-02-07,420.8354797363281,424.3450895509773,419.50878037886775,422.95254768054906,84472900,-0.0032145668866246,0.0125675285693107,423.9851974487305,432.5510223388672,-0.0270847645653255
2022-02-08,424.2980346679687,425.2201456654425,418.91597660458353,420.33677354523064,81012000,0.0081941474258621,0.0127753416320206,423.2997360229492,432.4301489257812,-0.0188056135262859
2022-02-09,430.5081176757813,430.82802671260504,428.1275935863995,428.32517855026134,92589900,0.0145300598219293,0.0130701917676365,422.72530364990234,432.3279016113281,-0.0042092678468456
2022-02-10,422.7737731933594,430.66806944150386,420.7790293131962,424.67441942143387,140103700,-0.0181289592438175,0.0135541628757041,421.7044082641602,432.24048828125,-0.0219015000781945
2022-02-11,414.4372253417969,424.92846773085336,413.00703862428105,422.85846290665194,153214600,-0.0199157044323252,0.0138875339166548,420.57201385498047,432.08123168945315,-0.0408349288365698
2022-02-14,413.0823059082031,415.50989334254666,409.61973040303707,413.9291560964369,123006300,-0.0032746553844398,0.0138690979744972,419.3629302978515,431.76548461914064,-0.0432715892689243
2022-02-15,419.7439575195313,419.91331604233613,416.9964614975675,417.5139841588956,88482700,0.0159980394079104,0.0140050027069471,418.87412109375,431.6576055908203,-0.0275997640652769
2022-02-16,420.2144775390625,421.588211390658,415.82979106919817,417.70221089727113,84863600,0.0011203413147779,0.0138391122937019,418.6318359375,431.4584356689453,-0.0260603506626306
2022-02-17,411.2380676269531,420.1862167620265,410.63589438127366,417.03413227878895,102259100,-0.0215929549720738,0.0144437494092504,418.1759567260742,430.9017767333984,-0.0456338547859164
2022-02-18,408.57525634765625,412.7435205102697,406.3076381749544,411.4920821949047,132642900,-0.0064961633719999,0.0138284310310447,417.9995361328125,430.26860961914065,-0.0504181638783424
2022-02-22,404.1906433105469,409.7702869392554,400.6998126141375,406.37358261467153,124391800,-0.0107894673588623,0.0139689956505493,417.51637573242186,429.6071948242188,-0.0591623041231223
2022-02-23,397.0208129882813,407.66260537056274,396.4562558034865,407.098048185768,132578000,-0.017897951062721,0.0142572636708542,416.927360534668,428.7200610351563,-0.0739392692992631
2022-02-24,402.9957275390625,403.4285710946037,386.379117853001,386.7366430692703,213942900,0.0149372552742512,0.0147161404436152,416.6883728027344,428.0306219482422,-0.0584885592886551
2022-02-25,411.8873291015625,411.97200837339045,402.581625575988,404.22823397331,121804500,0.02182387864405,0.0154957269903443,416.994645690918,427.5792108154297,-0.0366993560887617
2022-02-28,410.8335266113281,412.3107765451423,405.25388303089113,406.50529284633944,145615000,-0.00256175119233,0.0144565833287076,416.74436340332034,426.97095642089846,-0.0377951464072474
2022-03-01,404.5764465332031,411.3416578546236,401.8759843184385,409.3374953713261,137785900,-0.0153473788666794,0.0141280615719585,415.8067398071289,426.31538146972656,-0.0509926122336431
2022-03-02,412.0190734863281,413.740942784039,406.0724579549326,406.8251817399771,117726500,0.0182289343121981,0.0147342388350008,415.098225402832,425.90175476074216,-0.0325959710642959
2022-03-03,409.9679260253906,415.0488843272609,408.17076677861536,414.4467109276072,105501700,-0.0049907157157552,0.0145022830895383,414.08015594482424,425.53912536621095,-0.036591698418847
2022-03-04,406.6370239257813,407.7661096277124,402.6004729085393,406.2418252656333,113978200,-0.0081579730152661,0.0136889276933528,413.40128326416016,424.9578265380859,-0.0431120489333138
2022-03-07,394.6496887207031,406.7593128666358,394.5838174926232,406.0536235461076,137896600,-0.0299224470103018,0.0149738380608595,412.0242446899414,424.0496514892578,-0.0693314159445771
2022-03-08,391.6576232910156,401.97008984857894,390.5943799836052,394.82851645161617,164772700,-0.0076104592325207,0.0150036247030657,410.56535186767576,423.0268743896484,-0.074154274817393
2022-03-09,402.158203125,404.13413881650297,397.8393882545467,400.02232727972273,116990800,0.0264575031405254,0.0162617951058481,409.45836029052737,422.0887786865234,-0.0472189183127406
2022-03-10,400.3422546386719,401.2361105228519,395.6000145047704,397.5571135281267,93972700,-0.0045257334580189,0.0157506156987438,407.9500671386719,421.1217028808594,-0.0493430951196222
2022-03-11,395.25189208984375,403.4378710075181,394.7437877372273,402.8262793371944,95636300,-0.0127965547071409,0.0155359767606672,406.57397308349607,420.04134033203127,-0.0590166868399004
2022-03-14,392.3633117675781,399.46724033893065,391.2248075600843,396.02350128864606,95729200,-0.0073350368536336,0.015078573469331,405.4702774047852,418.92804626464846,-0.0634112104308448
2022-03-15,400.991455078125,401.6218547157255,393.6993329697204,394.96955062340055,106219100,0.021751891751853,0.0160394049794984,404.86573486328126,418.0098962402343,-0.040713010182727
2022-03-16,409.8831481933594,409.939601038674,399.7023972745846,404.49170046381727,144954800,0.0219319966230173,0.0164299633253486,404.37269439697263,417.2178289794922,-0.0175799792738323
2022-03-17,415.0111083984375,415.0111083984375,407.5966628313028,407.9730246504608,102676900,0.0124331724271743,0.0167060555648175,404.1125259399414,416.5313342285156,-0.0036497274158109
2022-03-18,419.55670166015625,419.8776045343294,412.6666654946888,413.40286121868064,106345500,0.0108933945390051,0.0161292046288643,404.5284576416016,416.10831481933593,0.0082872336793306
2022-03-21,419.4339904785156,421.38772166865976,415.9323156670659,419.3867810928451,88349800,-0.0002925209627841,0.0160368180151778,405.0713943481445,415.6911206054688,0.0090039687823863
2022-03-22,424.3419494628906,425.276343887646,420.82140820007544,420.82140820007544,74650400,0.0116334541064669,0.0159297487022281,406.0789596557617,415.4069000244141,0.021509150276395
2022-03-23,418.8771362304687,423.303758234989,418.7921938931012,421.8125003060186,79426100,-0.012961968812301,0.0156336744405306,407.1717758178711,415.0242974853515,0.0092834052571419
2022-03-24,425.19140625,425.2008538879378,419.7832096061072,420.8969363393452,64736900,0.0149617892184061,0.0156346878014394,408.281559753418,414.6881903076171,0.0253279842249462
2022-03-25,427.2679138183594,427.5416361124458,423.2471369609336,425.8238364518409,77101300,0.0048718141184174,0.0149884095011814,409.0505889892578,414.3697149658203,0.0311272720633142
2022-03-28,430.3070373535156,430.3070373535156,424.7855555376232,426.6732396590378,68529800,0.0070877449342691,0.0149948016863722,410.0242645263672,414.2341534423828,0.0388014454567866
2022-03-29,435.6303405761719,436.1211569373378,431.5057549157547,434.1862632130821,86581500,0.0122950467728219,0.014548365522124,411.5769592285157,414.2014807128906,0.0517353531097948
2022-03-30,432.94049072265625,435.30009656090095,430.83571194558033,434.488377174578,79666900,-0.0061937572751102,0.0142870994074838,412.623030090332,414.2698876953125,0.045068694544064
2022-03-31,426.2768249511719,432.996975544084,425.823770410925,432.1758375929519,121699900,-0.0155113246824735,0.0147622777083958,413.438475036621,414.2942205810547,0.0289229339316184
2022-04-01,427.4849853515625,427.99463935727147,423.9172632927216,427.8530688001301,89048800,0.0028302067210438,0.0145694843990476,414.48087310791016,414.4368072509766,0.0314841198279093
2022-04-04,431.1470947265625,431.2509323439472,426.8620719837448,427.683210068739,59601000,0.0085301531717796,0.0124485299688456,416.3057434082031,414.81767578125,0.0393652920275356
2022-04-05,425.7011413574219,432.11925672118474,424.5591003737765,429.65584243367965,74214500,-0.0127117649857468,0.0127565096818558,418.00791931152344,415.0546215820313,0.0256508883934604
2022-04-06,421.4443664550781,423.71902938512,418.5656595556562,421.793612229182,106898000,-0.010049774661288,0.0119879062610094,418.9722274780273,415.3074865722657,0.0147767138354839
2022-04-07,423.5679626464844,425.3801519544788,418.6222397991527,420.56655200877265,78097200,0.0050262004207876,0.01188976362649,420.13351287841795,415.62333618164064,0.0191149672629827
2022-04-08,422.43548583984375,425.3236408416978,420.8970183524694,422.8130169818533,79272700,-0.0026772408199916,0.0113952710889194,421.492692565918,415.95680847167966,0.0155753607975987
2022-04-11,415.215087890625,420.0097937614752,414.7148526591951,419.1697603481383,89770500,-0.0172400688592232,0.0120777860399223,422.6352813720703,415.94432678222654,-0.0017532127370097
2022-04-12,413.676513671875,420.7175668489802,412.1285989831766,418.1974960631798,84363600,-0.0037123695857498,0.0112949687922187,423.2695343017578,415.75127868652345,-0.004990399599499
2022-04-13,418.41461181640625,419.1696739257571,413.2517947132498,413.4311270048809,74070400,0.0113885347643396,0.010512936514673,423.6961074829102,415.59578369140627,0.0067826196405617
2022-04-14,413.20465087890625,419.7549175134308,413.1008132674667,418.64116191799894,97869500,-0.012529842280868,0.0105695591301062,423.6057846069336,415.25329040527345,-0.0049334697007886
2022-04-18,413.37457275390625,415.0546107310359,411.1470901663332,412.2797123367979,66002500,0.0004111448062942,0.0102444657092974,423.2966781616211,415.11649230957033,-0.0041962186228078
2022-04-19,420.0475463867187,420.7648468817701,413.1008527235854,413.27073740895713,77821000,0.0160137728070901,0.0109094334245398,423.3273559570313,415.0736340332031,0.0119832047754632
2022-04-20,419.7360229492187,422.4354264021452,418.57511557097627,421.82193478222695,65224400,-0.0007419136624351,0.0105647469383177,423.0970596313476,415.05164489746096,0.0112862534321843
2022-04-21,413.45947265625,424.7383973991878,412.55339229515056,423.3509483444846,85417300,-0.0150664977347966,0.0107044804773161,422.82617645263673,414.8348736572266,-0.0033155385150021
2022-04-22,402.1145324707031,413.4783716367902,401.5482213990768,412.3740924107077,132471800,-0.0278225444711952,0.011653209979147,421.6723327636719,414.267001953125,-0.0293348720152152
2022-04-25,404.44586181640625,404.6157465127214,395.3188943584106,399.87766866932645,119647700,0.0057809330951699,0.0116863959432862,420.5312301635742,413.90044372558594,-0.022842647434918
2022-04-26,392.7327270507813,402.1145203899857,392.70441293823944,401.9162927984164,103996300,-0.0293885911124483,0.0128586675402454,418.6525146484375,413.4663537597656,-0.0501458619799353
2022-04-27,393.8370361328125,399.1697677643689,391.7039722839688,393.8087220181219,122030000,0.0028079131929181,0.012369515905248,416.5628494262695,413.0814483642578,-0.0465874522025871
2022-04-28,403.7851257324219,405.51237307337215,394.1485050200903,398.5751272035263,105449100,0.0249456596107597,0.0140611371517562,415.10508117675784,412.7622717285156,-0.021748949967012
2022-04-29,388.8629150390625,401.9539993420894,388.117271772839,399.8020406731504,145491100,-0.0376559914595826,0.0158198114922011,413.23438568115233,412.1352404785157,-0.0564676910725529
2022-05-02,391.2037048339844,392.5628398347473,382.2749373532382,388.9290417952601,158312500,0.0060015305391509,0.015913748031641,411.4203216552734,411.73455322265625,-0.0498642832572015
2022-05-03,392.99700927734375,395.4037953011167,390.1465874755705,391.7039501067172,100028200,0.0045735933086531,0.0157680233503581,409.5128173828125,411.42298828125,-0.0447859733868594
2022-05-04,404.96490478515625,405.53121582781534,390.47692222902697,393.6576656204496,144247900,0.0299984066413329,0.0174216840422306,408.4760055541992,411.4384735107422,-0.0157339897514881
2022-05-05,390.57135009765625,401.1329469341785,386.44676416954945,400.7082064100307,172929100,-0.036189741192175,0.0189331030009972,406.93235473632814,411.3094842529297,-0.0504197810875685
2022-05-06,388.2400207519531,391.50570647733946,382.9450801949944,388.01350785652954,151770800,-0.0059869087598375,0.0188226023129068,405.1659576416015,411.0143701171875,-0.0554101049039745
2022-05-09,375.8096008300781,383.5868500864093,374.2333719366594,382.3504193081462,155586100,-0.0325411241835275,0.0198396150035448,402.8346633911133,410.2928155517578,-0.0840453778731343
2022-05-10,376.6779479980469,383.27539519585025,372.6477525173204,381.7746896823651,132497200,0.0023079386622794,0.0197300445413882,400.9078063964844,409.60970397949217,-0.0803978901415237
2022-05-11,370.6940002441406,381.3499860628742,369.94835688896774,375.71524733858433,142361000,-0.0160136479375817,0.0198831927213823,398.7586807250976,408.93205505371094,-0.0935071103793708
2022-05-12,370.3070068359375,373.57269244374504,363.5207798183708,367.5037946408941,125090800,-0.0010445152967135,0.0195188831992221,396.3533004760742,408.09781372070313,-0.0926023262418876
2022-05-13,379.1602783203125,380.5382798257654,373.3933876739787,374.43161982347493,104174400,0.0236266038363027,0.0205403590242868,394.65108184814454,407.4816607666016,-0.0695034529726015
2022-05-16,377.621826171875,381.2839385536254,375.2716682872456,377.5180173546355,78622400,-0.0040657786662605,0.0205106976356036,392.86344451904296,406.90135681152344,-0.0719573187690566
2022-05-17,385.3895568847656,385.62551737529503,379.9718844356464,383.70007170751927,83029700,0.0203614238282375,0.0207613208603297,391.1305450439453,406.7161541748047,-0.0524360713758937
2022-05-18,369.85400390625,381.12348248197793,368.6175728842904,380.8403413333533,117674500,-0.0411463150587059,0.0223047363614145,388.6364440917969,406.2800817871094,-0.0896575527912457
2022-05-19,367.5887756347656,372.005979027499,365.3707407010665,366.79595164216687,98510700,-0.0061434878988006,0.0222097393638478,386.34290924072263,405.5886932373047,-0.0936907715529087
2022-05-20,367.7492065429687,374.7336324078952,359.1696852051724,371.16591037827914,131432200,0.0004363460466803,0.0216316720976433,384.624642944336,404.9368322753906,-0.0918356216782257
2022-05-23,374.6298522949219,375.3943621595535,368.4571163473613,370.7695124155736,76414900,0.0185372760782542,0.02213200881557,383.1338424682617,404.5243914794922,-0.0739004614165171
2022-05-24,371.7700500488281,372.9592717368289,365.2292011478112,370.51472368444104,91448800,-0.0076629598457688,0.0213301067007011,382.08570861816406,404.1125262451172,-0.0800333424375751
2022-05-25,375.0545654296875,377.01777330975807,369.8823286767236,370.278726265349,91472900,0.0087960050849685,0.0214537875429148,381.14658508300784,403.5937884521484,-0.0707127409763013
2022-05-26,382.5487060546875,384.1815635422074,376.07396194375553,376.2816083941698,82168300,0.0197844580530489,0.0211356787147667,380.0847640991211,403.047099609375,-0.0508585561701203
2022-05-27,391.9399108886719,392.0531673410909,384.80446634850006,385.0026651402334,84768700,0.0242525582405406,0.0202623236983822,380.2386138916016,402.5856756591797,-0.0264434762937772
2022-05-31,389.74078369140625,393.07254576990726,387.0036468547426,390.3259612932842,95937000,-0.0056266785516176,0.0202597849168294,380.1654678344727,401.9893572998047,-0.0304698952496481
2022-06-01,386.5882568359375,392.8648006270381,384.0776335587426,391.8549115373816,86585800,-0.0081216701158011,0.0203016044942897,379.8450302124023,401.33244262695314,-0.036738085997998
2022-06-02,393.9502868652344,393.9974674509903,384.1815149003103,386.4278638148007,79609600,0.0188645350443444,0.019550756858554,379.29429931640624,400.724609375,-0.0169051821407508
2022-06-03,387.4849853515625,390.7884330558125,386.5128290364629,389.2405180200075,71874300,-0.0165476253053313,0.0181534542984596,379.1399810791016,400.0967663574218,-0.0315218268837313
2022-06-06,388.6647644042969,393.21406164588547,387.4943805595861,391.48684319664267,57508900,0.0030400833389235,0.0181193361120435,379.1612182617188,399.3662335205078,-0.0267961290113962
2022-06-07,392.3929138183594,392.8459684053957,384.7194727728496,385.1819749982957,59272400,0.0095464850594945,0.0165066761406843,379.9903839111328,398.6687335205078,-0.015741941051481
2022-06-08,388.1268310546875,392.4685113875746,387.3340069805782,390.68463561799285,64350000,-0.0109314985914263,0.0167638599256196,380.5628280639648,397.8251293945313,-0.024378294942313
2022-06-09,378.8960266113281,388.61759004588066,378.8960266113281,386.3523744576506,86289800,-0.0240703390423294,0.0172951693900401,380.9729293823242,396.6904431152344,-0.0448571847714948
2022-06-10,367.90960693359375,373.5537925681174,367.86242635422343,372.70434051304426,132893900,-0.029424556664025,0.0185952546862419,380.85305938720705,395.38982543945315,-0.0695015823316058
2022-06-13,353.9408264160156,360.3683895194282,352.3362831480851,358.5184668650851,170004900,-0.0387075325189189,0.0195679370040655,379.5920867919922,393.94310546875,-0.1015432901284969
2022-06-14,352.874267578125,356.7157121238985,349.7784664118968,355.6869276147928,104011800,-0.0030179311575634,0.01956758022915,378.3547088623047,392.4508911132813,-0.1008447793885437
2022-06-15,357.90496826171875,362.34100925128496,351.2225494582893,356.1682732930812,125666800,0.0141556883922163,0.01921720821764,376.98047943115233,390.9860485839844,-0.0846093625132502
2022-06-16,346.05975341796875,350.1088447146559,343.63407193506487,349.70299946215493,134473300,-0.0336560414922506,0.0185089506433981,375.7907669067382,389.3932208251953,-0.1112845963660976
2022-06-17,346.8056945800781,350.1423885814665,343.30789944734585,346.4739460122469,111113900,0.002153207242374,0.0185354090207982,374.7516128540039,387.9004473876953,-0.1059414937115144
2022-06-21,355.5361633300781,356.92011765939475,352.44593659412106,352.52178635168195,76811900,0.0248623042006945,0.0195447372197269,374.1409606933594,386.5398114013672,-0.0802081626699406
2022-06-22,354.8915710449219,358.9960494687862,350.9008093965039,351.3178962620308,90059400,-0.0018146601852748,0.0189572282085325,373.1540466308594,385.1889331054688,-0.0786558477064323
2022-06-23,358.3703918457031,359.1002793406204,353.46966494173824,357.0243625508475,79292100,0.0097547565057805,0.0191169454039308,372.48406372070315,384.05203918457033,-0.0668702277779729
2022-06-24,369.7643432617187,369.7738317116263,361.5079743602973,361.53641078181903,98050300,0.0312988269708497,0.0203950804457218,372.2195526123047,383.1737957763672,-0.0349957451747944
2022-06-27,368.35205078125,370.9777774943493,367.2619490952879,370.68392475104326,66009600,-0.0038267520281016,0.0198216128680573,371.5097198486328,382.1725445556641,-0.0361629687200124
2022-06-28,360.825439453125,372.68391795995,360.7116937770823,369.9065216331798,86548900,-0.0206448464283405,0.0192387723276679,369.9539962768555,381.1249603271484,-0.0532621134459385
2022-06-29,360.53167724609375,362.3611548271313,358.7116881165058,361.3753394353569,65676000,-0.0008144709921618,0.0192492332709895,368.49354095458983,380.0681024169922,-0.051402433002557
2022-06-30,357.6025390625,360.8349471944622,353.1567954408799,356.6451313576215,112508300,-0.0081576796120148,0.0192496510890228,367.044255065918,378.8192022705078,-0.0560073593968907
2022-07-01,361.3847961425781,361.8208599109863,354.3322732319177,356.94854012954494,74839700,0.0105211643780873,0.0188159357123982,365.41598052978514,377.652177734375,-0.0430750371661796
2022-07-05,362.0672912597656,362.0862681620961,353.47914368346136,356.30395395124316,81438000,0.0018867740698816,0.0186357728558116,364.1450958251953,376.6243341064453,-0.038651360330226
2022-07-06,363.2900085449219,365.7735520504945,359.83010948727616,362.2093668453206,70426200,0.0033713548994565,0.0186419371418517,362.87635803222656,375.8478436279297,-0.033412018442866
2022-07-07,368.7311401367187,369.5273889224381,363.3090402764563,365.0626968664323,64525900,0.0148663240458991,0.0188725490666986,361.69326934814455,375.133549194336,-0.0170670127248483
2022-07-08,368.4278564453125,370.2952588737565,365.57460971282467,367.100746104859,72397800,-0.0008228447592027,0.0187872169804433,360.7083206176758,374.64745178222654,-0.0166011948228313
2022-07-11,364.2190246582031,366.7215164411496,363.5270331899998,365.7546492181339,58366900,-0.0114895134227442,0.0182331029494331,359.9744705200195,374.0550915527344,-0.0262957706408992
2022-07-12,360.99609375,366.0485198112267,359.251925711996,363.6692331147653,62219200,-0.0088882651349449,0.0171521306521848,359.62879486083983,373.1993109130859,-0.0326989273726926
2022-07-13,359.10028076171875,362.02937706003513,355.14747320454023,355.5645600399159,84224600,-0.0052654545572028,0.0147375094687553,359.886767578125,372.60405822753904,-0.0362416274531661
2022-07-14,358.2281494140625,359.30876226262916,351.71594911911046,354.15207948496095,89704800,-0.0024316107955338,0.0147302564313574,360.1544616699219,371.9445471191406,-0.036877534060701
2022-07-15,365.0721740722656,365.185919762693,360.72122784420594,362.6265260152687,79060400,0.0189249989348791,0.0149948791932383,360.5128219604492,371.38605041503905,-0.0170008440966412
2022-07-18,362.0578002929687,368.82592927824663,360.83497625525047,368.1529146526756,63203600,-0.0082912028217853,0.0128260333236047,361.3127243041992,370.5279083251953,-0.0228595683129833
2022-07-19,371.8403015136719,372.40905889172745,365.31864088700104,365.97267860433266,78506000,0.0266605966949719,0.0139378341458966,362.564454650879,370.1532873535156,0.0045576095574292
2022-07-20,374.2100830078125,375.62250240338216,370.6648741646818,372.02988023942527,71843800,0.0063528938889948,0.013028524555154,363.4981506347656,369.8726885986328,0.0117267225801751
2022-07-21,378.0206604003906,378.068044783412,371.23355627334496,373.63179040376264,64903900,0.0101314922882889,0.0130911227174402,364.65460510253905,369.9169097900391,0.021906948279145
2022-07-22,374.5134887695313,379.33839525665286,372.2953607472214,378.144036431228,72197300,-0.0093210308850071,0.0132786777451246,365.4617599487305,369.8736206054688,0.0125444689904277
2022-07-25,374.9684448242187,375.8215664094441,372.73134023128426,375.13906335562353,53631500,0.0012140549096011,0.0113770332616443,365.72196502685546,369.9591094970703,0.0135402405253872
2022-07-26,370.5321044921875,373.53699178755846,369.641058239304,373.3284484320284,52946400,-0.011901782511558,0.0116852010984411,365.8309677124024,369.9636114501953,0.0015366188035731
2022-07-27,380.1535339355469,381.8977018374365,373.5275588843816,373.8214115297532,82342100,0.0256351150092187,0.0119006472214183,366.79737243652346,369.9834765625,0.027487869100362
2022-07-28,384.9215087890625,385.61347120527086,377.41397692695415,380.95921396681945,73966600,0.0124642324355548,0.0120688174164371,368.01686401367186,370.12947021484376,0.039964498275786
2022-07-29,390.5332336425781,391.5190777399874,385.5850941133151,386.3529063740456,87003700,0.0144736307895591,0.0120014395465854,369.6633987426758,370.23234375,0.0548328373662738
2022-08-01,389.3768005371094,391.8793213752261,387.1302364241008,387.8411758992656,69997500,-0.0029655573138221,0.0120185543005855,371.06299896240233,370.6227996826172,0.0506013145185675
2022-08-02,386.8080139160156,391.4907383794108,385.63260303844,387.8128062329508,63435400,-0.006619031838306,0.0122357509412751,372.30003509521487,371.0071844482422,0.0425890121003243
2022-08-03,392.8652038574219,394.0311261963377,388.64695098882254,388.9313152353376,67820600,0.0155380784395233,0.0125379481128751,373.77879486083987,371.5095043945312,0.0574835884688741
2022-08-04,392.5997009277344,393.4717703766951,390.9597903262571,392.7892674075008,45656600,-0.0006760402359975,0.0123027947316446,374.97222290039065,371.8689013671875,0.055747602137015
2022-08-05,391.9361572265625,392.5807353471059,388.26771450946586,388.3245873478551,56814900,-0.0016915577599044,0.0123190305809696,376.14763793945315,372.2722235107422,0.0528213830470026
2022-08-08,391.481201171875,395.8700723692773,390.3816112599049,393.6235081493515,53886100,-0.0011614654716416,0.0118843888620091,377.51074676513673,372.60075622558594,0.0506720521384507
2022-08-09,389.9266357421875,391.2537170647009,388.8554822335221,390.7513209594565,44931800,-0.0039788888904898,0.0116612799897693,378.95727386474607,372.7483148193359,0.0460855763524446
2022-08-10,398.11663818359375,398.2588492285253,395.01695232609546,396.96966387104465,68665700,0.0207864151667572,0.0120378808303937,380.90809173583983,372.8718493652344,0.0677036597461979
2022-08-11,398.11663818359375,402.8183389835788,397.37726224840134,400.9603962309802,59489700,0.0,0.0119692854936097,382.9025161743164,373.03936645507815,0.0672241966493245
2022-08-12,404.8563232421875,404.9605804756404,399.10244636975136,400.0503656332881,61694500,0.0167872236252206,0.0118499576944337,384.8917236328125,373.4047277832031,0.0842292373899589
2022-08-15,406.524658203125,407.04603117644456,402.5907988832112,402.6476717271077,54048300,0.0041123401958808,0.0114252366275272,387.1150665283203,373.6562152099609,0.0879643952254213
2022-08-16,407.3208923339844,409.2451671553258,404.6477532437864,405.45349035046,59289000,0.0019567211109844,0.0103336021784452,388.8890960693359,374.05293334960936,0.0889391741603615
2022-08-17,404.42974853515625,407.1313242254354,402.42965277199465,403.7282975362389,63563400,-0.0071232614504562,0.0106449939450998,390.40007934570315,374.36823303222656,0.0802993225665649
2022-08-18,405.6051330566406,406.2876070636067,403.3395924356862,404.6287485753283,49023200,0.0029020610670356,0.0105439128719213,391.7793029785156,374.6324774169922,0.0826747746303204
2022-08-19,400.15472412109375,403.11222812937183,399.28262551260394,402.8468118447367,68016900,-0.0135288250430865,0.0108511607697914,393.0613647460938,374.8730352783203,0.0674406704766144
2022-08-22,391.8224182128906,395.5003494416631,390.92188337608326,395.329701995395,77695600,-0.0210425602336568,0.0121420207461676,393.90406341552733,375.1315631103516,0.0444933371219129
2022-08-23,390.87457275390625,393.78469227238185,390.3247632987665,391.3959168557966,49105200,-0.0024219996582803,0.0117410333382219,394.92118682861326,375.59086242675784,0.0406924445083613
2022-08-24,392.125732421875,393.4907094010359,389.9644778899243,390.64695191540625,49177800,0.0031958116096798,0.0104302038661289,395.51979675292966,376.354560546875,0.0419050903809512
2022-08-25,397.66162109375,397.70900548583626,392.5238859364247,393.6139873082117,50942300,0.0140189110673676,0.0105212196219059,396.1568023681641,377.2503076171875,0.0541054919358071
2022-08-26,384.2011413574219,398.088152311537,384.1442685177949,397.5478603350803,103087000,-0.0344352243362705,0.0128127755016619,395.84019775390624,377.77623107910154,0.0170071850734702
2022-08-29,381.6607666015625,384.70357956798847,380.30524889484775,381.2531682301508,65370800,-0.006634052552856,0.012871272584957,395.4543960571289,378.4882513427734,0.0083820706390062
2022-08-30,377.4709167480469,383.0541750206006,375.3760233037477,382.81719520790887,85652400,-0.0110386445206961,0.0130099980488488,394.98754119873047,379.1015557861328,-0.004301325101936
2022-08-31,374.59869384765625,380.3430817525158,374.4660002053889,379.1013099434974,76029700,-0.0076382207824373,0.0124591189152194,394.0742156982422,379.4828063964843,-0.0128704448963234
2022-09-01,375.7741394042969,376.1153764284115,369.7264103214383,372.42798580847113,78740100,0.0031329666161015,0.0125155301881834,393.2329376220703,379.90045776367185,-0.0108615777503007
2022-09-02,371.8118591308594,380.6464740008536,370.0013297859772,379.4331384469464,99632100,-0.010600298516485,0.0126546139092062,392.2267227172851,380.169287109375,-0.0219834380679761
2022-09-06,370.408935546875,373.5939303427136,368.19080797230174,372.6554995418325,76637400,-0.0037803447836811,0.0126521072021632,391.17310943603513,380.18217895507814,-0.025706737320157
2022-09-07,377.0633850097656,377.8311974242417,369.87816854830936,370.0961715004415,70964200,0.0178056767874417,0.0134545168306592,390.5299468994141,380.3564056396484,-0.0086577236009602
2022-09-08,379.5279846191406,379.9829674298195,373.5939997520912,374.7978759378246,80821700,0.0065150315637425,0.0125483687554459,389.6005142211914,380.73045654296874,-0.0031583286894002
2022-09-09,385.4239501953125,386.2865601335256,381.49955084530114,381.7649670625823,76706900,0.0154155629051509,0.0131614255492255,388.9658798217773,381.2283020019531,0.0110056052274363
2022-09-12,389.5663757324219,390.2868036201907,387.1870891554379,387.49043025851944,69256300,0.0106903656716671,0.012777651704826,388.2013824462891,381.8675787353516,0.0201609076700534
2022-09-13,372.6270446777344,382.10623671263886,371.5085069603833,380.90236081015905,122947100,-0.0444562242461123,0.0158224014416722,386.5065017700195,382.09242370605466,-0.0247724855062869
2022-09-14,374.04888916015625,375.56556553221,370.75012022055387,373.9256550464987,85023700,0.0038084693414484,0.0158666252264545,384.8429016113281,382.3320556640625,-0.0216648496541035
2022-09-15,369.80230712890625,375.3381528851013,368.53209861998994,372.4943947202488,87633800,-0.0114179507615734,0.015936313290709,383.1115295410156,382.46230163574216,-0.0331012872450193
2022-09-16,366.9810485839844,367.6378019325583,363.69728184111455,365.6294902775206,103084800,-0.0076583498039403,0.0158537428690876,381.1803253173828,382.4272998046875,-0.0403900328993034
2022-09-19,369.8270568847656,369.8270568847656,363.7640106344205,363.8401719669829,73278500,0.0077252745559115,0.0159641631229581,379.6639419555664,382.45528381347657,-0.0330188324313221
2022-09-20,365.5818786621094,367.51405803281153,362.8311539935767,366.5051385021215,77274900,-0.0115452102125367,0.015564944179585,378.35191497802737,382.4825408935547,-0.0441867547521569
2022-09-21,359.204833984375,370.5504322147043,359.1953065563563,367.50461804644806,106746600,-0.0175974783511487,0.015878119000803,376.7684280395508,382.4467156982422,-0.0607715552516484
2022-09-22,356.1875,360.0708846733697,355.44508694272207,358.4337649769324,89472600,-0.0084355163825151,0.0158048647948037,374.97151641845704,382.3884600830078,-0.0685192227749765
2022-09-23,350.21966552734375,352.7609904104437,345.78421269474035,352.7229097506912,122346900,-0.0168967041877721,0.0153727101138599,372.5994186401367,382.2282904052734,-0.0837421658244898
2022-09-26,346.7550964355469,352.3707890222306,345.5367765894628,348.75391014864755,92581200,-0.009941816597237,0.0139251933510423,370.727116394043,381.86194885253906,-0.0919359798023477
2022-09-27,345.8699035644531,352.5516221250691,343.48084301099055,350.28630194167937,108294100,-0.0025560537174884,0.0139318251439741,368.9375732421875,381.53819091796873,-0.0934854968717518
2022-09-28,352.6753234863281,354.3600222961964,345.1274522170946,346.821678453464,110802200,0.0194851671037701,0.0148671671756348,367.6977935791016,381.1548913574219,-0.0747191457249003
2022-09-29,345.308349609375,349.42016092257757,342.36725004597866,349.1346285560483,112952300,-0.0211100853533192,0.0153662374298763,366.2332763671875,380.5768566894531,-0.092671181812973
2022-09-30,339.9686279296875,348.2779675279083,339.8353891876637,344.36600021604005,153711200,-0.0155844422852128,0.0154740080809492,364.44300079345703,379.81581604003907,-0.1049118715639556
2022-10-03,348.9442138671875,350.7907337489844,341.90080218718504,343.6806881754969,89756500,0.0260587212150328,0.0168835560913366,363.29961853027345,379.3044305419922,-0.0800418192622286
2022-10-04,359.7568359375,359.78538917158465,348.9061712798272,354.45522944852485,103602800,0.030516283725001,0.0184845247520225,362.7670135498047,379.0001983642578,-0.0507740167678302
2022-10-05,358.919189453125,361.1749817964111,353.0750722691506,355.3974984990643,88065700,-0.0023310833646646,0.0179197556445603,361.8598037719727,378.76794006347654,-0.0524034600368372
2022-10-06,355.2167053222656,360.4707038397251,354.72174385776447,357.5200770483229,82333500,-0.0103692233716022,0.0178720452116193,360.6442398071289,378.269203491211,-0.0609420432754868
2022-10-07,345.308349609375,355.3023890964065,343.5474892236813,351.19054873616767,107789500,-0.028290255918554,0.0181320380384138,358.63845977783205,377.4769403076172,-0.0852200154849911
2022-10-10,342.6717834472656,346.65988314467035,340.43504562807703,346.42192984075376,76042800,-0.0076646953685535,0.0177297403245451,356.2937301635742,376.51971130371095,-0.0898968283473017
2022-10-11,340.5015869140625,345.5366860181765,338.5694076088321,340.9774934330555,92482800,-0.0063533033553459,0.015308510953027,354.6874572753906,375.54220703125,-0.0933067427871606
2022-10-12,339.37847900390625,342.48139902682294,339.1309983011124,340.91091321016154,76991800,-0.0033038442750519,0.0151872834016015,352.9539367675781,374.5936163330078,-0.0940089093717919
2022-10-13,348.3350524902344,349.8008528442018,331.3356548770357,332.38265512986965,147254500,0.0260488692530657,0.016582879101354,351.88057403564454,373.70301330566406,-0.067882676650189
2022-10-14,340.3969421386719,352.4183468938871,339.7592145462475,350.7907254903841,123737000,-0.0230523975798025,0.0171582378715059,350.5513687133789,372.6589581298828,-0.0865724955415312
2022-10-17,349.1441345214844,350.24824134925336,340.06382821256403,346.46954168027236,93168200,0.0253724163250859,0.0182019498475434,349.51722259521483,371.80311767578127,-0.0609434996025394
2022-10-18,353.2464294433594,357.35826934412756,349.81036876588746,357.0536821558411,97162900,0.0116810839381016,0.0183600828912967,348.9004501342773,371.0384222412109,-0.0479518878136157
2022-10-19,350.74310302734375,353.9316825006344,347.93524295824557,351.2094821189524,79746900,-0.0071118584915191,0.0180294515270941,348.4773635864258,370.2547515869141,-0.0526979018525575
2022-10-20,347.8020935058594,354.71226720130164,347.04062545500517,350.2958396474553,88283100,-0.0084204341062934,0.0180291329180507,348.05809326171874,369.2484606933594,-0.0580811282116895
2022-10-21,356.2542419433594,356.7396470203639,346.0222479989325,347.52610037471834,131038400,0.0240110175385412,0.0184686910863896,348.35982208251954,368.41121276855466,-0.0329983735669647
2022-10-24,360.6134643554687,361.74612439325887,355.13101099924324,357.77707959447656,85436900,0.0121620101068959,0.0184499920858261,349.0527404785156,367.5263555908203,-0.0188092394741016
2022-10-25,366.3719177246094,366.68600327248134,360.4230857441992,360.53729867069814,78846300,0.0158423372696837,0.0186703589110155,350.0778411865234,366.72330078125,-0.000958169431536
2022-10-26,363.6116333007813,368.90371186098525,362.9739347843384,363.2309138667366,104087300,-0.0075626295298512,0.0183815760246146,350.6246566772461,365.84911560058595,-0.006115860895636
2022-10-27,361.66998291015625,366.44807462100994,361.05128110498777,364.6110821532887,81971800,-0.0053542099668783,0.0176847657120832,351.44273834228517,364.9939202880859,-0.0091068294378879
2022-10-28,370.27435302734375,370.75025961760167,361.3844214069697,361.5652682350303,100302000,0.0235120789341647,0.0177627479704094,352.958024597168,364.2873046875,0.0164349629064885
2022-10-31,367.5997314453125,369.6842044707059,366.69552642305183,367.81865891657014,96631300,-0.0072495656164111,0.01716366824939,353.8908004760742,363.6362048339844,0.0108997029411239
2022-11-01,365.9911804199219,371.5783479860967,364.8204688405162,371.3403946996117,85407600,-0.0043854240213076,0.0159044808547853,354.2025177001953,363.119580078125,0.0079081396304188
2022-11-02,356.80621337890625,369.90317244332704,356.7015278683844,365.4010855031739,126990400,-0.0254164211649173,0.0169514387672207,354.09686889648435,362.438212890625,-0.0155391989900864
2022-11-03,353.1322326660156,356.1685191668986,351.01920615203176,353.5700586148132,87100100,-0.0103502311557618,0.0169508452463802,353.9926452636719,361.6583428955078,-0.0235750409107957
2022-11-04,358.21484375,360.6134021561234,352.17082513091503,358.8335164171756,103505200,0.0142903450290679,0.0158903687635741,354.6379699707031,360.8694073486328,-0.0073560228286912
2022-11-07,361.6413879394531,362.2315073959389,357.4343613850076,359.5093069084671,68286900,0.0095201511593033,0.0158141048027097,355.5864501953125,360.41821228027345,0.0033937676218994
2022-11-08,363.5926818847656,366.56233474373306,359.5189221082523,362.7455541021946,84641100,0.0053811555058111,0.0156778666402075,356.74100494384766,360.0568505859375,0.0098202028181773
2022-11-09,356.1018371582031,362.77405623568103,355.60687575970667,361.6223414792032,78495500,-0.0208174858932121,0.0165309045345859,357.5771728515625,359.6294689941406,-0.0098090733381889
2022-11-10,375.6710815429687,376.004221907916,367.0571853684895,369.3510291752628,141455800,0.0534972280354548,0.0194744848803317,358.94397430419923,359.6509167480469,0.0445436506592995
2022-11-11,379.3070068359375,380.1065262679985,374.643099911707,376.5277001032256,93839900,0.0096319441820691,0.0184488998292579,360.8894775390625,359.72157409667966,0.0544460887241475
2022-11-14,376.0804138183594,380.89658611860307,375.8043798668183,377.5462142284,71903500,-0.0085429345336143,0.018072461753033,362.2362915039063,359.8069451904297,0.0452283338202848
2022-11-15,379.2879638671875,382.9238966019307,375.48071175885616,381.8197900048712,93194500,0.00849272864117,0.01801246543345,363.53836822509766,359.9845257568359,0.0536229663477
2022-11-16,376.39453125,378.61224316456577,375.76633106956126,377.6604299906343,68508500,-0.0076578371887822,0.0180298902105161,364.8209396362305,359.9711486816406,0.0456241635711873
2022-11-17,375.2428894042969,375.9186978031396,371.340477869537,371.6450360687059,74496300,-0.0030643571361509,0.0178822299859708,366.1929794311524,359.88544677734376,0.0426731415912312
2022-11-18,376.9465942382813,378.6408206344442,374.1006819611119,378.5741867367159,92922500,0.0045299961897662,0.0172423345446581,367.2275970458985,359.7158996582031,0.0479008422937394
2022-11-21,375.5758972167969,376.7466376918826,373.7389050539046,375.6235052961584,51243200,-0.0036429437071437,0.0171537377060395,367.9757186889648,359.43609008789065,0.0449031345877362
2022-11-22,380.6300659179687,380.79188693120494,376.1089535381112,377.5176474312929,60429000,0.0133673739873312,0.0170575281892693,368.6886260986328,359.5961505126953,0.0584931606617151
2022-11-23,383.0287170410156,383.5141220670557,380.0685626038953,380.2969884985024,68261600,0.0062820177411198,0.0169333916976852,369.6594802856445,359.7757470703125,0.0646318440307726
2022-11-25,382.94293212890625,383.49499996496786,382.1910207322794,382.46702560328106,30545400,-0.0002239897848986,0.0168451659871563,370.723127746582,360.0385595703125,0.0636164431552246
2022-11-28,376.8323669433594,381.4962458070925,376.0708989562592,379.8591259436192,67881600,-0.0160855372600449,0.0166152693843376,371.0510284423828,360.2355859375,0.0460720196830828
2022-11-29,376.18511962890625,378.1553507626501,374.34809818392904,376.96558433179973,52310000,-0.0017190768750834,0.0165186284350336,371.4802978515625,360.3627471923828,0.0439067926965173
2022-11-30,388.03515625,388.03515625,374.51942770651925,376.4325522787015,144566700,0.0310145827411086,0.0177448644270169,372.5824966430664,360.81181274414064,0.075450255629973
2022-12-01,387.7496948242187,390.2434409456629,385.2464212750172,389.07270016589297,76398200,-0.0007359293965838,0.0164835911676761,374.12967071533205,361.3827099609375,0.0729613900624388
2022-12-02,387.3023376464844,388.2065428165103,382.76219884695456,382.8668843631218,85342700,-0.0011543927598979,0.0161831047863489,375.83817596435546,362.0050067138672,0.0698811631426204
2022-12-05,380.3349914550781,385.41766990087285,378.9834331254147,384.4849116571129,77289800,-0.018153201415326,0.0167776774610911,376.9441833496094,362.60731323242186,0.0488894668577555
2022-12-06,374.85260009765625,380.7157732131678,372.76815579992063,380.1732617355015,77972200,-0.0145195385451686,0.017142823795896,377.60474395751953,363.16926330566406,0.0321705000187717
2022-12-07,374.21484375,376.5753507067164,373.0821838315825,374.0054437050733,65927900,-0.0017028012817642,0.01713798861064,378.1358520507813,363.736162109375,0.0288084681486083
2022-12-08,377.1464538574219,378.2124799961138,374.3195674856605,376.09948257287107,60737900,0.0078035027711904,0.016358893844148,379.1880828857422,364.2255847167969,0.0354749080866232
2022-12-09,374.3291015625,378.459967446831,374.20536119651905,375.90911499149865,81447700,-0.007498222595984,0.0113395419053665,379.1209838867187,364.8059997558594,0.0261045646535797
2022-12-12,379.7258605957031,379.7258605957031,374.4528077117335,375.119059475854,75405800,0.0143142117004277,0.0115981412578914,379.14192657470704,365.6011444091797,0.0386342231213452
2022-12-13,382.600341796875,390.70977956297014,379.8400894083029,390.4528004635384,123782500,0.0075413774716164,0.0115280001781469,379.4679229736328,366.2742669677734,0.0445733601878671
2022-12-14,380.1542053222656,385.9602719426471,377.2131058725146,382.2577044665144,108111300,-0.0064139764746839,0.0114903271119562,379.51123504638673,366.6822143554688,0.036740235657399
2022-12-15,370.85498046875,376.2041659865488,369.1988348015829,375.2999318308924,117705900,-0.024765875917789,0.0126750882922168,379.23425750732423,366.9209301757812,0.0107217930879115
2022-12-16,366.4766540527344,369.6416209558771,364.34438227509384,368.3029691083944,119858000,-0.0118762783882204,0.0129110466058747,378.7959457397461,367.1461291503906,-0.0018234567778379
2022-12-19,363.3689575195313,367.0024734712642,361.70520704366805,366.66780330486046,79878100,-0.0085160896105441,0.0129368120423714,378.11706390380857,367.50734130859377,-0.0112606833222073
2022-12-20,363.8662109375,365.4821639806004,361.2940740431172,362.6136124267533,74427200,0.0013675177357462,0.0129484516685955,377.5315795898438,367.9312298583984,-0.0110483117251636
2022-12-21,369.3069152832031,370.43520527298585,365.9220161334383,366.457476778773,78167400,0.0148417993608923,0.0130419149770945,376.96542205810545,368.50733642578126,0.0021697773107507
2022-12-22,364.0382995605469,369.2877393144812,358.34899424622876,366.2661949877556,100120900,-0.0143689663896134,0.0132089560981803,376.01590118408205,369.0005328369141,-0.0134477672382125
2022-12-23,366.13238525390625,366.2758070046261,361.4662030943732,363.01521636298173,59857300,0.0057358956700937,0.0133306823842981,375.175373840332,369.3564794921875,-0.0087289499908432
2022-12-27,364.68853759765625,366.3618594408892,363.0152157544233,366.01764723973866,51638200,-0.0039513086986145,0.0129379346047877,374.56818237304685,369.8423114013672,-0.0139350573064038
2022-12-28,360.1562194824219,366.5913474236552,359.92674469166934,364.6215818081712,70911500,-0.0125057873152191,0.0131643476653288,373.76673736572263,370.06255310058594,-0.0267693489523957
2022-12-29,366.6391906738281,367.5093216045126,362.4702133125497,362.9961320141737,66970900,0.0178403524538512,0.0116597182651771,372.6969390869141,370.3304083251953,-0.0099673631124718
2022-12-30,365.67340087890625,365.8168226274327,361.8486652893112,363.9618527124626,84022200,-0.0026376450876107,0.0116494414314479,371.5931243896485,370.62901428222654,-0.0133708188305697
2023-01-03,364.1339721679687,369.49815002254616,361.274962367188,367.5284134560836,74850700,-0.0042187323696145,0.01164499625009,370.43470611572263,370.9556518554688,-0.0183894750043003
2023-01-04,366.9451293945313,368.9722345195995,363.34986872415914,366.3905264117615,85934100,0.0076904703626236,0.0113140252097713,369.7652130126953,371.1694696044922,-0.011381162934716
2023-01-05,362.7570190429687,365.1092230485303,362.1641897487586,364.99448566002695,76970500,-0.0114790845803483,0.0111532939285155,369.1604339599609,371.2123406982422,-0.0227775877261225
2023-01-06,371.0758361816406,372.1945841873677,362.7857380848977,365.8455090657922,104189600,0.0226732108018724,0.0124074282636826,369.003483581543,371.3064190673828,-0.0006210043077664
2023-01-09,370.8654479980469,376.4495872696216,370.68379991549534,373.2654787600865,73978100,-0.0005671289459661,0.0122556404684206,368.6894332885742,371.4514953613281,-0.001577722449902
2023-01-10,373.46624755859375,373.5331874264222,369.3450978055792,370.28216841393834,65358100,0.0069883095414403,0.0122694806434016,368.6462905883789,371.6874206542969,0.0047858141154347
2023-01-11,378.18988037109375,378.26639143115705,374.231293835196,375.04405606095594,68881100,0.0125687660115628,0.0121672231010547,368.5694915771484,371.8457312011719,0.0170612397496897
2023-01-12,379.5667419433594,381.0297021014003,375.2256881711222,379.2894696301709,90157700,0.0036340509524904,0.0120672936101239,368.41781158447264,372.0850714111328,0.0201074192626227
2023-01-13,381.0392761230469,381.61299228704434,376.1053638013344,376.3730941204777,63903900,0.0038720072795914,0.0120164872652714,368.4620651245117,372.3860333251953,0.0232372914756846
2023-01-17,380.3412780761719,382.6935115955875,379.6623956443495,381.0201896884126,62677300,-0.001833506880538,0.0105179268885533,368.9363800048829,372.85673461914064,0.0200735101772438
2023-01-18,374.3363952636719,382.58826631918953,374.1356048315,381.5269162830095,99632300,-0.0159141041440814,0.0108178826988465,369.32936706542966,373.28081787109375,0.0028278372261353
2023-01-19,371.6113586425781,373.94442072442195,370.2918200719056,372.2997830998825,86958900,-0.0073062724005835,0.0107647635503494,369.74148712158205,373.54874816894534,-0.0051864436324947
2023-01-20,378.53411865234375,378.6871115907864,371.36273880270227,373.0073764154368,91806400,0.0184576372393618,0.0114423045611452,370.4748825073242,373.8866027832031,0.0124302818944157
2023-01-23,383.0759887695313,385.0074698849866,378.3811219727352,379.3373059432333,84178800,0.0119271630342513,0.011287329706588,371.1633361816406,374.2762689208984,0.0235112952098298
2023-01-24,382.664794921875,383.5731520865071,380.21696655885887,381.4026252152029,59524900,-0.0010739767188513,0.010656982084286,372.094660949707,374.8075280761719,0.0209634712675949
2023-01-25,382.8082275390625,383.1428977378186,376.31573073269413,378.6010242444025,84800300,0.0003747555162821,0.0106385821819804,372.92845306396487,374.95027099609376,0.020957329946964
2023-01-26,387.0154418945313,387.17800600043023,382.5022526217131,385.4664286118992,72287400,0.0109304413734138,0.0107039478238442,374.04479827880857,375.1044396972656,0.031753828898636
2023-01-27,387.9045715332031,390.2759174620572,385.7627295203084,385.9730910880327,68346200,0.0022947659460102,0.0100705083722475,375.4322158813477,375.3409228515625,0.0334726322570726
2023-01-30,383.0377197265625,387.3788029699873,382.7413050405992,385.1508780562935,74202000,-0.0126258904589287,0.0101248468136723,376.2521423339843,375.41591796875,0.0203022871247748
2023-01-31,388.669677734375,388.717475261581,383.2098461559824,383.5540875652921,86811800,0.0145963561277355,0.0104215769537531,377.40195617675784,375.6614208984375,0.0346276090976464
2023-02-01,392.80035400390625,395.5446264450836,384.7206171548962,387.45528923844535,101459200,0.0105716523270351,0.0104034280413636,378.8352752685547,376.0125701904297,0.044646868600628
2023-02-02,398.518310546875,399.9812706947948,394.78919930515946,396.6824246845757,101654500,0.014451968137534,0.0106439673214286,380.4139343261719,376.4440045166016,0.0586390160699183
2023-02-03,394.282470703125,398.7000360298581,393.0776695484089,393.5557615392747,94736800,-0.0106858627049162,0.0105840650909459,381.9902069091797,376.8181359863281,0.0463468528951869
2023-02-06,391.8728942871094,393.268944002585,390.2187145648804,391.8346679352162,60295300,-0.0061300452017389,0.0098688181721355,383.0300598144531,377.0429925537109,0.039332123991897
2023-02-07,396.9979553222656,398.24098259343725,389.7118394155706,390.9548666867422,90990700,0.0129935924094541,0.0100938932402581,384.33668518066406,377.32237731933594,0.0521452720157061
2023-02-08,392.6568908691406,396.36688886374986,391.96843733219856,395.0282373142556,76227500,-0.0109949510376613,0.0105485863376719,385.2962173461914,377.51665649414065,0.040104811574678
2023-02-09,389.2529602050781,396.40522738183785,388.0290457920925,396.2522344326619,78694900,-0.0087067637350987,0.0105531009060812,385.8493713378906,377.765068359375,0.0304101485497184
2023-02-10,390.1613159179687,390.5437836705012,387.2640796514173,388.0768126828916,70769700,0.0023308685816303,0.0105428699071505,386.3791000366211,378.0445922851562,0.0320510433956238
2023-02-13,394.7414245605469,394.8753043260224,390.352543539111,390.8115223602018,64913500,0.0116706450162488,0.0107815414094938,387.06420745849607,378.1787176513672,0.0437959782931211
2023-02-14,394.5597534179687,396.86413102531327,390.61070909281807,393.2210725630297,88389300,-0.0004603341559722,0.0107617640369232,387.77513122558594,378.3149188232422,0.0429399788019369
2023-02-15,395.8410034179687,395.9174852871057,391.5286048874301,392.3700513500147,61555700,0.0032420290875495,0.0099183342934737,388.8503616333008,378.4856921386719,0.0458546033305218
2023-02-16,390.3907165527344,394.8178521686059,390.2568659959704,390.8783796232902,76431500,-0.0138645491745592,0.0103680185965665,389.7893295288086,378.686806640625,0.0309065689822577
2023-02-17,389.41546630859375,389.6545122847336,386.34609496505783,388.26803395095567,89257800,-0.0025012644783577,0.0097044615271899,390.3333969116211,378.9780639648437,0.0275409142010875
2023-02-21,381.60345458984375,386.4513142893378,381.345295424583,385.39950609313314,82655900,-0.020264818014408,0.0105060843311742,390.25977020263673,379.12583618164064,0.0065350819484011
2023-02-22,381.07763671875,383.55415014874944,379.62421814516705,382.0146785039029,83742300,-0.0013788671579674,0.0105076516664101,390.18041229248047,379.2044598388672,0.0049397543496159
2023-02-23,383.1046142578125,384.57714551664407,378.8878400941684,383.96517386295295,96242400,0.0053049708762302,0.0105796233686871,390.1952316284179,379.3799700927734,0.0098177143198368
2023-02-24,379.01220703125,379.8440824170155,376.3922722888768,378.0942785897589,108194400,-0.010739683070344,0.0105149113587667,389.7950698852539,379.3656970214844,-0.0009317921810267
2023-02-27,380.3030700683594,383.7070827492521,379.3659992502005,382.3492886397092,80444700,0.0034000745661955,0.0105362706889523,389.41499481201174,379.3197515869141,0.0025923207988288
2023-02-28,378.8974914550781,381.785156708453,378.7922960384065,379.82499112745273,96438600,-0.0037027902519217,0.0102011945996745,389.2079833984375,379.2946173095703,-0.0010470115745619
2023-03-01,377.4440307617187,379.30860107550785,376.1436346387775,378.0846868266854,99706800,-0.0038434025895551,0.0095749125076427,388.6467010498047,379.4263983154297,-0.0052246432048805
2023-03-02,380.3795471191406,381.2209936912257,375.1396483986959,375.4743186281051,85127800,0.0077472676374848,0.0094073989147049,388.0256607055664,379.7044561767578,0.0017779378972275
2023-03-03,386.4800109863281,386.7286281625777,381.5460980741436,382.1962961869598,90120000,0.0159105862211193,0.0095431202671954,387.4237457275391,380.16667724609374,0.0166067520329972
2023-03-06,386.7476806640625,389.5971190249731,386.3078442662089,387.3022544543635,72795900,0.0006923437722595,0.0093049815580826,387.0470062255859,380.624306640625,0.016087711469302
2023-03-07,380.8193664550781,386.93896700217493,380.20742390861926,386.699921017692,108310600,-0.0154473335335339,0.0097974089695437,386.4943298339843,380.8545556640625,-9.239539992641272e-05
2023-03-08,381.44091796875,382.1962822868647,379.21299300204765,380.93414163742426,74746600,0.0016308121100537,0.0092299685685859,385.7164779663086,381.2026080322266,0.0006251529541038
2023-03-09,374.40338134765625,383.88873887527785,373.418513056316,382.2249589763906,111945300,-0.0186221950816298,0.0097633916263115,384.8038024902344,381.36802795410154,-0.0182622718632394
2023-03-10,369.0009460449219,375.93327957719293,367.4806170891498,373.8583475978051,189253000,-0.0145345680953243,0.0100450525275073,383.79120178222655,381.4542761230469,-0.0326469798810379
2023-03-13,368.4749755859375,373.28460811867615,363.9713580532645,365.0805347641921,157790000,-0.0014264073788367,0.0099815069934675,382.706884765625,381.6206512451172,-0.0344469714002352
2023-03-14,374.56597900390625,376.2106166958166,370.09101558517847,373.3898621469937,149752400,0.0163951658894487,0.0103909853541316,381.69811248779297,381.7791870117187,-0.0188936648544728
2023-03-15,372.22320556640625,372.42399598152093,366.8972551252059,368.98175785790704,172996900,-0.0062742770556301,0.0104086043287575,380.58128509521487,381.9101831054688,-0.025364543726731
2023-03-16,378.7539367675781,379.09817809644744,369.3642343818118,369.8710106095369,143254200,0.0173930615757783,0.0112925334632371,379.7269317626953,382.20258239746096,-0.0090230830159501
2023-03-17,374.3252868652344,378.55815418806935,372.9431249111748,377.425558203759,140553400,-0.011761580498494,0.0111875692045277,378.9236602783203,382.350185546875,-0.0209883478156618
2023-03-20,377.9246826171875,378.3374331198012,374.4021114765073,375.1027709061093,93055800,0.0095697530538375,0.0114864604219836,378.34912109375,382.6535388183594,-0.0123580621148171
2023-03-21,382.8870544433594,383.36697102971766,379.6907935748145,381.28412015653794,91524200,0.0130451252445224,0.0110278143101254,378.4133010864258,382.88976318359374,-7.074465015324401e-06
2023-03-22,376.3601379394531,386.32321007597335,376.3217657060295,382.7142575848104,111746600,-0.0171935500274112,0.0116915701037916,378.17742614746095,382.99965698242187,-0.0173355743847923
2023-03-23,377.3776245117187,383.2517988904117,374.6708879123496,379.22048781510506,119351300,0.0026998440067757,0.0116364341988822,377.8910766601563,383.0778845214843,-0.0148801594664908
2023-03-24,379.8540344238281,379.9404159071664,373.7590870150187,376.1010826470393,107682400,0.0065407163355685,0.0114965951380931,377.9331680297852,383.111167602539,-0.0085017964866272
2023-03-27,380.5642700195313,382.8966870426311,379.6716321408978,382.1288028794633,74010400,0.0018680134291404,0.0114786158442118,377.94622802734375,383.1311181640625,-0.0066996597844397
2023-03-28,379.7100524902344,380.5642888800985,377.8767674052834,379.8732077448907,62871700,-0.0022471307091669,0.0114582695084877,377.9868560791016,383.10453369140623,-0.0088604568796519
2023-03-29,385.2290954589844,385.4690537806492,382.6663276952182,383.86611930354206,77497900,0.0144302687439358,0.0118485991954037,378.3761093139648,383.2022900390625,0.005289126585635
2023-03-30,387.4846496582031,388.1085353397573,385.6225710265115,387.8589693504225,69840000,0.0058380237693868,0.011799140816681,378.7313644409179,383.46525512695314,0.0104817698018541
2023-03-31,392.9461364746094,393.24368242982905,388.30051790737826,388.4061147934353,112062600,0.0139963109360606,0.0116783294274155,379.054670715332,383.89195068359373,0.0235852452099944
2023-04-03,394.4434814453125,394.84659500245755,392.03429064106433,392.4278257842298,67391100,0.0038033185644785,0.0116971078687365,379.4394607543946,384.21013793945315,0.026634756596329
2023-04-04,392.2550659179687,395.37452397054454,390.882482113078,395.08655642138893,66601500,-0.0055635571707659,0.0111629050858767,380.01124572753906,384.3937194824219,0.0204512874095132
2023-04-05,391.2279968261719,392.2838191469049,389.577082640603,391.52554275858984,65200200,-0.0026218044242762,0.0112003075649205,380.50059967041017,384.56498352050784,0.017326105056855
2023-04-06,392.7541809082031,393.0325407601975,389.3851567329968,390.4313714897771,63743300,0.0038934201651312,0.0101811838065887,381.4181396484375,384.76390258789064,0.0207667046377545
2023-04-10,393.1571960449219,393.2339990912432,389.6634190235722,390.2776969352446,63681000,0.001025599536699,0.0093828235688911,382.6259521484375,384.8867376708984,0.0214880315805924
2023-04-11,393.2628479003906,394.6641961280183,392.4949930804865,393.78116601430696,59297900,0.0002686906492727,0.0093467005249029,383.86534576416017,384.9939031982422,0.0214781185713752
2023-04-12,391.659912109375,395.61444936283374,391.0744279375137,395.3264818376402,86420400,-0.0040843203968229,0.0089445593084551,384.7200424194336,385.1663470458984,0.0168591184387736
2023-04-13,396.8622131347656,397.2173467130726,391.6023169352439,392.7445207254535,85814800,0.0131952581716358,0.0090292163950754,385.9519927978516,385.33019775390625,0.0299276190863825
2023-04-14,395.892822265625,398.4171884519207,393.5892282764297,396.2287697684171,78161500,-0.002445626477336,0.0084602756945514,386.8089370727539,385.3920471191406,0.0272469949107127
2023-04-17,397.3133544921875,397.3325406110166,394.577824032139,395.8064093482449,66436400,0.0035817515971176,0.0077959762631211,387.9583404541016,385.3679479980469,0.0309974053529775
2023-04-18,397.572509765625,399.0218673008723,396.1999552913603,398.8874765900454,63560000,0.0006520565889335,0.0076529525617798,388.94073181152345,385.4337487792969,0.0314937677999725
2023-04-19,397.5053405761719,398.4075568472331,395.60486027089866,395.6624479202901,55227300,-0.0001689625477154,0.007257956812753,389.67164611816406,385.5463977050781,0.0310181678321417
2023-04-20,395.3360900878906,397.0829934844094,393.7907434550367,394.6929889766768,75840400,-0.0054721053097671,0.0060018360368885,390.6204437255859,385.51316040039063,0.0254801410081512
2023-04-21,395.6432189941406,396.1039201394263,393.6947589557848,395.63361128968654,73457400,0.0007765789020235,0.0060131791490763,391.53372344970705,385.5728869628906,0.0261178427523075
2023-04-24,396.0559997558594,396.47832873039835,394.1075394245126,395.44169241406223,64332100,0.0010427717732862,0.0059373485089896,392.3438217163086,385.7089477539063,0.0268260616255001
2023-04-25,389.76904296875,394.6450119030647,389.7114553215701,394.088292257947,97766700,-0.0160012485919687,0.0071855568654515,392.8040603637695,385.7011022949219,0.0105468733421394
2023-04-26,388.1181640625,391.4583943618871,387.56147365849546,390.3833857943013,80447000,-0.0042445263782388,0.0072495113618697,393.2244659423829,385.5686370849609,0.0066123816418638
2023-04-27,395.8448486328125,396.1136007809755,390.4025810177756,390.65214704527966,92968400,0.0197124982892178,0.0078335937667228,393.75525360107423,385.59433898925784,0.0265836621731114
2023-04-28,399.2234191894531,399.23302689490464,394.9041697532796,394.9617574024191,89433100,0.0084988699203703,0.007935594760573,394.3421920776367,385.6619873046875,0.0351640356871666
2023-05-01,398.8203125,400.8455465437123,398.58993260769745,398.7819109693187,62122300,-0.0010102371780635,0.007381166141015,394.6359008789062,385.8305792236328,0.033666935634042
2023-05-02,394.3379211425781,398.1580683348258,391.4392350357237,398.1100590933305,103998500,-0.0113027612571755,0.0078117428483924,394.63062286376953,385.9290283203125,0.0217887025986716
2023-05-03,391.631103515625,397.2461331896153,391.3911452329056,394.83694265774216,91531800,-0.0068878753325214,0.0078666843199641,394.5994247436523,386.1295812988281,0.014247865181143
2023-05-04,388.8572387695313,390.91126663739385,387.52305652796423,390.5849268562114,94901900,-0.0071080534449893,0.0080057208722921,394.4808868408203,386.28517333984377,0.0066584627296184
2023-05-05,396.0559997558594,397.102214486308,392.2262744508848,392.48541888407567,87891800,0.0183433339733694,0.0089953260514281,394.64597778320314,386.5442010498047,0.0246072730627489
2023-05-08,396.16156005859375,396.6414766761157,394.76021173712985,396.3823322476967,50046800,0.0002664932178071,0.0089942314180593,394.7961959838867,386.8871881103516,0.0239717732539564
2023-05-09,394.4242858886719,395.5376960174301,394.19393527299343,394.6162642629288,49220100,-0.0043949103696924,0.0090575167023718,394.8542678833008,387.1696124267578,0.0187377139864933
2023-05-10,396.26715087890625,397.8892713646366,392.44700411687967,397.25577792419296,96142900,0.0046614096004246,0.0090535748722248,395.08462982177736,387.5170056152344,0.0225800291003484
2023-05-11,395.57611083984375,395.86404911911495,393.5028673537258,395.40334787228096,70157100,-0.0017453964639292,0.0085612967043325,395.0203247070313,387.87964721679685,0.0198424013177085
2023-05-12,395.0577697753906,397.0254455424627,392.63900049417026,396.8142810526254,70481500,-0.0013112039628587,0.008549122059757,394.9785720825195,388.1732116699219,0.0177357888141001
2023-05-15,396.4206848144531,396.8237983199805,393.7523499222853,395.66240845072787,54289400,0.003443975962411,0.0085460494324036,394.9339385986328,388.3720251464843,0.0207240973778505
2023-05-16,393.7716369628906,396.238415734528,393.762029255893,395.31695461644586,57705500,-0.0067048431186342,0.0086688584202359,394.74389495849607,388.51250427246094,0.0135365853932502
2023-05-17,398.5515747070313,399.1562450551422,394.1459435629326,395.7872502342352,87287000,0.0120657723094511,0.0091123277334656,394.79620666503905,388.8671484375,0.0249042026523559
2023-05-18,402.390869140625,402.8131980774416,398.01403224251106,398.23477512417634,97177200,0.0095870155692546,0.0092461244759083,395.1489456176758,389.2861474609375,0.0336634677734132
2023-05-19,401.8053588867187,403.82101441184767,400.58638129995114,403.29311788250186,103793300,-0.001456138034368,0.0092609613720635,395.45705261230466,389.8341870117188,0.0307083685162791
2023-05-22,401.9685363769531,403.50427528786696,400.586374286309,401.8245672616326,60745400,0.0004060283456275,0.0092610787215797,395.7526794433594,390.49353881835935,0.0293858832935298
2023-05-23,397.4573059082031,401.9013380831868,397.06377080135275,400.3271976557855,86383500,-0.0112862960312717,0.0088639609565201,396.137092590332,391.0731854248047,0.0163246183101601
2023-05-24,394.5777893066406,396.2383111304324,393.41639944632345,395.8543837451471,89213700,-0.0072712164038174,0.0089828341994833,396.46007385253904,391.4734216308594,0.0079299577040213
2023-05-25,397.994873046875,399.444230707108,395.84485582251955,398.0812545290906,90961600,0.0086228180078633,0.0080493915710163,396.5675750732422,391.9888549804688,0.0153219102790702
2023-05-26,403.149169921875,403.86904489294824,398.5707756508926,398.6475494260872,93830000,0.0128675187383776,0.0083385060484096,396.7638626098633,392.4767596435547,0.0271924643079832
2023-05-30,403.3027648925781,405.606359045202,401.92060254264607,405.0784624260676,72216000,0.0003809153798995,0.0083311382560752,396.9879852294922,393.0563092041016,0.0260686712019063
2023-05-31,401.0663146972656,402.3812815149699,399.50178187032054,401.4790359496369,110811800,-0.0055607705841724,0.0079929346338314,397.32440490722655,393.51914184570313,0.0191786676911429
2023-06-01,404.8768615722656,405.9326839874396,400.0489015795839,401.2966730663804,88865000,0.0094561884309559,0.0079961224105005,397.98669281005857,393.95893798828126,0.0277133541879664
2023-06-02,410.7318420410156,411.5188830151562,406.921303007744,407.44919955900986,91426200,0.0143575737267985,0.0081949856144937,399.0804229736328,394.6463720703125,0.04075919889069
2023-06-05,409.94476318359375,412.36353228842165,409.2440744066445,411.0773593229492,65460200,-0.001918122421741,0.0073754942706019,399.77486114501954,395.29771484375,0.0370532077212572
2023-06-06,410.8374328613281,411.3653294424387,408.8793647913304,409.5320736758542,64022200,0.0021751690862634,0.0073679961980132,400.50865478515624,395.9173828125,0.037684756205549
2023-06-07,409.4168090820313,412.36350381538136,408.99448016231673,411.2309077542299,85373300,-0.0034638655360341,0.0073295115640348,401.2582809448242,396.49443359375,0.032591568489765
2023-06-08,411.8932495117187,412.34437231335727,408.7162037801872,409.48405866767195,61952800,0.0060304824195723,0.0073633151155745,402.03958587646486,397.1380975341797,0.0371537056483711
2023-06-09,412.63226318359375,414.63831094166113,411.6436362158996,412.689850828952,85742800,0.0017925797525687,0.0073125973234656,402.8923934936523,397.68616088867185,0.037582656287368
2023-06-12,416.3755798339844,416.4523828840486,412.8914103465747,413.61128515907586,76104300,0.0090308966870556,0.0074227236047152,403.95828399658205,398.2639794921875,0.0454763706345985
2023-06-13,419.1207580566406,419.76382988102273,417.1722978814529,417.8345851160925,95899700,0.0065713946954806,0.0074735905075433,405.0932876586914,398.78747192382815,0.0509877756056898
2023-06-14,419.619873046875,421.4243641568749,416.1740753599218,419.45671780561304,100612100,0.0011901535007136,0.0071473946394661,406.3856994628906,399.2909997558594,0.0509124255328705
2023-06-15,424.8221130371094,426.0698842831908,418.7079812061063,418.8039410775125,110303100,0.0123212864595743,0.0071643239530327,407.6992263793946,399.94234069824216,0.0622083980791598
2023-06-16,423.3751220703125,427.37322020593024,422.9030661850773,426.804818584776,114165800,-0.0034119242804241,0.0071432039188094,408.7484390258789,400.585283203125,0.0568913532842678
2023-06-20,421.1785583496094,422.3250049416328,419.107257409602,421.4386947666536,76160400,-0.0052017266030654,0.0073008961558463,409.71709899902345,401.1537707519531,0.0499179842186707
2023-06-21,419.0205993652344,420.9955547817965,418.4329109170005,420.1959468611093,76982300,-0.0051367909849994,0.0074817140498358,410.5697021484375,401.67103881835936,0.0431934565108656
2023-06-22,420.53314208984375,420.6391018260277,417.72964857046975,418.0668439684426,70637200,0.0036032103399324,0.006790869635359,411.7234939575195,402.21644470214846,0.0455394045394122
2023-06-23,417.3538818359375,419.13617505158805,416.6409763099136,417.0841314152319,92074500,-0.0075887928106016,0.0068160364705708,412.8622985839844,402.7303240966797,0.0363110420653282
2023-06-26,415.6487121582031,418.7026693868189,415.4078624978759,416.7855154988048,72823600,-0.0040940378139138,0.0068379576919192,413.7449905395508,403.1060540771484,0.0311150327666729
2023-06-27,420.2055358886719,420.82209563920264,416.07254809930254,416.5253465694721,72813700,0.0109035011459651,0.0066887185941699,414.5978088378906,403.59230834960937,0.0411633898747926
2023-06-28,420.4175109863281,421.4290677123489,418.509971256602,419.1265310456325,75636000,0.000504328552345,0.0066871332474356,415.45354614257815,404.0543914794922,0.0404973188063133
2023-06-29,422.0745544433594,422.2383451446893,419.5986423394109,420.00325329466176,67882300,0.0039336764386425,0.0064490801728349,416.5039581298828,404.5444323730469,0.0433329955067759
2023-06-30,427.0552673339844,428.0379231770427,424.9646797436319,425.2826176991366,104964000,0.0117314688196895,0.0065956708180532,417.6128784179688,405.13543090820315,0.0541049603502782
2023-07-03,427.546630859375,427.8259952574617,426.4290850652605,426.7084788639364,32793400,0.0011499239132854,0.0059975955876459,418.45361785888673,405.7796417236328,0.0536423883743461
2023-07-05,426.9108581542969,427.6430505530816,425.725867203726,425.7355105986345,58418400,-0.0014881321319812,0.0059835421692503,419.3019226074219,406.4049945068359,0.0504567215576284
2023-07-06,423.56781005859375,423.9917077726785,421.06296794825374,423.3366038147622,80658300,-0.0078616088532148,0.0063783820546563,419.93844146728514,406.9552307128906,0.0408216385782823
2023-07-07,422.4984130859375,426.43873894163033,422.25756345371417,422.5755014325792,86134200,-0.002527928696109,0.0063431834450794,420.59252166748047,407.6098181152344,0.0365265857420883
2023-07-10,423.56781005859375,423.7412147414674,421.5735680037754,422.1419696202549,62443500,0.002527928696109,0.0062614529902994,421.1762496948242,408.3188110351563,0.0373458156012423
2023-07-11,426.2653503417969,426.7566930521444,423.3558970583311,424.3289390845195,64463800,0.0063484210046972,0.00635869936218,421.8579040527344,408.9272210693359,0.0423990587545678
2023-07-12,429.6950378417969,431.1016209821125,428.6256794960012,430.0515200243212,91924500,0.0080137022733917,0.0063001466340487,422.523876953125,409.5366534423828,0.049222418140041
2023-07-13,433.10552978515625,433.8955237982183,431.0727725814678,431.5062843686877,72425200,0.0079056733020154,0.0063626010408996,423.2231155395508,410.2223577880859,0.0557823618401885
2023-07-14,432.8357543945313,434.8396106970223,432.07466121110787,433.9918445617416,69815800,-0.0006230801193603,0.00638225325833,423.8839096069336,410.992314453125,0.0531480496672343
2023-07-17,434.3385925292969,435.3886934056767,432.6430016974079,432.6911892645716,52680200,0.003466061109015,0.0058833751540205,424.35973358154297,411.8464642333984,0.05461289642917
2023-07-18,437.5660095214844,438.2114701147798,433.5775252322227,434.0110663595222,80668200,0.0074031762764142,0.0059428231630117,425.0692779541015,412.8206396484375,0.0599421818979794
2023-07-19,438.5390625,439.724023983291,437.4889321342747,438.3560144106051,65891700,0.0022213166198832,0.0057201122243839,425.9373031616211,413.6703009033203,0.0601173483868057
2023-07-20,435.6295166015625,438.4426530927784,434.9166111362342,437.54669956463533,70591600,-0.0066567403862758,0.0058292521601554,426.7677490234375,414.4596600341797,0.0510782076249277
2023-07-21,435.6295166015625,437.54669956463533,435.6199026091853,437.3443647158895,71275600,0.0,0.0058309409587099,427.52256774902344,415.2837646484375,0.0489924087698176
2023-07-24,437.57562255859375,438.38487379289774,435.7451418375123,436.77598531715506,54023400,0.00445739286661,0.0054218617009374,428.5336547851563,416.10993408203126,0.0515865801760233
2023-07-25,438.7702331542969,440.02263949533193,437.2576903912355,437.3058779585615,55191200,0.0027263467451206,0.0052043016699928,429.6897308349609,416.9738165283203,0.0522728664534651
2023-07-26,438.8377075195313,440.263518637083,436.7856637889011,437.83576473919794,71052900,0.0001537688123368,0.0048567043598459,430.62133941650393,417.84941528320314,0.0502293205845533
2023-07-27,435.92828369140625,442.6239166522065,435.0226865294984,442.2192762477088,92194400,-0.0066519151072595,0.0052347264761872,431.3968780517578,418.6395672607422,0.0412973779420522
2023-07-28,440.1961059570313,441.0246146496096,435.92822776892785,439.1941631701477,80011800,0.0097425801032653,0.005512456771894,432.3029556274414,419.568056640625,0.0491649661834837
2023-07-31,441.03424072265625,441.3906934903752,439.35790721415856,440.6681445610235,62040400,0.001902192818266,0.005025395070777,433.001904296875,420.4177099609375,0.0490382071764634
2023-08-01,439.7721252441406,440.5139314499051,438.818340807487,439.56979040572475,55291500,-0.0028658202099509,0.0051240195428077,433.6131790161133,421.1653350830078,0.0441793011228372
2023-08-02,433.6545715332031,436.92047716007846,432.90312187918494,436.660370149276,93933400,-0.0140083965216925,0.0061573128753347,433.9503646850586,421.8023193359375,0.028099068340651
2023-08-03,432.4118347167969,434.2904737931767,430.9956375639887,431.6411275781037,64276100,-0.0028698438373084,0.0058835145709434,434.39256591796874,422.4111853027344,0.023675152936339
2023-08-04,430.45611572265625,436.3232095269525,429.9358722590493,434.2230076857938,100128900,-0.0045330744805409,0.005963926830383,434.7904510498047,423.07116149902345,0.0174555840617131
2023-08-07,434.21337890625,434.36752621178806,431.59293351328745,432.28658168791264,58357500,0.0086906889976836,0.0062050030446778,435.3227294921875,423.8638732910157,0.0244170505376583
2023-08-08,432.32513427734375,434.2037733620173,428.9724964679823,431.67964426037906,71361300,-0.004358138937521,0.0062030336488634,435.62571868896487,424.550478515625,0.0183126769492796
2023-08-09,429.4349365234375,432.7586735355105,428.6738433785323,432.5948828332173,78789600,-0.0067076874141662,0.0061635308376963,435.6127136230469,425.0761938476562,0.0102540267812395
2023-08-10,429.5890502929687,435.1671361209915,428.4233462814403,431.7855978075418,93005500,0.000358811333676,0.0058764359601545,435.4368896484375,425.601919555664,0.0093682160584879
2023-08-11,429.3385925292969,430.3501787286785,427.1227874459535,427.72008989099777,68690900,-0.000583187123766,0.0058763657463259,435.2620315551758,426.1673651123047,0.0074412723183448
2023-08-14,431.70849609375,431.70849609375,428.11503843544807,428.4233330175674,47867400,0.0055047153173002,0.0059640862477553,435.1305267333984,426.7039978027344,0.0117282667066297
2023-08-15,426.6796569824219,430.292402044995,426.1112258867205,429.935919835655,75707500,-0.0117170690838691,0.0061917873824819,434.5862091064453,427.0229541015625,-0.0008039313012175
2023-08-16,423.5486145019531,427.9224233894094,423.4426253576642,426.26537646534126,80107200,-0.0073652141182414,0.0062785812977611,433.836686706543,427.2950311279297,-0.00876775144351
2023-08-17,420.32122802734375,425.2730820684876,419.8009844959738,425.0129750031002,95711300,-0.0076490521348195,0.0063232500477857,433.071272277832,427.48470703125,-0.0167572754909864
2023-08-18,420.52349853515625,421.5543421169173,417.1612467523088,417.5080561439708,98852000,0.000481112636672,0.0063313227502523,432.3159713745117,427.7068408203125,-0.0167950137794828
2023-08-21,423.2595520019531,424.00135836533855,419.3867000805202,421.5350602162778,68719000,0.0064852287670478,0.0064513080615776,431.6001678466797,427.9341668701172,-0.0109236775889008
2023-08-22,422.113037109375,425.0321333206804,421.5542789285874,425.0321333206804,64994200,-0.0027124503687289,0.0063706644441236,430.7673080444336,428.1237823486328,-0.0140397368403213
2023-08-23,426.8144836425781,427.43107286328376,423.0283341735705,423.1728380844883,68441000,0.0110763156677116,0.0069965827252676,430.1661468505859,428.3325604248047,-0.0035441545249816
2023-08-24,420.8992004394531,428.9242973068175,420.8702702588112,428.413697258841,88517300,-0.0139560781544738,0.0074609746648428,429.4146926879883,428.3681292724609,-0.0174357715306528
2023-08-25,423.8664855957031,425.1477928046301,419.0783933508206,422.6236931625658,102325100,0.0070251370501509,0.0072626955914911,428.59821166992185,428.4530615234375,-0.0107049671005407
2023-08-28,426.5543518066406,427.1709115909124,423.8664616174519,426.0533657437924,61595400,0.0063212824592241,0.0074489738367653,427.8742172241211,428.4877062988282,-0.0045120419180455
2023-08-29,432.7200317382813,432.99942550829593,426.2652506552923,426.4482987045516,83081900,0.0143511452699935,0.0082546738828052,427.5216125488281,428.6746044921875,0.0094370583274604
2023-08-30,434.5024108886719,435.1382574911251,432.35402143192493,433.0573129923486,69053900,0.0041105524314519,0.0077057411212202,427.5640045166016,428.94108154296873,0.0129652523038785
2023-08-31,433.8665771484375,436.2557869248091,433.6835290574293,435.11898360214246,66084600,-0.0014644324305125,0.0076836318639662,427.6367416381836,429.2380010986328,0.0107832392238288
2023-09-01,434.67578125,437.06502016743536,433.2210400744053,436.5833209067049,58944100,0.0018633618219663,0.0076104329229875,427.8477249145508,429.52085388183593,0.0120015764579901
2023-09-05,432.7972106933594,434.5506033353466,432.7297951306631,434.2326947093396,55166200,-0.0043311400141028,0.0074265180696315,427.77691650390625,429.8297204589843,0.0069038740066793
2023-09-06,429.8877258300781,432.093916863234,427.5659316686507,431.9879277285903,70758500,-0.0067452108443625,0.0075161231093428,427.655046081543,430.1145007324219,-0.0005272430991227
2023-09-07,428.56787109375,429.24223247025344,426.5447281630559,426.8915375451562,70355400,-0.0030749540943777,0.0073956116295999,427.61169281005857,430.28174743652346,-0.0039831490714727
2023-09-08,429.2133483886719,430.74514868706615,428.25959315019446,428.61604594030854,61659700,0.00150499311968,0.0074037991170989,427.59290771484376,430.4576641845703,-0.0028906810110016
2023-09-11,432.0361633300781,432.3444285728758,430.1286232997532,431.8338284325165,60180100,0.0065551852538115,0.0075471001120512,427.7277862548828,430.6568963623047,0.0032027049361659
2023-09-12,429.6661071777344,432.1131477113599,429.08809157187744,430.5909909482861,67565400,-0.0055008840289612,0.0075498715010654,427.625666809082,430.7091131591797,-0.002421601841194
2023-09-13,430.1671142578125,431.3231749266096,428.7894319282898,429.8877204342684,60199300,0.0011653588725997,0.0070520254918432,427.80003967285154,430.7615228271485,-0.001379901727143
2023-09-14,433.876220703125,434.569868937207,431.3328634452209,432.633457559199,83430800,0.0085855166719791,0.0070286980490877,428.31641998291013,430.900830078125,0.0069050473271553
2023-09-15,428.648681640625,432.62223173023705,428.2136407942197,432.29352436707654,111848900,-0.0121216281563193,0.0073872218278023,428.73279266357423,431.0024475097656,-0.0054611426982378
2023-09-18,428.9000549316406,430.1955590603149,427.86557530879384,428.3392962837647,55752200,0.0005862600864416,0.0073868848090176,429.15162048339846,431.1304803466797,-0.0051734347644488
2023-09-19,428.0106201171875,428.57137880593234,425.3326034960519,427.981617392204,66514600,-0.0020759109665981,0.0072989813627636,429.38917388916013,431.2193365478516,-0.0074410309527203
2023-09-20,424.0758361816406,429.68324679400325,423.8727875752747,429.2675311788192,82562600,-0.0092357104742931,0.0075926637072747,429.48731384277346,431.17554626464846,-0.0164659386287416
2023-09-21,417.0664978027344,421.49441429318694,416.91180676973505,421.233389771168,104095800,-0.0166666219194652,0.0080288974164746,428.9999145507812,430.9229754638672,-0.0321553466630945
2023-09-22,416.1286926269531,419.6864977783781,415.71294757869936,418.091288955446,100829700,-0.0022511065416097,0.0074526174581192,428.7613891601562,430.5834387207031,-0.033570139475629
2023-09-25,417.8786010742187,417.9172517040119,414.485134786977,414.920205158679,70874500,0.0041963925937565,0.0073266682022845,428.4619949340821,430.2842956542969,-0.0288313905605453
2023-09-26,411.7394409179687,415.54862280920696,410.9079802974168,414.84285049792544,96168400,-0.0148002379621319,0.0077685364803216,427.7212493896485,429.83231262207033,-0.0420928608036264
2023-09-27,411.90380859375,413.4700443597365,408.2686723025208,412.9092856337623,104705800,0.0003991234750257,0.0068125461038277,426.68043823242186,429.3190686035156,-0.0405648415906933
2023-09-28,414.291748046875,415.964317107926,410.762945679416,411.35270706101295,92258300,0.0057805832611244,0.0069069659340165,425.669905090332,428.8341223144531,-0.0339114205490265
2023-09-29,413.2862854003906,417.5111824781116,411.7684074215334,417.3371661441051,115111300,-0.0024298932561456,0.0069035917827376,424.64089050292966,428.3872576904297,-0.0352507503875188
2023-10-02,413.1219482421875,414.3691244055631,410.36657139466814,412.454856073705,83798600,-0.0003977142377803,0.0068478748264724,423.5631988525391,427.9371063232422,-0.0346199426554612
2023-10-03,407.5918273925781,413.17991127797546,406.2286404710157,410.9466132055397,103760600,-0.0134765729807448,0.0072661443660599,422.3029296875,427.3374304199219,-0.0462061163421626
2023-10-04,410.55999755859375,411.3044205907774,406.5961241508476,408.0559969911016,87453000,0.0072558248911431,0.0075550553314339,421.33654327392577,426.7732257080078,-0.0379902654917413
2023-10-05,410.4052429199219,411.2463514179395,407.1858225474584,410.269877205424,70142700,-0.0003770065597775,0.007564572213367,420.4284118652343,426.2045764160157,-0.0370698354038135
2023-10-06,415.2779235839844,416.81512702154566,406.6347574601129,407.9592644123595,113273300,0.0118029225469407,0.0081549730239113,419.731640625,425.7915692138672,-0.0246920004764162
2023-10-09,417.9366149902344,418.5070215863633,412.8319288458573,413.3829806224,80374400,0.0063817907791831,0.0081458775627377,419.0266632080078,425.34637939453125,-0.0174205418530762
2023-10-10,420.1119384765625,422.70294712015226,418.1686672417201,418.5650575162268,78607300,0.0051914137024206,0.0082308866881562,418.5489547729492,424.92793334960936,-0.0113336744776543
2023-10-11,421.8328247070313,422.0841718346622,418.797068320578,421.17540990507433,62451700,0.0040878896150285,0.008299334458909,418.13224029541016,424.5691473388672,-0.0064449398854974
2023-10-12,419.2610778808594,422.81888280363904,416.91176888328704,422.4418474172078,81154200,-0.0061152621194062,0.0080551329660063,417.4014831542969,424.2812774658203,-0.0118322439654796
2023-10-13,417.1728515625,421.95850789546967,415.60664534568787,420.75965970754623,95143100,-0.0049931753924683,0.007721130741485,416.82769165039065,423.9764978027344,-0.0160472249652856
2023-10-16,421.56207275390625,422.6255551040407,419.1740835467255,419.4157827397426,75433200,0.0104663848666873,0.0081558300508808,416.4607925415039,423.7986169433594,-0.0052773749135477
2023-10-17,421.5427551269531,423.5923892481788,418.09131276942526,418.4393454760135,75324700,-4.582497055573781e-05,0.0081525702762849,416.1373992919922,423.54520446777343,-0.0047278290952121
2023-10-18,415.9256591796875,420.7306406420035,414.8428514424272,419.77352121429993,93559800,-0.013414667551959,0.0084300284038006,415.72989044189455,423.2172149658203,-0.0172288733262461
2023-10-19,412.2711486816406,418.44899434083845,411.5944086302288,416.64108906158174,121323000,-0.0088252796504249,0.0078220129998304,415.49012298583983,422.8739392089844,-0.0250731708536521
2023-10-20,407.2051696777344,412.3775387523352,407.0988066814595,411.8361348739324,123919900,-0.0123640999184534,0.0082509604821218,415.043946838379,422.4262615966797,-0.0360325417776179
2023-10-23,406.4993286132813,410.356867474967,403.92764587358863,405.6775455247154,92035100,-0.0017348834693021,0.0081572449783657,414.474983215332,421.9694763183594,-0.0366617695669685
2023-10-24,409.5641174316406,410.71460793995783,406.7700606245001,408.61664598235126,78564200,0.0075111886025342,0.0077403661835852,414.3662170410156,421.5265887451172,-0.0283789246820438
2023-10-25,403.6860046386719,407.91093157015536,403.17360349885,407.8819288454219,94223200,-0.0144561064300826,0.00836115304994,413.9553268432618,421.0667156982422,-0.0412778080327447
2023-10-26,398.8520202636719,403.47330792914914,397.9335809780985,402.6225515026816,115156800,-0.0120468879651062,0.0085475861965887,413.18334045410154,420.5727838134766,-0.0516456708226698
2023-10-27,397.0440979003906,400.833954292058,395.6229054415524,400.43756406837696,107367700,-0.0045431192127607,0.0085675323693514,412.3712310791016,420.1072412109375,-0.0548982284715411
2023-10-30,401.7911376953125,402.84494282186495,398.5330367205683,399.82854108268697,86562700,0.0118850432769088,0.0091117271603889,411.8046905517578,419.73259399414064,-0.04274496799998
2023-10-31,404.3144836425781,404.63351364420447,400.4569438698378,402.361534981924,79665200,0.0062606043733724,0.0087972398160359,411.6408233642578,419.35369262695315,-0.0358628271284916
2023-11-01,408.6263427734375,409.43844855236455,404.7494781285323,405.28123407598383,98068100,0.0106081511129991,0.0089808788892086,411.544140625,419.0839587402344,-0.0249535105047505
2023-11-02,416.4574279785156,416.61211901779166,412.39686933434086,412.41619465013827,94938900,0.0189830915291378,0.0099553800394378,411.8467498779297,418.87681762695314,-0.0057758977022027
2023-11-03,420.2569274902344,421.8038083599404,418.63271585397734,418.75840416588386,100167800,0.0090820137195381,0.0098137102106531,412.0957000732422,418.8639721679688,0.0033255553468967
2023-11-06,421.22369384765625,421.6684121077968,419.2804228673673,421.0109973746679,67831700,0.0022977755120341,0.0097291078488974,412.26005401611326,418.8111163330078,0.0057605383920376
2023-11-07,422.4225769042969,423.060666420668,420.0829448485705,421.2237581486123,64256100,0.0028421481970178,0.0096821778817391,412.3755859375,418.7284808349609,0.0088221753198392
2023-11-08,422.7319030761719,423.544008852029,420.4309219590949,423.0219303160148,61746000,0.0007319991623168,0.0096416022471625,412.42053985595703,418.5287182617187,0.0100427632108742
2023-11-09,419.4352111816406,423.911486057602,419.00981813699394,423.872805916006,83174400,-0.0078291082088359,0.0097072027489613,412.4292465209961,418.2273742675781,0.0028879910507477
2023-11-10,425.9803161621094,426.2896982135309,419.4254351571336,421.5040718428815,89462200,0.0154840679818689,0.0102170504868218,412.86961975097654,418.0696490478515,0.0189218880927478
2023-11-13,425.5743103027344,426.6764433760795,423.86309048956497,424.64619358239656,52236100,-0.0009535639347649,0.0099791274814512,413.0702316284179,417.88761962890624,0.0183941574547101
2023-11-14,433.8307495117187,435.1165763059157,431.2783917339626,431.5007656250587,97176900,0.019214904880744,0.0108202869815811,413.68463134765625,417.9082904052734,0.0381003666881176
2023-11-15,434.7491760253906,436.3927423798599,433.8983901244557,435.16489156652574,77327600,0.0021147779932694,0.0102400997504889,414.6258071899414,418.00551940917967,0.040056065862185
2023-11-16,435.2809143066406,435.5999442544,433.2409578081634,434.30444014118734,66665800,0.001222344728914,0.0099112390405163,415.7762954711914,418.1397802734375,0.0409937892586873
2023-11-17,435.8223876953125,436.43147446982493,434.372192329064,435.2906316917746,83133200,0.0012431900032194,0.0092677582250632,417.2071563720703,418.2719610595703,0.0419593667987768
2023-11-20,439.1771240234375,440.01823251915994,435.5612839267531,435.5709613361329,69936200,0.0076680106010029,0.0092322122659411,418.84104614257814,418.4147802734375,0.0496214396069652
2023-11-21,438.219970703125,439.05143128536895,436.95346926763995,438.1329625324768,49244600,-0.0021818027567155,0.0092850543378595,420.2738388061523,418.58585754394534,0.046905820646648
2023-11-22,439.9119262695313,441.2267854299995,438.8194705277012,439.8732756356209,59394900,0.0038535387815886,0.0082822493235032,422.0851348876953,418.7807537841797,0.0504587956691095
2023-11-24,440.1825256347656,440.3758967764509,439.63147393912095,439.9601812765508,29737400,0.000614932574966,0.0074046210888917,424.15166015625,418.9068798828125,0.0507884849203357
2023-11-27,439.3898620605469,440.3663068584605,439.0031197003399,439.5542010097652,50506000,-0.0018023844311035,0.0072436889448674,426.2689483642578,419.12170349121095,0.048358647143552
2023-11-28,439.8248901367187,441.1203943936042,438.4423777026132,439.00310690168646,62115000,0.0009895832857346,0.0071124550982263,428.17063598632814,419.3402001953125,0.048849811994808
2023-11-29,439.5155029296875,443.10234049536746,439.1191421839662,441.97117519611106,63146000,-0.0007036802181207,0.0071928920903629,429.9306869506836,419.5702978515625,0.0475372188647665
2023-11-30,441.2460632324219,441.5941254302394,438.287667320312,440.35662667945024,79752700,0.0039296958365037,0.0070316858997018,431.5616729736328,419.9137023925781,0.0508017735984716
2023-12-01,443.8564758300781,444.38820233909854,440.0472935709732,440.6370255353667,89183400,0.0058985711850324,0.0060949236628662,432.93162536621094,420.449501953125,0.055671308369305
2023-12-04,441.5264587402344,443.8757680204174,439.25448022667734,440.4726537072012,72430900,-0.0052633100950847,0.0062075843253524,433.99510192871094,420.95745727539065,0.0488624232908825
2023-12-05,441.4394226074219,442.3965419933345,439.7668535301099,440.143918442316,69793500,-0.0001971449518787,0.0062362002037103,435.0058883666992,421.42867370605467,0.0474831214625055
2023-12-06,439.6605529785156,443.6050712166776,439.225482586349,443.57606849081975,69124700,-0.0040378438204826,0.0063950001408804,435.86778717041017,421.9870959472656,0.0418815105982733
2023-12-07,443.0153503417969,443.6630877368815,441.13976201140014,441.7391713636157,66995400,0.0076014616568002,0.0065068214933711,436.88195953369143,422.60932678222656,0.0482857861063858
2023-12-08,444.919921875,445.451648340426,442.029179232505,442.2708784448438,83194400,0.0042898948012231,0.0060585013417864,438.15619506835935,423.2218902587891,0.0512686893462508
2023-12-11,446.65045166015625,446.8244975103325,444.2141343049595,444.4268307846884,65002200,0.0038819862340751,0.0053035317670087,439.1897018432618,423.8891735839843,0.0536962949153081
2023-12-12,448.69036865234375,448.78705422628,445.30658009464025,446.3023795471641,68327600,0.0045567463822324,0.0052648207819597,440.3455047607422,424.6005419921875,0.0567352706313772
2023-12-13,454.8779296875,455.12930631637573,448.70976090431213,449.06747102737427,93278000,0.0136960488078612,0.0044288875905075,441.3978637695312,425.5462640380859,0.0689270900209075
2023-12-14,456.3377380371094,458.0006296077065,453.6693695971455,456.81145899765846,119026000,0.0032040924014088,0.0044322969399594,442.4772918701172,426.4618188476563,0.0700553200053897
2023-12-15,455.58642578125,456.91633245678577,453.74207009746453,455.7417439978948,141553700,-0.0016477519856548,0.004518841090623,443.4925674438476,427.3654425048828,0.066034780704209
2023-12-18,458.1491394042969,459.12957270241793,456.1300618027728,457.1881393985243,70375300,0.0056093260243692,0.0045712922444248,444.60890502929686,428.2228668212891,0.0698848074255151
2023-12-19,460.93511962890625,461.01279355520546,458.6151220933891,458.6927663957653,55761800,0.0060625317652496,0.0044890834670293,445.6968048095703,429.0828369140625,0.0742334113010051
2023-12-20,454.5478515625,461.9641124009856,454.1207338068676,460.0809194667682,102921000,-0.0139541027185272,0.0057254614248139,446.51319885253906,429.77155517578126,0.0576499214253138
2023-12-21,458.8577575683594,459.1295570366737,455.1107760152546,457.5278509164755,86667500,0.0094370736260513,0.0059606661245826,447.46049041748046,430.5120538330078,0.0658418352819143
2023-12-22,459.7799377441406,461.4592882220052,457.8870580411275,459.98377994700513,67160400,0.0020077131392619,0.0059504280695352,448.4403610229492,431.32243103027344,0.0659773400745527
2023-12-26,461.7213745117187,462.62413389794295,460.109981297383,460.18765521976536,55387000,0.0042136448732996,0.005890384437651,449.5569366455078,432.2134014892578,0.0682717678831489
2023-12-27,462.55615234375,462.7017539013479,460.98359627385656,461.51747852635486,68000300,0.0018063363757224,0.0058823426850392,450.69349975585936,433.03328308105466,0.0681769056009703
2023-12-28,462.73089599609375,463.5656980482324,462.31349497002446,462.9153345190397,77158100,0.0003777069067047,0.005856067170602,451.85426940917966,433.8570458984375,0.0665515297506898
2023-12-29,461.3912963867187,463.060930093317,459.44014657654174,462.5367348441508,122283100,-0.0028991848885896,0.0059707977571643,452.86153106689454,434.7663586425781,0.0612396456507551
2024-01-02,458.8092651367187,459.7994151792477,456.71251340562264,458.3336234097308,123623700,-0.0056119027403002,0.0061508278252428,453.6091705322266,435.6971209716797,0.0530463550309787
2024-01-03,455.062255859375,457.3919698393569,454.4604162904711,456.6542157231931,103585900,-0.008200343677934,0.0063563653907248,454.2859603881836,436.6542626953125,0.0421569070468622
2024-01-04,453.596435546875,457.1686653982138,453.3731600721968,454.5865557790852,84232200,-0.0032263414148216,0.006434785805147,454.89381103515626,437.5962048339843,0.0365639156284749
2024-01-05,454.21771240234375,456.6639075045455,452.77132456262234,453.80028176128866,86118900,0.0013687315930584,0.0063084842467744,455.6216690063477,438.4892767333984,0.035869601615157
2024-01-08,460.7021179199219,460.8477194894472,454.5865853845721,454.71278328613425,74879100,0.0141750432754264,0.0067889963762942,456.5060073852539,439.6295989990234,0.0479324389642501
2024-01-09,460.0032348632813,461.0224755494378,457.54732279548995,458.05208481523704,65931400,-0.0015181473394465,0.0068081636656735,457.260173034668,440.8526232910156,0.0434399401534784
2024-01-10,462.6046752929687,463.4686272393253,459.9934454114867,460.2749615048287,67310600,0.0056393345327252,0.0068494708242201,458.0578842163086,442.1638348388672,0.0462291097632409
2024-01-11,462.40087890625,464.119036700077,458.4306513904914,463.60455806414546,77940700,-0.0004406381974485,0.0068330096278325,458.74340972900393,443.37602966308594,0.0429090613166903
2024-01-12,462.7211608886719,464.5849497110556,461.3136396565663,463.84719564870727,58026400,0.0006924102581946,0.0062014141525918,459.1355712890625,444.54416320800783,0.040889070614473
2024-01-16,461.0224304199219,462.6532272077025,459.2071951071508,461.3427834891872,85014900,-0.0036779305418758,0.0062548980787077,459.36980590820315,445.5920849609375,0.0346288589491823
2024-01-17,458.4597473144531,458.9451056102245,456.11060012839494,458.0035093314712,68843900,-0.0055742020957115,0.0063864466881067,459.51347198486326,446.43213134765625,0.0269416449270548
2024-01-18,462.5367431640625,463.09005873569527,458.58594911701266,460.12938495584103,91856200,0.0088535027501936,0.0065666679450097,459.7328521728515,447.2777276611328,0.0341153036676358
2024-01-19,468.30279541015625,468.5843115147551,462.5852901238366,463.662771314668,110834500,0.0123890869678753,0.0069887328902521,460.1012359619141,448.2193096923828,0.0448072746610513
2024-01-22,469.2929992675781,471.0111571575836,468.64260604571103,469.83659824827777,75844900,0.0021122198524993,0.006067019890808,460.838493347168,449.1567181396484,0.0448313034509016
2024-01-23,470.6615905761719,470.90426970251536,468.7493074995451,469.8365052457373,49945300,0.0029120391357539,0.0057924146419872,461.4286849975586,450.1153118896484,0.0456467001761554
2024-01-24,471.1761779785156,474.45717543420074,470.6811029978881,473.525295727068,81765000,0.0010927305545144,0.0057898938275055,461.99849700927734,451.15013122558594,0.0443888749373236
2024-01-25,473.73883056640625,474.0106300348732,471.1761540957068,473.30199623812143,72525000,0.0054241044912557,0.0058289824198189,462.5993698120118,452.10530151367186,0.0478506422736124
2024-01-26,473.1370239257813,474.7969411657135,472.2925051479898,473.3117458196852,76641600,-0.0012711417633117,0.005855049710032,463.12841339111327,453.0565557861328,0.0443222107332832
2024-01-29,476.8838806152344,477.0295117882454,472.9039666950393,473.44756556093665,61322800,0.0078879866728813,0.0060420540821321,463.8360626220703,453.9176184082031,0.0505956615818731
2024-01-30,476.5151062011719,477.2237103899132,475.7579187820987,476.19475312019154,58618400,-0.0007735993798046,0.0059788459674843,464.59225311279295,454.7529370117187,0.0478549282879998
2024-01-31,468.7396545410156,474.75807991768903,468.7202212489611,474.31155855924624,126011100,-0.0164519182790688,0.0070615507804141,465.0887725830078,455.42211181640624,0.0292421961496196
2024-02-01,474.8745422363281,474.90366254751126,469.6326492320253,470.43836054795435,91891600,0.0130031408120885,0.007186970185468,466.07938690185546,456.2031549072266,0.040927790893727
2024-02-02,479.873779296875,481.5239798187347,474.971642466127,475.3113992166019,99228200,0.0104724619831134,0.0073014029078467,467.3932540893555,457.0170880126953,0.0500127716965033
2024-02-05,478.1264953613281,479.9029234991888,475.8744551474019,479.24284325758833,75757100,-0.0036477773947554,0.0074386061513385,468.5886932373047,457.8152185058594,0.0443656655227785
2024-02-06,479.51458740234375,479.84462748505155,477.64108188661896,479.0680364458104,55918600,0.0028989838429845,0.0069216817007538,469.5293167114258,458.6072717285156,0.045588713835756
2024-02-07,483.5139770507813,483.93137810723994,480.854193242822,481.756982255993,70556500,0.0083059065713202,0.0070068504847101,470.7048538208008,459.4739007568359,0.0523208744922117
2024-02-08,483.7275390625,484.10610316011065,482.6985817601752,483.51398020972,52343600,0.0004415898441729,0.006980326651727,471.76099700927733,460.360654296875,0.0507577799004436
2024-02-09,486.5231628417969,486.95996752942966,483.89249957484776,484.2322563033971,63979400,0.0057626992907962,0.0069931073588574,472.9671112060547,461.29461975097655,0.0546907377858419
2024-02-12,486.30963134765625,488.75582660767503,485.5912808921891,486.49406987855394,56502300,-0.0004389891024339,0.0070134088175582,474.1465347290039,462.2305023193359,0.0520933363495017
2024-02-13,479.6116333007813,482.5334996770295,476.35003982173856,480.04846760997253,113099200,-0.0138688434598316,0.0078097954769752,475.07599487304685,462.9978137207031,0.035883149094307
2024-02-14,483.9701843261719,484.4555426281319,479.9222830533005,482.2423099561509,68387800,0.0090466230712126,0.0077498738240195,476.3515167236328,463.800087890625,0.0434887723443111
2024-02-15,487.30950927734375,487.4939478237512,484.1934872820953,484.66915861837293,61683000,0.0068761616875932,0.0076796360848453,477.59015502929685,464.7157489013672,0.0486184520954807
2024-02-16,484.8826599121094,488.1442534791648,484.1449058140717,487.0085316428908,75532900,-0.0049925405346912,0.0074958771404393,478.41914825439454,465.5846136474609,0.0414490636051406
2024-02-20,482.2131958007813,483.8148722929186,479.970842787005,483.14507545774694,71736700,-0.005520592142574,0.0076682315867787,479.0651580810547,466.43566650390625,0.033825735101119
2024-02-21,482.6500244140625,482.8053426352379,479.1069145137689,480.9124629140013,59293400,0.0009054726804272,0.0076599504262999,479.6645797729492,467.2283599853516,0.0330066959745218
2024-02-22,492.6387023925781,493.59970240133447,488.2898811137423,489.25091074641995,76402500,0.0204842463075962,0.0087829268630203,480.7377059936523,468.1827355957031,0.0522359432279318
2024-02-23,492.97845458984375,495.1916873577398,492.25041710535265,494.35685563775104,61321800,0.0006894202445964,0.0087559903587975,481.6996871948242,469.1092956542969,0.0508818715737768
2024-02-26,491.1728820800781,493.8520693709636,491.0466841824756,493.4152350521733,50386700,-0.0036693026129379,0.0088191994681308,482.6014801025391,469.9589459228516,0.0451399773134843
2024-02-27,492.0854187011719,492.3086942109039,489.96926336586625,491.8621728153631,48854500,0.0018561488519643,0.0087049861522208,483.36155700683594,470.703095703125,0.045426348781723
2024-02-28,491.43499755859375,492.0174038220213,490.17304819868775,490.53220860244136,56506600,-0.0013226390152037,0.0087136238988275,484.10755157470703,471.4050408935547,0.0424899076748776
2024-02-29,493.20172119140625,494.8131144463538,490.5516835957709,493.1920341688055,83924800,0.003588583474794,0.0076191014979944,485.3306549072266,472.1573468017578,0.0445706807957056
2024-03-01,497.8320007324219,498.25911842016706,493.6676477127876,494.0753617325155,76844800,0.0093444110543769,0.007395385158442,486.47852783203126,472.9510040283203,0.0526079794570257
2024-03-04,497.2981262207031,499.1425115484434,497.0069230762816,497.0360730146448,49799300,-0.0010729743748649,0.0071762217473039,487.34974517822263,473.67826416015623,0.0498647792134298
2024-03-05,492.3280944824219,495.7450362651965,490.1245782125844,495.2984852488147,72855600,-0.0100443448633586,0.0075631244122913,488.05982513427733,474.4338690185547,0.0377170067998821
2024-03-06,494.82275390625,497.074823378055,493.53171394872805,495.5993152849811,68382400,0.0050542725836556,0.007599920126173,488.82523345947266,475.1531689453125,0.0413963038583909
2024-03-07,499.734619140625,500.7830096761973,494.8810360564722,498.1135389799133,58652100,0.0098775702709717,0.007680915292495,489.63626556396486,475.9522625732422,0.0499679451859377
2024-03-08,496.735107421875,503.04473579557066,496.1623881738849,500.36560770630734,86532500,-0.0060202948434864,0.0078680437922809,490.2866439819336,476.6525372314453,0.0421325150330172
2024-03-11,496.3079833984375,496.89041928478855,493.6093924281333,495.5314219659159,62557200,-0.0008602326600429,0.0078106819351506,490.7758850097656,477.32757385253905,0.0397639076089957
2024-03-12,501.6470031738281,502.2294094929587,495.9003176684613,498.41449998303995,73114400,0.010700023119379,0.0080949692682236,491.5427536010742,478.10589599609375,0.0492382699625329
2024-03-13,500.8606262207031,502.14197926945354,499.4239845817287,501.9672573875113,55104100,-0.0015688202091501,0.007288783239314,492.60520324707034,478.8952825927734,0.0458666945078426
2024-03-14,499.87060546875,501.9867608875834,496.83225728193105,501.83141302779165,110171800,-0.0019785953382563,0.0071568597041254,493.4002243041992,479.71650939941406,0.0420125129622244
2024-03-15,496.4381713867187,498.2590766512578,494.7730966492492,496.80819459859333,107646300,-0.0068903290662336,0.0072852154508759,493.85665740966795,480.5440277099609,0.0330753120634992
2024-03-18,499.3885498046875,501.93972478311895,498.9795987021718,500.498619372016,88893300,0.0059255028769241,0.0072270527401729,494.5819519042969,481.4598699951172,0.0372381602847858
2024-03-19,502.1636657714844,502.44602683293346,497.6942069408899,498.6971800566581,60755300,0.0055416443108556,0.0070854967828264,495.579475402832,482.4187890625,0.0409289131282701
2024-03-20,506.808349609375,506.9446864437559,501.5502289693654,502.22210687375775,69594600,0.0092068294783199,0.0072574017643664,496.78739166259766,483.3409136962891,0.0485525542077984
2024-03-21,508.4831848144531,510.34298796408666,508.2007643189091,509.6419290067135,60256100,0.0032992232624608,0.0058990435446043,497.5796157836914,484.3105126953125,0.0499115164455412
2024-03-22,507.5192260742187,508.88241615238655,507.2854803107173,508.3955498176283,79070800,-0.0018975526418989,0.0059478245060753,498.30665435791013,485.2088037109375,0.045981074936498
2024-03-25,506.1170959472656,507.2660934728328,505.9612654237029,506.1462770254766,48512100,-0.002766536657743,0.005910208132957,499.0538650512695,486.0831280517578,0.0412151065102893
2024-03-26,505.1822204589844,507.87947884663447,504.7830162330491,507.5386367689601,65463700,-0.0018488606477246,0.0059562965324238,499.70870513916014,486.9323492431641,0.0374792745731228
2024-03-27,509.427734375,509.46672172053235,505.8444050698442,508.00612262936903,82999800,0.0083688094608919,0.006122464574637,500.6083419799805,487.9004553222656,0.0441222770298816
2024-03-28,509.330322265625,510.8298490860622,509.0479612048705,509.4666590943707,96294900,-0.0001912369851446,0.0061226188393632,501.4147720336914,488.91786682128907,0.0417502751066308
2024-04-01,508.44427490234375,510.6059925472889,507.2855305336226,510.0704514124196,62477500,-0.0017411469879309,0.0058825501745875,501.9453857421875,489.83601745605466,0.0379887488529945
2024-04-02,505.2115173339844,505.3477947483364,502.9134629158643,504.62724203503336,74230300,-0.0063784344811179,0.006099180584176,502.34105529785154,490.5741918945312,0.0298371289833364
2024-04-03,505.7664794921875,507.266065898289,504.0721940901131,504.1208688391064,59155800,0.0010978719926403,0.0055408450705732,503.01297454833986,491.30366149902346,0.02943763526825
2024-04-04,499.5930480957031,510.1093494656174,499.2911933332161,509.7685667902678,96858100,-0.0122811965682602,0.0062418722785937,503.2514892578125,491.8822906494141,0.0156760216679255
2024-04-05,504.8121948242187,506.7694068986325,500.5083132867227,500.9465048519071,74546500,0.0103926054553364,0.0062836080606439,503.5053680419922,492.5550109863281,0.0248849033397221
2024-04-08,505.0945129394531,506.5161838386091,504.2863577249251,505.5132702303462,48401800,0.0005590974303234,0.0060933259760343,503.923338317871,493.18212463378904,0.0241541363943585
2024-04-09,505.6788635253906,507.071294128757,500.839381191466,506.82786095826793,68049200,0.0011562446432509,0.0060804785498804,504.3918823242187,493.83296142578126,0.0239876699712554
2024-04-10,500.615478515625,502.60187193743167,498.638831930463,499.9922752896709,82652800,-0.0100635122959738,0.0060980506898727,504.3403060913086,494.3075933837891,0.0127610524626077
2024-04-11,504.3934631347656,505.8345682969367,498.62898305416263,502.1343964769264,70099000,0.0075183458745484,0.0063176620278095,504.5169479370117,494.86516052246094,0.0192543411264697
2024-04-12,497.4313659667969,502.2708187739483,495.70784003413945,500.85889444352966,92561100,-0.0138990550956459,0.0070669239275552,504.3949859619141,495.4389947509766,0.00402142592111
2024-04-15,491.199462890625,501.7644387082916,490.3522904966187,501.5989207934361,92101400,-0.0126073058572789,0.0074548593527469,504.1330505371094,495.7654931640625,-0.0092100606766644
2024-04-16,490.3035888671875,493.19557596027215,489.018254666714,491.676555438244,73484000,-0.0018255150009468,0.0073014700905817,503.6788024902344,495.9740893554688,-0.0114330579156871
2024-04-17,487.4018859863281,492.9229634124424,486.0094553717644,492.7574157801548,75910300,-0.005935757700413,0.00721760479235,502.9407135009766,496.15959716796874,-0.0176509962351404
2024-04-18,486.39892578125,490.88784877913054,485.46415075166374,488.7943295112607,74548100,-0.0020598885266882,0.0067640553252328,501.9202423095703,496.2972839355469,-0.0199444133076947
2024-04-19,482.1535339355469,487.3143058583513,480.88766347352384,486.3211091060286,102212600,-0.0087665236755312,0.0067993404814554,500.603759765625,496.2700750732422,-0.0284452797916778
2024-04-22,486.5936584472656,489.18379074188493,482.4163372523078,484.7532895605779,67961000,0.0091667994263891,0.007296454655172,499.55748138427737,496.3273974609375,-0.0196115287277445
2024-04-23,492.3678894042969,492.79633413093177,486.4086505723251,488.5995489497242,64633600,0.0117967818722497,0.0079264770288726,498.8700210571289,496.4442919921875,-0.0082111984237594
2024-04-24,492.13421630859375,494.042723959268,489.9141070818203,493.25400289949073,55928100,-0.0004747030986225,0.0079281279847056,498.2176208496094,496.56078369140624,-0.0089144522245708
2024-04-25,490.2646484375,491.02415872515365,484.4222524660216,486.0678630419317,69122400,-0.0038061325092366,0.0076068812974254,497.2594665527343,496.77384399414063,-0.0131029353403666
2024-04-26,494.9093933105469,496.48683553540934,492.41663996726425,493.0495602812449,64306100,0.0094293578412255,0.0080150009538476,496.5384201049805,496.9926281738281,-0.0041916816169607
2024-04-29,496.662109375,497.3339873298741,493.9259228058318,496.6913201679961,46415400,0.0035352324772147,0.0080909100552617,495.9493118286133,497.1796801757813,-0.0010410135840592
2024-04-30,488.79437255859375,496.1752536684076,488.79437255859375,495.2015209263445,77483600,-0.0159680394519853,0.0086784852784459,495.1284545898437,497.25791442871093,-0.0170204266730289
2024-05-01,487.2071533203125,494.841213980312,486.7397509352648,488.2100967940072,80242800,-0.0032524962214218,0.0086604411661492,494.20048828125,497.3577935791015,-0.0204091307904169
2024-05-02,491.76416015625,492.6015856213337,486.4280949584352,490.9072707374517,62550200,0.0093098534909449,0.0086399258682575,493.80904388427734,497.54007629394533,-0.0116089465208887
2024-05-03,497.85980224609375,499.0866852455327,495.20150126804214,497.73321224009646,72756700,0.0123192635040188,0.008780761108259,493.461424255371,497.6444982910156,0.0004326461074472
2024-05-06,503.0010986328125,503.0400265445959,499.8169737447077,500.2551653379584,47264700,0.010273838462194,0.0091159959509925,493.35675354003905,497.844951171875,0.0103569343202145
2024-05-07,503.5561828613281,504.9486136014355,502.8843048675207,503.9651339869706,52561300,0.0011029363057447,0.0091155839551962,493.250619506836,498.0926171875,0.0109689754180223
2024-05-08,503.6047668457031,504.14030789046143,501.60862689782874,501.7254700555243,42047200,9.647710115617424e-05,0.0088157488410908,493.4000839233398,498.3230041503906,0.0105990745988489
2024-05-09,506.5065002441406,506.5454875869059,503.1374232827404,503.7898075228846,43643700,0.0057453895922922,0.0087479725687208,493.50573577880857,498.6244342041016,0.015807620925397
2024-05-10,507.1589660644531,508.9116730396104,505.94180018838176,508.1034582569593,52233200,0.0012873397232252,0.008093554767876,493.9921157836914,498.9035791015625,0.0165470590083901
2024-05-13,507.2270202636719,508.9407991411694,506.08776976766853,508.8337028193061,36716400,0.0001341781141264,0.0074441329934393,494.7934936523437,499.0914794921875,0.0163007005845142
2024-05-14,509.5543518066406,510.07045870728615,506.8863334989738,507.4218746415022,57535900,0.0045778486335966,0.0074264855804773,495.7560317993164,499.33660400390625,0.0204626452793643
2024-05-15,515.8641357421875,516.1562436643347,511.3849296855296,512.0178797101214,59504900,0.0123069042579132,0.0075297036958077,497.17914428710935,499.8073248291016,0.0321260015918658
2024-05-16,514.8026733398438,517.5583531460086,514.6565896819933,515.9614174721102,50244800,-0.0020597593097421,0.0075296992722997,498.5993316650391,500.20692321777346,0.0291794244433433
2024-05-17,515.542724609375,515.6108930215729,513.4686694664939,514.9195214966393,59187600,0.001436511286926,0.0070312487490055,500.26879119873047,500.52308532714846,0.0300078851955639
2024-05-20,516.1366577148438,517.5972564963745,515.2700215074756,515.6595382886503,37764200,0.0011513909868888,0.0069095018773875,501.7459411621094,500.91111633300784,0.0303956947358179
2024-05-21,517.402587890625,517.5584184029028,515.1727614260365,515.3772666864285,33437000,0.0024497005106247,0.0065880490281592,502.99767608642577,501.3330084228515,0.0320537032227877
2024-05-22,515.9127807617188,517.4220544657823,513.741316563043,516.7112486575287,48390000,-0.0028835497978586,0.0066664576584582,504.1866043090821,501.6183239746094,0.0284966798538103
2024-05-23,512.1444702148438,519.0676954201629,510.93699174891134,518.9605990872589,57211200,-0.0073309680370467,0.0068811684144596,505.2805953979493,501.8440008544922,0.0205252415946247
2024-05-24,515.5330200195312,516.3412347653415,513.0402667962413,513.9847589456947,41291100,0.0065946021338459,0.0067520376464151,506.31177673339846,502.1572491455078,0.0266366181047554
2024-05-28,515.8932495117188,516.5748741957514,513.2641596915468,516.3411878885217,36269600,0.0006985075278292,0.0067487984412156,507.2733337402344,502.5463507080078,0.0265585428784972
2024-05-29,512.2807006835938,513.458938533357,511.5698948988185,511.8717496296608,45190300,-0.0070271449559593,0.0057207767030281,508.4476501464843,502.80419372558595,0.0188473108941087
2024-05-30,508.8824768066406,511.40447087133504,507.6361297457073,510.7423397089747,46377600,-0.0066556188005725,0.0059423946876934,509.5314163208008,502.9385699462891,0.011818355591591
2024-05-31,513.5174560546875,513.6440460717812,504.7441141188356,509.8367770177735,90785800,0.0090669235240561,0.0059272752041625,510.6190811157227,503.0727520751953,0.0207618161317769
2024-06-03,513.9360961914062,515.4064420460951,508.87267437322015,515.1240809646227,46835700,0.0008149081950632,0.0054270176278923,511.42289581298826,503.1818103027344,0.0213725648830621
2024-06-04,514.5106811523438,515.2507275789484,511.17078482758455,512.6313840068518,34632700,0.0011173840657161,0.0050273056316365,511.9983749389648,503.3216394042969,0.0222304007459118
2024-06-05,520.6256103515625,520.645104022442,514.8416361330836,516.8280887412405,47610400,0.0118148699485164,0.0055658971315099,512.8518463134766,503.6118096923828,0.0337835617269819
2024-06-06,520.6158447265625,521.3558910101924,518.6878732006264,520.927446289771,30808500,-1.875765693473604e-05,0.0055676676215392,513.7024002075195,503.9204821777344,0.0331309465268761
2024-06-07,519.9830322265625,522.7873872843439,518.55161418802,519.6421901069427,43224500,-0.0012162468978642,0.0055162586663205,514.3762268066406,504.1315881347657,0.0314430685655813
2024-06-10,521.5896606445312,521.9110090941606,518.5808597177815,519.1748224338155,35686100,0.0030850073224678,0.005530446971626,515.0977615356445,504.37677490234375,0.0341270387509817
2024-06-11,522.8458251953125,522.9042467845098,518.0745108271142,520.0414700499772,36383400,0.0024054432724837,0.0055263428148079,515.8787017822266,504.6648059082031,0.036025930626152
2024-06-12,527.1399536132812,529.8274655446977,526.1077992631506,527.4028804771598,63251300,0.0081794486088941,0.0056876783808207,516.7579818725586,505.1033746337891,0.0436278593376438
2024-06-13,528.2012939453125,529.0581834417079,525.4164327979901,528.8829186945259,44760900,0.0020113696727014,0.0051137694808033,517.3748397827148,505.5520709228515,0.0448009697223004
2024-06-14,528.5226440429688,528.5518251182958,525.6695550365463,526.6725282080745,40089900,0.0006082006776034,0.0050592700975624,518.0608383178711,506.1306628417969,0.0442415029262335
2024-06-17,532.729248046875,534.1217383998099,527.3834639126114,527.8411492821357,55839500,0.0079276674399242,0.0052712358905889,518.9201644897461,506.68900390625,0.0513929529551091
2024-06-18,534.0826416015625,534.2092316077063,532.3688625324717,532.7875604635906,41376400,0.002537268836025,0.0052735881084871,519.817463684082,507.2687664794922,0.0528593063360906
2024-06-20,532.6317138671875,535.6697547200665,530.8595134643548,535.0076237066871,70328200,-0.0027203695567135,0.0053613509023914,520.5789199829102,507.8078234863281,0.0488844189331945
2024-06-21,531.917724609375,533.0313753907063,530.4621917432297,531.8102827682807,64338600,-0.0013413925912036,0.0053065476597459,521.379167175293,508.4338684082031,0.0461886150005993
2024-06-24,530.1885375976562,534.3011982327657,530.0713174980777,531.7417933525489,45528700,-0.0032561497866243,0.0050189624951408,522.2813705444336,508.94976989746095,0.041730577271848
2024-06-25,532.2302856445312,532.5917242597523,529.8955424418219,531.4096852385123,37936200,0.0038435888291875,0.0049152894492539,523.1162338256836,509.6457482910157,0.0443141877063584
2024-06-26,532.8945922851562,533.6076912884868,530.4719636310322,531.1166742934914,38550600,0.0012473781065973,0.0049115588347414,523.9663009643555,510.4796508789062,0.0439095689077079
2024-06-27,533.7346801757812,534.3110621107577,532.0153722749866,532.7578061070262,35041500,0.0015752203432355,0.004471272005078,525.0389999389648,511.3482727050781,0.0437791788212699
2024-06-28,531.6344604492188,537.554375472948,530.3938707314409,534.5064730466929,76144500,-0.0039427131256815,0.004227746196081,526.1765991210938,512.232924194336,0.0378763943871792
2024-07-01,532.728515625,533.2560061424955,529.9737236752046,533.0117876323043,40297800,0.0020557940959815,0.0039056526105502,527.1371520996094,513.1595159912109,0.0381343403444246
2024-07-02,536.3136596679688,536.3136596679688,531.0776287968915,531.1264605772033,40434800,0.0067072330095393,0.004044320028345,528.2560302734375,514.2427185058593,0.0429193071050901
2024-07-03,538.70703125,539.068469909586,535.9620173191718,536.0010708200014,32789900,0.0044527059927613,0.0040690136305855,529.4658477783203,515.2849859619141,0.0454545463698355
2024-07-05,541.8134155273438,542.2139076372644,538.3747999305978,539.0097918869257,41488400,0.005749808520088,0.003510006729695,530.5252380371094,516.273896484375,0.0494689334806253
2024-07-08,542.4385986328125,543.3861377502993,541.3737797869028,542.5948722312855,36110500,0.0011532063885315,0.0034843154728426,531.6163757324218,517.2799841308594,0.0486363580145575
2024-07-09,542.9661254882812,544.2946598471173,542.6730752067231,543.3959524424528,27289700,0.0009720372231332,0.0034098091282101,532.7655303955078,518.334013671875,0.0475216967567157
2024-07-10,548.3389282226562,548.6808102777995,543.894163387503,544.1872136667199,38701200,0.0098466439363906,0.0038169822743825,534.102993774414,519.4026043701172,0.0557107792858111
2024-07-11,543.6109008789062,549.3256503566656,542.9759684638211,548.4562180647349,53054200,-0.0086598427236666,0.0045609472162576,535.1412475585937,520.3415802001953,0.044719318163577
2024-07-12,547.0396118164062,550.6345006536228,544.2653232987394,544.7342036963953,53084400,0.0062874810821945,0.0044429795480341,536.13623046875,521.5064849853516,0.0489603246866084
2024-07-15,548.544189453125,551.777640618941,546.6881046530688,549.0326265453853,40584300,0.0027466243674763,0.0044474007145808,537.1533752441406,522.7332257080078,0.0493769335403502
2024-07-16,551.7969970703125,552.090047326324,549.1008154677004,549.8530274778409,36475300,0.0059123790557167,0.0045244539903628,538.3170928955078,523.9338824462891,0.053180593119743
2024-07-17,544.0602416992188,547.5476892504238,543.7378565645935,545.8772131422685,57119000,-0.0141202405640243,0.0056016222966975,538.883642578125,524.8578912353515,0.0365858088151649
2024-07-18,539.879150390625,546.580551242634,537.7007404833427,545.593898977862,56270400,-0.0077146602031409,0.0059186827710987,539.1734680175781,525.5954522705078,0.0271762209098524
2024-07-19,536.2940673828125,541.2663824595259,535.2390267295067,539.644738170822,65509100,-0.0066626751359045,0.0060959635623099,539.3565856933594,526.2502099609375,0.019085707201182
2024-07-22,541.8231201171875,542.4287771514711,538.2770631712352,540.2112543695183,43346700,0.0102569577262022,0.0064676797264606,539.85185546875,527.0145770263672,0.0280989250323514
2024-07-23,540.9733276367188,543.8648365993427,540.484890622907,541.7157018138391,34439600,-0.0015696258640352,0.0064211573309482,540.3910949707031,527.7039135742187,0.0251455669006209
2024-07-24,528.7134399414062,536.4698210648305,527.7951760937185,536.1669925418511,74515300,-0.0229233920146443,0.0083103632394962,540.2152526855468,528.1350030517578,0.0010952443718102
2024-07-25,525.958740234375,534.7994982405838,525.0209792890996,528.8307523766035,61158300,-0.005223814609031,0.0083714077382907,539.8684600830078,528.5096374511719,-0.0048265859996404
2024-07-26,531.849365234375,534.535769150024,528.9675745637637,529.7393433023149,53763800,0.0111375321499544,0.0087691077340558,539.7741943359375,528.9555377197265,0.0054708331954014
2024-07-29,532.1619262695312,534.3989464184045,530.1690650137424,533.3927971337158,39515800,0.000587514524785,0.0087251145235261,539.8005676269531,529.2814935302735,0.005442156535732
2024-07-30,529.4657592773438,534.6822931769603,526.0662565076813,533.6272524601584,46853600,-0.0050793189091304,0.0087844363280843,539.6374298095703,529.5747552490234,-0.0002058179144668
2024-07-31,538.0719604492188,540.6997538692295,534.9166765387299,536.2842643515584,65663400,0.0161238098915032,0.0094102458394184,539.7253448486329,530.0253399658203,0.0151815769485989
2024-08-01,530.452392578125,542.0381046138815,526.9551667505608,539.7913062018092,76428700,-0.0142620933353225,0.0098800594954419,539.312612915039,530.311654663086,0.000265387180918
2024-08-02,520.5762329101562,524.5716145988897,516.3756265717791,523.3603002519518,82789100,-0.018793875110654,0.0105302227141008,538.2507537841797,530.3751275634766,-0.0184754038115174
2024-08-05,505.41510009765625,511.4717311244644,498.4695101090915,499.80785259777787,146267400,-0.0295562662272736,0.0121592994800408,536.3995788574218,530.1651739501954,-0.0466837036241542
2024-08-06,510.0747985839844,517.4990173620844,505.89374911647377,507.2125052074326,84826300,0.0091773068285535,0.0124542140501413,534.755012512207,530.1237805175781,-0.0378194351402595
2024-08-07,506.6654052734375,519.2964376315753,506.0695264870208,516.2485361223863,70698300,-0.0067065432772263,0.01209158537252,532.6713363647461,529.9464282226562,-0.0439308988783998
2024-08-08,518.3782348632812,519.0033889369354,509.77197692780607,511.79405372836936,63276600,0.0228543233620114,0.0134256020109106,531.4097030639648,529.9961279296875,-0.0219207131036768
2024-08-09,520.6640625,522.1489300560904,516.3365178449808,517.5576103421191,45619600,0.0043998811792762,0.013368001638873,530.0909255981445,530.1637951660156,-0.0179184862350716
2024-08-12,520.937744140625,523.340816607706,518.6713887529162,521.8560083095788,42542100,0.0005255014827705,0.0133315523745555,528.7106033325196,530.4049005126953,-0.0178489232714842
2024-08-13,529.5047607421875,529.739260585726,523.8780165940644,524.122235093717,52333100,0.0163116144142885,0.013872122104772,527.5959915161133,530.7246466064453,-0.0022985287607386
2024-08-14,531.17529296875,532.3573320967027,527.6292352085552,530.2960824274743,42446900,0.0031499293344436,0.0136171842315764,526.9517440795898,531.0694305419922,0.0001993382045163
2024-08-15,540.27978515625,540.5630571909627,536.1866801444643,536.7923373384469,60846800,0.0169950406898741,0.0141069921638202,526.971775817871,531.5848126220703,0.0163566985506814
2024-08-16,541.4910278320312,542.1846298407453,538.5115740387317,538.6678476452682,44430700,0.0022393711633094,0.0140246741063574,527.2316238403321,532.0021209716797,0.017836219981643
2024-08-19,546.6685180664062,546.6685180664062,541.0514918139045,541.901367537868,39121800,0.0095161216480526,0.0139984521531054,527.473893737793,532.5231744384765,0.026562869574353
2024-08-20,545.7794799804688,547.8700045132335,544.4411674580102,546.2190851764095,33732300,-0.0016276075086228,0.0139988973717801,527.7142013549804,533.0391033935547,0.0239013920476066
2024-08-21,547.6550903320312,549.1106230342316,541.9012882335657,546.8247712917706,41514600,0.0034306802475058,0.0128793264845389,528.6612838745117,533.5604119873046,0.0264162745737252
2024-08-22,543.3567504882812,550.1558140271343,542.145436440108,549.5501570030477,56121500,-0.0078795883279763,0.012968502462419,529.5311843872071,533.9706304931641,0.0175779705083186
2024-08-23,549.1301879882812,550.0680084955276,544.4020915801096,546.5903394303513,50639400,0.0105694467256228,0.0129471806548205,530.3952255249023,534.4104351806641,0.027543909771599
2024-08-26,547.8211669921875,550.8690092024209,546.1214157161334,550.1559102385648,35788600,-0.0023866539049553,0.0129764541593926,531.1781875610352,534.8028326416015,0.0243423062781535
2024-08-27,548.5734252929688,549.0618623501647,545.4083627021253,546.5512887213379,32693900,0.0013722402939948,0.0128854693801894,532.1335708618165,535.2038482666015,0.0249803454696151
2024-08-28,545.3887329101562,548.661296528156,542.2041141850556,548.2314695905903,41066000,-0.0058223245759286,0.0125285285364332,532.4994094848632,535.4570379638672,0.0185480706053569
2024-08-29,545.4375610351562,550.6443160255352,544.294635177053,547.3522554939839,38715200,8.952502392658487e-05,0.0120289885797108,533.2486679077149,535.6841363525391,0.018207417432646
2024-08-30,550.6443481445312,551.1523417216108,544.2556134288437,547.8016709409602,62700100,0.0095007977627657,0.0111625244752469,534.7520736694336,536.0443890380859,0.0272364740775376
2024-09-03,539.3126220703125,547.8407131286382,536.8020487007664,547.508549729637,60600100,-0.0207937279747682,0.0099292235980001,536.4469497680664,536.1922869873047,0.0058194329883781
2024-09-04,538.208740234375,541.608242662233,536.7532075195429,537.4760847370844,47224900,-0.0020489287001439,0.0098935102531588,537.853646850586,536.3526910400391,0.0034605013181473
2024-09-05,536.8997802734375,540.9928852935313,534.4478166491117,538.1502077884983,44264300,-0.002435029734663,0.0097247793690802,539.365365600586,536.4460809326172,0.0008457501265207
2024-09-06,527.8635864257812,538.8436399407501,526.964879098129,537.2220554393132,68493800,-0.016973556894264,0.00949838964361,539.839633178711,536.3454608154296,-0.0158142000060055
2024-09-09,533.7737426757812,535.0437266855093,530.1300214174476,532.054494369654,40445800,0.0111341550347015,0.0097449057239545,540.4951171875,536.3462420654297,-0.0047963408482959
2024-09-10,536.0987548828125,536.450474898389,530.8138918516801,535.678706144088,36394600,0.0043463419658432,0.0097675183320833,541.2531677246094,536.4355279541015,-0.0006277978503277
2024-09-11,541.5985107421875,542.5167747623394,527.4729497044474,536.0108196239122,75248600,0.0102065835725385,0.0093652209494442,541.8578552246094,536.6129278564454,0.009290836330868
2024-09-12,546.1605834960938,546.4634120914028,539.9573969973035,542.1749203516514,51819600,0.0083880696137285,0.0094970257417007,542.6071197509766,536.8098663330078,0.0174190486232331
2024-09-13,549.0130004882812,550.0094311099382,546.5122052774053,546.7662020730168,39310500,0.005209080065134,0.0088193083445598,543.0437805175782,537.0159857177734,0.0223401445945275
2024-09-16,549.8238525390625,550.0875680057417,546.9518402590558,548.7492552395013,36656100,0.0014758372832571,0.0088144089074444,543.4604217529297,537.1761944580078,0.0235447106769423
2024-09-17,550.0484619140625,553.477299266029,547.8211605278194,552.0314851715059,49321000,0.0004084280969178,0.0085703092151157,543.6294189453125,537.3283917236328,0.0236728049110275
2024-09-18,548.4171142578125,555.5385046014119,547.8602888957543,550.702966140304,59044900,-0.0029702320964583,0.0085915025459139,543.7613006591797,537.4374114990235,0.0204297328839917
2024-09-19,557.7754516601562,559.6315359572782,554.9425530668651,557.804786497104,75315500,0.016920310191066,0.0093510193195923,544.2673187255859,537.6261419677735,0.0374782922918033
2024-09-20,556.8114013671875,557.8500616857909,553.793383536953,556.4096807844697,77503100,-0.0017298796065268,0.0091454409610218,544.9400512695313,537.8901519775391,0.0351767908746515
2024-09-23,558.2027587890625,558.8495067502496,556.6643550711399,557.8794446150124,44116900,0.0024956779810614,0.0088856699006732,545.3936798095704,538.1134149169922,0.0373329177737917
2024-09-24,559.7999267578125,559.8587165873663,556.1743944512203,558.9964258828836,46805700,0.0028571828599997,0.0088634287737115,545.9926177978516,538.338529663086,0.0398659875007607
2024-09-25,558.5653076171875,560.378103761662,557.4580492681129,559.6432009533316,38428600,-0.0022079006110396,0.0088933504901982,546.4922119140625,538.4738958740235,0.0373117655231042
2024-09-26,560.77978515625,563.1413061737785,558.4281322177342,562.817932214862,48336000,0.0039567429963814,0.0087721605159915,547.2617645263672,538.8082867431641,0.0407779519240377
2024-09-27,559.9664916992188,562.6611352170194,558.9376397719122,561.8478858705382,42100900,-0.0014513429427987,0.0087909433811735,547.9882110595703,539.2100335693359,0.0384941986195696
2024-09-30,562.21044921875,562.8179640810873,556.6447925339722,558.9376557740085,63557400,0.0039992989137513,0.0086054193739279,548.5665161132813,539.7283612060547,0.0416544499578597
2024-10-01,557.1739501953125,562.5044480240527,554.6066943100618,561.857759819067,72668800,-0.0089987550532092,0.0073417897916737,549.4595825195313,540.0353778076172,0.0317360178462247
2024-10-02,557.4091186523438,558.4282222492225,553.8914170466389,556.2823034605133,38097800,0.0004219846274251,0.007297294418715,550.4196014404297,540.3640936279297,0.0315435929689111
2024-10-03,556.3900146484375,558.3301388916863,554.106899883147,555.9392527365582,40846500,-0.0018299606416109,0.0072802535492277,551.3941131591797,540.9176251220703,0.0286039663116459
2024-10-04,561.4461669921875,561.8185225581165,556.6643942780399,560.828843806913,42939100,0.0090463824815407,0.0059566027641221,553.0732421875,541.6273736572266,0.0365911959012311
2024-10-07,556.370361328125,560.446655391967,555.2239297880301,559.7999074826037,49964700,-0.0090817060260141,0.006227707759437,554.2030731201172,542.1177935791015,0.0262905367022302
2024-10-08,561.63232421875,562.2300906410503,558.0656412646009,558.9376805045769,37398700,0.0094132184353859,0.0064249862164837,555.4797515869141,542.7072015380859,0.0348716999277482
2024-10-09,565.5223388671875,566.0808720947961,561.0247080377793,561.6224145456196,37912200,0.006902389210897,0.006251843290013,556.6759429931641,543.4283331298828,0.0406567055678785
2024-10-10,564.5326538085938,565.9534776371613,562.9256522396411,564.1799148709799,44138100,-0.0017515701767391,0.0061302590044036,557.5945465087891,543.9575469970703,0.0378248393190035
2024-10-11,567.913330078125,568.6482329129351,564.3171624790748,564.4543586951436,42268000,0.0059705917288433,0.006155812032135,558.5395629882812,544.7067657470703,0.0426037747102822
2024-10-14,572.5579223632812,573.4888112745962,569.0401610478535,569.520288010914,36217200,0.0081450855564761,0.0063218651068157,559.6762664794921,545.7463995361328,0.0491281717111416
2024-10-15,568.1093139648438,573.1262458468478,566.8942243784207,572.8224884018784,54203600,-0.007800050376604,0.0066882301709309,560.5793090820313,547.0002838134766,0.0385905286999178
2024-10-16,570.5784912109375,571.0978512020905,567.305757742965,568.1092586044506,30725400,0.0043368886625765,0.0066238214476402,561.6873779296875,548.2103576660156,0.0408020994717307
2024-10-17,570.6275634765625,574.3216944108202,570.441385688738,574.1159000748407,34393700,8.600071030762595e-05,0.0056188331107333,562.3299835205078,549.4896008300781,0.0384683579353507
2024-10-18,572.8224487304688,573.6063330690159,570.8528997080355,572.3128969974695,37416800,0.0038390623573078,0.0056071546428262,563.1305358886718,550.5784851074219,0.0404010767306079
2024-10-21,571.8818359375,573.0772492638474,568.9127995570122,572.0973787445921,36439000,-0.0016434165876186,0.005641543720359,563.8144897460937,551.6028405761718,0.0367637616589245
2024-10-22,571.5780639648438,572.7343039714391,568.6972423190728,569.3537388044809,34183800,-0.0005313207395003,0.0056403696005168,564.4033966064453,552.6156469726562,0.0343139342797613
2024-10-23,566.355224609375,570.0003732214365,562.8570804647936,569.5594196255329,49314600,-0.0091795821125085,0.0060521308685095,564.7928924560547,553.35265625,0.0234977969519325
2024-10-24,567.5801391601562,568.3836400907534,564.9639018539431,568.3052337104026,34979900,0.0021604671066293,0.0060143502824547,565.13291015625,554.0807531738282,0.0243635713909972
2024-10-25,567.3841552734375,572.6950960929863,566.4435179318251,569.8044663478088,47268200,-0.0003453569237867,0.0059995367074775,565.503793334961,554.6228405761718,0.023008995958422
2024-10-28,569.1380615234375,570.9802224021391,568.834304134212,570.8528344834444,30174700,0.0030864467344501,0.0059762061178365,565.8501739501953,555.17578125,0.0251492963940193
2024-10-29,570.0592651367188,571.1762720247682,566.7864714367279,568.1778707648036,42899700,0.0016172857722106,0.0055326186077914,566.4944396972656,555.6435961914062,0.0259440926596167
2024-10-30,568.3346557617188,571.5780244818477,567.6291179550885,569.5888588084969,41435800,-0.0030299014474856,0.0056096061980276,567.0407165527344,556.0946997070313,0.0220105605414615
2024-10-31,557.193603515625,564.0428890862833,556.9976174444517,563.974290971045,60182500,-0.0197976657524926,0.0072736723275283,567.0808959960938,556.2854699707032,0.001632495533219
2024-11-01,559.545166015625,563.9643910438907,559.1336371976272,559.8195584319851,45667500,0.0042114880218927,0.0070361788899041,566.9858459472656,556.60923828125,0.0052746658381755
2024-11-04,558.3399047851562,560.9757583388703,556.4585705161212,559.6823223393656,38217000,-0.0021563248834115,0.0067386224014749,567.0843231201172,556.7934326171875,0.0027774612223776
2024-11-05,565.0912475585938,565.1304208425688,559.0356559214524,559.251198693126,39478300,0.0120192929241558,0.0069485546685516,567.2572692871094,557.1388342285156,0.0142736654519694
2024-11-06,579.1425170898438,580.0146160051545,573.6062858121453,577.3395892403747,68182000,0.0245613725800187,0.008725490814969,567.9382781982422,557.7502160644531,0.0383546261556599
2024-11-07,583.62060546875,584.639708979933,581.063158030651,581.1415644099445,47233200,0.0077025327550408,0.0088133929033648,568.89267578125,558.514853515625,0.0449509118604357
2024-11-08,586.148681640625,587.5695056932594,584.1693242787533,584.1693242787533,46444900,0.0043223567855435,0.0087786278214096,569.804443359375,559.3290759277344,0.0479496004537331
2024-11-11,586.7071533203125,588.0887441353201,584.9825720146739,587.7360051791314,37586800,0.0009523279933443,0.0086417956542699,570.5119049072266,560.05033203125,0.0475971886176384
2024-11-12,584.8846435546875,587.2264882691159,582.4055428293386,586.6287817012992,43006100,-0.0031111710419115,0.0084455683905665,571.3506713867188,560.9617724609375,0.0426461699676975
2024-11-13,585.1688232421875,587.1677373847895,582.9837313260188,585.3451927424278,47388600,0.0004857550550502,0.0084202693320551,572.0801879882813,561.9009741210938,0.0414091631670304
2024-11-14,581.4061279296875,585.7763718199695,580.7202664359244,585.2962448517161,38904100,-0.0064508643135218,0.0085934272798182,572.6191162109375,562.7911010742188,0.0330762636792543
2024-11-15,573.9590454101562,578.3194803370213,572.1070761341368,577.8491019104924,75988800,-0.0128914837095589,0.0090955650259141,572.6759460449218,563.7130102539063,0.018175977793443
2024-11-18,576.310791015625,577.6237838402152,573.5573576252949,574.4195885423085,37001700,0.004089038602607,0.0091280274487123,572.8973937988281,564.5637512207031,0.0208072866341885
2024-11-19,578.4174194335938,579.142513878155,572.2736733921519,572.9399780116551,49412000,0.0036487040604726,0.0091537428790928,573.2393615722656,565.4101245117188,0.0230050619152034
2024-11-20,578.6134033203125,578.8975441726233,572.8615695316089,578.4958236706298,50032600,0.0003387703849179,0.0088615890194987,573.8522705078125,566.1504223632812,0.0220135505772601
2024-11-21,581.7196655273438,583.1404896221547,575.6249001169805,581.455141177832,46750300,0.0053540999750276,0.0089108972148445,574.5592468261718,566.8616040039062,0.026211091770003
2024-11-22,583.5225830078125,584.1497143652956,581.2101034094488,581.7097870344509,38226400,0.0030944963100148,0.0089120803759061,575.3661682128907,567.5517956542968,0.0281397882551034
2024-11-25,585.501953125,588.7648782973704,583.2188384863542,587.4518855330788,42441400,0.0033863652088356,0.0089153150494296,576.1843627929687,568.2653576660156,0.0303319483168545
2024-11-26,588.5592041015625,589.2255088244219,586.0311216188419,586.746407902425,45621300,0.0052080044859196,0.0089556175215913,577.1093597412109,569.0355725097656,0.0343100370785023
2024-11-27,586.7757568359375,588.7550542016285,585.256969810655,588.3729502321648,34000200,-0.0030347921123566,0.008955750570287,578.0314147949218,569.8027453613281,0.029787521405932
2024-11-29,590.4208984375,591.2047827973582,587.3147260107087,587.5890586237147,30177400,0.0061929385124338,0.0074464377001589,579.6927795410156,570.455654296875,0.0349987663199404
2024-12-02,591.4791870117188,592.1552999944694,590.3425038316959,590.8324390421951,31746000,0.0017908262637095,0.0074436050898499,581.2894805908203,571.1490100097657,0.0355952240932807
2024-12-03,591.7535400390625,591.9985076527607,590.2151960547985,591.2440480710218,26906600,0.0004637346922345,0.007374986301949,582.9601623535157,571.8200256347657,0.0348597697014354
2024-12-04,595.4279174804688,595.6728850379003,592.772507434092,593.4388120135218,42787600,0.0061901053976926,0.0071061635551319,584.4769958496094,572.5325854492188,0.0399895702238255
2024-12-05,594.4481811523438,596.2315525489399,594.0954421437544,595.4280516027892,28762200,-0.0016467875111765,0.0049290321075009,585.2422790527344,573.2502429199219,0.0369785071951256
2024-12-06,595.5750122070312,596.8096584526629,594.800936138575,595.212464951605,31241500,0.0018937973608482,0.0046978956197979,585.8399993896485,573.9461474609375,0.0376844845840973
2024-12-09,592.5079956054688,595.6239761392873,591.9200973185369,595.4574149257465,34742700,-0.0051629783345878,0.0048234182914096,586.1579650878906,574.5969775390626,0.0311714449719474
2024-12-10,590.6658935546875,593.605504896008,590.0093971009587,593.1841677805376,37234500,-0.0031138339952738,0.0048903342674992,586.3559020996094,575.1660864257813,0.0269484023740442
2024-12-11,595.2320556640625,596.1825011825678,593.3114882757061,593.5858806768452,28677700,0.0077008054153845,0.0050829919473743,586.8732727050781,575.9272485351562,0.0335195238252872
2024-12-12,592.1651000976562,594.9380902901107,592.1651000976562,594.3698085144841,31543800,-0.0051658577282944,0.0052598953968249,587.2230865478516,576.6223681640626,0.026954784954113
2024-12-13,592.0474853515625,594.9086900260288,590.6756429397628,594.1934038090473,35904700,-0.000198637893104,0.0049984416269471,587.7551544189453,577.335517578125,0.0254825267552445
2024-12-16,594.5755615234375,595.5456834945226,593.0274092921627,593.8014854078001,43695200,0.0042609656090441,0.003844676201377,588.7859802246094,577.99810546875,0.0286808138259264
2024-12-17,592.1259155273438,592.9882063411098,590.7541327283874,592.0279524011855,55773500,-0.0041285016036246,0.0040183563231316,589.5767364501953,578.7132165527344,0.0231767628437896
2024-12-18,574.4784545898438,594.2031909866316,574.0962907751041,591.822113059209,108248700,-0.0302567137193214,0.0080891834454478,589.3797882080078,578.9701391601562,-0.0077580591234429
2024-12-19,574.302001953125,581.0631314525076,574.057034359764,579.456129686489,85919500,-0.0003071999303286,0.0080876130953039,589.1642181396485,579.145732421875,-0.0083635779348566
2024-12-20,581.2000122070312,585.722562754752,571.1323175828937,571.9778879961826,125716700,0.0119395589337887,0.0084586420025058,589.1382354736328,579.4790795898438,0.0029697924874277
2024-12-23,584.6802978515625,585.2800160502417,577.7685966184363,580.9442707021165,57635800,0.0059702457483146,0.0085388748895448,589.1961212158203,579.8144189453125,0.0083921315980742
2024-12-24,591.1790771484375,591.2184422848073,585.4471892507113,586.0272849416975,33160100,0.0110537800805022,0.0088603038721466,589.4799774169921,580.1868420410157,0.0189460261952041
2024-12-26,591.2184448242188,592.3392110668057,588.0133066034633,589.4093887705021,41219100,6.658957764061234e-05,0.0087902916336677,589.612939453125,580.6490246582031,0.018202769172371
2024-12-27,584.9949951171875,587.7183905820746,580.8165297326684,587.4823797773107,64969300,-0.0105822762657118,0.0090943711182176,589.5239013671875,580.9373547363281,0.0069846436070565
2024-12-30,578.3192138671875,581.7799853973963,574.5733451400716,577.9948115421023,56578800,-0.0114773024877023,0.009301492483961,588.9188171386719,581.0911877441406,-0.0047702906797024
2024-12-31,576.2152709960938,580.6985158642835,574.583178079053,579.9807622286955,57052700,-0.0036446641095053,0.0092939710205899,588.1556213378906,581.1590441894531,-0.0085067474089721
2025-01-02,574.7994995117188,581.180251846637,570.7291685588775,579.4695486945864,50204000,-0.0024600417555859,0.0092876406782238,587.3079193115234,581.2173974609375,-0.011042164218166
2025-01-03,581.9865112304688,582.6255346471705,576.5594027877501,577.64092396713,37888500,0.0124259873956756,0.0096551475694188,586.6358489990234,581.42556640625,0.0009647749542316
2025-01-06,585.3390502929688,589.6060270134918,583.608664526265,586.2337670283534,47679400,0.0057439816116715,0.0097754828948709,586.1803924560547,581.8052429199219,0.0060738664975098
2025-01-07,578.7223510742188,587.6888410122485,576.903513754268,587.3643786767495,60393100,-0.0113684217571931,0.0100315858044681,585.337759399414,582.0280871582031,-0.0056796848071797
2025-01-08,579.5678100585938,580.6394897953063,575.3500401020275,578.7911287868388,47304700,0.0014598399656557,0.0100113455152478,584.6907501220703,582.2717602539062,-0.004643794152293
2025-01-10,570.7193603515625,576.0874809051687,568.8120114375996,576.0186519228087,73105000,-0.015385069867613,0.0105048660943777,583.6934234619141,582.3033862304687,-0.0198934544308512
2025-01-13,571.6043090820312,571.9582353156698,565.6659333477378,566.0789072948215,47910100,0.0015493838238348,0.0103026983463956,582.5120361328125,582.334287109375,-0.0184258050141713
2025-01-14,572.3907470703125,575.1534475548353,568.6153544470202,574.5242054496483,48420600,0.0013748977461716,0.0103015695342583,581.5233184814454,582.4154089355469,-0.0172122195110806
2025-01-15,582.802490234375,583.9429389739179,579.2827311805529,580.3937160773642,56900200,0.0180264647863344,0.0112074449586856,581.061068725586,582.9275866699219,-0.0002146003009765
2025-01-16,581.6817016601562,584.34604932179,580.9836305712422,584.1690862304802,43319700,-0.0019249534310644,0.011145993519664,580.4163757324219,583.3703173828125,-0.0028945862899433
2025-01-17,587.521728515625,589.2717368825727,585.5848557638515,586.9121689712896,58070600,0.0099898362811393,0.0113882899684923,580.186166381836,583.9539538574219,0.0061096849068928
2025-01-21,592.899658203125,592.9094994878243,588.5933760531964,590.5597127423754,42532900,0.0091119441881365,0.009133413321762,581.1072265625,584.5101220703125,0.0143531066717837
2025-01-22,596.2326049804688,597.5893820777127,595.1707663809229,595.7213382459036,48196000,0.0056056935100507,0.0091648189868305,582.2037567138672,584.851923828125,0.0194590813309665
2025-01-23,599.48681640625,599.48681640625,595.3280340779654,595.6032899728609,41152100,0.0054431155036644,0.008900603805142,583.1180969238281,585.169248046875,0.0244673970943668
2025-01-24,597.7367553710938,600.4995156835615,596.5864653530726,599.5458113037603,34604700,-0.0029235346227722,0.0088902505356149,583.7709197998047,585.4010095214844,0.0210723002676281
2025-01-27,589.2815551757812,589.5961762199101,584.6311885086425,584.798310310645,70361100,-0.0142463568158848,0.0091947877240608,583.6760437011719,585.4524975585938,0.006540338683591
2025-01-28,594.3449096679688,595.1805787054238,587.1972570477369,590.5105293609671,44433300,0.0085557150488187,0.0093994961383953,583.8323669433594,585.6417028808594,0.0148609751394017
2025-01-29,591.6806030273438,593.9615610343399,589.1341703360996,593.5584283650862,37177400,-0.0044928394774395,0.0091242744043119,584.1666473388672,585.7719384765625,0.010086970991045
2025-01-30,594.8561401367188,596.3898803192325,590.6088457833347,593.7943615542468,39281300,0.0053526276525798,0.0087221138225101,584.9934936523438,586.0409387207031,0.0150419549788769
2025-01-31,591.6903076171875,599.6933113603776,590.9332488823969,597.2746959271392,66566900,-0.0053362260497406,0.0087817031888635,585.7672454833985,586.3955639648437,0.0090293037289436
2025-02-03,587.7085571289062,590.1861005375324,580.5510628181718,582.6943625959686,65857200,-0.0067521950975768,0.0089302625492991,586.4126983642578,586.6235192871094,0.0018496323555445
2025-02-04,591.6510620117188,592.1622687341741,587.2268045597665,587.767535135661,33457800,0.0066858649472238,0.0086348105787312,586.8959259033203,586.8881921386719,0.0081154637916474
2025-02-05,594.0498657226562,594.1973649569587,588.5048426365228,590.5301667443101,30653100,0.0040462260382592,0.0085921316104397,587.3314666748047,587.1969213867187,0.0116706067187029
2025-02-06,596.1146240234375,596.242440705887,592.4867305159943,595.7901616750784,35771500,0.0034697058936211,0.008119308468792,588.2010803222656,587.4848205566407,0.0146894067128749
2025-02-07,590.6580810546875,597.8941858585465,589.9501686239648,596.6750666805723,50788500,-0.0091956638299701,0.0084630573007786,588.7555938720703,587.6275305175782,0.0051572643889574
2025-02-10,594.6693115234375,595.3083949100401,592.5948408497425,593.8631663388722,26048700,0.0067681651602388,0.0076206857725046,589.953091430664,587.8108776855469,0.0116677559028766
2025-02-11,595.1216430664062,595.6623736678141,592.2901133629294,592.408088766588,30056700,0.0007603546875463,0.0076254840491928,591.1289581298828,587.9421264648438,0.0122112641336506
2025-02-12,593.2044677734375,594.3744405625547,588.4361250659014,589.1145136580423,45076100,-0.0032266848954484,0.0077147418845854,592.169644165039,588.0707006835937,0.008729846741006
2025-02-13,599.4671630859375,599.6736500230521,593.0471055616473,594.3055297285264,40921300,0.0105020572493099,0.0070345450776751,593.0028778076172,588.2516259765625,0.0190658837376878
2025-02-14,599.437744140625,600.7060096863363,598.8183432907158,599.6736949390985,26910400,-4.9076361504739354e-05,0.0070001655963021,593.8906799316406,588.4107971191406,0.0187402186966525
2025-02-18,601.197509765625,601.197509765625,598.1398710820379,600.5977915687461,26749000,0.0029313929928724,0.0067222061144441,594.5744689941406,588.5996765136719,0.0214030584022254
2025-02-19,602.61328125,602.9082197102092,599.3000091966954,599.8112758662747,31011100,0.0023521505998851,0.0064658937963753,595.0601501464844,588.7433837890625,0.0235584769915765
2025-02-20,600.1062622070312,601.3843689751305,596.8028311734677,601.2467110134413,36554000,-0.0041689231501871,0.0064539301213318,595.2538330078125,588.8565454101563,0.0191043419395791
2025-02-21,589.8419799804688,600.0275889538111,589.3798596850504,599.8899309928074,76519800,-0.0172520727283449,0.007428115564979,594.7715911865234,588.741884765625,0.0018685526600196
2025-02-24,587.157958984375,592.8800056614799,586.4500466079941,591.8869960824046,50737200,-0.0045607914830291,0.0074615693697722,594.2426513671875,588.6348840332031,-0.0025090681658356
2025-02-25,584.2379150390625,587.8265033006376,579.6366946428752,587.098968367302,58266500,-0.0049855903686801,0.0068517044474027,593.9904693603515,588.5063244628906,-0.0072529542103454
2025-02-26,584.5328369140625,589.488043359785,581.8979531727184,585.8994552001853,43321600,0.0005046701943331,0.0065247067649905,593.4998657226563,588.2923400878906,-0.0063905356531863
2025-02-27,575.2025756835938,587.9542991571739,574.809344386224,586.8039490929929,74196700,-0.0160906745387938,0.0073325379424834,592.6759643554688,587.9530895996094,-0.0216862775986067
2025-02-28,584.1788940429688,584.70978328648,572.636508577737,575.7039886670112,88744100,0.0154849770472065,0.0081310817134721,592.1421020507812,587.7957177734374,-0.0061531985026518
2025-03-03,573.944091796875,587.2856908321073,570.1392358459373,586.1451821704109,74249200,-0.0176752708111827,0.0089152551272305,591.2547912597656,587.3830883789062,-0.0228794407736881
2025-03-04,567.1505126953125,575.5369680083471,562.6181207422406,569.9525786591505,109648200,-0.0119072675350052,0.0091459451539903,590.2268890380859,586.8835803222656,-0.033623478810086
2025-03-05,573.2460327148438,575.03540599116,563.4340335479696,566.9832562516485,71230500,0.0106902780347091,0.0093818293704519,589.3066375732421,586.8589318847656,-0.0231962034320624
2025-03-06,563.0703735351562,570.4047711019521,560.523941077153,565.7937090893346,80094900,-0.0179103832984269,0.00995588589366,587.7576629638672,586.6342993164062,-0.0401679987152278
2025-03-07,566.2262573242188,567.6715458955733,556.1094773560538,561.2907933786839,81158800,0.0055891285216041,0.0100357252813201,586.2632446289062,586.33482421875,-0.0342953651462276
2025-03-10,551.14453125,559.9536812738498,546.2385307775894,558.0365509948175,99326600,-0.0269966643227287,0.011356539411707,584.2875671386719,585.6641088867187,-0.0589409135935212
2025-03-11,546.5629272460938,554.5266268117218,542.728606721458,549.9843938775969,88102100,-0.0083476350158884,0.011140814484597,581.8822479248047,584.7717858886718,-0.0653397779520304
2025-03-12,549.4633178710938,553.6319422779778,544.3705127696392,552.7077615834074,69588200,0.0052925692395138,0.0112924643298513,579.599331665039,583.9366833496093,-0.05903613604264
2025-03-13,542.1386108398438,549.6991769603108,540.4279077137791,549.0896174558009,74079400,-0.013420307848046,0.0114845515212375,577.0460388183594,583.0795556640625,-0.0702150237073422
2025-03-14,553.3369140625,554.3397648685512,542.2074423986709,546.7496748611676,62660300,0.0204453555580629,0.0123507648753342,574.7395263671875,582.5799096679688,-0.0501956815196996
2025-03-17,557.6039428710938,560.1208513978755,552.8846868765244,553.3172833424321,49008700,0.0076818667086344,0.0125995230044035,572.647836303711,582.2076831054687,-0.0422593877551388
2025-03-18,551.5770874023438,555.5097605205915,549.6500559715837,555.2934322950165,66041400,-0.0108673239404609,0.0125998595042341,570.1668151855469,581.7432348632813,-0.0518547456216264
2025-03-19,557.5842895507812,561.3399999727566,552.1768634471969,553.3566775077279,66556000,0.0108320772982472,0.0129728994178882,567.9153656005859,581.2551904296874,-0.0407237668904215
2025-03-20,555.9718017578125,560.9663132490421,553.1304311253591,553.8481847501696,62958200,-0.0028961072237088,0.0129745453656058,565.708642578125,580.6678454589844,-0.0425304137198282
2025-03-21,556.1552124023438,557.0526205906217,550.2878120115934,551.5204692681951,83763000,0.0003298375884386,0.0126069385027059,564.0243041992187,580.2165026855469,-0.0414695034902227
2025-03-24,566.1151733398438,567.1703352751009,562.2890000340255,562.880651498493,58766800,0.0177501296787943,0.0134170843565572,562.9721649169921,579.9474499511718,-0.0238509137551905
2025-03-25,567.4760131835938,568.4127846067184,565.73055113845,567.3181993393742,38355700,0.0024009369755894,0.0134271589764209,562.1340698242187,579.8825830078125,-0.0213949688915757
2025-03-26,560.7013549804688,568.3339598573967,559.3207546377017,567.2097618801449,51848300,-0.0120100612304118,0.0136212086497096,560.942495727539,579.6645239257813,-0.0327140409022866
2025-03-27,559.2122802734375,562.9792883535321,557.101956447335,559.3108687859911,42164200,-0.0026592686037237,0.0132193210945054,560.1429809570312,579.4009545898438,-0.0348440473845918
2025-03-28,547.9507446289062,558.413587192946,547.3689639965595,557.6838635858104,71662700,-0.0203437502658878,0.0132369994242636,558.3315734863281,578.7039196777343,-0.0531414666518135
2025-03-31,551.6289672851562,552.93066066187,539.2826520783074,542.201606334121,95328200,0.0066902587161655,0.0129529472090441,557.2158172607421,578.1028649902344,-0.0457944412808355
2025-04-01,553.18701171875,555.1297110203275,545.9981756472096,549.715889513425,54609600,0.0028204614995745,0.0127764780566211,556.5176422119141,577.4161706542968,-0.0419613446365584
2025-04-02,556.6878662109375,559.547595484726,547.1125611273237,547.3492217360947,76014500,0.0063085779711305,0.0125973318399176,555.6897338867187,576.6919348144531,-0.0346876163786681
2025-04-03,529.2537231445312,540.3673198616506,529.2537231445312,537.5470145495102,125986000,-0.0505367542851354,0.0163827435546148,553.9989013671875,575.3523571777343,-0.080122438811809
2025-04-04,498.2696838378906,518.5740121118964,498.0527349403516,516.404523136506,217965100,-0.0603264804869172,0.0206245058683557,550.6010726928711,573.3280145263672,-0.1309169075759939
2025-04-07,497.3821716308594,515.9114550791749,475.115432610906,482.40291724281104,256611400,-0.0017827766547531,0.020061709158781,547.912954711914,571.3209228515625,-0.1294171948957547
2025-04-08,489.5918273925781,517.6963871548359,482.37337814369187,514.6196789750944,165816600,-0.0157866489627293,0.0201929987828825,545.0643997192383,569.3271282958984,-0.1400518207203349
2025-04-09,541.0084838867188,541.0084838867188,486.20945053098467,486.5940541464612,241867300,0.0998629219426939,0.0310227480532845,544.6416580200196,568.2603997802735,-0.0479567393823185
2025-04-10,517.3018798828125,526.098105010763,502.2535908103832,524.7865408671853,162331200,-0.0448083495532564,0.0324568997586692,543.399821472168,566.7728253173829,-0.0872853164879023
2025-04-11,526.5320434570312,528.9874872153164,512.8544826104954,515.7536950429114,97866300,0.0176855799578603,0.0323606330519225,542.0595779418945,565.406343383789,-0.0687546229037803
2025-04-14,531.64013671875,536.7285795544979,526.4531053782949,536.5017296923237,68034000,0.009654634728277,0.0323962334704355,540.7613876342773,564.2053399658203,-0.0577187079601959
2025-04-15,530.151123046875,535.6931457102869,529.3622343758641,532.1825399641931,56892900,-0.0028047219908549,0.0323352215978101,539.690089416504,563.0541912841796,-0.0584367699355213
2025-04-16,518.3668823242188,530.4272422697393,513.0713913810127,524.3033791384568,83484800,-0.0224788451344692,0.0324979934954161,537.7292190551758,561.5885076904297,-0.0769631585659805
2025-04-17,519.1065063476562,523.800475242003,516.6411916080497,520.3194821276195,79868100,0.0014258180630277,0.0325176094774772,535.885954284668,560.0896405029297,-0.0731724552492576
2025-04-21,506.7503662109375,514.4618777265953,501.4055507612705,513.9293312369678,69368100,-0.0240905686572211,0.0328260068154357,533.4157119750977,558.3023553466796,-0.0923370439727605
2025-04-22,519.9348754882812,521.9564215250564,511.9867032226325,512.9235348557764,75948100,0.025685056289012,0.0331572905056455,531.1066970825195,556.8878912353516,-0.0663562924040187
2025-04-23,527.991455078125,537.8625838932508,526.4728430251603,532.9319549297188,90590700,0.0153765357244031,0.033420275864123,529.1324691772461,555.5543341064454,-0.0496132913311756
2025-04-24,539.1051635742188,539.8348871004667,528.0211182344198,529.2734571828396,64150400,0.0208305605386466,0.0337903509620386,528.0526596069336,554.4340045166016,-0.0276477287062284
2025-04-25,543.0003662109375,543.4046513367819,536.1467793425768,539.0657336001437,61119600,0.0071993338055285,0.0338515256760997,527.2420639038086,553.4299224853515,-0.0188453060643646
2025-04-28,543.2074584960938,545.8700106135369,537.4583875113086,543.7400050325934,47613800,0.0003813124578095,0.0335593443112034,527.004899597168,552.3047283935547,-0.016471468429976
2025-04-29,546.6293334960938,547.7436606136026,540.9393676118534,541.2943585019403,47775100,0.0062796306197753,0.0335548811930324,526.7549179077148,551.2485601806641,-0.008379571427917
2025-04-30,546.8462524414062,548.7988227140515,534.0069337400583,539.9729835885655,93101500,0.0003967513329929,0.0335468038754769,526.4378799438476,550.1615350341797,-0.0060260166908387
2025-05-01,550.7217407226562,556.2440822591161,550.1202183270924,552.5954041380958,63186100,0.0070619850647705,0.0335553640006656,526.1395736694336,549.1237042236328,0.0029101575596391
2025-05-02,558.896728515625,560.4942476694231,554.5774922291787,556.8948640346016,60717300,0.0147350389936476,0.0315509234358556,527.6217239379882,548.2995135498047,0.0193274199665283
2025-05-05,555.6917724609375,558.7882219920989,553.9068871278389,554.7648117792631,38659200,-0.0057509383688752,0.0279672742133828,530.4928283691406,547.6165093994141,0.0147462008959148
2025-05-06,551.047119140625,555.533979770925,549.2326812616892,550.1891944565425,48264700,-0.0083934532770726,0.0280960673421178,533.1760757446289,546.894292602539,0.0075934720735951
2025-05-07,553.3645629882812,555.9975022415719,548.3254139860352,552.3784371058738,55588000,0.0041967090469271,0.0276653551183389,536.364712524414,546.2768255615234,0.0129746258583681
2025-05-08,557.2202758789062,562.3974366423718,553.9069074354913,557.3977713110521,65130800,0.0069435998892656,0.0167390601246515,537.1753021240235,545.7305743408203,0.0210537984828212
2025-05-09,556.51025390625,559.6263849147109,554.9521583078488,558.6205173502777,37603400,-0.0012750338611694,0.0127615201967568,539.1357208251953,545.3567279052735,0.0204517986673006
2025-05-12,574.901611328125,574.9114822186775,569.0341493432818,573.4026804847077,78993600,0.0325133191691476,0.0139911338304388,541.55419921875,545.1711822509766,0.0545341170719871
2025-05-13,578.6981811523438,580.907093658496,574.7536773375426,575.3157161654024,67947200,0.0065821501634458,0.0139471341571608,543.9071014404296,545.266264038086,0.0613130122275868
2025-05-14,579.437744140625,580.8084133986617,577.4161378946785,579.6546629482465,66283500,0.0012771611218635,0.0138682520395422,546.3714324951172,545.5120086669922,0.0621906299671264
2025-05-15,582.2678833007812,582.770756919371,576.9822030720642,577.4358426248243,71268100,0.0048723957125051,0.0123376513878977,549.5664825439453,545.6924456787109,0.0670257356716369
2025-05-16,585.9559326171875,586.251758304484,581.104210780506,583.0468496173695,76052100,0.0063139640170032,0.0122945222535475,552.9089538574219,546.1501568603516,0.0728843071027701
2025-05-19,586.596923828125,587.2773530559552,579.9405744991373,579.9405744991373,68168500,0.0010933260215357,0.0101463302035665,556.9012817382812,546.5575701904297,0.0732573397963272
2025-05-20,584.624755859375,585.8081190582527,581.4198464644389,584.8614766498325,60614500,-0.0033677140150286,0.0094326614212758,560.135775756836,547.2271746826171,0.0683401389897127
2025-05-21,574.7733154296875,584.3584902721909,573.7477661832594,580.2759146876367,95197700,-0.0169944694125107,0.010438065083346,562.4748687744141,547.791382446289,0.0492558551448991
2025-05-22,575.0001831054688,578.4811762683786,573.3434386116112,574.5760959985981,70860400,0.0003946302102362,0.0097034044085806,564.2696197509765,548.3021197509765,0.0486922490225237
2025-05-23,571.0753173828125,573.7378691727489,567.6140060747297,567.988738706783,76029000,-0.0068492539360136,0.0099067642756677,565.6733673095703,548.880853881836,0.0404358493177731
2025-05-27,582.9483642578125,583.1061179228353,570.4048112020747,577.938827709351,72588500,0.0205775080963944,0.0106766307722727,567.6604125976562,549.4730828857422,0.0609225136129756
2025-05-28,579.5758056640625,584.5459191469531,578.8460820656009,583.3526850377893,68445500,-0.0058021469874094,0.0108532248598272,569.3077362060546,549.9125201416016,0.0539418260832153
2025-05-29,581.8635864257812,584.9699071457442,577.9388245287198,584.8318350718904,69973300,0.003939566259242,0.0108386685659016,571.0586029052735,550.5182501220703,0.0569378695379499
2025-05-30,581.2128295898438,582.928679235147,575.1481304892388,580.7591899526665,90601200,-0.0011190269098129,0.0108357845662235,572.5831573486328,550.9908209228515,0.0548502942687385
2025-06-02,584.4866333007812,584.5654800276525,576.9427470010985,579.6052986473595,61630500,0.0056169062823296,0.0104887828438975,573.8626525878906,551.5611175537109,0.0596951356779859
2025-06-03,587.8197631835938,588.7960181097066,583.6385391723649,584.121791379625,63606200,0.0056864636658829,0.0103410125763753,575.4690521240234,552.1944085693359,0.0645159640543237
2025-06-04,587.6619262695312,589.6539195966438,587.2280285207049,588.6776647088699,57314200,-0.0002685484877004,0.0100327052265651,577.2997924804688,552.6253436279297,0.0634002458366999
2025-06-05,584.8218994140625,590.6893600195378,582.8496477946317,589.3383724752952,92278700,-0.0048444717916194,0.01018869595407,578.8726593017578,552.972261352539,0.0575971713004573
2025-06-06,590.8274536132812,592.4940086999786,588.5790577947733,590.3540722792903,66588700,0.010216662684454,0.0102851837201582,580.5530181884766,553.5747833251953,0.0672947385072668
2025-06-09,591.3599853515625,592.9082102708385,590.1864930975049,591.3994087206146,53016400,0.0009009261251625,0.0102498296174226,582.2955047607422,554.2177374267578,0.0670174291015238
2025-06-10,594.7127685546875,595.0973118762876,590.7781362147839,591.8924030034493,66247000,0.005653602820836,0.0076020786136005,583.2860626220703,555.1529779052735,0.0712592604630937
2025-06-11,593.0166625976562,596.6653405011278,590.9556931519085,595.8074157747775,73658200,-0.0028560496447685,0.0075755666698016,584.001986694336,555.9807318115235,0.0666136948046032
2025-06-12,595.37353515625,595.37353515625,591.2022416981604,591.6854337777163,64129000,0.0039665013278128,0.0076004232194728,584.7987762451172,556.8244622802735,0.0692302071610014
2025-06-13,588.7171630859375,593.499849631983,587.218232455665,590.1963519379123,89506000,-0.0112431289228789,0.0080490832854525,585.121240234375,557.4650482177734,0.0560611198281895
2025-06-16,594.3182983398438,596.0637602908375,591.892407169678,592.0699627819344,79984100,0.0094691618106771,0.0081975371291417,585.5393585205078,558.7663397216797,0.0636258057990256
2025-06-17,589.2398681640625,593.401290785268,588.480531921813,591.8826784891205,82209400,-0.0085816844264165,0.0084550584661972,585.6715057373046,560.5857434082031,0.0511146155477489
2025-06-18,589.1510009765625,592.8785252065284,588.1944276516227,590.1371267775953,76605000,-0.0001508280316756,0.0084136166677432,585.897817993164,562.4211199951172,0.047526453099196
2025-06-20,587.7673950195312,592.8906208578056,586.3629131433069,591.8224395288368,94051400,-0.0023512362440002,0.0073973385665975,586.5475219726562,564.3846313476563,0.0414305464272491
2025-06-23,593.5730590820312,593.9587392448562,585.4035696790836,588.5190130228361,87426000,0.0098290222476436,0.0076454464990377,587.4761657714844,565.4359228515625,0.0497618476176216
2025-06-24,600.13037109375,601.1885919192599,596.7972471416377,597.7072083922786,67735300,0.0109866115896628,0.0076495322214423,588.9289184570313,567.0924926757813,0.0582583596938166
2025-06-25,600.4666748046875,601.940336500435,598.903972841808,601.247995602986,62114800,0.0005602274649639,0.0063576491002473,589.804833984375,568.5711853027344,0.0560976186033247
2025-06-26,605.1646728515625,605.5998534219981,601.7030284305531,602.3162291844003,78548400,0.0077934632919564,0.0062641455267158,591.08427734375,570.0416760253906,0.0616147876609067
2025-06-27,608.1713256835938,609.6351477759472,604.1360808658505,606.1636033457827,86258400,0.0049560204095329,0.0062834354440029,592.3996643066406,571.602080078125,0.0639767538992694
2025-06-30,611.0791015625,612.4340832221852,608.2998981128763,610.6142811588834,92502500,0.0047697853152889,0.0062570957852917,593.8929779052735,573.4563244628906,0.0656070488626096
2025-07-01,610.8812866210938,612.0483479268365,608.7746241554748,609.6053849111585,70030100,-0.0003237665394838,0.0062426068866612,595.2127105712891,575.2918200683594,0.0618633279863173
2025-07-02,613.6505737304688,613.6901136433279,609.8526292762224,610.4757300098587,66510400,0.0045230212788208,0.0062138454254296,596.5042510986328,577.42982421875,0.0627275350051837
2025-07-03,618.4869995117188,619.4167005776212,615.6088560521965,615.628656191773,51065800,0.0078505042383259,0.0063119425175336,598.0455047607422,579.4008666992188,0.0674595691151952
2025-07-07,613.8781127929688,617.1914371839785,611.0989093087613,616.5287360860043,74814500,-0.0074797771545451,0.0064992934524048,599.4983154296875,581.1185998535157,0.0563731963625168
2025-07-08,613.5418090820312,615.2923708557059,612.7307881009865,614.5406899285775,59024600,-0.0005479847823219,0.0062614040932597,600.634033203125,582.6073327636718,0.0530966134113311
2025-07-09,617.2210083007812,617.8737488887257,614.1055045789822,615.945166968477,66113300,0.0059787476942339,0.0063220050635613,601.9270843505859,584.0917456054688,0.0567192790251996
2025-07-10,618.9617309570312,620.0002120765442,616.1825277796053,617.3594891460615,57529000,0.0028162888082995,0.0062706387015752,603.1395324707031,585.6068310546875,0.0569578395154151
2025-07-11,616.7858276367188,618.0122289852302,614.7187654701638,615.9154666088177,63670200,-0.0035216020520023,0.0062994555811101,604.3279907226563,587.0099609375,0.0507246361742558
2025-07-14,617.9627075195312,618.3088477245484,614.985684437804,616.3307657158283,51898500,0.0019062670749355,0.0062818231975281,605.4574493408203,588.4322900390625,0.0501849031406967
2025-07-15,615.3220825195312,620.9793689858044,615.242942324076,620.6431287961128,74317300,-0.0042822696859719,0.0056816895940366,606.7876953125,589.724296875,0.043406360870963
2025-07-16,617.3792114257812,617.8836320494379,611.276844692317,616.9044910111767,88987500,0.0033375982096878,0.0054291928408344,607.9407409667969,590.8939465332031,0.0448223662604231
2025-07-17,621.1573486328125,621.5134493059918,617.3396644874989,617.557284919235,68885700,0.0061009889381351,0.0049040781937255,609.5366149902344,592.2032580566406,0.0488921500891212
2025-07-18,620.7024536132812,622.5716954836944,619.5947323692288,622.4035753929759,65621600,-0.0007326028897206,0.0049231763163809,611.1141876220703,593.5963647460937,0.0456641759906699
2025-07-21,621.87939453125,624.6189973413707,621.4541141003111,621.87939453125,63375000,0.0018943480812726,0.0047877349329164,612.8197875976563,594.9666613769531,0.0452340188137799
2025-07-22,621.9683837890625,622.8288447335428,619.3276609031153,622.2057439990875,60046300,0.0001430870553701,0.0045241383991296,614.2395538330078,596.2616235351562,0.0431132228525698
2025-07-23,627.2598266601562,627.2598266601562,622.8288811376781,624.6289433239532,70511000,0.0084715898553654,0.0043004718508405,615.5960266113282,597.6766149902344,0.0494970205090009
2025-07-24,627.4674682617188,629.1785504969665,627.0421878119985,627.6454884244192,71307100,0.000330974872864,0.0043054053069531,616.9460662841797,598.7279321289062,0.048000994426004
2025-07-25,630.1180419921875,630.5928227551882,627.8828598800927,628.1301201477661,56865400,0.0042153438215055,0.004131540642313,618.193734741211,599.7563293457031,0.0506234134779488
2025-07-28,629.9598388671875,631.0477599275997,628.5751571845921,630.4938993278172,54917100,-0.0002511005521712,0.0041007594106646,619.2831604003907,600.7667712402343,0.0485930131699635
2025-07-29,628.2982788085938,631.6708825055948,627.3883778702398,631.3543820995848,60556300,-0.0026410495605851,0.0041490158580818,620.1441192626953,601.6873791503906,0.0442271195646133
2025-07-30,627.507080078125,630.6917636576716,624.6190364089183,628.9510415464463,80418900,-0.0012600660278384,0.0041745675718831,620.9754089355469,602.5184020996094,0.0414737174689387
2025-07-31,625.1531372070312,632.8379457731452,623.8574957354674,632.4522656090571,103385200,-0.0037583146800458,0.0042524838132279,621.550537109375,603.2895263671875,0.0362406603865631
2025-08-01,614.9066162109375,619.476041722763,612.5032535330552,619.4364414435403,140103600,-0.0165262265376022,0.0054802670235584,621.3715179443359,603.8951635742187,0.0182340467367652
2025-08-04,624.2530517578125,624.3024917393647,618.7243458354196,618.813325728958,73218000,0.0150854051091815,0.0061980345653494,621.8902648925781,604.8847583007813,0.0320198073951141
2025-08-05,621.088134765625,625.6773001361546,620.1683337507773,624.866279158634,68051400,-0.0050828220254137,0.0063328870003236,622.2675811767579,605.8065173339844,0.0252252443550648
2025-08-06,625.845458984375,626.4981995520814,621.2463937026511,622.1562946160922,64357500,0.0076304741891052,0.0064167824064368,622.6988037109375,606.9019201660157,0.031213509446761
2025-08-07,625.3212280273438,629.9993730574174,622.2156245224251,629.2674923107387,74205800,-0.000837987445079,0.0064051815943827,623.0167785644531,607.7493774414063,0.0289129882122035
2025-08-08,630.197265625,630.6621463802445,626.794961476664,627.1114619051468,64051600,0.007767407867952,0.0065273508139119,623.6873504638672,608.761806640625,0.0352115700271406
2025-08-11,628.9510498046875,631.947873553624,627.70484826023,630.4742118551501,58742300,-0.0019794589913792,0.0065590753832575,624.236767578125,609.7035559082032,0.0315686102040419
2025-08-12,635.6469116210938,635.8051316570012,629.8115442075018,631.2951060550639,64730800,0.0105898073468527,0.006782107531895,625.2530090332032,610.7922375488281,0.0406925179206762
2025-08-13,637.82275390625,639.10849531226,635.6369512596368,637.8424936799373,60092800,0.0034171907841489,0.0067831886930327,626.2751861572266,611.8589599609375,0.0424342792119447
2025-08-14,637.8821411132812,638.5447818220973,635.300758040457,635.7457782923831,59327500,9.31049293703668e-05,0.006707321507545,627.11142578125,612.8602075195313,0.0408281257075293
2025-08-15,636.388671875,639.0096552004113,635.4787708739423,638.9107148606824,68592500,-0.0023440384993252,0.0067429670487343,627.8957366943359,613.8347424316406,0.0367426733684287
2025-08-18,636.2501220703125,636.942462907598,635.1424008771667,635.814941575414,43804900,-0.0002177362593283,0.0067488461684832,628.6142730712891,614.8633068847656,0.0347830403051764
2025-08-19,632.7984008789062,637.0512656505922,631.4829592777961,636.0721245937336,69750700,-0.0054398703295903,0.0069059829325949,629.1557739257812,615.7027258300782,0.0277661188291476
2025-08-20,631.1170043945312,632.6500060324975,626.013578858981,632.3929060531275,88890300,-0.0026606171097006,0.0067062079126674,629.3486328125,616.4978662109374,0.0237132015937777
2025-08-21,628.5850830078125,630.9785456585483,626.864161086776,629.3071240874224,54805800,-0.004019878702387,0.0067755827375512,629.4045135498047,617.1753125,0.0184870818335146
2025-08-22,638.2381591796875,639.4151205943501,630.2664897119097,630.7709103705197,84083200,0.0152401103575388,0.0075348821878826,629.8105194091797,618.0797424316406,0.032614588966692
2025-08-25,635.42919921875,638.2183023325629,635.3105191174199,636.9820009718095,51274300,-0.0044108290858472,0.0076177355112798,630.0839874267579,618.8808557128906,0.026739142684899
2025-08-26,638.0897827148438,638.4359833484747,634.5391586749303,635.1622594491828,51581600,0.0041783238485304,0.0076255490488142,630.5735626220703,619.8683081054687,0.0293957190117787
2025-08-27,639.5436401367188,640.2755208793137,637.3578376120881,637.5062179210042,48341100,0.0022758610152143,0.0076169121230782,631.175390625,620.7728149414063,0.0302378337831758
2025-08-28,641.8085327148438,642.3623933153343,638.267809046051,640.146950913372,61519500,0.003535163844696,0.007553963155606,632.0081604003906,621.8241882324219,0.0321382552506179
2025-08-29,637.98095703125,640.7404203673219,636.0919150690585,640.374419619015,74522200,-0.0059815885762749,0.0065436315958272,633.1618774414062,622.8007873535156,0.0243740373904148
2025-09-02,633.2533569335938,633.4709169972102,627.9619508913343,630.5136938017484,81983500,-0.0074378449992175,0.0060650926353533,633.6118927001953,623.7105065917968,0.0153001276087889
2025-09-03,636.6853637695312,637.1502445176759,633.4413400681225,635.6270824559713,70820900,0.0054050091319198,0.0059902897185931,634.3917541503906,624.5727526855469,0.0193934350032119
2025-09-04,642.00634765625,642.0360478647699,636.4578416280056,637.3578424589464,65219200,0.0083225918374802,0.0060310104878804,635.1997985839844,625.4102722167969,0.0265363013316482
2025-09-05,640.14697265625,645.0625384730564,636.2798483910566,644.3404973975818,85178900,-0.0029003961913302,0.0060864133192432,635.9410858154297,626.2038781738281,0.0222660621698535
2025-09-08,641.7195434570312,642.718484610511,640.1370415028089,641.5118230975241,63133100,0.0024535652814358,0.0058963467193863,636.5171997070313,626.9349755859375,0.0235822987181022
2025-09-09,643.203125,643.7272854003053,640.1271612550325,641.8579832056892,66133900,0.0023092163266358,0.0058637842553081,637.2298034667969,627.6356115722656,0.0248034259699459
2025-09-10,645.0625610351562,647.3768835600082,643.4998590892842,646.4570825189741,78034500,0.0028867295722736,0.0054472497440613,637.7005859375,628.3152807617188,0.026654262256895
2025-09-11,650.4231567382812,651.1154976382888,646.4274520986086,647.0109525903231,69934400,0.0082758554958165,0.0056766655922199,638.3306060791016,629.1061181640625,0.033884646737229
2025-09-12,650.2054443359375,651.8868261792371,649.7010841125947,650.393364548417,72780100,-0.0003347802811615,0.0056809813276559,638.9467712402344,629.8372155761718,0.0323388778180293
2025-09-15,653.6671142578125,653.7956944276398,652.114372883025,652.4110731340584,63772400,0.0053098411073505,0.0057046732884427,639.810693359375,630.5408178710937,0.0366769219870657
2025-09-16,652.76708984375,654.5276118800496,651.9857691498868,654.2209512044083,61169000,-0.0013778337303519,0.0057271933421718,640.6365417480469,631.3185974121094,0.0339741178535875
2025-09-17,651.9561767578125,654.4683196962441,647.1296508296768,652.7770978636573,101952200,-0.001243042430699,0.0055418528661619,641.5944305419922,632.086884765625,0.0314344316755677
2025-09-18,655.00244140625,657.6036246179045,653.0342590569163,654.6365009878455,90459200,0.0046616168600086,0.0054947949830701,642.7887023925781,632.8425134277344,0.0350164970088503
2025-09-19,658.2465209960938,659.0895125014193,654.9438659954435,656.8877828567474,97945600,0.0049405501644479,0.0053538568935376,644.2717742919922,633.6282092285156,0.0388529289085038
2025-09-22,661.3607788085938,661.8070328507519,656.7291073786307,656.7588899327194,69452200,0.004719985399666,0.0044580019953597,645.4279052734375,634.5197082519531,0.0423013977463133
2025-09-23,657.7606201171875,661.8566899635472,656.540685502851,661.2417286303936,81708900,-0.0054584326098774,0.0045399644361664,646.5444763183593,635.3156665039063,0.0353288212406189
2025-09-24,655.6678466796875,659.1490153831234,654.2496039734066,659.0498612769777,68082200,-0.0031867364861726,0.0046285052977393,647.4233795166016,636.1225817871094,0.0307256265571771
2025-09-25,652.6429443359375,653.9917550046746,649.0328388399253,652.5338627083877,89622100,-0.0046241424508109,0.0048101416972788,648.0783447265625,636.8278564453125,0.0248341647284443
2025-09-26,656.3820190429688,656.9274877414105,652.4743904900326,654.0910020825955,69179200,0.0057127785651405,0.0048941316628368,648.8070190429687,637.5323498535156,0.0295666081788386
2025-09-29,658.2266845703125,659.8135740530697,656.4216318338509,658.9010899003678,73499000,0.00280641187447,0.0046089239617467,649.8193054199219,638.2828344726563,0.0312461012900865
2025-09-30,660.7061157226562,661.1722852976668,656.173659297658,657.4828203674869,86288000,0.0037597579990683,0.0041113705032295,651.191943359375,639.0593688964843,0.0338728260310949
2025-10-01,662.9574584960938,663.8698820443607,657.6117327913598,657.7208144097488,72545400,0.0034016875409037,0.0040511367856042,652.5055480957031,639.879150390625,0.0360666667938472
2025-10-02,663.7210693359375,665.0600128657511,661.3011766397112,664.9410037342527,56896000,0.0011511619554406,0.0037718380395891,653.5912841796875,640.6083752441406,0.0360792880408229
2025-10-03,663.7112426757812,667.1527012490268,662.6698219114437,664.4848020775174,70494400,-1.4805515983767243e-05,0.0036410055134599,654.769497680664,641.3332507324219,0.0348929233246568
2025-10-06,666.0914916992188,666.9841207809839,663.9591941673339,666.1014192164715,54623300,0.0035798566266859,0.0036601840059739,655.9880950927734,642.0527197265625,0.0374404955139725
2025-10-07,663.6219482421875,667.4601442579947,662.1838505424819,667.0138297258598,72020100,-0.0037144037537213,0.0038637693518997,657.0090362548829,642.7259619140625,0.0325115018940513
2025-10-08,667.5791625976562,667.6783772359653,663.919480237528,664.7426772273783,60702200,0.0059453466190668,0.0039777865656887,658.1348663330078,643.5115795898438,0.0374003883864101
2025-10-09,665.6452026367188,668.4023890582872,663.7112737749407,667.9957845708525,66501900,-0.0029011790781115,0.0037882285946732,658.8959686279297,644.2743420410156,0.0331704356377156
2025-10-10,647.6542358398438,668.4122493878771,647.4757221413303,666.6071968358344,159422600,-0.0273998325389631,0.007431395164115,658.768408203125,644.7243640136719,0.0045443789465814
2025-10-13,657.5919189453125,659.664772492732,654.3488290056752,655.2216030747315,79560500,0.0152275876806558,0.0081174051253354,658.9646484375,645.5780700683594,0.0186094438983669
2025-10-14,656.78857421875,660.3590300864076,647.8030207789583,651.7701536094826,88779600,-0.001222393105761,0.0081157890705175,659.16572265625,646.2287805175781,0.0163406428489834
2025-10-15,659.7044067382812,664.7228272522149,653.5156893256119,661.3408732132422,81702600,0.0044297042667863,0.0081577817635365,659.5531341552735,647.0011059570312,0.0196341252963695
2025-10-16,655.2116088867188,663.2153058553965,651.7105854492366,661.340821247798,110563300,-0.0068336156560533,0.0082601782217454,659.5635925292969,647.5884289550781,0.0117716432085438
2025-10-17,658.9308471679688,660.2895852935891,652.7322022395391,654.0810128478913,96500900,0.0056603425211828,0.0082842967978192,659.5978088378906,648.2606213378906,0.0164597778715245
2025-10-20,665.7840576171875,666.6866142382812,661.7872027532737,661.8367798071084,60493400,0.0103467871677621,0.0085426851542003,659.8189727783204,648.9723571777344,0.0259051102154246
2025-10-21,665.7741088867188,667.4601523988813,664.4748753427003,665.9229005771253,56249000,-1.4942990429156014e-05,0.0084344766014427,660.2196472167968,649.708818359375,0.0247269085371372
2025-10-22,662.3128051757812,666.4783066993808,657.8497808005621,666.4783066993808,80564000,-0.0052124774534399,0.0084943634892219,660.5518951416016,650.2421362304688,0.0185633447492154
2025-10-23,666.2402954101562,667.1825015615415,662.3128121266341,662.6301900162397,65604500,0.005912449677416,0.0084863006626949,661.2317626953125,650.8104870605468,0.023708604357775
2025-10-24,671.6851806640625,672.8951271271609,670.0983517375236,670.9016937183009,74356500,0.0081393402114384,0.0085736550757649,661.9969207763672,651.4865478515625,0.0310039138630106
2025-10-27,679.6094970703125,679.9070199177999,676.5151383891614,677.1201116013259,63339800,0.0117286146034009,0.0088905183842757,663.0660614013672,652.3509643554687,0.041785073073013
2025-10-28,681.41455078125,683.2493254549719,679.2028936555786,681.4046232640447,61738100,0.00265249504167,0.0088797922016282,664.1014831542968,653.2542529296875,0.0431077145311651
2025-10-29,681.7418823242188,684.0328991417463,677.2590027977353,683.0609104229828,85657100,0.0004802552976468,0.008871634138766,665.0407043457031,654.2331225585938,0.0420473357540243
2025-10-30,674.2440185546875,680.3037996369978,674.2440185546875,678.2805836148408,76335800,-0.011059023816543,0.0092992641777826,665.5668518066407,655.0956628417969,0.0292298618339576
2025-10-31,676.45556640625,679.4507706842933,673.65873085131,679.4110606194914,87164100,0.0032746731434253,0.0093134249946277,666.204067993164,656.0530725097656,0.0310988466503687
2025-11-03,677.7251586914062,680.1649066224819,674.3530715971103,680.0359699637585,57315000,0.0018750712273559,0.009295883221386,666.7857513427734,656.8428125,0.0317919992333115
2025-11-04,669.6917114257812,674.3729598389511,669.0371611161902,670.5545580097922,78427000,-0.0119243608024754,0.0096820350287885,667.0892395019531,657.5280627441406,0.0184990563457879
2025-11-05,672.012451171875,675.2654684624238,668.6304366940664,669.4337786331213,74402400,0.0034593945896944,0.009623624796782,667.310903930664,658.2065161132813,0.0209750811039033
2025-11-06,664.8021850585938,671.8140994484131,663.2252231578799,670.9115428502156,85035300,-0.0107873385543322,0.0099200194981579,667.2687530517578,658.7116870117187,0.0092460755850634
2025-11-07,665.4567260742188,665.5658682287408,655.7769731606511,662.4218719882706,100592400,0.0009840807123627,0.007550744898321,668.1588775634766,659.1846508789063,0.0095148987267069
2025-11-10,675.8406982421875,676.5746080726943,669.4833950163819,671.6751969912248,75842900,0.0154837837453246,0.0075756929674618,669.0713165283203,659.941845703125,0.0240912932595194
2025-11-11,677.3878784179688,677.9532020666294,673.1529450781785,674.3629519753922,58953400,0.0022866511639212,0.007553127491625,670.1012817382813,660.8245361328125,0.0250646599505612
2025-11-12,677.7648315429688,679.3318660026857,675.3548055474994,679.1632192686196,62312500,0.0005563256922286,0.0075248491900105,671.0043029785156,661.6461254882812,0.0243615211118969
2025-11-13,666.5180053710938,675.265541055433,665.0105359672095,674.9085136071693,103457800,-0.0167332175763663,0.0083696923739059,671.5696228027343,662.1363586425781,0.0066174386458679
2025-11-14,666.4088745117188,670.1082064558575,657.8200586834998,659.9127066954921,96846700,-0.000163746205836,0.0082947001798229,671.9435241699218,662.6615966796875,0.0056548890878953
2025-11-17,660.2003173828125,668.1742931923078,656.7290761218832,664.1972328051172,90456100,-0.0093601077020287,0.0082417913313897,671.6643371582031,663.0312121582032,-0.0042696252053895
2025-11-18,654.65625,659.6548153709225,650.4708935566339,656.6596108350068,114467500,-0.0084330114419298,0.0084326990838191,671.1084442138672,663.2602746582031,-0.0129723201990907
2025-11-19,657.185302734375,661.856623370592,653.3371790986623,655.3505280387882,94703000,0.0038557337390654,0.0084291287054946,670.8520690917969,663.5027294921875,-0.0095213274595683
2025-11-20,647.1683349609375,670.0090710879778,646.5335791707308,667.3808213360044,165293500,-0.0153595841098706,0.0089199843772661,669.898471069336,663.4376330566406,-0.0245227241945048
2025-11-21,653.6149291992188,659.0895314498267,645.5020891320908,649.667590792559,123956200,0.0099119464333898,0.009028450275833,668.9949584960938,663.5058227539063,-0.0149070184699133
2025-11-24,663.235107421875,664.5541959227929,656.1538219404428,657.2447591605586,80437900,0.0146111540451037,0.0092682719166146,668.1762390136719,663.6971826171875,-0.0006962138870175
2025-11-25,669.4735107421875,670.6537351639657,659.0200771396823,663.1360016067486,81077100,0.0093620597940199,0.0095334364022499,667.5791870117188,664.0313110351562,0.0081956974265978
2025-11-26,674.09521484375,676.0986363282427,671.1595147067713,672.0620713400136,71879600,0.0068797706329206,0.0096877800455621,667.1968536376953,664.474091796875,0.0144793050107605
2025-11-28,677.7747192382812,678.0523870500939,674.9084513312986,675.2654787466182,49212000,0.0054435909666967,0.0094466283354505,667.373388671875,664.9295373535156,0.0193181099096466
2025-12-01,674.6802978515625,677.3779187836101,673.1628406770591,673.232272756968,61201200,-0.0045760143551639,0.0094778745711713,667.2846252441407,665.258212890625,0.0141630494421067
2025-12-02,675.9300537109375,678.2012155152329,673.7481184984898,676.316803165018,62953800,0.0018506539870985,0.009477604080996,667.1948699951172,665.5495983886718,0.015596817047741
2025-12-03,678.2706298828125,679.2822075879724,674.105128319461,674.9779023816353,57238500,0.0034567675691006,0.0090863806304457,667.6238159179687,665.9597985839844,0.0184858475316443
2025-12-04,678.7664794921875,679.7384076011712,675.7415530139849,679.6689755171525,61970300,0.0007307827148079,0.0090622163359451,667.9615173339844,666.4217712402344,0.0185238669933894
2025-12-05,680.0557861328125,682.7336127271673,678.9549213715281,679.8375623637357,79241000,0.0018976831042035,0.008665889556789,668.7241973876953,666.9700280761718,0.0196197092909641
2025-12-08,678.0127563476562,680.9980334759979,675.9696853695019,680.9484564225444,55231500,-0.0030087308003297,0.0087153824303954,669.3519989013672,667.4026428222656,0.0158976198843374
2025-12-09,677.4275512695312,679.7582780276033,676.9812972721672,677.5366934232544,58310100,-0.0008634907951281,0.0080177219633799,669.4313415527344,667.78666015625,0.0144370825122883
2025-12-10,681.92041015625,683.3088703732143,675.711837383319,676.9515664343469,85671300,0.0066103387424185,0.0081367022179575,669.6579681396485,668.2109460449219,0.020516670959183
2025-12-11,683.5072021484375,683.5865617528303,676.5647198382891,679.51034738166,86173700,0.002324242885119,0.0081488451224472,669.9450866699219,668.6219409179688,0.0222625976198632
2025-12-12,676.1581420898438,683.2196338188487,673.5893968987631,682.5154459360199,113160300,-0.0108102065814067,0.0075803715155076,670.4270935058594,668.8706823730469,0.0108951698868638
2025-12-15,675.1365356445312,680.1252340287925,673.6687159286942,680.1053789946951,90811000,-0.0015120412398341,0.0075946078654416,670.8634765625,669.0991882324219,0.009023097798188
2025-12-16,673.2918701171875,675.4837328267965,669.4338188610296,673.6488975485244,122030600,-0.0027360246494354,0.0072726764937728,671.5180541992188,669.2431958007812,0.0060496308992157
2025-12-17,665.8832397460938,674.8489377460819,665.6848710067972,674.3034691132465,110625200,-0.0110645813229541,0.0074730213538132,672.0794036865234,669.2884216308594,-0.0050877645193206
2025-12-18,670.9114990234375,675.1464323222394,669.3544527925658,672.0322187932205,108650100,0.0075228946457927,0.0075946453215598,672.7657135009765,669.355068359375,0.0023252691099769
2025-12-19,676.9923095703125,677.4896664833268,672.8940327515619,673.0134542661981,103599500,0.0090226791565437,0.0067327174391398,674.2569122314453,669.5820104980469,0.0110670522147895
2025-12-22,681.2098999023438,681.7370666700199,676.9923229108747,680.3245900087294,69556700,0.0062105684397408,0.0065597483125249,675.6366607666016,670.2531237792969,0.0163472212725632
2025-12-23,684.3233032226562,684.562024812114,680.2548972126992,680.3046207584179,64840000,0.0045599897652677,0.0059000255194616,676.6910705566406,670.7877514648437,0.0201785911091161
2025-12-24,686.7305297851562,687.1781631452748,684.164151137988,684.313382495532,39445600,0.0035115018507672,0.0056320490042755,677.553921508789,671.3865905761719,0.0228541043630562
2025-12-26,686.660888671875,688.0037280321676,685.6264081645946,686.989161229118,41613300,-0.0001014148077599,0.005480535489498,678.1822052001953,671.9257202148438,0.0219297580278959
2025-12-29,684.2138671875,685.5567672531378,682.4433081832867,683.9055083361335,62559500,-0.0035700184467802,0.0054598371528508,678.5041625976562,672.5057653808594,0.0174096675587754
2025-12-30,683.3783569335938,684.9201512250444,682.9506372729019,683.8160334465714,47160700,-0.001221870588497,0.0053469402066085,678.9390655517578,672.9947155761719,0.0154290087531105
2025-12-31,678.3152465820312,683.726492314561,678.1063955310838,683.5076844111845,74144800,-0.0074365241516406,0.0056319886541155,679.0583251953125,673.2453393554688,0.0075305493112156
2026-01-02,679.55859375,683.2390468658663,676.2263268834449,682.0852055985325,89377200,0.0018313152201985,0.0055937538917492,679.1227233886718,673.5210290527343,0.0089641814239373
2026-01-05,684.0845336914062,685.7855161168121,682.7516512212146,682.910778712987,71927200,0.0066380366965375,0.0057818937603097,679.3886260986328,673.9564636230468,0.0150277808953905
2026-01-06,688.1529541015625,688.6602678554459,684.1442890432024,684.2934596862484,69273800,0.0059296329782536,0.0059061763172491,679.7934844970703,674.394716796875,0.0204008675661548
2026-01-07,685.9347534179688,690.2916046822218,685.6761181181482,688.5309418430683,75588300,-0.003228618665792,0.0059134317263105,680.189584350586,674.6797082519531,0.0166820567275939
2026-01-08,685.8651123046875,686.9692300361542,683.8557710289468,685.1787573638412,64019200,-0.0001015324685199,0.0059060867904534,680.6114624023437,674.8048205566406,0.0163903567537104
2026-01-09,690.4010009765625,691.6344363504869,685.5368360184962,686.9791831428475,80125500,0.0065916105199917,0.0059050882530654,681.0354919433594,674.9845495605468,0.0228397100734418
2026-01-12,691.4852294921875,692.410366767912,686.979207477028,687.0289310253164,63976000,0.0015692011602722,0.0058960123253732,681.4343933105469,675.1794165039063,0.0241503407682554
2026-01-13,690.1026000976562,692.4103433578374,687.6953490317495,691.813478661017,78309700,-0.0020015084477309,0.0052991555306767,682.1316162109375,675.4965881347656,0.0216226287733324
2026-01-14,686.7106323242188,688.0634285762314,682.4134612479594,687.3472637531122,94676700,-0.0049272836084226,0.0054382671082342,682.7103210449219,675.701689453125,0.0162926081774395
2026-01-15,688.5806884765625,691.7737417111902,687.5959315038539,690.8983886882239,77862000,0.0027195071714535,0.0053855002143495,683.4747619628906,675.9188000488281,0.0187328543411127
2026-01-16,688.0037231445312,690.5800586110835,686.4519720383781,689.9931507530615,79289200,-0.0008382564279319,0.0045949382959861,684.5807861328125,676.2850402832031,0.0173280231903707
2026-01-20,673.9981689453125,681.1501633341576,672.9934983300664,677.8874730475171,111623300,-0.0205668552557177,0.0065690768379829,684.7351196289062,676.3247546386718,-0.0034400421948215
2026-01-21,681.77685546875,685.0991655259935,674.5452667925615,676.0572511802958,127844500,0.0114750186996169,0.0067619040956875,684.9743469238281,676.664248046875,0.0075556044768614
2026-01-22,685.3379516601562,687.476610793547,683.2888434897402,686.2033478813381,77112200,0.005209663778086,0.0067198364089048,685.1807495117188,677.0618725585938,0.0122235196471593
2026-01-23,685.5865478515625,687.3074439470811,683.5274830754288,684.5123006998919,63059600,0.0003626694164698,0.0066449855426501,685.2439117431641,677.2567895507813,0.012299261416495
2026-01-26,689.0680541992188,690.4606777697717,686.272910918868,686.8399050563427,60473800,0.0050652924542125,0.00669595357722,685.3607879638672,677.4903930664062,0.0170890410422066
2026-01-27,691.8134765625,692.8480177488461,689.9036431059924,690.5104039402848,55506100,0.0039763381861576,0.0067491286834357,685.6184173583985,677.7713659667969,0.0207180640859221
2026-01-28,691.7438354492188,694.1510864943795,690.271678492269,693.3652237572153,61172200,-0.0001006696473437,0.006686725590153,685.9949157714843,678.2758825683594,0.0198561576889061
2026-01-29,690.3711547851562,693.375209936545,681.2098793986574,692.7087686795362,97486200,-0.0019863486397249,0.006699543617946,686.3445556640625,678.7551281738281,0.0171137220614166
2026-01-30,688.3120727539062,690.5402826440542,683.487735152998,688.1330315570439,101835100,-0.0029870292480625,0.0064924833815909,686.8443969726562,679.31736328125,0.0132408060780455
2026-02-02,691.7339477539062,693.2459322689688,685.7756213682558,685.9348095869553,79286500,0.0049590839172839,0.0065577119591384,687.4531646728516,680.0589172363282,0.0171676750670719
2026-02-03,685.885009765625,693.2757257351432,680.4140840721383,692.529690413304,107904600,-0.0084914236999523,0.0067298653983814,687.5431884765625,680.6329113769531,0.0077164919604705
2026-02-04,682.5626831054688,687.7948875474046,678.1561081391175,686.7006659106327,105204600,-0.0048556232072644,0.0066726701646475,687.2636749267579,681.3407983398438,0.0017933532948595
2026-02-05,674.0379638671875,680.0758839506523,672.2176206040476,677.3404209861714,113610800,-0.0125679306812563,0.007187400982039,686.6688354492187,681.7492590332031,-0.0113110429734108
2026-02-06,686.96923828125,688.6503070282812,677.2508650473027,677.8576866055596,89127600,0.0190030787981571,0.0084535849890085,686.7240417480468,682.2239416503907,0.0069556289968068
2026-02-09,690.2816772460938,692.1915108078678,684.7013472083629,685.7755944360715,73885200,0.0048102278452113,0.0083905200965006,686.7180755615234,682.6401049804688,0.0111941449233247
2026-02-10,688.4613037109375,692.8579216647231,688.0037135108784,691.276360737094,65185700,-0.0026406293530787,0.008401651948829,686.5668792724609,682.9274267578126,0.00810316987765
2026-02-11,688.3021850585938,693.4547952732178,685.5368515439336,692.7087599208829,76353900,-0.0002311488565031,0.0083912044508514,686.4768585205078,683.1379760742187,0.0075595401884288
2026-02-12,677.668701171875,691.6742279947084,676.7734344520502,690.5701102294341,118829000,-0.0155694367953828,0.0090248788547462,686.0247619628906,683.197744140625,-0.0080928882101401
2026-02-13,678.1461181640625,682.6522007204912,673.9384983110481,678.0864377658819,96267500,0.0007042510601164,0.008996333757575,685.5030334472656,683.2420654296875,-0.0074584799787176
2026-02-17,679.2402954101562,681.31927396984,672.2077222570326,676.5446598627462,81354700,0.0016121827537749,0.0090119347217537,685.0648620605468,683.2614587402344,-0.0058852482876645
2026-02-18,682.662109375,685.507036973797,679.2204384959671,680.4041503420104,73570300,0.0050250607580059,0.0077642900133085,685.4980590820312,683.3393713378906,-0.0009911063101261
2026-02-19,680.8616333007812,682.5526587813481,677.9471293624403,680.225062656192,58649400,-0.0026409178869583,0.0073583642300001,685.4522979736328,683.35548828125,-0.0036494255526376
2026-02-20,685.7855834960938,686.4122580979458,678.126274472082,678.7131823752115,100034000,0.0072059145055169,0.0074467176562414,685.4746795654297,683.5109448242188,0.0033278745411457
2026-02-23,678.7827758789062,686.3525334522094,676.7734345413753,684.1940214696967,90558100,-0.0102638596973538,0.0077929842074418,685.1344909667969,683.5380493164063,-0.0069568525735409
2026-02-24,683.7164916992188,684.7112054782021,676.4053697086953,678.295350173768,73798700,0.0072421872097078,0.0078893924244225,684.8669128417969,683.5739709472656,0.000208493532537
2026-02-25,689.4859008789062,690.0130676270821,686.4519751919497,686.53156929616,56369500,0.0084029028181233,0.0080781602477823,684.7505340576172,683.693544921875,0.0084721524724841
2026-02-26,685.6561889648438,689.6350440416309,680.7323436648176,689.615191050754,71671000,-0.0055699288727447,0.0081678184610567,684.4461517333984,683.883505859375,0.0025920834327495
2026-02-27,682.3637084960938,683.2291046432514,678.0367277603054,679.4790749097389,83308900,-0.0048135072187894,0.0082202494021325,684.0457794189454,684.0280493164063,-0.0024331470353822
2026-03-02,682.751708984375,684.9798583327654,674.4359156260907,675.1123137702438,87477200,0.0005684508339162,0.0082039600266646,683.7677612304688,684.21724609375,-0.0021419178159302
2026-03-03,676.7337036132812,679.0016196644848,666.1200629162043,671.4915420947397,105003100,-0.0088534156002994,0.0083092910281112,683.0177490234375,684.4342553710937,-0.011250973628778
2026-03-04,681.5082397460938,683.4579005621853,676.0273572426378,678.026741603972,79182200,0.0070304938268057,0.0083070948701323,682.7989105224609,684.6461901855469,-0.0045833168787555
2026-03-05,677.70849609375,681.9062201445739,672.0386149612469,678.474445192334,106606500,-0.0055910929443116,0.0083298261004816,682.556201171875,684.6605139160156,-0.0101539634329173
2026-03-06,668.82568359375,672.5359467168151,666.2195382406165,669.8502072585248,100687000,-0.0131937851866526,0.0083791435184613,682.2955871582031,684.4128295898438,-0.022774479557075
2026-03-09,674.6845703125,676.3258117079225,658.888509802078,662.8673651303956,102667700,0.008721814875851,0.0073830438420034,681.6813537597657,684.2200549316407,-0.0139362834374875
2026-03-10,673.6002807617188,679.7476047325034,671.1930903760745,674.1374043547928,81505300,-0.001608398675795,0.0072601442135039,680.8472839355469,683.9574499511718,-0.0151430022294405
2026-03-11,672.7548217773438,676.4849986405864,669.7806371390539,673.9982140650914,68441700,-0.0012559228897518,0.0072525136213005,680.0619598388672,683.6793286132812,-0.0159789924584904
2026-03-12,662.5390625,668.0995392824933,662.3500644519811,667.6120785283837,108882200,-0.0153014384597331,0.0079051135382702,678.7738037109375,683.2458325195313,-0.030306471015232
2026-03-13,658.7890014648438,668.7859240392634,657.863924887251,665.7321452917186,97200200,-0.0056762150235875,0.0072908917484557,677.8298187255859,682.7540454101562,-0.0351005521042585
2026-03-16,665.493408203125,668.5173163233716,663.5934708305671,664.8468199428278,82023100,0.0101254293942629,0.0077262202862143,677.1971832275391,682.4976086425781,-0.0249146666949835
2026-03-17,667.2440185546875,670.8747480492216,666.1598145596139,668.8355969918504,87128000,0.0026270911632708,0.0077471814033095,676.5973693847657,682.2513171386719,-0.0219967308336233
2026-03-18,657.9335327148438,666.1796881508768,657.6948111200146,664.8268919718373,82062600,-0.0140519118084,0.0081446543690978,675.3609405517578,681.7282971191406,-0.0349035891642597
2026-03-19,656.3121948242188,659.4753776238247,651.7066647804095,653.4971375917409,111272500,-0.0024673296312421,0.0081438537875928,674.1334686279297,681.0914819335937,-0.0363817310400469
2026-03-20,646.9034423828125,655.0025723674255,643.063298812559,654.8230422006715,163617500,-0.0144395380925301,0.0083154452098819,672.1893615722656,680.3108557128907,-0.0491061006149473
2026-03-23,653.6959228515625,660.9173090129275,652.2596206790361,656.3790129905765,134802700,0.0104452491781901,0.0086358307420979,670.9350189208984,679.6674719238281,-0.0382121407086792
2026-03-24,651.5015869140625,655.3417305137531,648.2100787416998,649.6463809650626,96457500,-0.0033624612191459,0.0083674554973625,669.3242736816406,678.8894836425782,-0.0403422020644156
2026-03-25,655.1322021484375,659.1917509309695,652.5588148295345,656.9774239230809,90653800,0.0055572182632252,0.0081962977779413,667.6065887451172,678.1624230957032,-0.0339597420366294
2026-03-26,643.432373046875,653.1672421520028,643.1630473705688,650.3844333840033,96494400,-0.0180201214870252,0.0088814561926198,665.4953979492187,677.2290185546875,-0.0499043079694662
2026-03-27,632.4606323242188,641.0085567819559,631.4831091918358,640.8489947137006,103649400,-0.017198951843375,0.0094171400770201,663.000244140625,676.1440185546875,-0.0646066296997576
2026-03-30,630.3460693359375,638.7245091624994,627.6630399662237,638.4651675144013,99275900,-0.0033489923071651,0.0093621363819035,660.3799621582032,674.979326171875,-0.0661253687414007
2026-03-31,648.6688842773438,649.865752001465,636.3405988140365,637.2981538716512,152534100,0.0286534078206925,0.0117812900608773,658.9767211914062,674.1926293945312,-0.0378582381419824
2026-04-01,653.5562744140625,656.8278752918841,651.3220400966815,652.219751792706,97841500,0.007506248903134,0.0118011971041953,657.5791229248047,673.7837915039063,-0.0300207831427576
2026-04-02,654.144775390625,656.5086804928782,643.4522901873171,644.7589215344626,68358700,0.0009000543608632,0.0117892113186127,656.4009368896484,673.2311499023438,-0.0283504031482906
2026-04-06,657.23681640625,658.0247645183308,653.8356054757206,654.1746977251443,39105800,0.0047157086312759,0.0115536007492853,655.8214935302734,672.6691271972657,-0.0229419043732774
2026-04-07,657.5260009765625,657.9150134208243,649.386996170508,654.9626585699763,69980400,0.0004399037927642,0.0113379801230527,654.9635650634766,672.1079162597656,-0.0216957945747023
2026-04-08,674.27294921875,675.3402070755335,669.734652974974,674.6519776493207,93606100,0.02515068962018,0.0127847521861985,654.9971984863281,671.8120141601562,0.0036631304691242
2026-04-09,678.162841796875,679.4096297331154,672.0386657215836,673.1059235004034,57134400,0.0057524406415813,0.0128429905851046,655.2675994873047,671.5390014648438,0.0098636718307983
2026-04-10,677.7140502929688,680.2774536083281,676.7066358948267,679.5692561407437,42253500,-0.0006619944965715,0.0123069797135051,656.0263488769531,671.2584057617188,0.0096172271003807
2026-04-13,684.3369750976562,684.536473353906,674.8414790590384,675.669302461078,54185800,0.0097250057134066,0.0123403322324321,657.3037475585937,671.1377221679687,0.0196669811481466
2026-04-14,692.675537109375,692.7952238870419,685.8929616905456,685.9229138241225,63480500,0.0121112391703642,0.0124177236975875,658.6628540039062,671.2249914550781,0.0319573107786057
2026-04-15,698.1414184570312,698.480571570673,692.4161778504387,693.4734516118131,58240400,0.0078599983495115,0.0124865344322905,660.2077239990234,671.3531408691406,0.0399019174218955
2026-04-16,699.8569946289062,700.9741726960574,696.7350934539525,699.2585607342904,49972400,0.0024543333053888,0.0118822846390871,662.3038970947266,671.6325805664062,0.0420235927785064
2026-04-17,708.3152465820312,710.5594650064761,703.9464965121796,704.3255249385737,70661900,0.0120132373418796,0.0119667991936893,664.9040496826171,672.1476318359375,0.0538090339577685
2026-04-20,706.8988037109375,708.0857482546458,704.3254772575062,706.9587079747221,43546800,-0.0020017372548961,0.0112713226324826,667.9038177490235,672.8048486328125,0.0506743599535679
2026-04-21,702.2708129882812,709.4523240430285,700.8345107773317,708.4548936431559,58941400,-0.0065684177504439,0.0114346523771092,670.3325622558593,673.1108801269531,0.0433211432503191
2026-04-22,709.3825073242188,709.6218808832724,706.4001392457644,707.3278031045794,42518500,0.0100757805039513,0.0113997670468569,673.2266082763672,673.4928967285156,0.0532887737495622
2026-04-23,706.6295776367188,710.5295037064266,700.4754491270062,707.6768673789517,56174000,-0.0038882904816336,0.0115378321144392,675.8014770507813,673.8562622070312,0.0486354691167334
2026-04-24,712.10546875,712.6340752101273,707.1881441382454,708.9236633096505,45182000,0.0077194375643763,0.0103524176051818,679.2351318359375,674.3323278808593,0.0560156161989825
2026-04-27,713.332275390625,713.7911152864904,710.4696550399041,711.3374146094498,33135900,0.001721305540808,0.0089844015884261,683.2787139892578,675.0455993652344,0.0567171700125039
2026-04-28,709.8612060546875,711.0481506026886,707.4274735730012,709.9908768700561,43117400,-0.0048778697536611,0.0090743358202537,687.2544708251953,675.6799011230469,0.0505880149384759
2026-04-29,709.7515258789062,710.3699278433978,706.5497524472755,709.1729992133655,41859200,-0.0001545212627813,0.007413638512383,690.3086029052735,676.2901257324219,0.0494778777233302
2026-04-30,716.8132934570312,717.9403946619685,708.6244289610544,712.7936806635566,67240900,0.009900461815238,0.0074837413579279,693.4714538574219,676.9731494140625,0.0588504050381487
2026-05-01,718.7982177734375,723.0073446973263,718.6186267345964,719.3966516418469,43049800,0.0027652684110198,0.0074464822518543,696.7041259765625,677.7318811035157,0.0605937802469254
2026-05-04,716.1649780273438,720.2644021704073,713.152718877996,718.2196821209096,51950600,-0.0036701188010403,0.007678766701587,699.6505340576172,678.3394689941406,0.0557619168014678
2026-05-05,721.9102172851562,723.1769124909786,719.6360467603954,719.9153564929043,36933200,0.0079902217115267,0.0076649365401512,702.8697448730469,679.2020178222656,0.0628799655216374
2026-05-06,731.9443359375,732.7023927493656,725.9497697512824,726.288861980811,53288900,0.013803688898871,0.0063818013618679,705.7533142089844,680.1665747070313,0.0761251186928305
2026-05-07,729.7001342773438,734.238430329629,727.8748196364371,733.161188473549,51724600,-0.0030707924798578,0.0065641727368678,708.3301788330078,680.970859375,0.0715585318101097
2026-05-08,735.724609375,736.1834492768152,732.6824588199246,733.0415191543954,47227100,0.008222201875465,0.0065567379402448,711.2307067871094,681.9722277832032,0.0788190184320593
2026-05-11,737.4002685546875,738.8864300819614,734.5576163199453,734.5576163199453,44024000,0.0022749733270959,0.0064311638156485,713.8838714599609,683.072958984375,0.0795336850269829
2026-05-12,736.2831420898438,736.9414802248905,729.9494836014034,734.9964788307154,54185300,-0.001516101315597,0.0062151692395853,716.0642517089843,684.1435876464843,0.0762114202118362
2026-05-13,740.4025268554688,741.9983910774667,733.5800764180441,736.5723674930287,44200200,0.0055792448425891,0.0061428231549848,718.1773071289062,685.4169641113281,0.0802220628073187
2026-05-14,746.2474975585938,747.6040491923611,741.649357949993,741.7391534739264,45307600,0.00786331782757,0.0062387016201117,720.4968322753906,686.7117492675782,0.086696854035939
2026-05-15,737.2706298828125,741.5496453663399,736.0637780312098,739.8838927249178,60410800,-0.0121022818340282,0.0067564881699283,721.9446014404297,687.9029919433593,0.0717654066309367
2026-05-18,736.751953125,739.5147938000424,731.5054597381557,737.9289136337939,47843900,-0.0007037568965346,0.006722139936017,723.4372589111329,689.2615173339843,0.0689004602704433
2026-05-19,731.8446044921875,735.7545755811656,729.650306265128,732.8919551385734,54255900,-0.0066830701355833,0.0067299372163427,724.9159484863281,690.4047180175781,0.0600226003576561
2026-05-20,739.3452758789062,739.9636778498481,732.0042028263388,733.8195334397973,45768000,0.010196829759483,0.0067375732717018,726.4140869140625,691.7196179199219,0.0688511019858017
2026-05-21,740.8114624023438,742.9559620700644,735.1361419849363,736.7419902854853,43332200,0.0019811239783797,0.0065906819047966,728.1231811523437,693.0807507324218,0.0688674611428493
2026-05-22,743.7239990234375,747.015507083493,742.566945697205,744.3224328967863,41762000,0.0039238407349429,0.0064820455959636,729.7041076660156,694.7044494628906,0.0705617325446041
2026-05-26,748.6613159179688,750.1973368284331,746.4469887578754,748.0827892360243,41123600,0.0066167026147664,0.0065561279315155,731.4705596923828,696.5018957519532,0.0748876930330585
2026-05-27,748.5316162109375,749.4492351039673,746.2973210478585,748.9505199197505,42106300,-0.0001732571729032,0.0063621470791996,733.4040802001953,698.1626599121093,0.0721450160413463
2026-05-28,752.6609497070312,753.2095851254732,747.3047533704411,748.3221518516883,41562600,0.0055014180120098,0.0063565228988173,735.5495513916015,699.8709985351562,0.0754281164419806
2026-05-29,754.5361328125,756.1320579864754,752.7507543048832,753.9576670103595,55075700,0.0024883063996868,0.0061414771731735,737.435693359375,701.8030505371094,0.0751394315471164
2026-06-01,756.5908203125,758.3264003155792,752.7507376917755,753.4189990020213,43634900,0.00271941250467,0.006141406790758,739.3253234863281,703.808623046875,0.0749950988624212
2026-06-02,757.6182250976562,758.4461093852723,754.805464031348,755.0847737682097,31581900,0.0013570186308611,0.0059734887220698,741.3979858398437,706.0229187011719,0.0730787981945418
2026-06-03,752.3018798828125,756.8501599793441,751.6336185743088,756.2018667594974,51402500,-0.0070419185312829,0.0062281191987342,742.9175689697265,707.9950378417968,0.0625807239780628
2026-06-04,755.1445922851562,756.3614281257201,749.5389775481502,750.1673635570705,49923000,0.0037715644628917,0.0056055422472318,744.0775817871094,710.0678979492187,0.0634822310178022
2026-06-05,735.65478515625,750.8855669656407,733.6400171295905,750.3768677170906,93989400,-0.0261482770861872,0.0083246838483738,744.3753143310547,711.678349609375,0.0336899886866519
2026-06-08,737.3204345703125,743.4247643242134,736.2931129658897,741.4498108327123,49319100,0.0022616132324887,0.0081346725960525,744.4551055908203,713.5561108398438,0.0333040714941092
2026-06-09,735.1560668945312,744.9807928982774,720.7332622187009,741.7191759970133,87683500,-0.0029397674358474,0.0081451373907247,744.3428955078125,715.61001953125,0.02731382572883
2026-06-10,723.56591796875,736.4826536495077,723.4661992814284,731.5054857614351,60341300,-0.0158911608230726,0.0088734931695285,743.7070343017579,717.4744165039062,0.0084902002422975
2026-06-11,735.8642578125,738.0984921563339,722.5485255148498,726.8873842592473,86330500,0.0168540176385596,0.0096306987174593,743.4801208496094,719.2183239746093,0.0231444796148968
2026-06-12,739.843994140625,742.5270843334097,733.1412911200548,738.8066884479139,57079500,0.0053936758447666,0.0095357868808174,743.159945678711,720.9440783691406,0.0262155087177333
2026-06-15,752.890380859375,754.7356026867302,749.8282623277308,749.9179969688896,60176400,0.0174802954106863,0.0099168294495928,743.9409332275391,722.9189904785156,0.0414588505428812
2026-06-16,748.4019775390625,753.4988323298886,747.9531216783239,752.6111046530555,67093100,-0.0059794039024054,0.0100353406671427,744.5234344482421,724.7422937011719,0.0326456507968693
2026-06-17,739.0560302734375,750.217278570044,737.3204502885575,749.3594421826946,85945200,-0.012566499634242,0.0103471491744655,744.8840057373047,726.3728942871094,0.0174609158547633
2026-06-18,746.739990234375,748.22998046875,743.8599853515625,747.760009765625,80875700,0.0103433154483282,0.0103544309155206,745.2537414550782,727.8222351074219,0.0259922742318541
2026-06-22,744.3900146484375,750.1799926757812,743.1300048828125,747.7000122070312,46628100,-0.0031519418478261,0.0103793100282835,745.4326690673828,729.1467785644531,0.0209055796886263
2026-06-23,733.5800170898438,739.6300048828125,732.2999877929688,733.8099975585938,66846800,-0.0146284296648875,0.010851138195924,744.9254699707031,730.2640979003907,0.0045407123244683
2026-06-24,733.239990234375,739.9500122070312,730.8400268554688,735.1699829101562,57439500,-0.000463624520884,0.0107149693824213,744.1544036865234,731.242158203125,0.0027321072900929
2026-06-25,734.2999877929688,739.3699951171875,729.5999755859375,738.9099731445312,53934400,0.0014445913008191,0.0107279617302149,743.442822265625,732.0746472167968,0.0030397727672064
2026-06-26,728.989990234375,736.530029296875,716.5800170898438,728.9500122070312,71034000,-0.0072576467361807,0.0107028530519635,742.2592742919921,732.6916186523438,-0.0050520960302197
2026-06-29,741.0,741.5599975585938,732.0900268554688,736.530029296875,58035200,0.0163406241987412,0.0114062888638573,741.5824676513672,733.5144787597657,0.0102050081586541
2026-06-30,746.77001953125,748.02001953125,740.8900146484375,741.2899780273438,55626000,0.0077566403209279,0.0115453005507306,741.0914276123046,734.28357421875,0.0170049361730379
2026-07-01,745.760009765625,749.4400024414062,742.3800048828125,745.0,47100900,-0.0013534198977212,0.0115363657972908,740.4985168457031,735.0607983398437,0.0145555462214088
2026-07-02,744.780029296875,751.3099975585938,740.030029296875,747.4000244140625,57447800,-0.0013149336271025,0.0114436887821005,740.1224243164063,735.9109826660156,0.0120517927300516
2026-07-06,751.280029296875,752.4099731445312,747.4099731445312,748.739990234375,50673300,0.0086895454001131,0.01159223511539,739.9291961669921,736.7489331054687,0.0197232673689207
2026-07-07,747.7100219726562,750.9600219726562,745.2100219726562,750.219970703125,43721500,-0.004763225841268,0.0099479712356708,740.5319580078125,737.5705419921875,0.0137471325157345
2026-07-08,745.4000244140625,746.1500244140625,739.510009765625,743.1599731445312,43767400,-0.0030942118529105,0.0099789542006093,740.9359375,738.2364331054688,0.0097036545303776
2026-07-09,751.7100219726562,751.969970703125,745.5900268554688,747.3499755859375,41441700,0.0084296207065004,0.0100931797607213,741.7636352539063,739.0039880371094,0.0171934578719876
2026-07-10,754.9500122070312,755.4199829101562,748.0999755859375,752.0499877929688,42191300,0.0043008975551764,0.0092798386845854,743.3328399658203,739.9057641601562,0.0203326542048923
2026-07-13,749.1699829101562,753.9099731445312,748.0,752.469970703125,44013600,-0.00768563381553,0.0088415559692613,743.9981262207032,740.6941333007812,0.0114431169740791
2026-07-14,751.8300170898438,753.3400268554688,748.6599731445312,750.9099731445312,35143100,0.003544353050495,0.0088016232257706,744.5974273681641,741.3944677734376,0.0140755694438162
2026-07-15,754.8099975585938,755.5800170898438,750.2000122070312,754.239990234375,43844800,0.0039558014200618,0.0079292263923796,744.693408203125,742.1147033691407,0.0171069163996043
2026-07-16,750.719970703125,754.5700073242188,747.8800048828125,752.760009765625,46409800,-0.0054333517148104,0.0079080041926702,744.8093078613281,742.8058032226562,0.0106544233312842
2026-07-17,743.2899780273438,747.2899780273438,740.7999877929688,742.0800170898438,62651000,-0.0099464584387168,0.007705280921797,745.0210052490235,743.2333984375,7.612627468396509e-05
2026-07-20,742.0900268554688,748.72998046875,741.510009765625,747.0599975585938,50422300,-0.0016156827599172,0.0073390186258243,744.7885070800781,743.4363122558593,-0.0018108954031387
2026-07-21,748.280029296875,749.0399780273438,744.1799926757812,746.2899780273438,34324300,0.0083067128316069,0.0075499112200957,744.9830078125,743.80791015625,0.0060124651533828
2026-07-22,747.4099731445312,750.02001953125,746.3699951171875,746.6199951171875,32836200,-0.0011634178861416,0.006705461633177,745.6745056152344,744.0416174316406,0.0045271065945449
2026-07-23,738.1799926757812,742.5599975585938,735.2100219726562,739.3699951171875,55437300,-0.0124261733687136,0.0073401687710209,745.9215057373046,744.0572119140625,-0.0078988808174606
2026-07-24,738.9299926757812,743.719970703125,737.2899780273438,738.510009765625,44782000,0.0010154965735656,0.0073373836530674,746.1530059814453,744.1101489257812,-0.0069615449506745
2026-07-27,739.0900268554688,745.530029296875,735.8699951171875,744.9099731445312,41461200,0.0002165521145831,0.007118504870143,746.6580078125,744.0838989257812,-0.0067114368117923
2026-07-28,740.8599853515625,742.7899780273438,735.97998046875,739.1900024414062,47322200,0.0023919177341965,0.0061170990767936,746.6510070800781,743.9761486816407,-0.0041885258493839
2026-07-29,729.4600219726562,742.6799926757812,729.0999755859375,739.969970703125,70697200,-0.0155070892959297,0.006742496010546,745.7855072021484,743.8199365234375,-0.0193056327824425
2026-07-30,741.6900024414062,742.4500122070312,734.5900268554688,736.0499877929688,66811300,0.016626804898639,0.00782837871207,745.5820068359375,743.9186975097656,-0.0029958852705541
2026-07-31,747.030029296875,748.9000244140625,737.6799926757812,744.6799926757812,62445900,0.0071740147835804,0.0079972581954864,745.6945068359375,744.2224060058594,0.0037725594773257
2026-08-03,757.6699829101562,758.5800170898438,748.7999877929688,749.4400024414062,59927500,0.0141425279042588,0.0083871389722511,746.0140045166015,744.5889001464843,0.0175681946925323
2026-08-04,771.3300170898438,773.4099731445312,760.52001953125,760.6300048828125,69154800,0.0178684076202998,0.0091431661919558,747.1950042724609,745.1992712402343,0.035065447401901
2026-08-05,771.4000244140625,776.8499755859375,769.9199829101562,775.8499755859375,36601606,9.075771182693634e-05,0.0090854816481127,748.495004272461,745.7527917480469,0.0343910649075793
