Date,ret_1,ret_5,ret_10,ret_norm,vol_20,cambio_vol,dist_sma20,dist_sma50,cruce_sma,rsi_14,rango_rel,volumen_rel,retorno_futuro,objetivo,Close
2015-04-13,-0.0071827735479249,-0.0133720927934584,0.0006950637301137985,-0.8296384858307995,0.0086577149814019,0.09524352931597102,0.007472472077393088,-0.003242887300528,-0.010635883038894511,0.46809311828475414,0.005124164851643054,-0.39593795208555826,-0.0060980844312983,0,115.13999938964844
2015-04-14,-0.0060980844312983,-0.014487333380167701,0.0060476316843538986,-0.6909227564049403,0.0088260002652515,0.09493334473679549,-0.0002402275324815784,-0.0077548232411812,-0.007516401355250335,0.4379615939052614,0.005941980869180287,-0.31108842934199177,0.0086135987552241,1,114.44000244140624
2015-04-15,0.0086135987552241,-0.0003464782647306999,0.015452720181802099,0.9793848565320211,0.008794907025339,0.08735024472183128,0.006114431487585517,0.0020434979773401,-0.004046193338292814,0.4881448375813862,0.009789458983197288,-0.2741747360793325,-0.0034713349747602,0,115.43000030517578
2015-04-16,-0.0034713349747602,0.003134531213700601,-0.0049429897427549,-0.4396132604358574,0.0078963381844272,-0.02965933487822514,0.001466968733428012,-0.0003841130979678,-0.0018483703299140286,0.46988906778394546,0.008867289257456883,-0.314781109720776,0.004942989742755,1,115.02999877929688
2015-04-17,0.004942989742755,-0.0031956044560042998,0.0027720019363938,0.6235956698579279,0.0079265940763847,-0.055573179279701734,0.004981422142164073,0.0056143751808184,0.000629815660975197,0.4986617249423805,0.004844269601950855,-0.20883333295618856,-0.0076415555466046,0,115.5999984741211
2015-04-20,-0.0076415555466046,-0.003654386454683998,-0.0170264792481424,-0.977628965882252,0.0078164168751982,-0.09717322734820177,-0.0031672317405218677,-0.0008117446856601,0.002362971132032987,0.45738663246092853,0.005491607799114018,-0.06676095241259195,0.0057366175320521,1,114.72000122070312
2015-04-21,0.0057366175320521,0.008180315508666401,-0.0063070178715013015,0.7359695771625439,0.0077946394933457,-0.11685483128369367,0.0020930955828405524,0.0055076957271934,0.0034074679881581638,0.49138924239429455,0.007886947949185366,-0.20400862761845584,-0.0135248816010839,0,115.37999725341795
2015-04-22,-0.0135248816010839,-0.0139581648476416,-0.014304643112372301,-1.6142812903211672,0.008378268200329,-0.04737273785949325,-0.011051055511371678,-0.007075976380909,0.00401949883521846,0.42416440513984854,0.010454207346604804,0.3234677364077936,0.0072651359960974,1,113.83000183105467
2015-04-23,0.0072651359960974,-0.003221693876783999,-8.716266308340156e-05,0.8504340462801696,0.0085428564717927,0.0818757090014881,-0.0038097523313481638,0.0008292528842187,0.004656746265508271,0.4662717290095339,0.010029665874316751,-0.20025429116338211,-0.0141410337003533,0,114.66000366210938
2015-04-24,-0.0141410337003533,-0.0223057173198923,-0.0255013217758966,-1.5802129527506763,0.0089488152060379,0.12896095344388225,-0.016759850825188667,-0.0125309195812467,0.004301015624200266,0.4044852438903312,0.011499363261075108,0.6224749837534747,0.0199673743957626,1,113.0500030517578
2015-04-27,0.0199673743957626,0.0053032126224749,0.0016488261677908983,1.981515209097704,0.0100768211639692,0.28918676228021467,0.0029524281422674895,0.0077382671860371,0.0047717507924420755,0.5046010684593992,0.01864217022235376,0.6503670984564451,0.0086333954543481,1,115.33000183105467
2015-04-28,0.0086333954543481,0.0081999905447709,0.016380306053437297,0.8754382341616421,0.009861798488406,0.26520264302473984,0.01051516980990405,0.016769319943821,0.006189071001371893,0.5410454006612554,0.011003235524317843,0.706276195832817,-0.0070738707743613,0,116.33000183105467
2015-04-29,-0.0070738707743613,0.0146510013714935,0.0006928365238518964,-0.7056480928920887,0.0100246437928701,0.1965054774059929,0.002586548956753195,0.009690455538075,0.007085579383359741,0.5080409845284874,0.009609562720312714,0.47546768755600777,-0.0178186292336544,0,115.51000213623048
2015-04-30,-0.0178186292336544,-0.0104327638582583,-0.013654457735042303,-1.7651335050528567,0.0100947770707694,0.18166296063862508,-0.01420870037904289,-0.0076435958547411,0.006659730641593198,0.43667404418905353,0.008107853697435587,0.901128356321353,-0.0034429465428856,0,113.47000122070312
2015-05-01,-0.0034429465428856,0.0002653232992093999,-0.022040394020682905,-0.34080706963038127,0.0101023331077598,0.12890174566836565,-0.016657165708500014,-0.0105593883141635,0.006201069638881229,0.4243998827090067,0.009108584741939976,0.47478051550344325,0.0089796944769087,1,113.08000183105467
2015-05-04,0.0089796944769087,-0.010722356619644501,-0.005419143997169603,0.9062826836260817,0.0099082710495808,-0.016726516392994162,-0.006668659730238162,-0.0014282993660805,0.005275541152999885,0.4666264184710663,0.004908020994542743,-0.2758789750633688,0.0028006293425995,1,114.0999984741211
2015-05-05,0.0028006293425995,-0.0165551227313931,-0.008355132186622203,0.282848641126484,0.0099015124536063,0.004027050973206325,-0.003149483624928117,0.0015493087533378,0.004713637903657419,0.47952668121968733,0.006292616957046414,-0.24491470169578466,-0.0005245000462394,0,114.41999816894533
2015-05-06,-0.0005245000462394,-0.0100057520032712,0.004645249368222298,-0.05331906990686595,0.0098370066686377,-0.01871758519398503,-0.003190209567514977,0.0011818792037371,0.004386081289746491,0.4771962687682432,0.006383380141985727,-0.34293748422785586,-0.0082536463493555,0,114.36000061035156
2015-05-07,-0.0082536463493555,-0.0004407691189722996,-0.0108735329772306,-0.8348628896480833,0.0098862297650272,-0.020658931275072234,-0.010844797339116365,-0.0066509572657193,0.004239820062731603,0.4410327299354945,0.006083604765876187,0.08442991937992828,0.0048375401365222,1,113.41999816894533
2015-05-08,0.0048375401365222,0.0078397175604355,0.008105040859644901,0.5048965118686328,0.0095812508559791,-0.051580387047467924,-0.0051805275790872025,-0.0014666471396776,0.0037332204911224576,0.46650821268026726,0.007370395352181202,0.8687464483108494,-0.003868158154194,0,113.97000122070312
2015-05-11,-0.003868158154194,-0.0050081350706672,-0.0157304916903117,-0.40740693980422793,0.009494580912276,-0.04175200044838312,-0.008324395592171626,-0.0048630635608234,0.0034903873968090693,0.4488826287896,0.010834103239358007,-0.45157287103021637,0.0085077145701036,1,113.52999877929688
2015-05-12,0.0085077145701036,0.0006989501568368996,-0.0158561725745562,0.884491965333155,0.0096187584551987,-0.028556647252876655,0.00012228182870408093,0.0038470539455244,0.0037243167005633904,0.49424792687348834,0.0053275162476119,-0.38536130571325045,0.0177455686715796,1,114.5
2015-05-13,0.0177455686715796,0.0189690188746559,0.008963266871384701,1.7322449551946464,0.0102442605581643,0.04140018434926995,0.0175307089256248,0.0216264204294193,0.004025147809169294,0.5740486114712232,0.010725010444185893,1.0630871800805375,0.0053908250551019,1,116.5500030517578
2015-05-14,0.0053908250551019,0.0326134902791133,0.032172721160141,0.5256325211222,0.0102558818917687,0.037390606482681,0.02207161509266112,0.0267760900313502,0.00460288190105218,0.5951879414548473,0.006144403642498735,0.1746431149845471,0.0029823930374759,1,117.18000030517578
2015-05-15,0.0029823930374759,0.030758343180066997,0.0385980607405025,0.2916826533037434,0.0102247871229085,0.06716620581203214,0.024262267021253784,0.029386505183817,0.005002857498075608,0.6068611258969283,0.008083016745589526,-0.25145444859713983,-8.510645761585739e-05,0,117.52999877929688
2015-05-18,-8.510645761585739e-05,0.03454139487664514,0.029533259805977943,-0.008482507466668184,0.0100331721428223,0.05672617206831432,0.022927042376061472,0.0282794020184082,0.005232396271306117,0.6063230404125521,0.005190611196188609,-0.1531538139669023,-0.0139670432211819,0,117.5199966430664
2015-05-19,-0.0139670432211819,0.012066637085359643,0.012765587242196544,-1.3276151456954592,0.0105204006345268,0.09373789595899296,0.008515238558842907,0.0133220866145292,0.004766262196052917,0.524677382685821,0.009319197831932647,-0.16979029896488773,0.0016381642703537,1,115.88999938964844
2015-05-20,0.0016381642703537,-0.004040767315866257,0.014928251558789645,0.1636238333023755,0.0100117705183351,-0.022694662880661798,0.009180703824377212,0.0141569728836145,0.004930999017697779,0.532578610688523,0.005341101890141472,-0.26395180466809254,-0.0033654032062089,0,116.08000183105467
2015-05-21,-0.0033654032062089,-0.012796995577177058,0.019816494701936242,-0.33848989715249395,0.0099424037010261,-0.03056569820623567,0.00533998940276239,0.0098779488549388,0.0045138555115791235,0.5137027218718638,0.004581197753585532,-0.5791240719541015,-0.0007782781051662,0,115.69000244140624
2015-05-22,-0.0007782781051662,-0.016557666719819158,0.014200676460247844,-0.08331589752117267,0.0093412917380914,-0.08640721554365083,0.0034460753090437483,0.0082333075015266,0.004770791685052567,0.5092172390563775,0.005276821958506521,-0.6880282004842029,-0.0147272479776649,0,115.5999984741211
2015-05-26,-0.0147272479776649,-0.031199808239868197,0.0033415866367769442,-1.6611925256161078,0.008865467277613,-0.1163844144789914,-0.01061387524856527,-0.0070312128218519,0.0036210962910090405,0.4327997545218022,0.0046528521784930076,0.026548893002881435,-0.0001756301338399,0,113.91000366210938
2015-05-27,-0.0001756301338399,-0.0174083951525262,-0.005341758067166555,-0.020430865482863145,0.0085963139440771,-0.18289100931527813,-0.009738290905177641,-0.0077384131938668,0.0020195446243587156,0.4319733956135155,0.0033365957050577296,-0.4990208755316048,0.0011407772346871,1,113.88999938964844
2015-05-28,0.0011407772346871,-0.0179057821881928,-0.021946549504059058,0.13437625100738138,0.0084894259672748,-0.15205547792694085,-0.00796536589236453,-0.0072648835012708,0.0007061067900353546,0.4394633950521204,0.008331911994443027,0.0018082391403397846,0.0007014013330434,1,114.0199966430664
2015-05-29,0.0007014013330434,-0.0138389776489405,-0.02663597322611756,0.09393991696354641,0.0074664887485006,-0.2490257916473433,-0.007541306150062844,-0.0068675149046722,0.0006789111220104616,0.4443195070361178,0.00420686558591377,-0.3122906724818385,-0.0008767951003625,0,114.0999984741211
2015-06-01,-0.0008767951003625,-0.0139374946441368,-0.03049516136395596,-0.11814873303292331,0.0074211130145439,-0.20555815805618216,-0.008807697632101642,-0.0080331941277137,0.0007813857134864044,0.43919770363050276,0.01403507433439556,0.654869323666897,0.0040269605877943,1,114.0
2015-06-02,0.0040269605877943,0.0048167139213224,-0.026383094318545797,0.5593586864180577,0.0071992456460837,-0.18794515611566553,-0.004963885149208344,-0.0041847667951886,0.0007830051014143802,0.4694924532774316,0.004193634114738478,-0.2030339299023124,-0.0071898573672245,0,114.45999908447266
2015-06-03,-0.0071898573672245,-0.0021975133120622006,-0.0196059084645884,-0.978053093502811,0.0073511933196537,-0.1448435495170921,-0.011757343375181894,-0.0112070247657907,0.0005568658726700093,0.42537863363183887,0.011351644864975944,-0.0338131765873938,-0.0070646979352704,0,113.63999938964844
2015-06-04,-0.0070646979352704,-0.0104029884820197,-0.028308770670212497,-0.941504713259926,0.0075036246083242,-0.11612108554226008,-0.018065397965017115,-0.0178722531134458,0.00019669828435708858,0.3871580769790623,0.005937594742019088,0.07661600708641014,-0.0053314369182916,0,112.83999633789062
2015-06-05,-0.0053314369182916,-0.0164358267333547,-0.030274804382295198,-0.722855629499595,0.0073755210594159,-0.012183462956797286,-0.022784869303832226,-0.0226708522836641,0.00011667545516491629,0.3609625765433051,0.007305770762927913,0.07448746756521252,0.0029358308942225,1,112.23999786376952
2015-06-08,0.0029358308942225,-0.012623200738769701,-0.0265606953829065,0.4013557304925029,0.0073147850427349,-0.014327766145134646,-0.019314032306142877,-0.0193003673722947,1.3934056668718497e-05,0.3855861053027073,0.004708238519394695,-0.35409326660694673,0.0022183779511247,1,112.56999969482422
2015-06-09,0.0022183779511247,-0.014431783375439301,-0.0096150694541169,0.30392720326718076,0.0072990437423087,0.013862299070082074,-0.016832022850412905,-0.0167386298416092,9.499191488560044e-05,0.4043123601832041,0.00460914974177928,-0.2743296610221757,0.008473122987024,1,112.81999969482422
2015-06-10,0.008473122987024,0.0012311969788091999,-0.0009663163332529999,1.161203294770326,0.0072968471801485,-0.007392832311987174,-0.008154963551302404,-0.0083771245515445,-0.00022398761104613918,0.47098850814899706,0.003954974099754359,0.09624980398621674,-0.0045806690469191,0,113.77999877929688
2015-06-11,-0.0045806690469191,0.0037152258671605005,-0.0066877626148592,-0.7664163659794491,0.0059767369934294,-0.20348667405362142,-0.011270065915129105,-0.0128402061135857,-0.0015880374855951063,0.4421211145639161,0.004326377219864995,-0.03749675797862817,-0.0002649015739744,0,113.26000213623048
2015-06-12,-0.0002649015739744,0.008781761211477699,-0.007654065521877,-0.04593353033522913,0.0057670632333529,-0.21808056855990876,-0.009824764875894869,-0.0126937843376903,-0.002897486586236453,0.44044395015347954,0.004769062081762069,-0.3202591561556388,0.0044060697400653,1,113.2300033569336
2015-06-15,0.0044060697400653,0.010252000057320501,-0.0023712006814491995,0.7549218716822707,0.0058364579241118,-0.20210123879052133,-0.003797154746105948,-0.0080659240031875,-0.00428504021788223,0.47611542749685426,0.00826521070659005,0.1381182133586094,-0.0036115754437751,0,113.7300033569336
2015-06-16,-0.0036115754437751,0.0044220466624207005,-0.010009736713018599,-0.6184021324387697,0.0058401730109375,-0.19987148767377527,-0.005559287691925293,-0.01106055735971,-0.005532023779493467,0.45074040666157217,0.005824179619592804,-0.08110632674913998,0.0046661068379395,1,113.31999969482422
2015-06-17,0.0046661068379395,0.0006150305133362007,0.0018462274921453997,0.8875094534877789,0.0052575291672696,-0.27947933710698836,-1.3187923255700633e-05,-0.0060432023278576,-0.006030093929017877,0.4886772414753117,0.01238474906462026,0.4476975531982881,0.0128290910166516,1,113.8499984741211
2015-06-18,0.0128290910166516,0.0180247905769069,0.021740016444067402,2.1125398752250164,0.006072827863325,0.016077480070017858,0.013236565652515794,0.0068168763151089,-0.00633582477678607,0.5761250121341862,0.006243506959837774,0.7330649384796752,-0.0017357836863242,0,115.31999969482422
2015-06-19,-0.0017357836863242,0.0165539084645571,0.025335669676034796,-0.28734413808017145,0.0060407833544873,0.047462653010527545,0.011732679184076868,0.0049918071137274,-0.006662700740066807,0.5620414560973216,0.004430178284074065,-0.028067716593516034,-0.0129395348224732,0,115.12000274658205
2015-06-22,-0.0129395348224732,-0.0007916960979814005,0.0094603039593391,-1.93828070656463,0.0066757796116162,0.14380668864877144,-0.00041342021149476745,-0.0075247926503803,-0.00711431363993531,0.4704008931246737,0.005279884782983075,0.16580871570303102,-0.006621663748214,0,113.63999938964844
2015-06-23,-0.006621663748214,-0.0038017844024203005,0.0006202622600003996,-1.103380717701914,0.0060012501958575,0.02758089265820285,-0.006564823577216751,-0.0136872910515495,-0.007169534201496464,0.4319638437521662,0.0033660842897730338,-0.07350238958048672,-0.0026610185778751,0,112.88999938964844
2015-06-24,-0.0026610185778751,-0.0111289098182349,-0.0105138793048987,-0.44195802918408544,0.0060209757537106,0.14521014760960083,-0.008637796560502165,-0.0159902999850941,-0.007416566214732412,0.41727611894521927,0.0038191697234387606,-0.39229994710323857,-0.0013331015376762,0,112.58999633789062
2015-06-25,-0.0013331015376762,-0.025291102372562702,-0.007266311795655801,-0.22183997886791051,0.0060092934757714,-0.01046207615027206,-0.009269352704909186,-0.0167873471850487,-0.007588333419043081,0.4097739969219914,0.0034685110386018588,-0.39210152639085527,0.0010666233650126,1,112.44000244140624
2015-06-26,0.0010666233650126,-0.0224886953212259,-0.005934786856668801,0.17734724254260956,0.006014321676055,-0.004380504461005574,-0.007538704882509982,-0.0153127145521929,-0.007833060803406622,0.41877680927093947,0.004886310089617045,-0.09009180697335273,0.0045207021318424,1,112.55999755859376
2015-06-29,0.0045207021318424,-0.0050284583669103,-0.005820154464891702,0.7380643572096962,0.0061250785079681,-0.08249240323779594,-0.0026330070670246165,-0.0104131147953614,-0.007800646886716889,0.4567071670614947,0.00619089572411807,0.23680625946963652,-0.0062100708860372,0,113.06999969482422
2015-06-30,-0.0062100708860372,-0.0046168655047335,-0.0084186499071538,-1.007728742126617,0.006162442953579,0.026859862938686918,-0.007893039208085104,-0.0161347711599208,-0.008307301810741352,0.4165283280908006,0.010768058060797529,0.6112216271359348,-0.0034767084633964,0,112.37000274658205
2015-07-01,-0.0034767084633964,-0.0054325553902548,-0.0165614652084897,-0.5777287434496515,0.0060178907537762,-0.0005123754123238511,-0.010611293228883718,-0.0189653571651104,-0.008443662110810046,0.39564417828841675,0.0050901917997572006,-0.09604218606482084,-0.0019665798355691,0,111.9800033569336
2015-07-02,-0.0019665798355691,-0.0060660336881477005,-0.0313571360607104,-0.33668111451204796,0.0058410755780563,-0.027992957640250116,-0.01208374911252713,-0.0205374960501507,-0.008557149383897067,0.3839493972907209,0.003847464813548482,-0.19879608602725085,0.0026806862873874,1,111.76000213623048
2015-07-06,0.0026806862873874,-0.0044519707657728995,-0.0269406660869988,0.46498100739732423,0.0057651522207159,-0.04142935292788297,-0.009353090131899484,-0.0174605711576789,-0.008184026967649638,0.409577951202755,0.008477642319597425,-0.09863911391641711,-0.0116687027607574,0,112.05999755859376
2015-07-07,-0.0116687027607574,-0.0206413756583727,-0.025669834025283,-1.8621738022818966,0.0062661727634975,0.023035501560649596,-0.02006147519066737,-0.0284687593266856,-0.008579399547184896,0.34298930675043865,0.009841064615997264,0.8061801163723517,0.0029749330386003,1,110.76000213623048
2015-07-08,0.0029749330386003,-0.011456371733735198,-0.0160732372384687,0.4731378552973481,0.0062876664914725,0.020320437663568613,-0.016389123722283686,-0.0248488746564711,-0.008600709018389274,0.3709469184207769,0.005130972307268114,0.1097319058884052,0.0024275514386137,1,111.08999633789062
2015-07-09,0.0024275514386137,-0.005552111831725099,-0.0109846672219799,0.4075551334541173,0.0059563755657785,-0.010222051299136559,-0.012940966508493319,-0.0216251019902839,-0.008797989975404374,0.3936810204197613,0.007004299344664062,-0.2468431142657963,0.0011666795517473,1,111.36000061035156
2015-07-10,0.0011666795517473,-0.002418852444408699,-0.0084848861325564,0.19717922604019075,0.0059168482155899,0.012972377522088907,-0.01101291455966081,-0.0197905948293898,-0.008875424562112322,0.40483364557450036,0.006099204576240811,-0.28206674668333565,-0.0044947937019094,0,111.48999786376952
2015-07-13,-0.0044947937019094,-0.0095943324337055,-0.0140463031994784,-0.7525792808726715,0.0059725185321304,0.035968922150809934,-0.014469093772876489,-0.0237608295905382,-0.009428152642348864,0.3761731161672829,0.007027649286508277,-0.1561779651491818,-0.002254995812518,0,110.98999786376952
2015-07-14,-0.002254995812518,-0.00018062548546609984,-0.0208220011438388,-0.3861634769534674,0.0058394849515759,-0.06809384739712177,-0.01538189593446154,-0.0255586442671036,-0.010335731478653298,0.36235966655197593,0.004063613746772028,-0.4743994543938973,-0.0052512044403683,0,110.73999786376952
2015-07-15,-0.0052512044403683,-0.0084067629644347,-0.0198631346981699,-0.8923779735441377,0.0058845070094153,-0.06411909451685704,-0.019160875357270034,-0.0299896289872497,-0.011040295353148655,0.33190868241691407,0.005537405501751797,0.7819456677546932,-0.0036377042236317,0,110.16000366210938
2015-07-16,-0.0036377042236317,-0.0144720186266801,-0.0200241304584052,-0.6355537439079797,0.0057236768070371,-0.03906717368164925,-0.02093970464479097,-0.032718011314054,-0.012030215835675206,0.3124098384706774,0.0037354560325218128,-0.09575377127338036,-0.0101644626938932,0,109.76000213623048
2015-07-17,-0.0101644626938932,-0.025803160872320596,-0.028222013316729303,-2.087158173850938,0.0048700011437749,-0.176926470592356,-0.027949242554409663,-0.0415355054325137,-0.013976906837464775,0.26575305739749694,0.0069949574372481435,1.72089920808379,-0.0275268567421122,0,108.6500015258789
2015-07-20,-0.0275268567421122,-0.0488352239125234,-0.0584295563462289,-3.7598521732055445,0.0073212603778099,0.22582463970997568,-0.050340089088636616,-0.0662874367934746,-0.016792693385923596,0.18617471047663428,0.009744548808276856,1.617513680225863,-0.0031268723268024,0,105.6999969482422
2015-07-21,-0.0031268723268024,-0.049707100426807795,-0.0498877259122739,-0.4446190476416473,0.007032699888563,0.20433564721578512,-0.049774751413937356,-0.0677860891160826,-0.018954808587696714,0.1796926185817095,0.010154689825695454,0.6816571991722635,-0.0054241906707405,0,105.37000274658205
2015-07-22,-0.0054241906707405,-0.049880086657179995,-0.058286849621614706,-0.7735271150840823,0.0070122825237366,0.1916516562078765,-0.05145492297910982,-0.071394494284398,-0.021021216374779828,0.1687625337845911,0.008683167998243493,0.29506501926884643,-0.0044948309762842,0,104.8000030517578
2015-07-23,-0.0044948309762842,-0.0507372134098325,-0.0652092320365126,-0.6412280448757436,0.007009723002922,0.2246888214065026,-0.052165842777616246,-0.0738899484592933,-0.02291973286269744,0.16011420478589755,0.010543526159396374,-0.12263696225591592,0.0097291557358142,1,104.33000183105467
2015-07-24,0.0097291557358142,-0.030843594980125098,-0.0566467558524457,1.2759753380258239,0.0076248775708056,0.5656829117077586,-0.03980679307226844,-0.0629725298041351,-0.024126120206566126,0.24994656488557837,0.02050304759373528,0.6484094850456341,-0.0046619928012779,0,105.3499984741211
2015-07-27,-0.0046619928012779,-0.007978731039290797,-0.056813954951814204,-0.6165628915111272,0.0075612607658756,0.03278129388665385,-0.0409073224218438,-0.065282264032831,-0.025414584201119528,0.23684117607615093,0.009727223318037196,0.45733020694168003,0.0015246432799856,1,104.86000061035156
2015-07-28,0.0015246432799856,-0.003327215432502797,-0.0530343158593106,0.20543650523950197,0.0074214817770977,0.05528202464134169,-0.03589464473657577,-0.0617635426295846,-0.026832023856916187,0.2506571972045883,0.004760998057344833,-0.24210411303154256,0.0014272948765042,1,105.0199966430664
2015-07-29,0.0014272948765042,0.003524270114741903,-0.0463558165424381,0.19077944192793173,0.0074813872086038,0.06689757340484781,-0.031316219074877034,-0.0583455266290906,-0.02790312802429684,0.26410815454803527,0.010839587425086191,-0.22072408604791027,-0.0085944145146335,0,105.16999816894533
2015-07-30,-0.0085944145146335,-0.0005753134236073966,-0.05131252683343991,-1.134681263804779,0.0075742984296885,0.08054175985715228,-0.03618358551289874,-0.0644571150414752,-0.02933497407140795,0.23665905890696876,0.010645445920088401,-0.09125620987446026,0.0063098074713187,1,104.2699966430664
2015-07-31,0.0063098074713187,-0.003994661688102898,-0.034838256668228,0.8001273147472536,0.0078860043333377,0.034246682665687755,-0.027011482927513118,-0.0566478734206987,-0.030459136950922283,0.29456104378936276,0.010101949447354368,-0.10362779354173013,-0.0079415031150899,0,104.93000030517578
2015-08-03,-0.0079415031150899,-0.007274172001914898,-0.015252903041205702,-1.0142495741311643,0.0078299299478561,0.03553232593075206,-0.03113221862537972,-0.0621554152246387,-0.03202005185397294,0.267120110965833,0.007396701770921149,-0.5248294329423853,0.0020152503194806,1,104.0999984741211
2015-08-04,0.0020152503194806,-0.006783564962419898,-0.010110780394922702,0.26198781804340615,0.0076921527669913,0.03647128673533584,-0.026255006384002473,-0.0583479631683889,-0.0329582765454941,0.28526244655251776,0.007669476277270688,-0.5457186328948207,-0.003649612745896,0,104.30999755859376
2015-08-05,-0.003649612745896,-0.011860472584820097,-0.008336202470078201,-0.48256959986301823,0.0075628733076679,0.010891843556819047,-0.026549081090092772,-0.0600847529331464,-0.034450295532729824,0.2721346460729467,0.006927751549975397,-0.29016496166383865,0.0044162810366784,1,103.93000030517578
2015-08-06,0.0044162810366784,0.0011502229664918035,0.0005749095428843991,0.5769081377428732,0.0076550853554552,0.010665928536700342,-0.019038492530974182,-0.0542996378809525,-0.03594549335677366,0.31333075111577985,0.006897224110670145,-0.4500985660434703,0.0024875838994236,1,104.38999938964844
2015-08-07,0.0024875838994236,-0.0026720006054032964,-0.0066666622935062005,0.32303795814500713,0.0077005931863492,-0.023511418349680957,-0.013424574008388963,-0.0503319375534675,-0.03740957110094545,0.33619974999161445,0.007931143712930638,-0.3842492385140496,0.0101726378098647,1,104.6500015258789
2015-08-10,0.0101726378098647,0.015442140319551304,0.0081679683176364,1.2335797322154969,0.008246437213746,0.05319425188522198,-0.0008552906711495671,-0.0391606441186344,-0.038338143704144345,0.421576035012934,0.01276956544204721,-0.18473963647683445,0.0050948398439476,1,105.72000122070312
2015-08-11,0.0050948398439476,0.018521729844018304,0.011738164881598399,0.6053205549302627,0.0084167633206088,0.09420126921126193,0.0063786749945605155,-0.0328922020199677,-0.039021968559439735,0.4593678082072505,0.008093361500680057,-0.44377861816468445,0.0139247878572535,1,106.26000213623048
2015-08-12,0.0139247878572535,0.0360961304471678,0.0242356578623477,1.5303256904453733,0.0090992315846184,0.2031447856455304,0.021656268518662238,-0.0181319809043763,-0.03894484930898434,0.5472643041739498,0.009095158765044953,0.36589401153088463,-0.0082941567425384,0,107.75
2015-08-13,-0.0082941567425384,0.023385692667951007,0.024535915634442795,-0.8989876461432365,0.0092261075868187,0.20522595874701155,0.014612477124620086,-0.0250373559753762,-0.039078795100531916,0.4954490744593306,0.004398289519171085,-0.3516455311851324,-9.36047567321894e-05,0,106.86000061035156
2015-08-14,-9.36047567321894e-05,0.020804504011795216,0.01813250340639191,-0.010411060393384557,0.0089908955663794,0.16755882940518307,0.015385188034114334,-0.0240618896363821,-0.03884937276549194,0.49488198745766987,0.008142281319664638,-0.48217676996471803,0.0026170571520375,1,106.8499984741211
2015-08-17,0.0026170571520375,0.013248923353968014,0.028691063673519313,0.40587717579952776,0.0064479042135893,-0.2180981863487329,0.0173547397855889,-0.0205902126537748,-0.037297661234036106,0.5117303784394724,0.004760591331147555,-0.0810169329531516,-0.0001866751617238,0,107.12999725341795
2015-08-18,-0.0001866751617238,0.007967408348296616,0.026489138192314913,-0.029213674201347347,0.0063899925917292,-0.24080167775621852,0.016325164760485355,-0.0197944544357886,-0.035539432111558744,0.51042095619867,0.009522960196513448,-0.30816744435865584,0.0133545749632443,1,107.11000061035156
2015-08-19,0.0133545749632443,0.007397195454287414,0.04349332590145521,1.966391485061846,0.0067914121194561,-0.253627951294646,0.028159574499219905,-0.0058394638706976,-0.03306786146156082,0.5914864133703659,0.009580846488152456,0.19398957416674367,0.0172614847299862,1,108.5500030517578
2015-08-20,0.0172614847299862,0.032952836926812015,0.056338529594763015,2.3176434693571624,0.0074478602762719,-0.19274079494665486,0.043043021837581324,0.0120893749719736,-0.029676289680817813,0.6689633171881029,0.00823980117704327,1.0140982059455137,0.0062282533143871,1,110.44000244140624
2015-08-21,0.0062282533143871,0.0392746949979313,0.06007919900972651,0.8511373546499346,0.0073175654673842,-0.1861138400108282,0.04670271811862804,0.0188103322093512,-0.026647858485942866,0.6919342195859017,0.010888141045422482,1.192499005564898,-0.0054136962037427,0,111.12999725341795
2015-08-24,-0.0054136962037427,0.0312439416421511,0.04449286499611911,-0.7356541793502305,0.0073590232417688,0.14130467792298607,0.03827907805723849,0.0138116014413343,-0.023565414283109654,0.6497146685293452,0.021261251510624402,1.731229637793147,-0.0124722368905492,0,110.52999877929688
2015-08-25,-0.0124722368905492,0.018958379913325704,0.026925788261622313,-1.5400884437605036,0.0080983900249879,0.26735515084476624,0.023419809973771362,0.0020857232563732,-0.020845880165193287,0.5649504237043527,0.012183966530191052,0.4343101565213139,-0.0137437525667737,0,109.16000366210938
2015-08-26,-0.0137437525667737,-0.008139947616692296,-0.0007427521624048892,-1.5571734693856958,0.008826089602076,0.29959564326702215,0.008268780625357472,-0.0105661082705674,-0.018680424563223164,0.49006500684833837,0.009101845864261804,0.504519823336784,0.0005571512452685,1,107.66999816894533
2015-08-27,0.0005571512452685,-0.024844281101409998,0.00810855582540201,0.06535452018800632,0.0085250606027821,0.14463218784354037,0.00719898210923746,-0.0088999065065875,-0.01598382137173271,0.49297973359757025,0.008632695407002655,0.11162866956758566,0.0089636379853939,1,107.7300033569336
2015-08-28,0.0089636379853939,-0.022108896430403195,0.0171657985675281,1.0396477525146632,0.0086218028786317,0.17823378787121724,0.014479874998933773,0.0012434665706461,-0.013047482512456465,0.5388652505678742,0.010855568889644156,0.030949347925117054,0.0011033722012556,1,108.6999969482422
2015-08-31,0.0011033722012556,-0.015591828025404895,0.0156521136167462,0.13265310456295204,0.0083177261843275,0.13027584110853652,0.013367847046101576,0.003513493817481,-0.009724359478490818,0.5443591407837871,0.00817863804580384,-0.38607357878559856,0.0034858971109339,1,108.81999969482422
2015-09-01,0.0034858971109339,0.00036630597607820344,0.0193246858894039,0.418859882713285,0.0083223465765043,0.02765445364144914,0.014596408545588276,0.0078430594402884,-0.006656192598770039,0.5621482094401791,0.007600679714794909,-0.06551298225045044,-0.0053254574714514,0,109.1999969482422
2015-09-02,-0.0053254574714514,0.008784601071400503,0.000644653454708201,-0.6344788096246899,0.0083934362986867,-0.049019817710386326,0.007013517375764325,0.0032808705086679,-0.0037066502114327937,0.5282484469358184,0.008101613249550941,-0.4532614745746726,-0.0072069646875859,0,108.62000274658205
2015-09-03,-0.0072069646875859,0.0010204851385461032,-0.0238237959628639,-0.8349676166507851,0.0086314301822799,0.01247728133018633,-0.001814244539170237,-0.0030489436008481,-0.0012369431790859586,0.48581790818654347,0.007047497793389858,-0.4801925616167949,-0.0032508130940552,0,107.83999633789062
2015-09-04,-0.0032508130940552,-0.011193965940902996,-0.0333028623713062,-0.37381115464528974,0.0086964047317954,0.008652697610217253,-0.00635990695831437,-0.0053742731864184,0.0009919424334807747,0.4676657388090992,0.004558543804145927,-0.46398976719843765,0.0002790454421465,1,107.48999786376952
2015-09-08,0.0002790454421465,-0.012018292700012095,-0.027610120725417,0.033041806491162846,0.0084452235449394,0.015328391171632205,-0.006908809698212702,-0.0041678540796672,0.002760024099813352,0.4694953815627597,0.005859420596002208,-0.20383674534115204,-0.0130121136590399,0,107.5199966430664
2015-09-09,-0.0130121136590399,-0.028516303469985897,-0.028149997493907702,-1.458329499520426,0.0089226156800085,0.0721273859465168,-0.019688459546613947,-0.0157765335853043,0.003990492613705543,0.4007624841856753,0.011589520016683596,0.14209692043588795,0.0023528316012587,1,106.12999725341795
2015-09-10,0.0023528316012587,-0.020838014397275794,-0.0120534133258753,0.2826905395662509,0.0083229937756983,-0.008392572539023369,-0.01675711022370612,-0.0123608312504564,0.004471203421821723,0.4172858668668077,0.004888105437977092,-0.1796303973119805,-0.0020701389754934,0,106.37999725341795
2015-09-11,-0.0020701389754934,-0.015701188685183297,-0.0146807035466372,-0.25444219068093576,0.0081359894361596,-0.05739961230728918,-0.018472935601322897,-0.0133370141436403,0.0052325826194401515,0.4066594812274197,0.008760364290640385,-0.46530189467753547,0.0005650019663848,1,106.16000366210938
2015-09-14,0.0005650019663848,-0.011885373624743296,-0.023079339565646298,0.06942486228128252,0.008138323185945,-0.0641738239033387,-0.01763211002477924,-0.011761714369324,0.005975760929648466,0.41106429965347163,0.005742803646594842,-0.685201539711033,-0.0030171594704306,0,106.22000122070312
2015-09-15,-0.0030171594704306,-0.015181578537320396,-0.0271998712373325,-0.3711279339106153,0.0081297019026255,-0.037360958017857326,-0.020034222457083518,-0.0136082770587346,0.006557316128386503,0.39425305976777,0.0035882648530946677,-0.603382106184372,0.0132265521720312,1,105.9000015258789
2015-09-16,0.0132265521720312,0.011057087293750704,-0.0174592161762352,1.5208013664985458,0.0086970938239513,-0.025275307616631992,-0.007078436850675271,0.000167746843599,0.007297841000945882,0.4927010696346327,0.010716629876456425,-0.28013087544622783,0.0101985502653112,1,107.30999755859376
2015-09-17,0.0101985502653112,0.018902805957803206,-0.0019352084394725997,1.2041547756776283,0.0084694679382657,0.01759873508437315,0.0031647112389625305,0.0109252269092556,0.007736033358578309,0.5536484010357353,0.014943295746315225,0.12764011805347297,0.0073522563730742,1,108.41000366210938
2015-09-18,0.0073522563730742,0.028325201306370805,0.012624012621187501,0.9606962926195184,0.0076530495949213,-0.05935846463761629,0.011142844264487696,0.0187937104421337,0.007566553253127495,0.592035897451396,0.005127713243185583,-0.05171379043716384,-0.0062460046161412,0,109.20999908447266
2015-09-21,-0.0062460046161412,0.021514194723844804,0.0096288210991015,-0.8241573441176556,0.0075786555330987,-0.06876940618589023,0.006057846004295454,0.0130095988408514,0.006909893764226238,0.548828727721704,0.0030406508317187293,-0.3849731352765433,-0.0068417229231559,0,108.52999877929688
2015-09-22,-0.0068417229231559,0.017689631271119506,0.0025080527337991,-0.8970190271571319,0.0076271770341806,-0.06181344340345474,0.00046873478508866265,0.0067038975275495,0.006232241474092737,0.5055863872042557,0.004824164010110088,-0.09049894591227936,0.0039813052072609,1,107.79000091552734
2015-09-23,0.0039813052072609,0.008444384306349204,0.0195014716000999,0.5506153927915513,0.0072306463992519,-0.1686134994497689,0.004898221145474691,0.0111958619156594,0.006266943893090238,0.528818237986884,0.004065814419174676,-0.5157929283394002,0.0207587962965126,1,108.22000122070312
2015-09-24,0.0207587962965126,0.0190046303375506,0.0379074362953538,2.605890190510025,0.0079661055450881,-0.059432587365183864,0.02463518617539999,0.0323427992859656,0.007522299853214509,0.6281525578876893,0.010770227752864087,0.9423358313681167,-0.0061734224143141,0,110.48999786376952
2015-09-25,-0.0061734224143141,0.005478951550162304,0.0338041528565331,-0.7584893166687444,0.0081391026592537,0.06351103025060145,0.017347986888418425,0.0259797573998322,0.008484580126623342,0.5881517450304377,0.0043711477844533666,-0.058155017975417445,-0.0127390204329573,0,109.80999755859376
2015-09-28,-0.0127390204329573,-0.0010140642666537966,0.020500130457191,-1.5065240828822921,0.0084559022837424,0.11575229231787221,0.004600470463603485,0.0130362170392379,0.008397115891993767,0.5158399936977507,0.005903034770814869,-0.2870857271179146,-0.0040665010650436,0,108.41999816894533
2015-09-29,-0.0040665010650436,0.0017611575914585039,0.019450788862578,-0.4786835050112614,0.0084951769226891,0.11380355859299285,0.0009130747737669144,0.0084953785409115,0.007575386872489931,0.49508984845079484,0.007501436958755839,-0.23982121623717523,-0.0104264836372973,0,107.9800033569336
2015-09-30,-0.0104264836372973,-0.012646631253099696,-0.004202246946750504,-1.1946378359860226,0.0087277359909596,0.20704782242741016,-0.008393293308767275,-0.0022427514401082,0.006202602127593382,0.4459179168947427,0.005708409197711134,0.3879432085784995,-0.0012172598628681,0,106.86000061035156
2015-10-01,-0.0012172598628681,-0.034622687412480396,-0.015618057074929805,-0.14038621721219835,0.0086707932376878,0.08846075269919185,-0.00873034587679851,-0.0038155774350362,0.00495805396777671,0.44044990388919997,0.005434290385197693,-0.19933530570884817,0.0209538029225264,1,106.7300033569336
2015-10-02,0.0209538029225264,-0.007495462075639895,-0.002016510525477605,2.1377847691483773,0.0098016429085486,0.20426579180748927,0.011719366877851115,0.0163943431528494,0.004620823153188347,0.5449255292249949,0.007156608813515377,0.39675519022311123,-0.0020205850578976,0,108.98999786376952
2015-10-05,-0.0020205850578976,0.0032229732994198037,0.002208909032765995,-0.2065931824430367,0.0097805021153335,0.15664795868535752,0.009077681780244068,0.0136961001122093,0.0045768709538964725,0.5344639603071012,0.00845819800808042,-0.020996104633693835,0.0099713032271164,1,108.7699966430664
2015-10-06,0.0099713032271164,0.017260777591579804,0.019021935183038297,0.9969506762201682,0.0100018019596732,0.17735063680194485,0.018084772780272082,0.022901227473943,0.004730897487561725,0.5777200989297107,0.005734615686440896,0.32181436124502705,-0.0014574940081346,0,109.86000061035156
2015-10-07,-0.0014574940081346,0.0262297672207425,0.013583135967642795,-0.1539966490883205,0.0094644527446743,0.08441098063436026,0.014923136516395942,0.0205220507374229,0.0055165894042426,0.5693570303958068,0.0072926442480692475,-0.027961423381743122,-0.005117883296348,0,109.6999969482422
2015-10-08,-0.005117883296348,0.022329143787262605,-0.012293543625217805,-0.5341074810251456,0.0095821224719132,0.10510332898543662,0.00845460281495443,0.0145630772702445,0.006057262704973754,0.5398991357032683,0.011086669335160417,-0.07577415517315711,0.0157269123915427,1,109.13999938964844
2015-10-09,0.0157269123915427,0.017102253256278906,0.009606791180638995,1.561977986152845,0.010068587733607,0.02723470213606549,0.022215486682943136,0.0293820270178154,0.007010792174678926,0.6074668002172932,0.007396046491479715,0.400653802585629,0.0039607110144831,1,110.87000274658205
2015-10-12,0.0039607110144831,0.02308354932865961,0.026306522628079396,0.3933679016271298,0.010068719379746,0.029468554989691587,0.023869730882941212,0.0322442836803958,0.008179314755435652,0.6226450334572616,0.0064684326340417085,0.0714132848467417,0.004929015278091,1,111.30999755859376
2015-10-13,0.004929015278091,0.018041261379634205,0.03530203897121399,0.4927660927744388,0.0100027484649745,9.4633477559114e-05,0.02611615946889619,0.0358539252492483,0.009489925375887776,0.6413156836381293,0.005274485643356695,-0.13496007068681104,0.0172822749923714,1,111.86000061035156
2015-10-14,0.0172822749923714,0.0367810303801402,0.0630107976008827,1.6837308116412038,0.0102642743560211,0.08450796183613085,0.04090067354886377,0.0520603763290747,0.010721198538725885,0.6983091449638246,0.014497793971350568,0.6470489525834875,-0.0045794588755318,0,113.80999755859376
2015-10-15,-0.0045794588755318,0.03731945480095641,0.059648598588219005,-0.4469430197187734,0.0102461805498457,0.06930177315923136,0.03383768631212574,0.0454444051813517,0.011226828952839885,0.6678348936760815,0.009268209143595925,1.172893104903315,-0.0070866011523386,0,113.29000091552734
2015-10-16,-0.0070866011523386,0.014505941257075106,0.031608194513354004,-0.6832390982882331,0.0103720661918985,0.030141114754211884,0.025003174134993877,0.0365124210397621,0.011228498794143782,0.6228038134610984,0.0089785950343213,0.1259434078226025,-0.0041869129999151,0,112.48999786376952
2015-10-19,-0.0041869129999151,0.006358317242676905,0.029441866571336503,-0.4064442009502064,0.0103013230109489,0.023101610287282304,0.01910014268471598,0.0307817175801176,0.011462636895161138,0.5973212424200143,0.007141609317369278,-0.3909599218587767,0.0063182120205528,1,112.0199966430664
2015-10-20,0.0063182120205528,0.007747513985138706,0.0257887753647729,0.6222297562983564,0.010154146368923,0.01513563041984245,0.023260070577483336,0.0359785293671749,0.012429351203466776,0.6224523649506786,0.006298226411158898,-0.24240328984115533,-0.0089103322306711,0,112.7300033569336
2015-10-21,-0.0089103322306711,-0.018445093237903797,0.0183359371422364,-0.8532431093524853,0.0104428997234247,0.01740262986041663,0.012569929332147916,0.0257573477102191,0.013023711248040915,0.568625200926039,0.008592133318083322,-0.40143408968228755,-0.0003580781927906,0,111.7300033569336
2015-10-22,-0.0003580781927906,-0.014223712555162596,0.0230957422457938,-0.03800865928891699,0.0094209635248832,-0.08053898923096059,0.011657315153569874,0.0246488422271705,0.012841825862375922,0.5665148179917916,0.006983604281914764,-0.441315714174232,-0.0017026075113334,0,111.69000244140624
2015-10-23,-0.0017026075113334,-0.008839718914157395,0.0056662223429177015,-0.1829655842632079,0.009305616234822,-0.1028194322467294,0.009163932571557894,0.0220356406240413,0.01275482370806058,0.5559599548304125,0.007892352048591648,-0.20630275562149225,-0.0006279971024889,0,111.5
2015-10-26,-0.0006279971024889,-0.005280803016731196,0.0010775142259457013,-0.07169994505024822,0.0087586831767973,-0.1497516224383978,0.007158482597296183,0.0205371353244981,0.013283562575673757,0.5518804449647932,0.005833272225601248,-0.5761706977249745,0.002241047948969,1,111.43000030517578
2015-10-27,0.002241047948969,-0.009357967088314996,-0.0016104531031762986,0.2586106386099886,0.0086657221876658,-0.14658289600911767,0.007733054973300897,0.0219750294648645,0.014132685656461641,0.5641802968783477,0.004656130387226739,-0.5591409404471235,-0.0080914001608609,0,111.68000030517578
2015-10-28,-0.0080914001608609,-0.008539035018504795,-0.0269841282564086,-0.9510052422169994,0.0085082603141052,-0.1852588323700809,-0.0021527944196008063,0.0130587366010083,0.015244348970002486,0.5099184430449167,0.02653910880847273,0.357381960219632,-0.0096145643907691,0,110.77999877929688
2015-10-29,-0.0096145643907691,-0.017795521216483295,-0.032019233771645894,-1.0845793127810148,0.0088647868140837,-0.05903607516688658,-0.01302975697555806,0.0031506302250959,0.016393996997388083,0.4544769546507385,0.008567214742560088,-0.15359947810669072,-0.0038352540915995,0,109.72000122070312
2015-10-30,-0.0038352540915995,-0.019928167796749396,-0.028767886710906798,-0.5025644899231287,0.0076313670553726,-0.17991814160402297,-0.01694485684309295,-0.0004809829928368,0.016747660560917588,0.43432681681501456,0.004757586989404446,-0.07244863553800807,-0.0065171345988014,0,109.3000030517578
2015-11-02,-0.0065171345988014,-0.025817305293061896,-0.0310981083097931,-0.8394556440842729,0.0077635246659288,-0.11361964929897028,-0.0232516632526141,-0.0065122755320586,0.0171378717431947,0.40188759011897085,0.003499376243052466,-0.02511253257521917,-0.0149373560224424,0,108.58999633789062
2015-11-03,-0.0149373560224424,-0.0429957092644733,-0.0523536763527883,-1.8537087377019241,0.0080580922550759,-0.07011878749756817,-0.03648527686308344,-0.0206058777520256,0.01648070208969843,0.3398943900709399,0.010562695998875622,0.19578805734855798,-0.009485885776108,0,106.9800033569336
2015-11-04,-0.009485885776108,-0.044390194879720395,-0.0529292298982252,-1.148099103665687,0.0082622534464326,-0.028913885869801592,-0.04397601247527445,-0.0292853939519609,0.01536637021143128,0.3078159278626603,0.011040843214756124,0.2511774236861102,-0.0031189650547963,0,105.97000122070312
2015-11-05,-0.0031189650547963,-0.0378945955437476,-0.0556901167602309,-0.37892253582544766,0.0082311416184364,-0.07147889835778243,-0.045446134168441225,-0.0319482770139038,0.01414048765365239,0.2979223942362944,0.004922346138496612,-0.03294391951933351,-0.0146851206881709,0,105.63999938964844
2015-11-06,-0.0146851206881709,-0.048744462140318995,-0.0686726299370684,-1.9210919218466074,0.0076441530575253,0.0016754536978664802,-0.05647552959233825,-0.0454252972493936,0.011711654217267053,0.25649163726695096,0.0038424738880122027,0.42925342024604407,0.002877729101132,1,104.0999984741211
2015-11-09,0.002877729101132,-0.039349598440385596,-0.0651669037334475,0.37890753166410274,0.0075948057524575,-0.021732257026469415,-0.050783956001169396,-0.0419187899199046,0.00933946085015358,0.2775684906960592,0.0037356262830299247,-0.32006629403032627,-0.0021095148178785,0,104.4000015258789
2015-11-10,-0.0021095148178785,-0.0265217572358217,-0.069517466500295,-0.2867182859726651,0.0073574477844068,-0.08694917462973384,-0.049465563878307285,-0.0431228431578999,0.006672794250660141,0.27149051881511227,0.007487029919485511,-0.26286910991295964,-0.003365211295874,0,104.18000030517578
2015-11-11,-0.003365211295874,-0.020401082755587698,-0.0647912776353081,-0.6128013832549689,0.0054915203976846,-0.335348348572425,-0.0483261032258106,-0.0453958542480237,0.0030790473372437344,0.26167362230385566,0.004334051523652446,-0.3815562601299616,0.0001925716785326,1,103.83000183105467
2015-11-12,0.0001925716785326,-0.0170895460222588,-0.0549841415660064,0.03442069547448926,0.0055946480998713,-0.3203071506703018,-0.04400699545464563,-0.0443738269007831,-0.00038371770964151786,0.2633126202235465,0.012325457853673867,0.18545765853061957,-0.0027964043204795,0,103.8499984741211
2015-11-13,-0.0027964043204795,-0.0052008296545673965,-0.0539452917948864,-0.5023738019194907,0.0055663816659923,-0.2718118509528711,-0.042742021197014146,-0.0462911844629786,-0.003707635083285088,0.25448940875325987,0.0028003179061802715,-0.36899602417785227,0.0014474024653423,1,103.55999755859376
2015-11-16,0.0014474024653423,-0.006631156290357097,-0.0459807547307427,0.25372931210857114,0.0057045142057649,-0.24889267853637298,-0.0376594405117313,-0.0442443699535097,-0.006842618631059283,0.26814964754368104,0.004917579218326555,-0.4166695491898462,-0.0132979661806881,0,103.70999908447266
2015-11-17,-0.0132979661806881,-0.017819607653166696,-0.0443413648889884,-2.3970176848215763,0.0055477130039105,-0.2459731735143006,-0.045772024189254606,-0.055968536925697,-0.01068561496300624,0.22720215088019502,0.013875300173521394,0.6387411989961325,0.0008790738346113,1,102.33999633789062
2015-11-18,0.0008790738346113,-0.013575322522681397,-0.0339764052782691,0.15695493654695752,0.0056008039884002,0.019900425164891766,-0.04077389599060573,-0.0544928864062119,-0.01430214457077783,0.23546203737292573,0.008884077223505347,-0.048424007682337566,0.0109714898807345,1,102.43000030517578
2015-11-19,0.0109714898807345,-0.002796404320479496,-0.019885950342738302,1.6821178826136634,0.0065224262782862,0.1658331608803496,-0.026485884877784686,-0.0435642141195094,-0.01754297033441654,0.33199746084361065,0.009849330505143136,-0.054881730177985255,-0.0045487737236644,0,103.55999755859376
2015-11-20,-0.0045487737236644,-0.0045487737236643965,-0.009749603378231799,-0.699190564595889,0.0065057710358169,0.1687612215963885,-0.027058177008311667,-0.0473647375562402,-0.02087129987432146,0.3142254995818945,0.0066932046359248955,0.09808594403652693,-0.008083747042833,0,103.08999633789062
2015-11-23,-0.008083747042833,-0.014079923231839696,-0.0207110795221968,-1.2396988410554528,0.0065207345325504,0.14308323151525149,-0.030697095723364487,-0.0543424574306319,-0.02439419257173636,0.28519204226969763,0.005769570952136629,-0.26655224216385687,0.0066277073993574,1,102.26000213623048
2015-11-24,0.0066277073993574,0.005845750348205803,-0.011973857304960898,0.9719377913371399,0.0068190654365228,0.2291669435163901,-0.020192909384354793,-0.0475326657693351,-0.02790320323952933,0.33907234031374445,0.005440038326330102,-0.3734193000036915,-0.0046738483658018,0,102.94000244140624
2015-11-25,-0.0046738483658018,0.0002928281477927036,-0.013282494374888699,-0.6918443641831644,0.0067556355269585,0.20619031498871698,-0.020884803659076395,-0.0511223429043521,-0.030882514497045155,0.32069620093344225,0.004684787831569694,-0.44586016159340014,-0.0118797635889466,0,102.45999908447266
2015-11-27,-0.0118797635889466,-0.022558425321888398,-0.025354829642367897,-1.7281254783661721,0.006874364007513,0.053958099978597795,-0.028516049855094195,-0.0610829291252459,-0.03352281760835474,0.27956510138527163,0.006222270447531145,-0.054593370642715966,0.0065954678715975,1,101.25
2015-11-30,0.0065954678715975,-0.011414183726626498,-0.0159629574502909,0.9068441565173164,0.0072729893269942,0.11792887990577183,-0.018612859877778703,-0.0535902807326187,-0.03564079803459008,0.3307495942886064,0.008437996720977057,0.267533148059774,0.0035259646298245,1,101.91999816894533
2015-12-01,0.0035259646298245,0.00019552794603100356,-0.0138843952858087,0.4765465580201797,0.007398992964031,0.134687039795361,-0.012145366112437434,-0.0491436996861972,-0.03745321660147316,0.35717669855798506,0.0060618180874237124,-0.12069089518848963,-0.0156676243137877,0,102.27999877929688
2015-12-02,-0.0156676243137877,-0.022099803767114096,-0.0162540534189083,-2.0994952540762855,0.007462567149589,0.09436802140358069,-0.024539076967651542,-0.062687898987459,-0.03910850872551275,0.30069971182764715,0.008143804498380015,0.8801873658618222,0.0105706064103597,1,100.69000244140624
2015-12-03,0.0105706064103597,-0.006855348990952595,-0.006562520843159898,1.3406010315744434,0.0078849755903479,0.16717006991906924,-0.012158694206411604,-0.0515867255608662,-0.03991332527118807,0.372596211737541,0.011006316067904908,0.20780177623920038,0.0219660354882815,1,101.76000213623048
2015-12-04,0.0219660354882815,0.026990450086275507,0.004432024764387102,2.3058077994011605,0.0095263948252696,0.3857856253841363,0.010574966529697217,-0.0293527324545108,-0.039509883290815506,0.491510589413386,0.01499709295268213,0.8991020814978954,-0.0130632125964203,0,104.0199966430664
2015-12-07,-0.0130632125964203,0.007331769618257707,-0.004082414108368796,-1.388537161650467,0.0094078955588721,0.29353902994935654,-0.0018471835308531566,-0.0406717229689584,-0.03889638820580876,0.43809521050627637,0.0084737777549235,-0.18588081821433,0.0016544033114078,1,102.66999816894533
2015-12-08,0.0016544033114078,0.005460208299841007,0.005655736245872004,0.17623616460872954,0.009387422355002,0.26874324663334925,0.0005642732365140638,-0.038080233580423,-0.0386227130536394,0.44625611003312426,0.007098438184839216,-0.3634700888022929,-0.0019466324270582,0,102.83999633789062
2015-12-09,-0.0019466324270582,0.019181200186570505,-0.002918603580543596,-0.20739183504418832,0.009386253931566,0.2577781537393533,-0.0006328783569378273,-0.038990906184923,-0.03838231916707513,0.4381929643617919,0.013055377779165302,0.10786534204972464,-0.0008772000837341,0,102.63999938964844
2015-12-10,-0.0008772000837341,0.007733393692476705,0.0008780447015241039,-0.09365632147983305,0.0093661599118324,0.18784894189116286,-0.0008865479753107947,-0.03905797441643,-0.03820529727006006,0.43438944399847734,0.004778210420108312,-0.2936945721614669,0.0054458711721541,1,102.5500030517578
2015-12-11,0.0054458711721541,-0.008786770623650695,0.018203679462624803,0.5754720309841108,0.0094633116449485,-0.0066219363650315,0.004931594139110417,-0.0331546025468804,-0.03789929275595916,0.46548012149958334,0.014256630899055068,0.24041417689184885,-0.0128845089907494,0,103.11000061035156
2015-12-14,-0.0128845089907494,-0.008608067017979795,-0.0012762973997220966,-1.30665807201608,0.0098606584742323,0.048125844140905816,-0.007076964795530022,-0.0442414951543883,-0.03742941702546476,0.40848229467561453,0.009627697692496193,-0.006061385597376123,-0.0026560861191144,0,101.79000091552734
2015-12-15,-0.0026560861191144,-0.012918556448501994,-0.007458348148660997,-0.2695777163266103,0.009852765856568,0.04957095611214801,-0.008651863530808022,-0.045477140543657,-0.03714666488808527,0.3977534585456455,0.006402619365421171,0.17945862415774227,0.012043063036934,1,101.5199966430664
2015-12-16,0.012043063036934,0.0010711390154902068,0.020252339202060703,1.2255710290914725,0.0098264912853412,0.04690234858175746,0.003158366671735075,-0.0326188656712673,-0.03566459048904058,0.4664976566010909,0.01498776920810537,0.4354611991663031,-0.0221411258772135,0,102.75
2015-12-17,-0.0221411258772135,-0.020192786777989195,-0.012459393085512499,-2.0094224274329844,0.0110186517155074,0.17643215781393873,-0.01788331428146833,-0.052160412486872,-0.03490124819570306,0.38085626040072534,0.007562134396377346,0.6836364239179087,0.0152071747467198,1,100.5
2015-12-18,0.0152071747467198,-0.010431483203423493,-0.0192182538270742,1.3461179321838126,0.0112970597769611,0.1937744629800342,-0.0020928158816515027,-0.0363457345107251,-0.03432475401941937,0.4546519778179092,0.012054054454167584,0.34715260083790467,0.0108193520642257,1,102.04000091552734
2015-12-21,0.0108193520642257,0.013272377851551605,0.0046643108335718,0.9372061039258602,0.0115442612024234,0.17073938141054779,0.00873291370432334,-0.0244405150594556,-0.032886236101841604,0.5008338682029387,0.006689237050942969,0.026275906673230764,-0.0052488544876924,0,103.1500015258789
2015-12-22,-0.0052488544876924,0.010679609482973605,-0.0022389469655284006,-0.4581561036424309,0.0114564761791079,0.16276752598062028,0.0032803945999586395,-0.0279480266507226,-0.031126314656166554,0.47955763530399464,0.006237202863673628,-0.33701844000366576,-0.0029280037943663,0,102.61000061035156
2015-12-23,-0.0029280037943663,-0.004291457348326694,-0.0032203183328365003,-0.25747551922583023,0.0113719696659711,0.15727672632604772,0.0006552811417494661,-0.0290331735978779,-0.029669013194786542,0.4676710424968525,0.0037141751782404377,-0.5439586727700623,0.0072069409227907,1,102.30999755859376
2015-12-24,0.0072069409227907,0.02505660945167751,0.0048638226736883,0.6298703669505492,0.0114419431377322,0.03841589998067274,0.007602270458879036,-0.0200087194821716,-0.027402667451787543,0.5005560032044394,0.0027171897176049213,-0.7208139850938633,-0.0075979949571133,0,103.0500030517578
2015-12-28,-0.0075979949571133,0.002251439747844409,-0.0081800434555791,-0.6759423917604604,0.0112405954260757,-0.004998145712263202,-0.0005228812214846723,-0.0253837018282755,-0.024873826663659893,0.4677552499522069,0.005573479158443514,-0.44468665796904094,-0.0006846940847351,0,102.2699966430664
2015-12-29,-0.0006846940847351,-0.009252606401116392,0.0040197714504352,-0.06140549843293873,0.0111503709310797,-0.03412000685336314,-0.0013436195998595033,-0.0241368852486208,-0.02282393233158786,0.46481156904544596,0.004598837913284249,-0.5155945477448602,-0.0076613555962643,0,102.1999969482422
2015-12-30,-0.0076613555962643,-0.011665107509688293,-0.0009854980267147003,-0.6809141779594801,0.0112515730238183,-0.017885356027996013,-0.008548860618991457,-0.0296204181640927,-0.02125324860512723,0.43217432475275624,0.002464997086507044,-0.35450065584112267,0.0003943308023186,1,101.41999816894533
2015-12-31,0.0003943308023186,-0.008342772913003392,-0.012634230261330101,0.03697769568777512,0.010664017727015,-0.06225411777825429,-0.008530975742330821,-0.027139609223515,-0.01876874922554128,0.4343677931168657,0.0040410375104380164,-0.30248106660050733,0.0139958273406263,1,101.45999908447266
2016-01-04,0.0139958273406263,-0.0015538864951677913,0.0235027229565097,1.28851985904107,0.0108619415078648,-0.05069083309413791,0.004888197621017289,-0.0117525502412188,-0.016559800285874227,0.5075975270930032,0.0114685616889461,0.17545704106068571,0.0028145883185664,1,102.88999938964844
2016-01-05,0.0028145883185664,0.00885869678051191,0.011110136528356301,0.2916216910616173,0.009651505374378,-0.14137062953189838,0.008134061345684389,-0.0073443754537336,-0.015353550081183664,0.5211373266264692,0.005136642544381625,-0.3163776982456825,0.0143374875989898,1,103.18000030517578
2016-01-06,0.0143374875989898,0.02388087846423681,0.0146282720631204,1.4773634270686984,0.0097047803785406,-0.12964506396013875,0.021694025862893544,0.0083154335795921,-0.013094519439909913,0.5843735780659828,0.008311863588435022,0.7361051584121885,0.0140406761508109,1,104.66999816894533
2016-01-07,0.0140406761508109,0.04558291021131201,0.0339178027016237,1.385130131717874,0.0101367198859484,-0.09908420231641235,0.03446933439237131,0.0236140168893152,-0.010493609759280376,0.6358176943311833,0.009891619474986978,1.028678973796691,-0.004437539422203,0,106.1500015258789
2016-01-08,-0.004437539422203,0.04075103998679041,0.032408267073787,-0.43515946993174653,0.010197501671971,-0.04374674414336177,0.02836569396730422,0.0202623706459535,-0.00787980712395131,0.6099962405549815,0.007191541767938779,0.3091827965789582,-0.0089345946460184,0,105.68000030517578
2016-01-11,-0.0089345946460184,0.017820618000145706,0.0162667315049779,-0.8549287740426664,0.0104506888963039,-0.037861795818282085,0.018133729553048712,0.012368000130376,-0.005663037433406681,0.5609311798617955,0.00821081370910591,0.04787560611945718,-0.0050729832368575,0,104.73999786376952
2016-01-12,-0.0050729832368575,0.009933046444721807,0.0187917432252337,-0.48393393241014576,0.010482801260892,0.08613121521134448,0.012440550630008703,0.0083192824296861,-0.004070627354621381,0.5348110045175503,0.009020197872276715,-0.06461598722926132,0.004882048039545,1,104.20999908447266
2016-01-13,0.004882048039545,0.0004776068852770073,0.0243584853495138,0.4867873343528882,0.0100291188677597,0.03342048728235869,0.015949413818743482,0.0141528325849425,-0.001768376662621307,0.5562256322863285,0.00993125385221764,0.21847932143668158,-0.0163670217062958,0,104.72000122070312
2016-01-14,-0.0163670217062958,-0.029930090971829693,0.015652819239482304,-1.5205315459049222,0.0107640132494293,0.06188326900010899,-0.0012700100659696033,-0.0012332173042644,3.683954830235869e-05,0.47734408486651647,0.016307516597932746,0.6192846785495154,0.010236740244834,1,103.0199966430664
2016-01-15,0.010236740244834,-0.015255811304792694,0.025495228681997703,0.9592774571154062,0.0106713028320465,0.046462474370344564,0.008356163370005049,0.0096111165059433,0.0012445534440370665,0.522788250545453,0.009511893220145414,0.6066685206317546,-0.0009612465570263,0,104.08000183105467
2016-01-19,-0.0009612465570263,-0.007282463215800591,0.0105381547843451,-0.10395066316962921,0.009247142131818,-0.11516434719548096,0.005691992557423025,0.0090306570848217,0.003319768430201764,0.5182106419315669,0.007693742994190336,-0.2325126662841831,0.0132793864375229,1,103.9800033569336
2016-01-20,0.0132793864375229,0.01106990645857981,0.0210029529033016,1.4579979681154416,0.0091079594950927,-0.13115213496686218,0.01749746951869637,0.022572911776129,0.004988162044111455,0.5740428349794295,0.011578259361322008,0.6681280718352063,0.0011381497656593,1,105.37000274658205
2016-01-21,0.0011381497656593,0.007326008184694111,0.0078036150699711,0.1286626006204215,0.0088460031133449,-0.11796806579071728,0.017506614438557812,0.0234612983480026,0.005852231155008658,0.5785830159773022,0.009195196135616352,-0.09876609865396357,-0.0046557912856441,0,105.48999786376952
2016-01-22,-0.0046557912856441,0.019037238605345813,-0.0108928523664839,-0.5275987688285089,0.0088244923239338,-0.18018566872335762,0.011614299570519111,0.0185887638652936,0.006894390774958126,0.5526773819285892,0.007142857142857143,-0.3050693095939222,0.0102331935411022,1,105.0
2016-01-25,0.0102331935411022,0.019033691901614008,0.003777880596821299,1.1378564506826523,0.0089933959024118,-0.15723543376501836,0.020166777583059722,0.0286864874384284,0.008351291222748136,0.5956508199889228,0.004619135136799041,0.09592343288847038,0.0113419134832321,1,106.08000183105467
2016-01-26,0.0113419134832321,0.031336851941872405,0.024054388726071803,1.2368752980183109,0.0091698116224035,-0.008362638782031695,0.0297039323361778,0.0397224692852564,0.009729531600747299,0.6376510338915966,0.01090500660789884,0.2872655478775914,0.003721294829618,1,107.29000091552734
2016-01-27,0.003721294829618,0.02177876033396751,0.0328486667925473,0.41858148247120147,0.0088902519233493,-0.023903001749261077,0.030861739294468362,0.0428226685605797,0.011602845280005658,0.6505725434220964,0.011885957380243518,0.21577625978411574,-0.0107362419293494,0,107.69000244140624
2016-01-28,-0.0107362419293494,0.00990436863895881,0.0172303768236529,-1.147459927240542,0.0093565288638605,0.05771258996567985,0.017739276952071704,0.0310914740286888,0.013119467214240066,0.58588508071717,0.0035667096879345647,-0.1501530003369672,0.0038408969118531,1,106.54000091552734
2016-01-29,0.0038408969118531,0.018401056836456008,0.0374382954418018,0.4232128771139196,0.0090755672134693,0.028452049173926186,0.018964427458752032,0.0344106929854689,0.01515878779521218,0.6011129872949601,0.006919101307947063,0.1284524343650808,0.0102327042028559,1,106.9499969482422
2016-02-01,0.0102327042028559,0.01840056749820971,0.0374342593998237,1.1107758936239949,0.0092122130679942,0.0243308721151394,0.02622308809961593,0.0438968336007749,0.01722212811825119,0.6394234127131941,0.005738109477748366,0.3945238060360383,0.0003700683510889,1,108.0500030517578
2016-02-02,0.0003700683510889,0.007428722366066509,0.0387655743079389,0.04174525413796627,0.0088649203060506,-0.03324946344677315,0.024074090384590886,0.0431423841261424,0.018620033375114975,0.6407742753399187,0.0076788033969405626,-0.1148971480166967,0.0106746544277751,1,108.08999633789062
2016-02-03,0.0106746544277751,0.014382081964223609,0.0361608422981911,1.1790705363571485,0.0090534485415567,0.018356804690627504,0.03209654795601957,0.053180559002898,0.020428332105783875,0.6784078952213025,0.015377577164080248,0.940578601043117,0.0120099678185875,1,109.25
2016-02-04,0.0120099678185875,0.03712829171216051,0.047032660351119304,1.3476209501021301,0.0089119776727108,-0.04751240525391576,0.041663717528969704,0.0643704920415491,0.02179856524756807,0.7149974006533821,0.007054343686801934,0.5864442024557186,0.015703135766193,1,110.56999969482422
2016-02-05,0.015703135766193,0.04899053056650041,0.0673915874029564,1.739018735379321,0.009029883029275,-0.005033755259560846,0.05508378625845902,0.0791263215670122,0.022787323264451764,0.7548243780941383,0.02466165109145797,0.7423030781792082,0.0133541858625158,1,112.31999969482422
2016-02-08,0.0133541858625158,0.05211201222616031,0.07051257972437,1.459105304788277,0.0091523112270869,-0.006502437629825941,0.06519065540156747,0.0913501373980062,0.02455849745187333,0.7830022364313244,0.013001874137981775,1.9786985824454457,-0.0021986728524322,0,113.83000183105467
2016-02-09,-0.0021986728524322,0.04954327102263921,0.0569719933887057,-0.25045690972491974,0.0087786472125965,-0.009731964921919856,0.058473250625337106,0.0866362492425978,0.026607189742983373,0.7672793833915409,0.010036972805689307,0.796121018831043,0.0077179584117263,1,113.58000183105467
2016-02-10,0.0077179584117263,0.046586575006590414,0.060968656970814,0.9035665431684855,0.0085416602352962,-0.056529653193621465,0.06160380128647697,0.092294383592077,0.02890963866972629,0.7837408609289541,0.013454423365810807,0.2680396117699788,0.0394021382372742,1,114.45999908447266
2016-02-11,0.0394021382372742,0.0739787454252771,0.11110703713743761,3.4135652072453477,0.0115428110626516,0.2952019727334625,0.09697330176916658,0.1324875131341331,0.03237472717676004,0.8453296917987907,0.025785316292429455,2.9035996226602454,-0.0058967145308167,0,119.05999755859376
2016-02-12,-0.0058967145308167,0.052378895128267405,0.1013694256947678,-0.5532326555312757,0.0106586523262153,0.18037545909064479,0.08287131203179282,0.1223957663353604,0.03649967809139554,0.8076361968061615,0.0072659733517807055,0.31253318781579154,-0.0308007362453961,0,118.36000061035156
2016-02-16,-0.0308007362453961,0.008223973020355504,0.0603359852465158,-2.273310731688759,0.0135488456619898,0.4803742274291385,0.044916730482859546,0.0854535497504565,0.03879430588585264,0.6480391080862841,0.013679530720096918,0.10911510514858125,0.0061672874207764,1,114.7699966430664
2016-02-17,0.0061672874207764,0.016589933293564105,0.0661332043162033,0.45749864209649715,0.0134804496741557,0.5355953312274098,0.0459055730732923,0.0893415048688512,0.04152949646106818,0.6622542529311087,0.010218221950761074,-0.21407394644437971,0.0240418604332029,1,115.4800033569336
2016-02-18,0.0240418604332029,0.032913835315040704,0.07950041032163109,1.7145825234114345,0.0140219908373776,0.6416001633307014,0.06512392980451405,0.11285261554857,0.044810452951532076,0.7118557717473007,0.02798205708830342,-0.003787901007173966,-0.0060202757503805,0,118.29000091552734
2016-02-19,-0.0060202757503805,-0.012508578672613992,0.06147016675266309,-0.42287561494041426,0.0142365166911523,0.23336651824931676,0.05299924362665723,0.1030784678453155,0.04755865165313833,0.6845020534075705,0.007399240798040626,0.07542485723650083,-0.0179350409170575,0,117.58000183105467
2016-02-22,-0.0179350409170575,-0.02454690505885479,0.027831990069412598,-1.1941137677880702,0.0150195411868332,0.40914073629103687,0.02944648144812744,0.0809055112251586,0.04998708597715873,0.6101741061624293,0.006753821055715466,-0.2611099404994832,0.0148685938321692,1,115.48999786376952
2016-02-23,0.0148685938321692,0.021122425018710513,0.029346398039065996,0.9818350948487553,0.0151436772938531,0.11770977924248349,0.039705181034129025,0.0941111136687096,0.052328230759094874,0.6445778995874748,0.007677883607801603,-0.3796523583737901,0.0033215495905065,1,117.22000122070312
2016-02-24,0.0033215495905065,0.01827668718844061,0.0348666204820047,0.22036815822861006,0.0150727292781597,0.11811769210167133,0.038411793126336566,0.094673791218407,0.05418081580399137,0.6520333676287312,0.021341740695557384,0.19300866119712534,0.0026323418605182,1,117.61000061035156
2016-02-25,0.0026323418605182,-0.0031328313842440884,0.0297810039307966,0.17458156650073056,0.0150780057326796,0.07531133827922942,0.03646797746206669,0.0945415703262744,0.056030281809968496,0.6581712436006489,0.011618069605286227,-0.18019799382867863,-0.0068927436472604,0,117.91999816894533
2016-02-26,-0.0068927436472604,-0.004005299281123987,-0.016513877953737998,-0.46270920194510773,0.0148964913995337,0.04635787831384075,0.024588915260254505,0.0839403625437497,0.05792708314477468,0.6270475519023201,0.015882508758070603,-0.19723293122546337,0.0129800234192825,1,117.11000061035156
2016-02-29,0.0129800234192825,0.02690976505521601,0.002362859996361202,0.8648994068574031,0.0150075526892141,-0.0007981933316052459,0.03269384225732706,0.0946325676232253,0.05997781998051699,0.6597748858145798,0.009861751306173821,-0.2686574888234926,-0.0073601513358005,0,118.63999938964844
2016-03-01,-0.0073601513358005,0.004681019887246312,0.025803444905956804,-0.48388830524087073,0.0152104344248137,0.0044082510255087914,0.02080260860354202,0.0836021261264393,0.061519746318837276,0.6261287617525683,0.015029331093770942,-0.11251138445663111,0.00769725664473,1,117.7699966430664
2016-03-02,0.00769725664473,0.009056726941469811,0.027333414129910406,0.5064365688464704,0.0151988563192866,0.008367896669494224,0.023990616133372267,0.0883340676756933,0.0628359777214409,0.6464388141285784,0.0075834304311141465,-0.44509404044836254,0.0171258771555553,1,118.68000030517578
2016-03-03,0.0171258771555553,0.02355026223650691,0.020417430852262806,1.1120664227938584,0.0154000487781384,0.02135846418739673,0.036544821729130844,0.1033511185292079,0.06445094838121213,0.6876090606035004,0.020624579010425678,0.1564436151825339,-0.0015750194994792,0,120.7300033569336
2016-03-04,-0.0015750194994792,0.02886798638428811,0.024862687103164104,-0.10244715060542683,0.0153739707758721,0.03205314349077826,0.030503033116758727,0.0981242516789943,0.0656196210871065,0.6797089848982029,0.01783641537704658,-0.0050402377707311485,0.0049652408642887,1,120.54000091552734
2016-03-07,0.0049652408642887,0.02085320382929431,0.0477629688845103,0.32793061568028636,0.0151411323824962,0.008900831204684323,0.03174264586925156,0.0998768788304302,0.06603801174058765,0.6917528099023788,0.00965823159022796,-0.4177273784977359,-0.0046334482677506,0,121.13999938964844
2016-03-08,-0.0046334482677506,0.02357990689734421,0.028260926784590502,-0.3073276789345374,0.0150765732647776,-0.008800613861345341,0.024029636576290685,0.0911723617126345,0.06556716987296074,0.6665598328437438,0.01169344842679952,-0.24297680611185768,-0.0083278294815117,0,120.58000183105467
2016-03-09,-0.0083278294815117,0.0075548207711025085,0.016611547712572304,-0.5462096102966595,0.0152465817600475,0.0031400678944728533,0.012956334135469661,0.0788952453669659,0.06509551202695563,0.6229316141779269,0.012962059107071195,-0.41231914697543814,0.0159286440154625,1,119.58000183105467
2016-03-10,0.0159286440154625,0.006357587631009711,0.029907849867516607,1.0276011242341825,0.0155008043878244,0.006542551334579594,0.026160763864110204,0.0924274543053012,0.06457729897180764,0.6678795231355593,0.011028839236914867,0.2071921176353706,-0.017351282566946,0,121.5
2016-03-11,-0.017351282566946,-0.009418675436457089,0.019449310947831002,-1.2799831745274748,0.0135558676959574,-0.1182585232156178,0.008360101338614648,0.070323539342837,0.06144971218314277,0.5859932049194445,0.01700024049108228,-0.17344707421607886,-0.0129806346733887,0,119.41000366210938
2016-03-14,-0.0129806346733887,-0.02736455097413449,-0.006511347144840196,-0.9397942328485838,0.0138122093322955,-0.08776906618536606,-0.00443849483711198,0.053413360070236,0.058109774842974415,0.534036206268863,0.023839802266189796,0.09983471036071312,0.0007632306454698,1,117.87000274658205
2016-03-15,0.0007632306454698,-0.02196787206091409,0.0016120348364301038,0.06474934130426901,0.0117874657887752,-0.2181601494078581,-0.005018781145685409,0.0511176706657442,0.056419609483753685,0.5366218907608473,0.005764668620324627,-0.21785547107021896,0.022050755561495,1,117.95999908447266
2016-03-16,0.022050755561495,0.008410712982092613,0.015965533753195107,1.7455683455703508,0.0126324217653535,-0.17145875946726663,0.014977598757427856,0.0711741087962688,0.05536724170822982,0.605514082703553,0.02836060952151515,0.32842550080353883,-0.0038218648773647,0,120.58999633789062
2016-03-17,-0.0038218648773647,-0.011339795910734588,-0.004982208279724891,-0.3298734816498172,0.0115858506062693,-0.25256455623878615,0.010323560053445705,0.0638844056095971,0.05301355691766507,0.5890191606352786,0.009572975544592266,-0.2293539330209593,-0.0027507557147485,0,120.12999725341795
2016-03-18,-0.0027507557147485,0.003260730941462911,-0.006157944494994192,-0.23903455049863576,0.0115077745414222,-0.1510853602640263,0.006608517829683353,0.0581263108968121,0.051179571953359204,0.5768784430907413,0.006928165112830218,0.3097424927327237,-0.0070364166993143,0,119.8000030517578
2016-03-21,-0.0070364166993143,0.00920494891553731,-0.018159602058597193,-0.6512982930075359,0.0108036774775224,-0.21781684467658602,-0.0019045801107707915,0.0483347804605744,0.050335228045551794,0.5460261070845652,0.00504369938415202,-0.43352067067472344,0.0029378329691906,1,118.95999908447266
2016-03-22,0.0029378329691906,0.011379551239258111,-0.010588320821655992,0.28398119838373387,0.0103451671656826,-0.12235866885535751,0.00015506106492791007,0.0488993845274226,0.04873676628761303,0.5566652110150985,0.01005787111048586,-0.46431665209747086,-0.0228900886586275,0,119.30999755859376
2016-03-23,-0.0228900886586275,-0.03356129298086439,-0.02515057999877179,-1.9726351221643499,0.0116038127890133,-0.0814261109584965,-0.022068654614213416,0.0230275545469191,0.04611388046196896,0.4659473459265417,0.008232562211198982,0.27215110836076817,-0.0024040431975177,0,116.61000061035156
2016-03-24,-0.0024040431975177,-0.03214347130101739,-0.04348326721175199,-0.20744958688090434,0.0115885658470742,0.00023435834770979547,-0.023765952544233988,0.0184053729239229,0.04319796628489114,0.45761859354475193,0.005501584970125803,-0.48774181972400743,0.0023182652611009,1,116.33000183105467
2016-03-28,0.0023182652611009,-0.02707445032516799,-0.023813719383705093,0.20138885915017074,0.0115113878239522,0.00031398621140810157,-0.02129071854680981,0.0186501947768052,0.040809782925845584,0.4675029237549706,0.005488911041324034,-0.6720935933524375,0.0183554070534015,1,116.5999984741211
2016-03-29,0.0183554070534015,-0.0016826265724521894,0.007522322343085107,1.5434810930126004,0.0118922137345881,0.10075608600223918,-0.003210425901467351,0.0346750463536567,0.038007492493475015,0.5397639165831759,0.01692484397676489,0.20828426623096608,-0.0140764103102446,0,118.76000213623048
2016-03-30,-0.0140764103102446,-0.018696869851887392,-0.007317318612629293,-1.1534967599094665,0.0122032508451514,0.17960885983868002,-0.016866919509993677,0.0179032603487326,0.035366707263472685,0.4852630776972165,0.011016168257405342,-0.08807037941390283,0.0046008509243858,1,117.0999984741211
2016-03-31,0.0046008509243858,0.008794069731125908,-0.024767223249738495,0.37973418616879456,0.0121159776811369,0.04413763832940565,-0.01190187017249503,0.0201745433995253,0.03246278138146064,0.5028487121263546,0.006715410741466382,-0.2098818440260003,-0.006053640735366,0,117.63999938964844
2016-04-01,-0.006053640735366,0.005144472193277609,-0.026998999107739795,-0.5293104998063065,0.01143684234033,-0.013092517982499663,-0.01629552264258379,0.0119884252168459,0.02875248462364488,0.47964585881505534,0.012229541618435265,-0.08848176069996305,-0.0066929954085696,0,116.93000030517578
2016-04-04,-0.0066929954085696,-0.003866788476392891,-0.030941238801560897,-0.5823341372838358,0.0114933935348313,-0.0015631728681279045,-0.021049737231589625,0.0033863866182326,0.024961558088475666,0.45481673977356,0.005682338815659183,-0.3041433499111027,0.0129166682072564,1,116.1500015258789
2016-04-05,0.0129166682072564,-0.009305527322537989,-0.010988153894990194,1.08790388442338,0.0118729865682046,-0.0016167861436579,-0.0068664872512169935,0.0142124501954845,0.021224676416728316,0.5079225894924556,0.006629260199046397,-0.19106419688766973,-0.0061381369358648,0,117.66000366210938
2016-04-06,-0.0061381369358648,-0.0013672539481581888,-0.020064123800045595,-0.5158570663547241,0.0118989102528722,-0.024939304791896655,-0.011425149112251452,0.0061224465897089,0.017750396630262788,0.4837267704950056,0.009663051392393712,-0.2984399502828534,0.0141798015621031,1,116.94000244140624
2016-04-07,0.0141798015621031,0.008211696689559112,0.017005766420685006,1.1546458378576054,0.0122806501328694,0.013591346572788376,0.0031037794802696154,0.0185067540628919,0.015355315070792575,0.5386256737508238,0.03245930743031367,0.08956438024931668,-0.0015187338768047,0,118.61000061035156
2016-04-08,-0.0015187338768047,0.012746603548120412,0.017891075741398005,-0.13021456534457948,0.0116633179459284,0.019802284481947652,0.0028834051858782016,0.0150887641865046,0.012170267189099748,0.5320583973636831,0.0066705504019008875,-0.13294441624474562,0.0134196300570208,1,118.43000030517578
2016-04-11,0.0134196300570208,0.032859229013710814,0.028992440537317907,1.1710553842191822,0.0114594324383458,-0.002954836305098185,0.016165683291481048,0.0264290615277393,0.010100103167245411,0.5809662159964717,0.007331541212714379,-0.05532571402255093,0.0001666467207152,1,120.02999877929688
2016-04-12,0.0001666467207152,0.02010920752716961,0.010803680204631608,0.0151098831273034,0.0110289880676887,-0.07108561065638663,0.015398042369621064,0.0243051938408289,0.008772078632751201,0.5815550770257674,0.006663851745329729,-0.04961156140007583,-0.0107195265659906,0,120.0500030517578
2016-04-13,-0.0107195265659906,0.015527817897043814,0.014160563948885608,-0.9459442942473164,0.011332090727943,-0.04763625515978476,0.004227585748287203,0.0115333410852452,0.007274999652109981,0.5302114070374322,0.00732510542369209,-0.12808213571801197,-0.0140751522561683,0,118.7699966430664
2016-04-14,-0.0140751522561683,-0.01272713592122759,-0.004515439231668491,-1.335241885267785,0.0105412752636542,-0.14163540613861547,-0.008349136949133598,-0.0041344843195292,0.004250137610567695,0.4720107919352352,0.010588382603547077,0.3256100556994246,0.0068927436472604,1,117.11000061035156
2016-04-15,0.0068927436472604,-0.00431565839716249,0.008430945150957908,0.6450006030730933,0.0106864142675527,-0.08375864251533416,-0.0005551713266601857,0.0012770523882068,0.001833241477970482,0.5008053096046163,0.007886705559843952,-0.20247820782717263,-0.001527627456597,0,117.91999816894533
2016-04-18,-0.001527627456597,-0.01926291591078029,0.013596313102930507,-0.14305056194076415,0.0106789336292826,-0.06810972648623304,-0.0012088495954210357,-0.0014672030994656,-0.00025866619256698087,0.4943532793275681,0.007898762714875041,-0.3732865241716391,0.015506833308651,1,117.73999786376952
2016-04-19,0.015506833308651,-0.003922729322844489,0.01618647820432511,1.3880272460317598,0.0111718508069518,0.012953385966717912,0.01413325543226569,0.0128902660070506,-0.0012256667637678964,0.5571597970126232,0.006021020072618855,1.1116366677677587,-0.0051142480161098,0,119.58000183105467
2016-04-20,-0.0051142480161098,0.0016825492270363092,0.017210367124080108,-0.4560075678808278,0.0112152700444795,-0.010308837642416746,0.009105451140298775,0.0068465991792342,-0.0022384696847213004,0.5335011933806473,0.01143145832056091,0.009975197712623007,0.0037753050369176,1,118.97000122070312
2016-04-21,0.0037753050369176,0.01953300652012221,0.006805870598894606,0.38236914667481625,0.0098734562392093,-0.06335277352518331,0.011716647246787499,0.0096569096416133,-0.002035883872010369,0.5487247061831934,0.011890854296706147,0.4521193053621231,-0.0128946946592093,0,119.41999816894533
2016-04-22,-0.0128946946592093,-0.00025443178634749,-0.004570090183509994,-1.2468260159161624,0.0103420160428192,-0.03222766927342513,-0.0019049296249315465,-0.0038564819569587,-0.0019552769971037387,0.4901560925451851,0.01475950354379521,-0.01993778404684632,0.0028799271415296,1,117.88999938964844
2016-04-25,0.0028799271415296,0.00415312281177911,-0.015109793099001194,0.27832106312980365,0.0103474997872743,-0.03103623016248358,0.00028345137201707626,-0.0008433793118574,-0.0011265113726802722,0.5028551348837687,0.005074841047832101,-0.574791709343362,0.0039673676375151,1,118.2300033569336
2016-04-26,0.0039673676375151,-0.0073863428593567895,-0.011309072182201294,0.4166423964863242,0.0095222369854176,-0.14765806042698948,0.004285318653941265,0.0030708737487149,-0.0012092628286690665,0.5206296412587245,0.003706844589036459,-0.014015749990669457,0.0028603028699197,1,118.6999969482422
2016-04-27,0.0028603028699197,0.0005882080266727107,0.002270757253709006,0.3198614224142138,0.0089423189840495,-0.20266574513279922,0.006336101838138892,0.0052186303173042,-0.001110435687235678,0.5336202937984107,0.010668654513600264,-0.1949527603479616,0.0187248010933363,1,119.04000091552734
2016-04-28,0.0187248010933363,0.01553770408309141,0.03507071060321361,1.9155052545766216,0.0097753848748773,-0.00993283020210689,0.023777574399669238,0.0232144632232878,-0.0005500327321700249,0.6091114324464144,0.013933504817010705,0.4840849404643992,0.0192706264386917,1,121.29000091552734
2016-04-29,0.0192706264386917,0.04770302518099241,0.04744859339464491,1.8593661448379328,0.0103640837455236,0.002133791188587697,0.040746080793418446,0.0421811657072344,0.0013789001374109322,0.6695337906110308,0.01285890778539442,0.7916613550333351,-0.0033213499131699,0,123.6500015258789
2016-05-02,-0.0033213499131699,0.041501748126292905,0.04565487093807201,-0.3247254945242026,0.0102281772425551,-0.011531533913723302,0.034209280885829876,0.0377353530530827,0.003409437753481459,0.6507148267384723,0.007383934181180163,0.1182642143934769,-0.0022745646099544,0,123.23999786376952
2016-05-03,-0.0022745646099544,0.03525981587882341,0.027873473019466608,-0.22718751738094436,0.0100118379573665,0.05141659178391356,0.02956998622759781,0.0340767559384359,0.00437733206204971,0.6375358733845615,0.010653851401656051,-0.16570321877508343,-0.0061182228261255,0,122.95999908447266
2016-05-04,-0.0061182228261255,0.026281290182778208,0.026869498209450907,-0.6111521115529092,0.0100109656998147,0.1195044280651758,0.021037323057766334,0.0269074711095785,0.005749200268440946,0.6023453604754827,0.01407414478020109,-0.1422025884887096,-0.0011462207767798,0,122.20999908447266
2016-05-05,-0.0011462207767798,0.00641026831266211,0.02194797239575351,-0.11908594550070033,0.0096251557810662,-0.015368100155032205,0.018395694555679264,0.024962841798758,0.0064485221983816565,0.5957350225040235,0.012124218568310082,-0.18110949024021805,0.0090520545546735,1,122.06999969482422
2016-05-06,0.0090520545546735,-0.00380830357135609,0.043894721609636304,0.9290095135226504,0.0097437694909599,-0.059852300482579834,0.025623950708124118,0.0333701906079051,0.007552709640246569,0.6303708864049904,0.009904215113497424,0.04111453514704966,-0.0207528980181827,0,123.18000030517578
2016-05-09,-0.0207528980181827,-0.021239851676368892,0.020261896449924006,-1.9598273498962975,0.010589146038441,0.03529160546652044,0.004299397069304274,0.0115449543539568,0.007214539116319418,0.5208380389336191,0.0058019442087331495,-0.15166350170035614,0.0027314657084142,1,120.6500015258789
2016-05-10,0.0027314657084142,-0.01623382135800029,0.019025994520823108,0.2576002049158601,0.010603507513926,0.059096996882991304,0.006656710215804841,0.0139138943480521,0.007209194612820546,0.5322546814325068,0.010745539645323345,-0.09639107129745206,0.0093789199309153,1,120.9800033569336
2016-05-11,0.0093789199309153,-0.0007366786009594933,0.025544611581818706,0.8977738527774937,0.0104468624274356,0.043541925993110686,0.014728203862391702,0.0227223437302006,0.007878109465550232,0.5703397061484903,0.006387212505309673,-0.29932989495625717,-0.0078921739730869,0,122.12000274658205
2016-05-12,-0.0078921739730869,-0.007482631797266593,-0.0010723634846044952,-0.7853684760475018,0.0100490078399958,0.04403586482863653,0.005060168218244371,0.0142612970423347,0.009154803975967019,0.5311213458743553,0.011472427761927634,-0.29389254169197077,0.004529141979827,1,121.16000366210938
2016-05-13,0.004529141979827,-0.012005544372113094,-0.015813847943469194,0.45298234724193753,0.0099984955427148,0.026142454620999622,0.008037954884626589,0.0186983051944674,0.010575346154561238,0.5502042349452673,0.00985947709529873,-0.27192190867140553,0.0007392219670166,1,121.70999908447266
2016-05-16,0.0007392219670166,0.009486575613086209,-0.011753276063282695,0.07411332196377608,0.0099742117534268,-0.05807213185858884,0.007090165659250187,0.0192366489621501,0.012060969034434654,0.5534074229237181,0.013054219437166293,-0.33010094227248854,0.0034423291232429,1,121.8000030517578
2016-05-17,0.0034423291232429,0.010197439027914909,-0.0060363823300853955,0.3644312972046854,0.0094457560304144,-0.10918570878467149,0.00946112152738599,0.0225664121413811,0.012982461963632508,0.5688378559508126,0.008509190605020594,-0.13650932306069463,-0.0174979930736541,0,122.22000122070312
2016-05-18,-0.0174979930736541,-0.01667947397665449,-0.017416152577613996,-1.70779077005538,0.0102459817563522,-0.01922880410063077,-0.008511463128860584,0.0049099019509571,0.013536581191520236,0.47889256724835166,0.0169858529679078,0.31970339045733054,-0.0019168712488534,0,120.0999984741211
2016-05-19,-0.0019168712488534,-0.01070417125242099,-0.018186803049687596,-0.1874057189164579,0.0102284565270279,0.0178573536700688,-0.010593981958240744,0.0029367912105056,0.01367565278764582,0.4702060404945457,0.00884295623342256,0.4160883444307013,-0.0013357015166127,0,119.87000274658205
2016-05-20,-0.0013357015166127,-0.01656901474886069,-0.028574559120973793,-0.13676425624447094,0.0097664518002795,-0.02320786576780287,-0.012656257716263478,0.0018981639706368,0.014740987422714458,0.4639018545930565,0.008437074128768077,0.0233173073368107,-0.0028442074994739,0,119.70999908447266
2016-05-23,-0.0028442074994739,-0.02015244421535119,-0.010665868602264997,-0.29066724423387647,0.0097850981006494,-0.018960260464936263,-0.01592311673100294,-0.000940704347976,0.015224839276029911,0.4500925554666511,0.007120704151491125,-0.16682720418005892,-0.0174931544398076,0,119.37000274658205
2016-05-24,-0.0174931544398076,-0.04108792777840169,-0.0308904887504868,-1.6611444493554464,0.0105307846326039,0.11486942905319752,-0.03242967316797208,-0.0181717513689385,0.014735798942611344,0.37659104804092,0.008354674607307334,0.21648580187149458,-0.0027317729645951,0,117.3000030517578
2016-05-25,-0.0027317729645951,-0.02632170766934269,-0.04300118164599719,-0.2599589581342038,0.010508477892825,0.025619422590720475,-0.03424873364686947,-0.0206895614901283,0.014040025241637277,0.36662371574936053,0.006325849226654896,-0.012926555629178993,-0.0034252603876992,0,116.9800033569336
2016-05-26,-0.0034252603876992,-0.02783009680818849,-0.03853426806060949,-0.36253587528572945,0.0094480591334571,-0.07629669163755659,-0.03567617067948686,-0.0233825136828559,0.012748473721004405,0.35401061130101186,0.010636454317152065,-0.4200815044523394,-0.0082687729142454,0,116.58000183105467
2016-05-27,-0.0082687729142454,-0.03476316820582119,-0.05133218295468189,-1.0210487509706887,0.0080983135294808,-0.17080289801368387,-0.04043022486573456,-0.0306922133801555,0.010148309938395439,0.3251027516837667,0.00925445138735607,-0.09933616906563403,0.003798302317157,1,115.62000274658205
2016-05-31,0.003798302317157,-0.02812065838919029,-0.04827310260454149,0.4601245493595582,0.0082549438460604,-0.15637597485991983,-0.03390009881362162,-0.0263929475825033,0.007770574473612291,0.3512507209311589,0.007754622995098149,-0.13333784962444217,-0.0010344407576532,0,116.05999755859376
2016-06-01,-0.0010344407576532,-0.011661944707035889,-0.052749872485437596,-0.12515403135255698,0.0082653410878887,-0.2151258072168012,-0.032070886594436875,-0.0269065142903969,0.005335486072807205,0.34729883557623964,0.008107662770503168,-0.10776199055032465,-0.0023315434917615,0,115.94000244140624
2016-06-02,-0.0023315434917615,-0.011261715234202288,-0.037583422903544994,-0.28322953859775724,0.0082319926915277,-0.2166332007846391,-0.03168154511790662,-0.0285791275403183,0.003203922802407,0.33808160607478155,0.0033716555357667273,-0.4994849434527865,0.027373264388307,1,115.66999816894533
2016-06-03,0.027373264388307,0.01953680954180391,-0.008293287266384595,2.5722353972502834,0.0106418193364297,0.1263497810619436,-0.0034788043341177064,-0.0020013979298265,0.0014825639542004332,0.5059551924899379,0.005551783714361316,0.5436086268160132,0.0003364248669022,1,118.87999725341795
2016-06-06,0.0003364248669022,0.028142007322951513,-0.006621160882869695,0.03244361050843499,0.0103695261294896,0.28045500976725113,-0.0013604318321063867,-0.0020995377241303,-0.000740112764988754,0.5076309776739741,0.005970392662334224,0.05328080368865051,-0.0008412423733234,0,118.91999816894533
2016-06-07,-0.0008412423733234,0.023502462632471112,-0.0046181957567191945,-0.0899110682107916,0.0093563828131944,0.13342779644220748,-0.0014328986435869651,-0.0033100042137514,-0.0018797991317905938,0.5030373020680272,0.00513375679619365,-0.497283217107814,0.0147037078874442,1,118.81999969482422
2016-06-08,0.0147037078874442,0.03924061127756851,0.027578666570532605,1.476928164223159,0.009955601256462,0.2044997478749011,0.013528571134954592,0.0111445715882806,-0.0023521779400895726,0.5757969370580391,0.004561249079543746,0.26114902477969615,0.0055410815709403,1,120.58000183105467
2016-06-09,0.0055410815709403,0.04711323634027031,0.035851521106068006,0.5655500979871207,0.0097976847509387,0.19019599726107583,0.019532983893376186,0.0160557715476218,-0.003410593282108132,0.5998168079224995,0.007670105609697282,0.28470844484217106,0.0040330757007034,1,121.25
2016-06-10,0.0040330757007034,0.023773047652666714,0.0433098571944706,0.416763299976909,0.0096771373605278,-0.09065009895437193,0.023403588997855652,0.0194613563917244,-0.0038520801065311527,0.6169017040471146,0.007557073969845279,0.4223437551813769,0.0073656240684886,1,121.73999786376952
2016-06-13,0.0073656240684886,0.03080224685425311,0.05894425417720461,0.7543868878387598,0.0097637222852459,-0.058421555303368344,0.030566574981756755,0.0260168465888874,-0.004414783579556603,0.6467341522195623,0.006523182124422967,0.2535539940846807,0.0010594292626908,1,122.63999938964844
2016-06-14,0.0010594292626908,0.03270291849026731,0.05620538112273841,0.1084969022690091,0.0097646037862356,0.043630212785385813,0.031238682772677783,0.0259679818905292,-0.005111038763574549,0.650962073656342,0.006190392829003043,0.1340703877565521,0.0073849284570991,1,122.7699966430664
2016-06-15,0.0073849284570991,0.025384139059922213,0.06462475033749071,0.748328040055499,0.009868571083547,-0.008741829917958022,0.038245862554226406,0.0325338316669396,-0.005501616807057963,0.6798473180259017,0.012047263013321135,0.4206451746856563,-0.0105666517152432,0,123.68000030517578
2016-06-16,-0.0105666517152432,0.009276405773738717,0.05638964211400901,-1.1355371392170426,0.0093054215052173,-0.05024281330078895,0.026350636070647828,0.020753688047647,-0.005453251380472368,0.6030662160026456,0.028109126403135766,1.3657565291460583,0.0127472982689903,1,122.37999725341795
2016-06-17,0.0127472982689903,0.017990628342025614,0.04176367599469231,1.3223137433151753,0.0096401465487544,-0.0038224952685161906,0.037742143787432035,0.0329286907041023,-0.004638390290059968,0.6539032651842751,0.011375522932070987,0.375745786757548,-0.0059880246543699,0,123.9499969482422
2016-06-20,-0.0059880246543699,0.0046369796191671146,0.03543922647342021,-0.612785522074782,0.0097718115697243,0.0008285041546731708,0.030037530393490663,0.0259446246922127,-0.003973550070272003,0.6139881108510515,0.009739506424425804,0.04138802590700852,-0.0194228829929208,0,123.20999908447266
2016-06-21,-0.0194228829929208,-0.015845332636444484,0.01685758585382281,-1.797883589912874,0.0108031927661468,0.10636263412707225,0.009603910471312382,0.0060743803361104,-0.0034959552935508453,0.507203307854561,0.009020225093662753,0.24743531520713757,0.0004964440287161,1,120.83999633789062
2016-06-22,0.0004964440287161,-0.022733817064827487,0.0026503219950947078,0.04999417721670204,0.0099300369833919,0.0062284498256668375,0.008588452627567121,0.0064315174605791,-0.0021385681755217156,0.5095291877869078,0.004714637614807714,-0.31326505295747675,-0.0065557755937431,0,120.9000015258789
2016-06-23,-0.0065557755937431,-0.018722940943327385,-0.009446535169588693,-0.6521794457916432,0.0100521039662411,0.08024165918815784,0.0006915221409397154,-0.0003678566698158,-0.0010586467331002991,0.4775710836336403,0.008075940519306867,-0.0657106948977989,0.0478739123034741,1,120.11000061035156
2016-06-24,0.0478739123034741,0.01640367309115641,0.034394301433182006,3.327469246550151,0.0143874845284021,0.4924549596459302,0.04566051590600841,0.0471030139296264,0.0013795089339947442,0.6525475542583692,0.014444442022414435,1.762674033200358,0.0053823171279899,1,126.0
2016-06-27,0.0053823171279899,0.027774014873516214,0.03241099449268331,0.3816837496504521,0.0141015097784987,0.44308040304307217,0.04650107210386074,0.0512234964544814,0.004512584340813808,0.6664377351145478,0.009630574816578046,0.5633120081005201,-0.0107937604306491,0,126.68000030517578
2016-06-28,-0.0107937604306491,0.036403137435787915,0.02055780479934341,-0.7436356536348613,0.0145148506232718,0.3435704552783654,0.031321498301487435,0.0386312435199691,0.007087746382210103,0.6136035436688894,0.007660382116265601,0.14541301511016047,0.004140765999889,1,125.31999969482422
2016-06-29,0.004140765999889,0.04004745940696082,0.01731364234213331,0.28617255976906275,0.0144694725561058,0.4571418596230967,0.03139930253092448,0.0418598178774134,0.01014206168340448,0.6258182820738019,0.008820729836729498,-0.1371801870064353,0.0049939058952932,1,125.83999633789062
2016-06-30,0.0049939058952932,0.05159714089599711,0.03287419995266971,0.34702354807140867,0.0143906830618468,0.4316090551964391,0.031995383303912016,0.0457770447100019,0.013354382809318777,0.6406403371124658,0.008065127170248125,0.08493188626870363,0.0152231628180611,1,126.47000122070312
2016-07-01,0.0152231628180611,0.018946391410584115,0.03535006450174051,1.1187093049492602,0.0136077913634155,-0.054192458969976376,0.043767384379289606,0.0602425441903362,0.01578432135129826,0.6823653750021573,0.007631770886930123,0.013114951967446276,0.0082209051369569,1,128.41000366210938
2016-07-05,0.0082209051369569,0.021784979419551112,0.04955899429306731,0.6038266543190304,0.013614677454456,-0.03452341853387919,0.0478903931782951,0.0669543383327954,0.018192690073890905,0.7026786864504121,0.010967777520328355,0.2513774972121199,0.0058528816735514,1,129.47000122070312
2016-07-06,0.0058528816735514,0.03843162152375161,0.0748347589595395,0.4314654438053519,0.0135651226710796,-0.06543146580299564,0.04919694065970491,0.0710989611911832,0.02087503278241254,0.7166693010615532,0.010212597833821318,0.09681342961624129,-0.0037695950478742,0,130.22999572753906
2016-07-07,-0.0037695950478742,0.03052126047598841,0.0705687198829492,-0.27988382884968765,0.0134684274663781,-0.06918324671795184,0.04140667782491478,0.0651346583352842,0.022784548069086696,0.6939952609694626,0.008786799301534665,0.026313883508696012,0.0059940143345707,1,129.74000549316406
2016-07-08,0.0059940143345707,0.03152136891526591,0.08311850981126301,0.4449193918324044,0.0134721355027577,-0.06382932312117917,0.043784274389209,0.0695222543424561,0.024658332746302802,0.7097383843393995,0.011875597617375005,0.07800072685058823,-0.0094686131215493,0,130.52000427246094
2016-07-11,-0.0094686131215493,0.006829592975655514,0.02577598438623961,-0.6867148439056678,0.0137882750104787,0.0132632579559111,0.030835725939592076,0.0580559487749391,0.026405975414304006,0.6527110028053106,0.005723491939065394,-0.3300676838007841,-0.0166903874689683,0,129.2899932861328
2016-07-12,-0.0166903874689683,-0.018081699630269683,0.0037032797892814114,-1.1572201135521905,0.0144228287026015,0.059358824389996734,0.011954045891954685,0.039947404328549,0.027662677520025714,0.5673048040594204,0.012190290238005417,0.565907442581786,0.009159697327218,1,127.1500015258789
2016-07-13,0.009159697327218,-0.014774883976603086,0.02365673754714851,0.6310846716538681,0.0145142129711587,0.06996547860953228,0.019015268673748954,0.048645365894787,0.029077186703592606,0.5982560674941966,0.006390212115230487,-0.5577871555860712,-0.0077450452302362,0,128.32000732421875
2016-07-14,-0.0077450452302362,-0.018750334158965088,0.011770926317023311,-0.5296042470120831,0.0146242128418194,0.08581442624438118,0.009690119946196224,0.0398122523534559,0.029833046607274705,0.5616465759224554,0.010523866708673488,-0.2663732538617384,-0.0038557351674657,0,127.33000183105467
2016-07-15,-0.0038557351674657,-0.028600083661001488,0.0029212852542644116,-0.2675867007356505,0.0144092929763157,0.06956265199130218,0.004029068083116717,0.0350280460064379,0.030874582129882144,0.543905574796272,0.006780200529654671,-0.12630609757478106,0.0015755839071671,1,126.83999633789062
2016-07-18,0.0015755839071671,-0.017555886632285085,-0.010726293656629589,0.11113799555104659,0.0141768249405166,0.02817973457467393,0.004383906284612356,0.0358199359235815,0.03129881855161987,0.5501516159746392,0.006848258346286821,-0.4539056612815402,0.0013372522657107,1,127.04000091552734
2016-07-19,0.0013372522657107,0.00047175310239391463,-0.017609946527875786,0.0950106916205925,0.0140747556185652,-0.02413348249594871,0.004140164007636773,0.0365248405100439,0.03225115144598556,0.5557208441090083,0.004166329558299376,-0.6600782042988698,-0.0144103816363224,0,127.20999908447266
2016-07-20,-0.0144103816363224,-0.023098325861146483,-0.03787320983774959,-1.0502479243797718,0.0137209332213939,-0.05465537479304827,-0.01200035530460449,0.0209066363054091,0.033306683647805535,0.4863062973807242,0.006459886688979051,-0.21852134341049345,0.0151176542014994,1,125.38999938964844
2016-07-21,0.0151176542014994,-0.00023562642941088452,-0.01898596058837599,1.077436346637038,0.0140311344133559,-0.040554553935889914,0.0005266124895685809,0.0353920478107249,0.03484708441128026,0.5498533479074434,0.013904196622377936,-0.3795070027604386,-0.0074907077787212,0,127.3000030517578
2016-07-22,-0.0074907077787212,-0.003870599040666385,-0.03247068270166789,-0.5325896978403182,0.0140646877119412,-0.02391548738310223,-0.009369257747098498,0.026958562747315,0.03667140433356275,0.5156829445276288,0.004036363379461219,-0.48554889785718713,-0.006989125856947,0,126.3499984741211
2016-07-25,-0.006989125856947,-0.012435308804780484,-0.02999119543706559,-0.7516352126187715,0.0092985609769348,-0.34410130505597103,-0.016064330193356763,0.0190920443108222,0.03573035878563857,0.48558030372472616,0.008767023698247872,-0.05242445101751836,0.0042152110508257,1,125.47000122070312
2016-07-26,0.0042152110508257,-0.009557350019665485,-0.00908559691727159,0.45495014405563955,0.0092652153338151,-0.34171394623762497,-0.011644556771031246,0.0226841058677475,0.03473311436078763,0.5043465827469885,0.0030952332511780755,-0.4226105764982968,0.0159826949721011,1,126.0
2016-07-27,0.0159826949721011,0.020835726588758013,-0.002262599272388491,1.666051733145805,0.0095931564753532,-0.3008379007052234,0.0032126494284795515,0.0381108107306312,0.034786404778720525,0.5691752140076832,0.016246147164663587,0.2891198598060247,-0.0028940934092404,0,128.02999877929688
2016-07-28,-0.0028940934092404,0.0028239789780182133,0.002588352548607309,-0.3013553397104253,0.0096035909369363,-0.3155513550069856,-0.0003993169072062161,0.034198407127033,0.034611545009346045,0.5549286288728301,0.007754957193874587,-0.29250468070738833,0.0102868119429041,1,127.66000366210938
2016-07-29,0.0102868119429041,0.020601498699643513,0.01673089965897711,1.0498275487064372,0.0097985730661947,-0.30332096475377,0.00894498185814724,0.0433907175538245,0.034140350876456615,0.5939747462835056,0.011862354313636733,0.05632142279210628,0.0018590671194806,1,128.97999572753906
2016-08-01,0.0018590671194806,0.029449691676071112,0.01701438287129061,0.20175200950567995,0.0092146151309004,-0.009027831966970767,0.010502285703996738,0.043753320950156,0.03290545277984602,0.6008318174607139,0.006036207800096403,-0.4350837772212405,0.0080928649297159,1,129.22000122070312
2016-08-02,0.0080928649297159,0.033327345554961314,0.02376999553529581,0.8788114142001423,0.0092088755322798,-0.006080787062733295,0.018394769123424123,0.050442562206732,0.03146892939257029,0.6302520090686322,0.004682586860715384,-0.36317361357866174,-0.0047707875986328,0,130.27000427246094
2016-08-03,-0.0047707875986328,0.012573862984227413,0.033409589572985406,-0.5197757595751975,0.009178549616342,-0.043219023902759335,0.013777628874294552,0.0437127185355367,0.029528260250211158,0.6020354082303352,0.005322039906590079,-0.5604182549200398,0.0016954476164976,1,129.64999389648438
2016-08-04,0.0016954476164976,0.017163404009965414,0.019987382987983606,0.1853208648879281,0.0091487141370882,-0.04736528271925877,0.015446286964462572,0.0433721745136769,0.027501097702267385,0.6087292986860643,0.0035419378792080044,-0.5463347496989029,-0.0180254440105116,0,129.8699951171875
2016-08-05,-0.0180254440105116,-0.011148851943450286,0.009452646756193207,-1.8253463311375822,0.0098750816231558,0.007808132515239041,-0.0015342700110369662,0.0229959803625066,0.024567944233614192,0.5110988728990852,0.009094501249354448,0.5078277690753459,-0.0008627837547004,0,127.5500030517578
2016-08-08,-0.0008627837547004,-0.013870702817631286,0.015578988858439806,-0.08913862503494335,0.0096791234368062,0.05040995194124953,-0.001672479988345045,0.0203362898086245,0.022045640689853485,0.5069472582527872,0.003374139178736276,-0.3575210621038629,0.0040720231674317,1,127.44000244140624
2016-08-09,0.0040720231674317,-0.017891544579915486,0.015435800975045806,0.4543098701560678,0.0089630964126596,-0.026689373611215927,0.0020830958371063865,0.0224791949564768,0.020353700410775,0.5265265886967717,0.003047822698021276,-0.21832278733312738,0.0046779945123296,1,127.95999908447266
2016-08-10,0.0046779945123296,-0.008442762468953086,0.004131100515274306,0.5325194082119723,0.0087846460432997,-0.04291566636421196,0.006687217549425953,0.0252255064732154,0.01841514285729895,0.5487912581796786,0.008167416550231755,-0.35024365076618647,-0.0069469069486846,0,128.55999755859375
2016-08-11,-0.0069469069486846,-0.017085117034135285,7.828697583010715e-05,-0.7940317299152693,0.008748903459344,-0.04370129744500362,-0.00041497149288596797,0.0162268229540998,0.01664870318420064,0.5104473926423705,0.0133938991853812,0.03674334448956018,-0.0021170403750346,0,127.66999816894533
2016-08-12,-0.0021170403750346,-0.0011767133986582859,-0.012325565342108593,-0.24289810774457993,0.0087157549093004,-0.11739920317589359,-0.002747519054532502,0.012187578639148,0.014976245212767969,0.49905562796896347,0.016169525383995274,0.6218149373034396,0.0034476982567927,1,127.4000015258789
2016-08-15,0.0034476982567927,0.003133768612834814,-0.010736934204796492,0.3944241526081246,0.0087410931455258,-0.09691273155102154,0.00038341303199179033,0.0142393094229603,0.013850585895835321,0.5179363364464424,0.0050844926822502705,-0.5125551371705218,0.0049159701734447,1,127.83999633789062
2016-08-16,0.0049159701734447,0.003977715618847815,-0.013913828961067692,0.5586597212702864,0.0087995786813961,-0.018243442191756998,0.004818007352268565,0.017695410870125,0.012815657585385942,0.54441403102639,0.008095222824402185,-0.08365776627523525,0.0002334807899026,1,128.47000122070312
2016-08-17,0.0002334807899026,-0.0004667981035791854,-0.008909560572532293,0.028919255602954535,0.0080735407960759,-0.0809486510576235,0.003831748896710068,0.0163743057294293,0.012494680355054077,0.5456936155014676,0.01190666465907709,0.26906194886233314,0.0047358545787291,1,128.5
2016-08-18,0.0047358545787291,0.011215963423834515,-0.005869153610300793,0.6363363436191388,0.0074423763882385,-0.1493360941947648,0.007884473027548699,0.0198230087300969,0.011845142992119362,0.5720167021228183,0.004569718341735654,0.0012968610271919534,-0.0088688879255201,0,129.11000061035156
2016-08-19,-0.0088688879255201,0.004464115873349014,0.003287402474690707,-1.1780967096454695,0.0075281493046433,-0.136259637520306,-0.0016460983730672211,0.0097463476323725,0.01141123001259814,0.5122783784574585,0.0063295893636571105,0.106335945202636,-0.0014858453674488,0,127.97000122070312
2016-08-22,-0.0014858453674488,-0.00046942775089248547,0.002664340861942307,-0.2026307290169267,0.0073327741288671,-0.1611147476880005,-0.004025837462179396,0.0072870173456169,0.011358582615205837,0.5028524500211461,0.0036782064892246294,-0.08317738039445732,-0.0001565049936258,0,127.77999877929688
2016-08-23,-0.0001565049936258,-0.005541902917962985,-0.0015641872991151928,-0.021456123679480698,0.0072941877090069,-0.17107534654720102,-0.004864275715774518,0.0063170675268349,0.011235998235971323,0.5018059565556847,0.004774582029993385,-0.04668787716264522,-0.0111768641429983,0,127.76000213623048
2016-08-24,-0.0111768641429983,-0.016952247850863886,-0.017419045954443095,-1.6412235519741218,0.0068100802779453,-0.15649397829818334,-0.015276720861007486,-0.0054271179319996,0.01000240690726839,0.43290759940424983,0.005303135890185138,0.4551275575454441,-0.0008709901258544,0,126.33999633789062
2016-08-25,-0.0008709901258544,-0.022559092555447385,-0.011343129131612895,-0.12827137747609646,0.0067902141771005,-0.08762822210505761,-0.015585429545858087,-0.0066917996510635,0.009034435452018652,0.42800550191534875,0.0027727043081147407,-0.3514695977093568,-0.0014269885139347,0,126.2300033569336
2016-08-26,-0.0014269885139347,-0.015117193143861986,-0.010653077270512994,-0.22679427532577878,0.0062919952978747,-0.16420423622657843,-0.015864812527980263,-0.0086808022776076,0.007299820534642842,0.4196312218629238,0.018167400714675423,0.9214695295272601,0.0019813756745935,1,126.0500030517578
2016-08-29,0.0019813756745935,-0.011649972101819684,-0.012119399852712194,0.3147473092782944,0.0062951314155369,-0.141507524314064,-0.012787620439101319,-0.0070816938095545,0.005779836991189891,0.4361328343921841,0.0043547350630895945,-0.40019269661497714,-0.0101063547755882,0,126.3000030517578
2016-08-30,-0.0101063547755882,-0.021599821883782084,-0.027141724801745093,-1.6288627854851505,0.0062045464268975,-0.14938486992374833,-0.020709001139652537,-0.0173471389077984,0.0034329553072238728,0.37742420399135296,0.008557943735671085,0.05244034137980824,-0.002001521843829,0,125.02999877929688
2016-08-31,-0.002001521843829,-0.012424479584612784,-0.02937672743547669,-0.32431639878591273,0.0061715098321323,-0.09376841678078807,-0.0207995829144981,-0.01991895307794,0.0008993356428290689,0.36695261326088163,0.0037666390872020603,0.3595292088944215,0.0040788806649297,1,124.77999877929688
2016-09-01,0.0040788806649297,-0.007474608793828684,-0.030033701349276094,0.6508346257732297,0.0062671537490553,-0.07703150657738944,-0.01502733379788725,-0.016591336228173,-0.0015878637894758407,0.40332228648274265,0.007662216277897008,0.2626427774081883,0.0101644548285072,1,125.29000091552734
2016-09-02,0.0101644548285072,0.004116834548613216,-0.011000358595248793,1.8300339353131074,0.0055542439035526,-0.11725237534288935,-0.004581116824794123,-0.0075509906212401,-0.00298354174975346,0.48352270848432133,0.007821741851596363,0.13701294265611752,0.0167663514307978,1,126.56999969482422
2016-09-06,0.0167663514307978,0.018901810304817517,0.007251838202997806,2.4855130230975364,0.0067456300872256,0.07156302894278466,0.011743855673465121,0.0088003059373613,-0.0029093823694578136,0.5841589709682374,0.01406266097096918,0.457352203171016,-0.0034244132039321,0,128.7100067138672
2016-09-07,-0.0034244132039321,0.025583751876473618,0.003983929992691506,-0.5077169541190107,0.0067447288812211,0.08706235994654499,0.008162315478039184,0.0051011516600871,-0.0030363799270761715,0.5599980036133881,0.005769123477942682,-0.15133779864891073,-0.0053154813886147,0,128.27000427246094
2016-09-08,-0.0053154813886147,0.022269792331687917,0.009845312747075107,-0.7863695251032259,0.0067595210889142,0.09527834724014972,0.0032000799753799164,-0.0005828092366166,-0.0037708222791303925,0.5239317087926689,0.008778139185896521,-0.009026548589534333,-0.0066053267601927,0,127.58999633789062
2016-09-09,-0.0066053267601927,0.011585584906565517,0.0041109761127368066,-0.979660957914076,0.0067424619781286,0.075841163007202,-0.0030439655971958844,-0.0073040523915532,-0.004273093945320494,0.48258534909833756,0.006390573475252712,0.15670651407088787,-0.0012631537514554,0,126.75
2016-09-12,-0.0012631537514554,0.00015797632660291636,0.004274810875216107,-0.1875935982703301,0.006733458727281,0.2123087938169499,-0.0039851928043404105,-0.0085758230384776,-0.004608997979721252,0.4748975898517445,0.007504518332605803,0.052827057493772145,-0.0066576797399884,0,126.58999633789062
2016-09-13,-0.0066576797399884,-0.023266054844183284,-0.004364244539365793,-0.9769730224918344,0.0068145993663239,0.010224290126567892,-0.009780148152349141,-0.0147439762544598,-0.005012854562397195,0.43565973820569903,0.008508943895222415,-0.17889258295440869,0.0034136523813896,1,125.75
2016-09-14,0.0034136523813896,-0.016427989258861585,0.009155762617612006,0.5052752829612488,0.006756024876941,0.0016747887007513285,-0.005497430402915343,-0.0108649632827419,-0.005397203631159253,0.46024517037451823,0.004041861903605884,-0.453723664341361,-0.0064400743254955,0,126.18000030517578
2016-09-15,-0.0064400743254955,-0.017552582195742385,0.004717210135945507,-0.9386334232256055,0.0068611176271182,0.0150301385065017,-0.010661199940395714,-0.0164651867876148,-0.005866531108321471,0.42287315198721387,0.009491862374902607,0.19614589343879785,-0.0024757844184704,0,125.37000274658205
2016-09-16,-0.0024757844184704,-0.013423039854020083,-0.0018374549474545927,-0.36847797744879596,0.0067189481325636,-0.0034874272396752115,-0.011527981711958152,-0.018176243359529,-0.006725796506698467,0.4091788339496593,0.0046377886004909585,0.7008910043083938,0.0020768610315465,1,125.05999755859376
2016-09-19,0.0020768610315465,-0.010083025071018183,-0.009925048744415292,0.3176348351967391,0.0065385178242812,-0.0289510801053825,-0.008434484388685146,-0.0153310443159552,-0.0069552236525876054,0.4259691235816627,0.0029524636728620003,-0.5442679259118364,0.0009571124160197,1,125.31999969482422
2016-09-20,0.0009571124160197,-0.0024682329150100832,-0.02573428775919339,0.14606433040171307,0.0065526772579411,-0.038435437551495144,-0.006565334168297707,-0.0137914923911837,-0.00727391389834009,0.4339646062054668,0.003348199623493167,-0.4716323783529499,0.0144832115626447,1,125.44000244140624
2016-09-21,0.0144832115626447,0.008601326266245015,-0.007826662992616591,1.9558240038006873,0.0074051711884607,0.09608406175875728,0.008123096762737564,0.0005770315696193,-0.0074852616881311285,0.5393388022017522,0.011471667502021658,0.24450256695069794,0.002354443530493,1,127.2699966430664
2016-09-22,0.002354443530493,0.017395844122233516,-0.000156738073508893,0.3386188709577588,0.0069530783202768,0.01340316522123608,0.010007435678697238,0.003053898190393,-0.006884639897360323,0.5539972787528741,0.005487159597999025,0.3747583220489945,0.0006269244831308,1,127.56999969482422
2016-09-23,0.0006269244831308,0.020498553023834715,0.007075513169814607,0.09025985122911687,0.0069457735038739,0.03375905972707005,0.010073044100818692,0.0036324299088788,-0.00637638458877321,0.5580360843977684,0.0033685883277377467,-0.3083770931059502,-0.0007836871273147,0,127.6500015258789
2016-09-26,-0.0007836871273147,0.01763800486497352,0.007554979793955306,-0.11296267790174054,0.0069375756831507,0.06103185302754288,0.008683157409941137,0.0027342521317421,-0.005897694667049258,0.5513157027395262,0.0048608004888553505,-0.44515403630092565,-0.0073179717062783,0,127.5500030517578
2016-09-27,-0.0073179717062783,0.009362920742675517,0.006894687827665408,-1.0237847735264527,0.0071479591174924,0.09084559426910377,0.0012019035178825615,-0.0045112061588327,-0.0057062513131879156,0.4919754382527918,0.004422722917713709,-0.41109840981329093,-0.0031640709801871,0,126.62000274658205
2016-09-28,-0.0031640709801871,-0.008284361800156282,0.00031696446608870657,-0.46638888512461896,0.006784190363674,-0.08385772711836281,-0.002430296275960401,-0.0075015256389362,-0.005083583978186645,0.4686125633588836,0.005308177487447343,-0.35067443304001245,-0.0011891200048343,0,126.22000122070312
2016-09-29,-0.0011891200048343,-0.011827925335483581,0.005567918786749906,-0.1756193016039429,0.006771009757891,-0.026185317351430704,-0.004123490288634512,-0.0087870244679593,-0.004682843840424167,0.4597946567591819,0.0063456446759722245,-0.263517238140204,-0.0034166360099868,0,126.06999969482422
2016-09-30,-0.0034166360099868,-0.015871485828601182,0.004627067195233507,-0.5046161796433571,0.0067707619133448,-0.02519684674881628,-0.007657412042822872,-0.0119099361504236,-0.004285338711860653,0.4345511195236222,0.010426657070616107,0.11710048201335921,-0.0025502061636871,0,125.63999938964844
2016-10-03,-0.0025502061636871,-0.01763800486497358,-9.324138683375338e-17,-0.40068138270311243,0.0063646734631958,-0.0825795992894619,-0.009696008627889134,-0.0142668629720674,-0.004615607312503323,0.4162367409890805,0.004468541014661989,-0.08793595856427139,-0.0353278725861044,0,125.31999969482422
2016-10-04,-0.0353278725861044,-0.04564790574479968,-0.03628498500212419,-3.912342569572639,0.0090298515423621,0.2632768870018234,-0.041138229222914734,-0.0478087003937496,-0.00695665566625836,0.257415127797629,0.019178305955304627,1.3482818589549037,-0.0015718922897908,0,120.97000122070312
2016-10-05,-0.0015718922897908,-0.04405572705440338,-0.05234008885455969,-0.17396158933104175,0.0090358584089477,0.33189930184304295,-0.03979394426820568,-0.0485223767334375,-0.009090166025436885,0.25287641936987515,0.009852581752266899,0.3791497549865932,-0.0093162802067479,0,120.77999877929688
2016-10-06,-0.0093162802067479,-0.052182887256316986,-0.06401081259180058,-1.020025165204267,0.0091333827091239,0.34889522179166366,-0.04568978653378378,-0.0561006894041295,-0.010909348682889619,0.22742151880363623,0.006184234251351617,0.6230300570850913,0.0006682890904549,1,119.66000366210938
2016-10-07,0.0006682890904549,-0.04809796215587528,-0.06396944798447649,0.07315046868950666,0.0091358141981497,0.3493037142752742,-0.04237496723650117,-0.0542880250329099,-0.01244021134454909,0.23335737127255826,0.018039115589151954,0.5832113622931117,0.0035015108361357,1,119.73999786376952
2016-10-10,0.0035015108361357,-0.042046245156052486,-0.059684250021026085,0.3789207330200091,0.0092407475522085,0.4518808554191842,-0.03653869878635811,-0.049646754590551,-0.01360517105116843,0.2652761375667659,0.005659123539043611,-0.5888318631625445,-0.0050894990613915,0,120.16000366210938
2016-10-11,-0.0050894990613915,-0.011807871631339588,-0.05745577737613929,-0.5525356308826416,0.009211168976128,0.020079780150900506,-0.0390411926344133,-0.0530227803937764,-0.014549622369030568,0.24905756819296712,0.005269802314766539,-0.44043924960756575,0.0015879882252557,1,119.5500030517578
2016-10-12,0.0015879882252557,-0.008647991116293089,-0.05270371817069649,0.1733974964531996,0.0091580804667748,0.013526336103946823,-0.03501634142087892,-0.0499328934819095,-0.015457828667269302,0.264147976875205,0.006514103835080192,-0.5506723789453785,0.0024189937106391,1,119.73999786376952
2016-10-13,0.0024189937106391,0.003087282801093911,-0.04909560445522309,0.26357070825107,0.0091777789978651,0.0048608812479578045,-0.030593303236091454,-0.0461758152304516,-0.016074277232020262,0.28767751070399084,0.00516533469543338,-0.3164359450073736,-0.0055975597982837,0,120.02999877929688
2016-10-14,-0.0055975597982837,-0.0031785660876446887,-0.05127652824351999,-0.6077942039476949,0.0092096301049383,0.008079838883276347,-0.03378044680491884,-0.0499129973220558,-0.01669656804583397,0.26647721829292564,0.0072888969682744775,-0.3349282732079425,0.0026773752071126,1,119.36000061035156
2016-10-17,0.0026773752071126,-0.0040027017166677885,-0.04604894687272029,0.29020750119637706,0.009225727095527,-0.0016254590439395145,-0.028973397965737682,-0.0461708162043394,-0.01771055314300729,0.2932659757830864,0.002840878484489356,-0.5164325782283836,0.0061641000546337,1,119.68000030517578
2016-10-18,0.0061641000546337,0.007250897399357411,-0.004556974231982194,0.6561406345543889,0.0093944799788539,0.019900948859040035,-0.020975627679047353,-0.0391980559960331,-0.018612844411407536,0.352185000418628,0.006809497652323379,-0.5001783009292984,0.0057136117418733,1,120.41999816894533
2016-10-19,0.0057136117418733,0.011376520915975012,0.002728529799681906,0.6517753089958196,0.0087662291943464,-0.04278748956727585,-0.01289407591371903,-0.0326352777215984,-0.01999907135209722,0.4022276415342408,0.004706462653386359,-0.36376376884199046,-0.0030597728971404,0,121.11000061035156
2016-10-20,-0.0030597728971404,0.005897754308195511,0.008985037109289405,-0.35200767615456235,0.0086923470833542,-0.052892090191300145,-0.013163024410071725,-0.0343843816787954,-0.021504420480432107,0.3850506883862755,0.007950961582389903,-0.28030472974731957,0.0007451585177257,1,120.73999786376952
2016-10-21,0.0007451585177257,0.01224047262420491,0.009061906536560206,0.08570157505758408,0.0086948054014762,-0.05590069281784138,-0.009667269086567102,-0.032606195216453,-0.02316284761054821,0.39185404799767665,0.0031448915638460197,-0.25280346296042566,-0.0022370801255002,0,120.83000183105467
2016-10-24,-0.0022370801255002,0.007326017291592112,0.003323315574924307,-0.2576208793244131,0.0086836134220438,-0.05876107843532874,-0.009041613251838044,-0.0337095803015568,-0.02489304029270778,0.3783317481609917,0.009455867723407745,-0.3882161485220237,0.0075197946939096,1,120.55999755859376
2016-10-25,0.0075197946939096,0.008681711930868011,0.015932609330225406,0.8439899614437998,0.0089098153265302,-0.05159036513086779,0.0005560105272165575,-0.0254207306073706,-0.02596230581924086,0.4475295735312676,0.0074092493359218465,-0.3142443019330603,-0.0056138205649168,0,121.47000122070312
2016-10-26,-0.0056138205649168,-0.0026457203759220893,0.008730800540052906,-0.6277799485411478,0.0089423381201683,0.020089473126652546,-0.0028151276008218638,-0.0296807279860115,-0.026941443987765656,0.41073792768166895,0.007616509330012335,-0.5567843461210262,0.0018196962666163,1,120.79000091552734
2016-10-27,0.0018196962666163,0.0022337487878346107,0.008131503096030106,0.20251652358918984,0.0089854212109013,0.03371633975688071,0.001092025650224295,-0.0267422552723815,-0.027803918330612132,0.4271465337300079,0.0035534277959246383,-0.49913480620352035,0.0046992929177693,1,121.01000213623048
2016-10-28,0.0046992929177693,0.00618788318787821,0.018428355812083106,0.5162432950507081,0.0091028647980943,0.04693140073598645,0.007499494068565388,-0.0209720274125479,-0.028259588862062146,0.46844603237671245,0.013735859295844055,0.3411877218048578,0.0029566431199742,1,121.58000183105467
2016-10-31,0.0029566431199742,0.01138160643335261,0.018707623724944705,0.3228804035370955,0.0091570844423654,0.05452465434719489,0.011899838318704224,-0.0171185958878692,-0.028677180396419755,0.4932928931865632,0.006314553285632413,-0.1034054361582315,0.0064577074605579,1,121.94000244140624
2016-11-01,0.0064577074605579,0.010319519200000911,0.019001231130868906,1.3837895893745296,0.0046666830782249,-0.47623122284822117,0.017712346553246456,-0.0099448966565973,-0.027175894351200935,0.543699153537374,0.005214693816858605,0.6599076306416247,0.0073872643657927,1,122.7300033569336
2016-11-02,0.0073872643657927,0.02332060413071041,0.020674883754788306,1.519750888422884,0.0048608389849068,-0.4564241566818191,0.024043985834869087,-0.00194059070289,-0.025374473066774317,0.5938224870442488,0.009705633966035002,0.9344686479713067,0.0053239107408224,1,123.63999938964844
2016-11-03,0.0053239107408224,0.026824818604916513,0.029058567392751106,1.2484883143397536,0.0042642856001723,-0.5254217359338947,0.027536000206008385,0.0037177314182929,-0.023179984723591396,0.6259181832380254,0.007884178060120496,0.3072668317193956,0.0007237632468996,1,124.3000030517578
2016-11-04,0.0007237632468996,0.02284928893404681,0.02903717212192501,0.16975964631368523,0.004263458734841,-0.5316354983396476,0.02630741920915874,0.0047430170292343,-0.021011640154117828,0.6302091022447982,0.004019615744459995,0.18462384547210053,-0.018171976119521,0,124.38999938964844
2016-11-07,-0.018171976119521,0.0017206696945516117,0.013102276127904208,-2.947043774862286,0.0061661710879643,-0.3266228867087423,0.006999125535824256,-0.0127282406964744,-0.019590251602057518,0.48200957093554275,0.006794939178767477,0.32998502023861387,-0.0041839524041187,0,122.1500015258789
2016-11-08,-0.0041839524041187,-0.008920990170124987,0.0013985290298759064,-0.6832434257898726,0.0061236628794222,0.3122088594350192,0.0019315350364305151,-0.0161091589591351,-0.018005914939995926,0.45573225512503746,0.014222260245146673,0.23109886150040415,-0.0006579098268443,0,121.63999938964844
2016-11-09,-0.0006579098268443,-0.016966164362761986,0.006354439767948406,-0.10732052961870106,0.0061303259421267,0.2611662227779472,0.0005226254390694586,-0.0162040082141749,-0.01671789645526922,0.4515734710319499,0.026653487404092808,1.1787100134761874,-0.015001711673607,0,121.55999755859376
2016-11-10,-0.015001711673607,-0.03729178677719139,-0.010466968172274892,-2.1279081634520036,0.0070499807892416,0.6532618708645459,-0.014261317072297365,-0.0300627926377285,-0.016030085700299068,0.36943333271844364,0.01803760886938947,1.4404651657243308,-0.0223779787179158,0,119.75
2016-11-11,-0.0223779787179158,-0.06039352874200679,-0.03754423980796,-2.610888463004708,0.0085710205682867,1.0103444412969895,-0.035177716514325066,-0.0502669305457095,-0.015639371405136604,0.2870945007843544,0.02954738795523807,1.0766573456284774,-0.0084902346775273,0,117.0999984741211
2016-11-14,-0.0084902346775273,-0.05071178730001309,-0.048991117605461494,-0.9775873744827349,0.0086848857699494,0.4084730452746208,-0.041925553386850375,-0.0566957445873649,-0.015416538091301835,0.26346950217308346,0.014210675369954462,0.9533390060015321,0.0086610507684277,1,116.11000061035156
2016-11-15,0.0086610507684277,-0.03786678412746669,-0.0467877742975917,0.9822013357381327,0.0088179993788329,0.4399877250696931,-0.032274038878461336,-0.0466949946603216,-0.014901900291222181,0.3245384281926668,0.00811131255092032,-0.13708430195126609,-0.0029929143246396,0,117.12000274658205
2016-11-16,-0.0029929143246396,-0.04020178862526199,-0.057167952988024,-0.345505343735613,0.0086624255714257,0.4130448614320459,-0.033432970560126334,-0.0477612037318903,-0.014823838115052612,0.3147975328630341,0.0059090077232840585,-0.4923591544408511,-0.0051515395758408,0,116.7699966430664
2016-11-17,-0.0051515395758408,-0.030351616527495788,-0.0676434033046872,-0.5927643142038057,0.0086907046399382,0.2327274214988464,-0.03657724282095874,-0.0508863031374887,-0.014852317126520576,0.29827023421079973,0.01532236211890309,-0.05973363832160683,-0.0088189802456063,0,116.16999816894533
2016-11-18,-0.0088189802456063,-0.01679261805518629,-0.0771861467971931,-1.0023540728160605,0.0087982684809469,0.0265135185302241,-0.04278178379152227,-0.0574331301897797,-0.015306171727791806,0.2721151261566142,0.007034281787757601,-0.06631903455655674,0.0037273072140238,1,115.1500015258789
2016-11-21,0.0037273072140238,-0.00457507616363519,-0.0552868634636483,0.4185735457347054,0.0089047844805419,0.02531970096295022,-0.03721442559472714,-0.0522049769204158,-0.015569979156520475,0.299983373927476,0.005623823460645127,-0.4082425581223693,-0.000346148454927,0,115.58000183105467
2016-11-22,-0.000346148454927,-0.01358227538698989,-0.051449059514456594,-0.04012629349944059,0.0086264746812916,-0.021719744957234277,-0.03516463043013599,-0.0509437949923051,-0.01635425592783124,0.29883715542807054,0.007010537927777487,-0.43220207242379427,-0.0200190339138755,0,115.54000091552734
2016-11-23,-0.0200190339138755,-0.030608394976225792,-0.0708101836014878,-2.1159671353925344,0.0094609380169611,0.09218116091749318,-0.051300957671988445,-0.0677738719248894,-0.017363688080129336,0.24186170724069542,0.010860889426393362,0.732459979060635,-0.0056672372341616,0,113.25
2016-11-25,-0.0056672372341616,-0.031124092634546588,-0.06147570916204239,-0.6029723593400981,0.009398834202556,0.08148125980068222,-0.053331538556449405,-0.0710907176809059,-0.01875966069195545,0.22873618429165277,0.010301071448557981,-0.5604298921487249,0.0105120213801008,1,112.61000061035156
2016-11-28,0.0105120213801008,-0.011793091008839494,-0.028585709064025796,1.0779220385146058,0.0097521165766186,0.10841316080968744,-0.040188904489829445,-0.0595274283072099,-0.020148260327310985,0.30433305925446663,0.00940245752311244,-0.5232511382575071,-0.0046682289330247,0,113.8000030517578
2016-11-29,-0.0046682289330247,-0.02018862715588799,-0.024763703319523194,-0.48411495347491457,0.0096428108644791,0.08287975812888915,-0.04115332143439321,-0.0620394143660554,-0.021782515806288205,0.2906678635202124,0.006974494031431723,-0.3721775907085052,-0.0135100860823796,0,113.2699966430664
2016-11-30,-0.0135100860823796,-0.03335256478334059,-0.0469348401703305,-1.411634429771112,0.0095705274662153,0.1094366841383172,-0.049603470520778986,-0.0725232873507435,-0.024116056949959108,0.25526744849322625,0.011543632353712249,-0.06821266635480583,-0.0018809543242076,0,111.75
2016-12-01,-0.0018809543242076,-0.01521448519367269,-0.0458228801698985,-0.2050932813330345,0.0091712137617676,-0.030623206142361026,-0.04648329148740366,-0.0718427301421806,-0.026595694053789143,0.2507241943063363,0.012192940641819902,-0.10613754410045972,0.0053648060832919,1,111.54000091552734
2016-12-02,0.0053648060832919,-0.0041824418762191895,-0.0353065345107658,0.5848043994970388,0.0091736759981729,-0.023955971509941998,-0.036345439148085676,-0.064447512106232,-0.029161977849513798,0.2896265370088221,0.004815417500146615,-0.3447577750654558,-0.0053648060832917,0,112.13999938964844
2016-12-05,-0.0053648060832917,-0.02005926933961169,-0.031852360348451195,-0.5915535901551651,0.0090690111134048,-0.07004689267677489,-0.03617996775681417,-0.0669450565002783,-0.03191995156176808,0.2742899532816682,0.016137735673150976,-0.1061975473707667,-0.0009866853717861,0,111.54000091552734
2016-12-06,-0.0009866853717861,-0.01637772577837309,-0.036566352934261095,-0.1146972238288981,0.0086025218296304,-0.10788234358933435,-0.032650117457645275,-0.0653445220777989,-0.03379791036333968,0.27145195010860745,0.007538332007449725,-0.5047839621489103,0.0035832836159674,1,111.43000030517578
2016-12-07,0.0035832836159674,0.000715643919973911,-0.0326369208633667,0.4074175006777934,0.008795114618312,-0.08102091035635872,-0.025026031038084193,-0.0596562739672775,-0.035519146184041395,0.2998221615970016,0.006527795269434354,-0.5521578749014995,-0.0023276835438489,0,111.83000183105467
2016-12-08,-0.0023276835438489,0.0002689147003326112,-0.014945570493340096,-0.2654881682072366,0.0087675603759183,-0.04401308227401968,-0.023038331659769262,-0.0595254605571115,-0.037347554238571834,0.29186628113218743,0.003674855814563648,-0.42145320950327314,-0.0105420462054413,0,111.56999969482422
2016-12-09,-0.0105420462054413,-0.01563793758840059,-0.019820379464619797,-1.235249823248231,0.0085343434235188,-0.0696920814274925,-0.029309735087205677,-0.0669229148788118,-0.038748899779050716,0.25861073962240366,0.009601427028470555,0.0783294037359823,0.0037971130210449,1,110.4000015258789
2016-12-12,0.0037971130210449,-0.00647601848406399,-0.026535287823675695,0.5045624355528412,0.0075255563107556,-0.17018997808568526,-0.02291934498110422,-0.0610209356765733,-0.03899533830677704,0.2898897344849668,0.00757989505141993,-0.3184341709499544,-0.0033443584495007,0,110.81999969482422
2016-12-13,-0.0033443584495007,-0.008833691561778588,-0.025211417340151695,-0.4515613417260345,0.0074062107192731,-0.13906516415183545,-0.023745680798140666,-0.0617918066346627,-0.03897153138090781,0.27873299940946794,0.006609356062505509,-0.05160111402562073,-0.0147758537030282,0,110.4499969482422
2016-12-14,-0.0147758537030282,-0.02719282888077419,-0.026477184960800294,-1.9962874852975323,0.0074016662489,-0.15843436156144575,-0.03452740624546124,-0.0736421574576065,-0.040513580048953446,0.23592109889555302,0.022604122691149527,0.5084621817278456,-0.0137857159011076,0,108.83000183105467
2016-12-15,-0.0137857159011076,-0.03865086123803289,-0.038381946537700294,-1.7821211561044095,0.0077355660438049,-0.11770598523027687,-0.043745941124968886,-0.0842297422329425,-0.04233582146108772,0.20476826140534216,0.00922301003861737,0.5993060713216791,0.0065927785650654,1,107.33999633789062
2016-12-16,0.0065927785650654,-0.02151603646752619,-0.0371539740559268,0.8141605876703653,0.0080976390467757,-0.051170237131498264,-0.03392654343564295,-0.0763425491711433,-0.043905569961878776,0.2552354479378752,0.01203142420773983,0.1736388416144341,0.0049851773077869,1,108.0500030517578
2016-12-19,0.0049851773077869,-0.02032797218078419,-0.026803990664848197,0.606554480599161,0.0082188450786193,0.09212458710498828,-0.0262427869531369,-0.0699535096203421,-0.04488872799250998,0.2920346160184249,0.004972842193005079,-0.39182343047763013,-0.0073943902174649,0,108.58999633789062
2016-12-20,-0.0073943902174649,-0.02437800394874839,-0.033211695510526995,-0.910621367778852,0.0081201589146771,0.0963985798494904,-0.030028698056047656,-0.0748449428905538,-0.04620368122715435,0.27069516115990466,0.006586873350423913,-0.16920953994514432,0.0005564603998491,1,107.79000091552734
2016-12-21,0.0005564603998491,-0.009045689845871091,-0.0362385187266453,0.06835260826472185,0.0081410265676182,0.09989106423544558,-0.02611916338874123,-0.0724671224388094,-0.04759099605177752,0.2749740724721268,0.005841421069367493,-0.4071446118337989,-0.0024136861188265,0,107.8499984741211
2016-12-22,-0.0024136861188265,0.0023263399364100105,-0.03632452130162289,-0.33779645754073967,0.0071453861191999,-0.07629434242600142,-0.02597787795027704,-0.0727654130888578,-0.04803539270763335,0.26764561875094556,0.00566967776851526,-0.3782707983625332,0.003155199096609,1,107.58999633789062
2016-12-23,0.003155199096609,-0.00111123953204639,-0.022627275999572594,0.43727020921931503,0.0072156735814273,-0.10891637182810454,-0.020825484356032986,-0.0678911678222491,-0.04806669568525557,0.2941386562460572,0.004169340748353747,-0.3682153931479567,0.0058201213728205,1,107.93000030517578
2016-12-27,0.0058201213728205,-0.00027629546701278974,-0.020604267647796996,0.8496146522514525,0.0068503072038569,-0.16651218774308651,-0.01276334328300708,-0.0606981643253702,-0.04855453929533782,0.34166115890010235,0.003960946157388433,-0.5296050175464795,0.002759665575201,1,108.55999755859376
2016-12-28,0.002759665575201,0.009877760325653111,-0.014500243623095294,0.39882950170117804,0.006919411837464,-0.14787236183798846,-0.008046062541757255,-0.0563355325794461,-0.04868116170940806,0.36363264817941265,0.005695413770951925,-0.3403074945562281,0.0130506100063358,1,108.86000061035156
2016-12-29,0.0130506100063358,0.022371909932139812,0.013326220086268705,1.8286909080378277,0.0071365860403052,-0.1233800822255352,0.005653334753609974,-0.0422573789674182,-0.047641381045851694,0.4567086918609399,0.012421752704824061,0.0019133831514990263,-0.0061846518231216,0,110.29000091552734
2016-12-30,-0.0061846518231216,0.01860094422784471,0.020927284164254704,-0.8542860000730486,0.0072395565684007,0.013179196705376262,0.0003331182347270206,-0.0462575068923234,-0.046575110108588724,0.4248844189350735,0.009944384282598303,0.18611897146080425,0.0078153851382457,1,109.61000061035156
2017-01-03,0.0078153851382457,0.023261130269481414,0.022149890737435007,1.0603974763852846,0.0073702411711569,0.021421089519271908,0.008950602353033073,-0.0370534283570454,-0.045595919763355974,0.47473518735349174,0.01475511211556389,0.005418177374017175,0.0035241475629946,1,110.47000122070312
2017-01-04,0.0035241475629946,0.02096515645965551,0.020688860992642704,0.47978305868584803,0.0073452938764604,0.07225758756115486,0.012827079900816702,-0.0319713130598256,-0.044231037903359915,0.49606754725079205,0.005502440979552039,-0.3210105162305499,0.0153959468030907,1,110.86000061035156
2017-01-05,0.0153959468030907,0.03360143768754521,0.04347919801319831,1.8922648927260561,0.0081362534718439,0.17585911389050635,0.028001132313379227,-0.0155803633491718,-0.042394404337353864,0.5775533542273844,0.007727862252903524,0.2936186256951645,-0.0073998628066779,0,112.58000183105467
2017-01-06,-0.0073998628066779,0.013150964874531516,0.03552287480667131,-0.8929057999611302,0.0082873947139777,0.16125478865848364,0.020459414614317085,-0.0211741723392621,-0.040798866037523474,0.5327825767681194,0.007248300300615085,0.015938769535186914,0.0081989424309123,1,111.75
2017-01-09,0.0081989424309123,0.027534559128565415,0.04613550335641011,0.968396712886184,0.0084665120418226,0.16947936822226506,0.028344021230905892,-0.0117100301026776,-0.038950050281460924,0.5723538219692539,0.007632915810134451,-0.24843268958876763,0.0042512096404077,1,112.66999816894533
2017-01-10,0.0042512096404077,0.023970383630727413,0.047231513900208806,0.5255056800267862,0.0080897501244725,0.09762352908224559,0.031430619971589545,-0.0061292235215921,-0.0364152884022545,0.5917804097215899,0.007158617301551755,-0.16866312670199357,0.0030884513564589,1,113.1500015258789
2017-01-11,0.0030884513564589,0.023534687424191715,0.04449984388384721,0.3822595883848146,0.0080794607913139,0.09995065237706813,0.033358828900577904,-0.0016378426193312,-0.03386691102948547,0.6058405743351579,0.017797394471021227,0.3193725773969305,0.00360585813951,1,113.5
2017-01-12,0.00360585813951,0.011744598760611012,0.045346036448156206,0.4494275857767522,0.0080232238821699,-0.013892092971924508,0.0354607681763263,0.0033860515469773,-0.030976274152655248,0.6222541257799671,0.009832347560134184,0.12128232919347304,0.0026301559853731,1,113.91000366210938
2017-01-13,0.0026301559853731,0.02177461755266201,0.034925582427193506,0.37337316978452606,0.0070443090136631,-0.14999716354984094,0.03565533661197557,0.0075408895350709,-0.027146528466582054,0.634255206910357,0.009806454129810046,0.0003554247739332439,0.0142573866608842,1,114.20999908447266
2017-01-17,0.0142573866608842,0.027833061782633912,0.0553676209111993,2.2231837244215136,0.0064130492249776,-0.2425394078106039,0.04648903142257707,0.0234153047554613,-0.022048703784070978,0.6918850184810911,0.003970643854392559,0.3070533041968415,-0.0084951596395611,0,115.8499984741211
2017-01-18,-0.0084951596395611,0.01508669250266511,0.0390570761333925,-1.2249283783475102,0.0069352296752415,-0.14271398145394276,0.034450177885000745,0.016451549126015,-0.01739922245050518,0.6281873663431126,0.011839475736340829,-0.04290934585082984,-0.0008709816243126,0,114.87000274658205
2017-01-19,-0.0008709816243126,0.011127259521893612,0.034661946946085306,-0.12490404164688673,0.006973206093482,-0.13692184743581115,0.030681538153658074,0.0172985672578319,-0.012984583889801948,0.6218952930167212,0.008887310907907406,-0.05951280805630943,0.0024367465635147,1,114.7699966430664
2017-01-20,0.0024367465635147,0.009958147945898312,0.021702746706509304,0.37185112367871553,0.0065530165390063,-0.1832439633687475,0.029838949103071114,0.0210656628893884,-0.00851908565055115,0.6329799068249689,0.012516318150451913,0.7290796033756644,0.0064113705241066,1,115.0500030517578
2017-01-23,0.0064113705241066,0.013739362484631812,0.0355139800372938,0.9778343145940848,0.0065567043704823,-0.06921965550276743,0.03279266720688439,0.0287012980738398,-0.003961462220785639,0.6612444565733219,0.008377245125084446,-0.10872777186138438,-0.0045010400404046,0,115.79000091552734
2017-01-24,-0.0045010400404046,-0.005019064216656989,0.022813997565976903,-0.6745905875234328,0.0066722544364707,0.040418403539387304,0.024644960186171155,0.0252273042649965,0.0005683374255991414,0.6248298891026698,0.009369256815408549,-0.19386823830015576,-0.0082756425384433,0,115.2699966430664
2017-01-25,-0.0082756425384433,-0.004799547115539189,0.010287145387125902,-1.154260491331882,0.0071696489662348,0.033801229659367715,0.013322455780753603,0.0177609587787599,0.004380148661154992,0.5637498213050062,0.006648024302477874,-0.07971413770691838,-0.009315451405169,0,114.31999969482422
2017-01-26,-0.009315451405169,-0.013244016896395589,-0.0021167573745019957,-1.2214172284974103,0.0076267561876697,0.09372304294843481,0.0018398764126092728,0.0090139713806376,0.007160919760667905,0.5044903324904091,0.006003887447908549,-0.26788158981268195,0.0020286289430193,1,113.26000213623048
2017-01-27,0.0020286289430193,-0.013652134516890988,-0.0036939865709926965,0.2660400482831499,0.0076252765555816,0.16362846182254542,0.001822838924680508,0.0115351719516038,0.009694661221087753,0.5163694665165537,0.006520446797895949,-0.09901728318768344,0.0042205580884096,1,113.48999786376952
2017-01-30,0.0042205580884096,-0.015842946952587988,-0.002103584467956196,0.5861388811409461,0.0072006110227564,0.09820583877060396,0.004428588927894343,0.0163841555112345,0.011902853737069785,0.5410960241936411,0.006668440186805903,0.03194093299927725,0.013768096552717,1,113.97000122070312
2017-01-31,0.013768096552717,0.002426189640533611,-0.0025928745761233957,1.8511448934892047,0.0074376115025581,0.11470741611769797,0.015694725664035895,0.0306988854736214,0.014772312418749767,0.6115057348273804,0.005538722395028977,0.38455519309495956,-0.0030336413602642,0,115.5500030517578
2017-02-01,-0.0030336413602642,0.0076681908187127105,0.002868643703173503,-0.40797682419304576,0.0074358178709405,0.03712439841325743,0.01051742293815312,0.0277547025501918,0.01705787472908704,0.589913299022706,0.01137150688625737,-0.0753088016986928,0.005540175253055,1,115.1999969482422
2017-02-02,0.005540175253055,0.022523817476936714,0.009279800580541103,0.741678477331842,0.0074697802651434,-0.020582265731804328,0.013916816961843544,0.0333372257473016,0.019153848186136635,0.6165739841116487,0.008114662216186506,-0.055479650017078774,0.0025003325828475,1,115.83999633789062
2017-02-03,0.0025003325828475,0.022995521116764908,0.009343386599873903,0.36787146422284844,0.0067967560031589,-0.10865449225133139,0.014878394491754035,0.0358225067823466,0.020637065883229555,0.6283640920650724,0.005683317641600683,0.24345183966565997,0.013428758731217,1,116.12999725341795
2017-02-06,0.013428758731217,0.03220372175957231,0.016360774806984304,1.933046997254766,0.0069469385639811,-0.03522929623244586,0.02593155231731556,0.0494217671692098,0.022896473745091406,0.684860841159161,0.008496176940766986,0.11775105527165075,-0.0020411460379591,0,117.6999969482422
2017-02-07,-0.0020411460379591,0.016394479168896213,0.018820668809429807,-0.29628208537746786,0.0068891982968145,-0.07373512391108061,0.021706695783940314,0.0464962891990978,0.02426292547308484,0.6681397133288479,0.004597317552667166,0.10601644206788263,0.0061956773807737,1,117.45999908447266
2017-02-08,0.0061956773807737,0.02562379790993411,0.033291988728646804,0.8933932431470996,0.0069349946714938,-0.06735280612559635,0.02580795926629782,0.0519542246812091,0.0254884602704899,0.6927154278139954,0.006599532643918442,0.20845898710930255,-0.0076440113416853,0,118.19000244140624
2017-02-09,-0.0076440113416853,0.01243961131519381,0.034963428792130505,-1.051713995246554,0.0072681464506834,-0.026993272533181956,0.01632498452119977,0.0432955751960153,0.026537368544099715,0.630702986611026,0.01176575046500644,0.037114920100221216,0.0026395141502793,1,117.29000091552734
2017-02-10,0.0026395141502793,0.012578792882625612,0.035574313999390504,0.3636891331301386,0.0072576107170483,0.06780509903183374,0.01738463789338224,0.0452478433119453,0.027387090762700295,0.6425719373259936,0.010119068510601266,0.14614661090128545,-0.0068259259671759,0,117.5999984741211
2017-02-13,-0.0068259259671759,-0.0076758918157672894,0.024527829943805007,-0.9112383821458538,0.0074908235878977,0.07829132486309387,0.009332901484460329,0.0372062492181763,0.0276156139294792,0.5898833470721535,0.006849275697439768,-0.07134807875024862,0.0011123712399388,1,116.8000030517578
2017-02-14,0.0011123712399388,-0.00452237453786939,0.011872104631026805,0.16299346449342508,0.006824637069934,-0.009371370092562503,0.00998497521837235,0.0373675937455204,0.027111906809532016,0.595684924816648,0.010091510323237194,-0.11287198698465728,0.0044372173593293,1,116.93000030517578
2017-02-15,0.0044372173593293,-0.00628083455931379,0.019342963350620305,0.6787091847043116,0.0065377299428509,-0.057284071215779164,0.013347346129980843,0.041000043662153,0.02728846889250658,0.6189079930775716,0.010472570360947994,-0.09572432374508211,0.0053496912376037,1,117.4499969482422
2017-02-16,0.0053496912376037,0.00671286801997521,0.019152479335169004,0.8122465977563748,0.0065862894992492,-0.09381442105780458,0.01733030132573718,0.0453720684393412,0.027564073415547785,0.6454768188292838,0.004403765540336085,-0.1859588850979058,-0.0033932974726114,0,118.08000183105467
2017-02-17,-0.0033932974726114,0.0006800563970845099,0.013258849279710104,-0.508930155888037,0.0066675111178869,-0.0813076950759073,0.012736666880414364,0.0406791692958155,0.027591083970005537,0.6161070121233244,0.0066281337293857484,-0.03314700563594619,0.0005946540100771,1,117.68000030517578
2017-02-21,0.0005946540100771,0.00810063637433751,0.00042474455857020323,0.09077494602664841,0.0065508605194051,-0.1254819389968307,0.012485171134330057,0.0402090506298401,0.02738201040954502,0.6193709475200095,0.010445888381601645,-0.18635664069483393,0.0013579197505681,1,117.75
2017-02-22,0.0013579197505681,0.00834618488496681,0.0038238103470974033,0.21120623975399133,0.0064293543228163,-0.05791996600949256,0.012711532589308197,0.0404570543569956,0.02739726059675407,0.6271738503722479,0.006615204436191052,-0.20219011799478026,0.0086975321577201,1,117.91000366210938
2017-02-23,0.0086975321577201,0.01260649968335761,0.006325665124043803,1.3939271879657793,0.0062395885759376,-0.04560319400150836,0.01953525496248742,0.0479664705130615,0.0278864467042097,0.6735656845193873,0.004035676366914985,-0.014446049197132438,0.0063694022640588,1,118.94000244140624
2017-02-24,0.0063694022640588,0.013626210709812708,0.020339078729787904,1.1158511913098437,0.0057081108248691,-0.13333435684541461,0.02322557252945798,0.0530149225721049,0.02911317977423722,0.7029381551285729,0.005263135083373167,0.2488382455916991,-0.0048571756358509,0,119.6999969482422
2017-02-27,-0.0048571756358509,0.01216233254657321,0.0128423889436577,-0.8153587169015031,0.0059571027268942,-0.10654776249069775,0.01582322612624756,0.0463165720529578,0.030018358649854582,0.6545348177443807,0.010745456260775551,0.16049857529335054,0.0009230175401251,1,119.12000274658205
2017-02-28,0.0009230175401251,0.012490696076621208,0.020591332450958705,0.1551211979035028,0.0059502992021715,-0.09167670651124449,0.014485998614242025,0.045372875866324,0.030445838872367403,0.659326115476238,0.008554865506569578,0.08631132967279842,-0.0014268817535847,0,119.2300033569336
2017-03-01,-0.0014268817535847,0.009705894572468409,0.018052079457435203,-0.26710567878608915,0.0053420120458293,-0.16912153575488476,0.011528998258935014,0.0417413822555777,0.02986803546773742,0.6444499368929718,0.009827026896788245,0.09215412162476744,-0.012508578672614,0,119.05999755859376
2017-03-02,-0.012508578672614,-0.011500216257865693,0.0011062834254919034,-2.0414528072878815,0.0061272925967032,-0.01799733714294216,-0.0020539312756947727,0.0270789817527486,0.029192873183702783,0.5319305301934192,0.009440321174275276,0.34802881016945,-0.0005955140219627,0,117.58000183105467
2017-03-03,-0.0005955140219627,-0.018465132543887194,-0.0048389218340744965,-0.09855907206901912,0.0060422040250711,0.05852955740565213,-0.0033543666272978384,0.0248704152280124,0.02831977676939812,0.5272416586604963,0.010977796715822092,0.28137496298227416,-0.0067455398520684,0,117.51000213623048
2017-03-06,-0.0067455398520684,-0.020353496760104693,-0.008191164213531497,-1.0795196106180132,0.0062486496639062,0.04894106252285524,-0.010302279928438782,0.0163971637767549,0.02697737214476259,0.4762218457372591,0.006168619029927062,-0.3967349444695968,-0.008086086565359,0,116.72000122070312
2017-03-07,-0.008086086565359,-0.029362600865588794,-0.0168719047889676,-1.4216448333116372,0.0056878387455768,-0.04410878305059318,-0.017473009023693697,0.0068211188101871,0.024726168397410042,0.423685612532706,0.005441330627571289,-0.1452851671152703,-0.0062381178909614,0,115.77999877929688
2017-03-08,-0.0062381178909614,-0.03417383700296549,-0.024467942430497096,-1.0734545474998998,0.0058112547992741,0.08784007774957292,-0.022587713562683093,-0.0007382221883841,0.0223544267628768,0.3883463278452375,0.0035633901513040475,-0.042604712165210334,-0.0051409196222566,0,115.05999755859376
2017-03-09,-0.0051409196222566,-0.026806177952608094,-0.0383063942104738,-0.9149429540552934,0.0056188416987863,-0.08298133145958675,-0.02606076020486859,-0.0069901831000149,0.019580869448144522,0.3617213675522577,0.005416223557053367,-0.17797487084733632,0.0021815968976861,1,114.47000122070312
2017-03-10,0.0021815968976861,-0.024029067032959293,-0.0424941995768465,0.3973353079191396,0.0054905689331039,-0.0912969985254195,-0.02286538715187855,-0.0058839246614008,0.017378836310977253,0.3810845382625135,0.005230178670947906,0.01836184947714159,0.0001742930636869,1,114.72000122070312
2017-03-13,0.0001742930636869,-0.01710923411720399,-0.0374627308773087,0.0321020312258909,0.0054293468989691,-0.1311167706632046,-0.02150324423391133,-0.0067228634167508,0.015105191437848386,0.38269765524883576,0.003486155946715397,-0.23820292813207944,-0.0054181301429249,0,114.73999786376952
2017-03-14,-0.0054181301429249,-0.014441277694769893,-0.043803878560358694,-1.010525180363619,0.0053616973116645,-0.057340133660773396,-0.025677127692151767,-0.0127446724925851,0.013273274770748023,0.35205925044241854,0.008587481014260313,-0.2950329327244309,0.0184924940546759,1,114.12000274658205
2017-03-15,0.0184924940546759,0.010289334250867407,-0.023884502752098094,2.6688932857693546,0.0069288997627888,0.19232420572133702,-0.007203649349123469,0.0045279348237187,0.011816707590787567,0.5001230572602471,0.01918282457577285,0.7227165321733149,0.0041205599552108,1,116.25
2017-03-16,0.0041205599552108,0.01955081382833481,-0.007255364124273295,0.5956392538608382,0.0069178784448842,0.2311929781503721,-0.0027977487982559037,0.0075856192999415,0.010412499656598628,0.5263885598885735,0.005140053601184694,0.17079223775547492,0.0022248383768926,1,116.7300033569336
2017-03-17,0.0022248383768926,0.019594055307541308,-0.004435011725417996,0.32632065396351384,0.0068179514531782,0.24175682634111118,-0.00011113199685839176,0.0087623037322967,0.008874421961388768,0.5404729571594635,0.0030771261435206592,-0.40551035913750133,0.0044350117254181,1,116.98999786376952
2017-03-20,0.0044350117254181,0.023854773969272505,0.006745539852068504,0.6459893150184829,0.0068654567843606,0.26450877280731167,0.004406202005918233,0.0123853898613342,0.007944184175167956,0.5681354348384943,0.003318861225075185,-0.48119759547108143,0.0087270095580669,1,117.51000213623048
2017-03-21,0.0087270095580669,0.03799991367026431,0.023558635975494405,1.221879885033395,0.0071422810580341,0.3320932986082408,0.012868056524729662,0.0200657155447362,0.007106215832990648,0.6172800145239754,0.008773417475071805,0.21412346932301252,0.0024434516279076,1,118.54000091552734
2017-03-22,0.0024434516279076,0.02195087124349601,0.032240205494363405,0.3415225740659391,0.0071545830743119,0.032571305582326016,0.014947054442653233,0.0214783070225135,0.006435067278900419,0.6300451128636371,0.0039552403724721335,-0.0824237189326128,-0.0013473994637167,0,118.83000183105467
2017-03-23,-0.0013473994637167,0.01648291182456851,0.0360337256529033,-0.1956092624953199,0.0068882191289328,-0.00428734274354492,0.013697323226061488,0.0191357221596841,0.005364913972856433,0.6178015655171455,0.007836861207765253,-0.2126487131629401,0.0015998188263154,1,118.66999816894533
2017-03-24,0.0015998188263154,0.015857892273991307,0.035451947581532604,0.23761690522027287,0.0067327651828154,-0.012494408466796947,0.0156847492955102,0.0198285730582842,0.00407983261110112,0.6270693856482482,0.006898870020305255,-0.10994730529935581,0.0056210406038038,1,118.86000061035156
2017-03-27,0.0056210406038038,0.01704392115237701,0.04089869512164951,0.8301243092954764,0.0067713239340917,-0.013711083359133958,0.021231135988844928,0.024589098272527,0.0032881511005153907,0.6585149574480315,0.00677658492646587,0.10755846642750777,-0.0041077969016607,0,119.52999877929688
2017-03-28,-0.0041077969016607,0.004209114692649408,0.04220902836291371,-0.6009864356803399,0.0068350908735744,-0.04301009466914685,0.017127286798317355,0.0195447055348938,0.002376712106687995,0.617506073752269,0.008820590084696798,-0.06551743844992142,0.0024332009503226,1,119.04000091552734
2017-03-29,0.0024332009503226,0.004198864015064408,0.026149735258560406,0.35523603136866627,0.0068495330863479,-0.04263700411268745,0.019487575895850668,0.0214196095396156,0.0018951026863345266,0.6321083997973297,0.003351997740272457,-0.3384125538609104,-0.0072330054554579,0,119.33000183105467
2017-03-30,-0.0072330054554579,-0.0016867419766767927,0.014796169847891706,-1.1255161858501481,0.0064263895503151,-0.06704629599802703,0.011755568804464088,0.0134337585246211,0.001658690865561585,0.5634157097156293,0.006752790103103526,-0.04486684851499001,0.0021080154307045,1,118.47000122070312
2017-03-31,0.0021080154307045,-0.0011785453722876925,0.014679346901703605,0.32767321913789454,0.006433285687035,-0.04448090608369748,0.013367027513851486,0.0148864912453215,0.0014994209306353756,0.5777799847599585,0.005222395048913604,0.19821915226923092,0.0052925502986567,1,118.72000122070312
2017-04-03,0.0052925502986567,-0.0015070356774347926,0.015536885474942206,0.842786795670024,0.0062798210957364,-0.07258592900580663,0.01760233048858343,0.0195225392655415,0.0018869932973091252,0.6123894235895193,0.005865141069008913,-0.14871457392507037,0.0022597345773741,1,119.3499984741211
2017-04-04,0.0022597345773741,0.004860495801600007,0.009069610494249404,0.3832337304770042,0.0058964918734096,-0.1373206322382018,0.01823755359779144,0.0211608083646903,0.0028708966356327803,0.6265193691246198,0.003260319183194429,-0.3364881277620966,0.0,0,119.62000274658205
2017-04-05,0.0,0.002427294851277407,0.006626158866341805,0.0,0.0056166575867192,-0.17999409362457086,0.01626518676034072,0.0204029607248361,0.0040715494522505224,0.6265193691246198,0.010282525491533592,0.1435205790677614,-0.0036851166978419,0,119.62000274658205
2017-04-06,-0.0036851166978419,0.005975183608893407,0.004288441632216605,-0.6665356481382809,0.0055287616020762,-0.13967842148549614,0.010505248807798379,0.0158073180093657,0.005246948699992204,0.5861364755657109,0.003691851073041361,-0.3380492059376279,0.0023466217608158,1,119.18000030517578
2017-04-07,0.0023466217608158,0.006213789939004707,0.005035244566717004,0.42440953963648054,0.005529144709673,-0.1405410891644553,0.010848029554158518,0.0171188507496897,0.006203525171134983,0.6036443614897781,0.012807624234242587,0.7104784827814474,0.0,0,119.45999908447266
2017-04-10,0.0,0.0009212396403480072,-0.0005857960370867958,0.0,0.0055323505515996,-0.11902736284068427,0.008833401256339236,0.0160858894942729,0.007188985048375507,0.6036443614897781,0.007031675654803561,-0.35438152607077134,0.0143780024853959,1,119.45999908447266
2017-04-11,0.0143780024853959,0.013039507548369807,0.017900003349969804,2.4404321844739703,0.005891580424512,-0.0008329442324424008,0.0203970087840126,0.0295362121819068,0.008956517237134198,0.6958446354889588,0.009159176400613022,0.6564363736952803,0.0068253560866931,1,121.19000244140624
2017-04-12,0.0068253560866931,0.01986486363506291,0.0222921584863403,1.4390111149474143,0.0047430878162067,-0.15553196131772185,0.024895814670001067,0.0354489495645154,0.010296787969528598,0.72847821054595,0.008851023281158702,0.29846527621680297,0.0047420728437496,1,122.0199966430664
2017-04-13,0.0047420728437496,0.028292053176654407,0.0342672367855478,0.9969002907219298,0.0047568175953841,-0.1396233120998045,0.027235121990310363,0.0390658084829739,0.01151701907323921,0.748763918726079,0.005057118713691534,0.346520961209563,-0.0029407031136138,0,122.5999984741211
2017-04-17,-0.0029407031136138,0.02300472830222481,0.029218518241229507,-0.5992007852252937,0.0049077090453213,-0.11239272925241484,0.02197101948865328,0.0348920283649573,0.012643224347760107,0.7131495965478609,0.008835093667608786,0.1238681999942941,0.0047335584740102,1,122.23999786376952
2017-04-18,0.0047335584740102,0.027738286776235008,0.028659526416583002,0.9630195964602662,0.004915329336401,-0.11152966708159828,0.02454588674681178,0.0386258487845265,0.013742636830471389,0.7350175293452665,0.010584558097976161,0.3834917887807707,-0.0089143614181285,0,122.81999969482422
2017-04-19,-0.0089143614181285,0.004445922872710607,0.017485430421080403,-1.6962350391979037,0.0052553810127303,-0.10798450771117085,0.014104010250186311,0.0287071472424022,0.014400038698805018,0.6367712582880771,0.008050631150153403,0.08256149276882607,0.0018876096148857,1,121.7300033569336
2017-04-20,0.0018876096148857,-0.0004918235990967934,0.019373040035966103,0.3595010073514508,0.0052506379016634,0.10700836778152145,0.014697125427957564,0.0298674968680718,0.014950640008678517,0.6474786386539563,0.005493589488150689,0.46398353107020096,0.0028656709251947,1,121.95999908447266
2017-04-21,0.0028656709251947,-0.002368225517651693,0.025923827659002703,0.5486344825365272,0.0052232789159473,0.09806163705243676,0.016070524733568976,0.0321048421036325,0.015780713030985716,0.6637240209568717,0.007194810489603663,0.8315228934494425,-0.0068091177272856,0,122.30999755859376
2017-04-24,-0.0068091177272856,-0.006236640131323493,0.0167680881709013,-1.2281307672639379,0.005544293741989,0.12971117292998047,0.008078428224375418,0.0243766119239196,0.016167575104500287,0.5938357310617308,0.00699702379513141,0.2660799924861721,-0.0101767588253088,0,121.4800033569336
2017-04-25,-0.0101767588253088,-0.021146957430642495,0.0065913293455925025,-1.703638876036417,0.0059735422620699,0.2152883058785482,-0.0024265325875542604,0.0135516664699441,0.016017064987647878,0.5084002017957961,0.00681912428128272,0.17263651645973677,0.0048944172271602,1,120.25
2017-04-26,0.0048944172271602,-0.007338178785353793,-0.0028922559126431952,0.8207893187209152,0.0059630615500546,0.13465827417842013,0.001720069313538465,0.0178313889997,0.01608365468528783,0.542407985387197,0.009020161957327296,0.089865793773376,-0.0037308583358819,0,120.83999633789062
2017-04-27,-0.0037308583358819,-0.012956646736121393,-0.013448470335218196,-0.618672810316364,0.0060304223390294,0.14851232402047088,-0.0024485175492274624,0.0134503702094642,0.015937912015960842,0.513244725808006,0.005232969985978239,-0.09372249074483141,0.0031514146140462,1,120.38999938964844
2017-04-28,0.0031514146140462,-0.012670903047269894,-0.015039128564921594,0.5455567792719233,0.0057765107753806,0.10591658388071457,-0.0002525079146588065,0.0160812623300403,0.016337895692670523,0.5359352307380033,0.004140101133543467,-0.01079824256463402,-0.0091499432066366,0,120.7699966430664
2017-05-01,-0.0091499432066366,-0.015011728526620895,-0.021248368657944397,-1.477597910905206,0.0061924446015433,0.1169041341813497,-0.009747793988922336,0.0065572824159675,0.01646557948158467,0.46793432373654037,0.011698851402190548,0.006182570198157045,-0.0001671121773228,0,119.66999816894533
2017-05-02,-0.0001671121773228,-0.005002081878634895,-0.026149039309277394,-0.027464110108458676,0.0060847475728453,0.018616309368315376,-0.010036141765630478,0.0060556837885745,0.016254962663895034,0.4667748536597272,0.0034266916580081293,-0.4681261507355754,-0.0140556800788944,0,119.6500015258789
2017-05-03,-0.0140556800788944,-0.023952179184689497,-0.031290357970043294,-2.0575010757170134,0.0068314326756773,0.1456250481960475,-0.023190703873850645,-0.0080245662315649,0.015526201176045307,0.3817097429820145,0.012035922432119902,0.135571438399942,-0.010137688898777,0,117.9800033569336
2017-05-04,-0.010137688898777,-0.030359009747584598,-0.043315656483706,-1.4185798197366573,0.0071463648063589,0.18505212480841138,-0.031909107377691155,-0.0178451237404933,0.014527544618359256,0.3348773513584928,0.005565558016812226,0.2744043675433596,0.0018819613581219,1,116.79000091552734
2017-05-05,0.0018819613581219,-0.0316284630035089,-0.0442993660507788,0.2631093208223638,0.007152773426041,0.2382515508368841,-0.02921238209888578,-0.0156754844070623,0.01394424222374302,0.3507370750579888,0.0033330431803118457,-0.27717014016542374,-0.0022245229386794,0,117.01000213623048
2017-05-08,-0.0022245229386794,-0.024703042735551694,-0.03971477126217259,-0.31261399771424686,0.00711587758368,0.14912252616786592,-0.030279369309003087,-0.0173750010424933,0.013307305071270203,0.3404064137439431,0.003940034984776499,-0.4284092700614851,-0.006013737531639,0,116.75
2017-05-09,-0.006013737531639,-0.030549668089867893,-0.03555174996850279,-0.8362285196209678,0.0071915001587901,0.18188964664433405,-0.034726528993488846,-0.0227615072991391,0.01239547346294878,0.31362343545210536,0.005859545775905544,-0.2932524747022356,-8.619187440794861e-05,0,116.0500030517578
2017-05-10,-8.619187440794861e-05,-0.016580179885381442,-0.04053235907007094,-0.01396702246013189,0.0061710987187125,-0.09666112341498434,-0.03273802497073313,-0.0223204753670503,0.010770142807864813,0.313244185568996,0.005515334234738006,-0.5344075076450276,0.0039563058627955,1,116.04000091552734
2017-05-11,0.0039563058627955,-0.0024861851238089424,-0.03284519487139355,0.6614359681563098,0.0059813890584501,-0.16301655169803175,-0.026664383762519,-0.0180212101488878,0.008879952063238106,0.3520508872937229,0.005665201997552429,-0.30698214604248963,0.0028286293961139,1,116.5
2017-05-12,0.0028286293961139,-0.0015395170858169423,-0.03316798008932584,0.48130768742788754,0.0058769670005275,-0.1783652786859834,-0.021548859096965613,-0.0151150999347904,0.006575452665155357,0.3791547875037074,0.003680564054065456,-0.3845991826362868,0.0026498930493215,1,116.83000183105467
2017-05-15,0.0026498930493215,0.0033348989021839575,-0.021368143833367742,0.442946493875125,0.0059824224504835,-0.1592853614845816,-0.016852997451803447,-0.0124401924166851,0.004488448852186799,0.4043606119000045,0.004695262545873207,-0.4202577171348285,0.004344332691827,1,117.13999938964844
2017-05-16,0.004344332691827,0.013692969125649958,-0.01685669896421794,0.7289753045982643,0.0059595059865864,-0.1713125418898651,-0.010425638066547992,-0.0082960795336123,0.0021519944481735997,0.4443304658280661,0.004334909728992108,-0.40877613622023656,0.0180260892429911,1,117.6500015258789
2017-05-17,0.0180260892429911,0.031805250243049005,0.01522507035766756,2.4849205284952895,0.0072541914464792,0.17551051719241828,0.008396999876162253,0.009060405333736,0.0006578812289756986,0.5736220432314162,0.006260956626328767,0.6142825124703264,-0.008214659464641,0,119.79000091552734
2017-05-18,-0.008214659464641,0.019634284915612504,0.01714809979180356,-1.109030221831175,0.0074070654730016,0.23835206180701474,0.0014750902294795541,0.0001733928191132,-0.0012997801174146062,0.5145746618592177,0.01077349386078054,0.20790521405623164,0.004953655816689,1,118.80999755859376
2017-05-19,0.004953655816689,0.02175931133618761,0.02021979425037066,0.6619600536815616,0.0074833153286799,0.27332947896563287,0.007684234428786919,0.0043065842535819,-0.0033518934402299028,0.5449450737785085,0.005611438775355676,-0.16414105650757682,0.0041788610216743,1,119.4000015258789
2017-05-22,0.0041788610216743,0.02328827930854041,0.026623178210724362,0.560662281994769,0.0074534370437876,0.2458894545612058,0.012579130955133362,0.0076341622557617,-0.004883538034906265,0.5695247513639302,0.004670538377540352,-0.34401358879205834,-0.0063588076821675,0,119.9000015258789
2017-05-23,-0.0063588076821675,0.012585138934545909,0.02627810806019586,-0.8779693621393405,0.0072426305021317,0.2153071946623335,0.0066325806467707835,0.000507215485651,-0.006085005868957771,0.5232591036469065,0.010156111219333895,0.07553296534308895,0.0039371880866569,1,119.13999938964844
2017-05-24,0.0039371880866569,-0.001503762221788293,0.03030148802126071,0.5461913342874757,0.0072084411441516,-0.006306740408650868,0.011129099111776865,0.0035288396417688,-0.007516606412261706,0.5477280117594026,0.006855611492683364,-0.07388304032662596,-0.0010874337201151,0,119.61000061035156
2017-05-25,-0.0010874337201151,0.005623463522737607,0.025257748438350106,-0.15165507850853407,0.0071704405207499,-0.031945843210673175,0.01041880312815889,0.001895139445664,-0.008435773024122684,0.5394804090318464,0.0034315033578467447,-0.44355282527306594,0.0088326342060086,1,119.4800033569336
2017-05-26,0.0088326342060086,0.009502441912057208,0.03126175324824481,1.189473599757635,0.0074256664526294,-0.0077036545325785966,0.019482139327597677,0.0101382597540258,-0.009165319541286632,0.5932619186974002,0.00381615298638525,-0.06454496495280437,-0.0033239313084347,0,120.54000091552734
2017-05-30,-0.0033239313084347,0.001999649581948206,0.025287928890488608,-0.46414949091703356,0.0071613378307655,-0.03918986788324219,0.015897162033316484,0.0062549542927359,-0.00949132264655761,0.5663815369186546,0.003163017186141369,-0.35781404602795697,0.0039874064516969,1,120.13999938964844
2017-05-31,0.0039874064516969,0.012345863715812606,0.024931002650358507,0.553012439217087,0.0072103377228584,-0.004458708650647791,0.01953791716702503,0.0097492650156354,-0.009601067293886656,0.5903671616895898,0.008041794052525813,0.42083299620542536,0.0008286937780719,1,120.62000274658205
2017-06-01,0.0008286937780719,0.009237369407227606,0.007733607185439306,0.13035907013675985,0.0063570089691689,-0.1181159917874185,0.01920292671727822,0.0102176655864983,-0.008815968729328771,0.5953884519311189,0.005632871920971574,0.21094097871582518,0.0073453834403855,1,120.72000122070312
2017-06-02,0.0073453834403855,0.01767018656772821,0.023293650090465808,1.242924242110109,0.0059097595746586,-0.1758163870745636,0.024632116176972037,0.0171921467817735,-0.007261112820626581,0.6379283198323048,0.004275936522133015,0.04884539123357423,0.0009862969865506,1,121.61000061035156
2017-06-05,0.0009862969865506,0.009823849348270205,0.019326291260327408,0.16676565673642327,0.0059142691957821,-0.20353691705505028,0.02360783150116714,0.0176749465576018,-0.005796052707865984,0.6433728255283916,0.002957369591915462,-0.4124231049788696,0.0111915157965811,1,121.7300033569336
2017-06-06,0.0111915157965811,0.024339296453286006,0.026338946035234206,1.8144485839453552,0.0061679983084702,-0.1387086527363447,0.032371666629961306,0.0283991728401087,-0.0038479298863559608,0.6990168571182278,0.004386684989609326,0.5338288193914258,-0.0052942623192703,0,123.0999984741211
2017-06-07,-0.0052942623192703,0.015057627682318804,0.027403491398131405,-0.8655414653576272,0.0061167055897002,-0.15167557681676114,0.024171933114229334,0.0224700986364211,-0.0016616687323518509,0.6474038157955139,0.009309979971047553,0.26384904056419645,-0.0065546767029751,0,122.4499969482422
2017-06-08,-0.0065546767029751,0.007674257201271806,0.016911626608499406,-1.0188046373514363,0.0064336934311716,0.012062978418720949,0.015099243372091483,0.0153474893054007,0.0002445533625701213,0.5896931973080041,0.009288983712606717,0.11212979430540204,-0.0091664261226062,0,121.6500015258789
2017-06-09,-0.0091664261226062,-0.008837552361719896,0.008832634206008307,-1.325844355921506,0.0069136517281738,0.16987021905594069,0.0041443674201729185,0.0058797360596749,0.001728206317544334,0.5203792201561045,0.004230978366989318,-0.044738730687465256,-0.0014943988172197,0,120.54000091552734
2017-06-12,-0.0014943988172197,-0.011318248165490194,-0.0014943988172199931,-0.21520198086394793,0.0069441685026332,0.17413805032506757,0.001172859398326775,0.0040609596673556,0.0028847169016992247,0.5099121586555317,0.0034895795630604785,-0.330493108117197,0.0009965350816834,1,120.36000061035156
2017-06-13,0.0009965350816834,-0.021513228880387893,0.0028260675728981072,0.14360427184274505,0.006939452906907,0.1250737370302777,0.0007808427251972918,0.0047669965889248,0.003983043733004621,0.5168889293252833,0.006557112329976252,-0.481152273298717,-0.0054931778057507,0,120.4800033569336
2017-06-14,-0.0054931778057507,-0.021712144366868292,-0.006654516684549493,-0.7772273508118335,0.0070676589031677,0.15546821724896986,-0.005597774450267293,-0.0008155649150421,0.004809129960043457,0.47669495781848065,0.01927889805105315,1.6056854436090413,-0.0041816570199038,0,119.81999969482422
2017-06-15,-0.0041816570199038,-0.01933912468379699,-0.011664867482525192,-0.7108168696464844,0.0058828893889132,-0.08561241659257868,-0.009554174615865678,-0.0049352998437146,0.004663429996647928,0.44825695648613395,0.003100928155618284,-0.12302738579788741,0.0001675743186591,1,119.31999969482422
2017-06-16,0.0001675743186591,-0.010005124242531695,-0.018842676604251592,0.030074548425638534,0.0055719645823923,-0.19406345568637695,-0.00960604383159714,-0.0047220570516499,0.004931357617368848,0.44967096723359634,0.002178667204700859,-0.14814395661632196,-0.0076544600973333,0,119.33999633789062
2017-06-19,-0.0076544600973333,-0.016165185522645294,-0.02748343368813549,-1.338240697432025,0.0057197932419942,-0.17631704359920453,-0.016762283081908663,-0.0121877164299597,0.0046525540805002485,0.3994951511974881,0.004306294904346659,-0.10164264252339539,-0.0021131828104241,0,118.43000030517578
2017-06-20,-0.0021131828104241,-0.019274903414752794,-0.040788132295140694,-0.3755759227324112,0.0056265129964939,-0.18919934006703898,-0.01813680428578219,-0.0140624163366116,0.004149649326866456,0.3867281023201132,0.0033000455968974743,-0.38672983452968435,0.0028728058817661,1,118.18000030517578
2017-06-21,0.0028728058817661,-0.010908919727235997,-0.0326210640941043,0.5206813919923621,0.0055173968686944,-0.21934590445196467,-0.01505836936642763,-0.0110708303125281,0.004048502906039753,0.4141492068749661,0.0043030893577088595,-0.35732497421789755,0.0033692883509406,1,118.5199966430664
2017-06-22,0.0033692883509406,-0.0033579743563915947,-0.02269709904018859,0.6130353925623356,0.0054960747647176,-0.06575248974161996,-0.011450795380748882,-0.0073571926243042,0.0041410207375780494,0.445558605394616,0.005045395924651057,-0.20269212644927814,0.0042794455030728,1,118.91999816894533
2017-06-23,0.0042794455030728,0.0007538968280221053,-0.009251227414509594,0.7661915432630009,0.0055853468244348,0.0024017098178958918,-0.0071906543960229006,-0.0026689017246349,0.0045545025249909,0.48357532283504484,0.002930638052593578,0.2267790986712741,-0.0089995955468572,0,119.43000030517578
2017-06-26,-0.0089995955468572,-0.0005912386215017936,-0.016756424144147092,-1.6301929777290551,0.0055205706746413,-0.03483037916304832,-0.015193112756529733,-0.0109037883257055,0.004355498003095981,0.41870792317239025,0.00312607928923631,-0.12521543231743482,0.0037947252326206,1,118.36000061035156
2017-06-27,0.0037947252326206,0.005316669421542906,-0.013958233993209892,0.6793263486198914,0.0055860121432503,-0.007198215532219887,-0.010901663853257358,-0.0065738100045713,0.004375554674923565,0.45200091251003444,0.004797573491600289,-0.242173437055907,0.0007572586086642,1,118.80999755859376
2017-06-28,0.0007572586086642,0.0032011221484410063,-0.0077077975787949934,0.1378425326088007,0.0054936498505386,-0.004304025742744799,-0.00944318363984159,-0.0051690941899487,0.004314835231358227,0.45867896851520534,0.003111817598311788,-0.42132781550941834,-0.0048900007067287,0,118.9000015258789
2017-06-29,-0.0048900007067287,-0.0050581669092282944,-0.008416141265619893,-0.8799145835763452,0.0055573584050098,0.011150437888074904,-0.013288746801315728,-0.0094567124781033,0.0038836430726718607,0.4229127219505974,0.006169673169556265,0.06383316546698037,-0.0025387426380499,0,118.31999969482422
2017-06-30,-0.0025387426380499,-0.011876355050350994,-0.011122458222328893,-0.4878410841439459,0.0052040361514546,-0.06826982906630608,-0.014315090082725194,-0.0113160297652201,0.00304261563439856,0.4053079403262799,0.003897701465442283,0.004074227988331014,-0.0164883523807431,0,118.0199966430664
2017-07-03,-0.0164883523807431,-0.019365111884236896,-0.019956350505738695,-2.6825411400090435,0.0061465422225314,0.11338892023708635,-0.028145221219661547,-0.0264695940901894,0.001724153820157115,0.31458221529615626,0.007838711873727955,0.587295363712167,0.0036971824767883,1,116.08999633789062
2017-07-05,0.0036971824767883,-0.019462654640069195,-0.014145985218526294,0.6762703219277657,0.0054670186712455,-0.021302043202427123,-0.021851385256326104,-0.0220500638611017,-0.0002031169924293641,0.34951847224474764,0.006865735027558341,-0.033364469222307624,-0.0004291636859008,0,116.5199966430664
2017-07-06,-0.0004291636859008,-0.0206490769346342,-0.017447954786193196,-0.07866012616388171,0.0054559241998503,-0.006867137825429692,-0.019810797448271206,-0.0218490287786326,-0.002079426426097264,0.3473019383718905,0.003176807269718442,-0.3865105214398239,-0.010269798493159,0,116.47000122070312
2017-07-07,-0.010269798493159,-0.026028874721064493,-0.031087041630292793,-1.81428469226487,0.0056605220431743,0.01856343079681544,-0.027218150281770975,-0.0309380373931889,-0.003823968459624849,0.298739625229979,0.008587767819679567,0.5088703764329643,0.0016468254331296,1,115.27999877929688
2017-07-10,0.0016468254331296,-0.021843306649884993,-0.03371966170023599,0.2981187655624469,0.0055240582726237,0.06149498424980182,-0.023526012913149735,-0.0285372860786763,-0.00513200887253229,0.3152041533385541,0.006408572407955149,-0.3179176791994325,0.0012982088742116,1,115.47000122070312
2017-07-11,0.0012982088742116,-0.004056745394930292,-0.023421857279167197,0.23279959631856445,0.00557650827038,-0.09274058999575807,-0.020294002079844664,-0.026431659841406,-0.0062647955351821105,0.3286061203696161,0.007697624705987666,-0.09974496006227829,0.0035397924292919,1,115.62000274658205
2017-07-12,0.0035397924292919,-0.004214135442426692,-0.023676790082495895,0.6235601227807318,0.0056767459944462,0.038362284055071694,-0.014962755642566081,-0.0223800363590182,-0.007529949510985956,0.3651764693350122,0.003964484093011169,-0.37244707752524864,-0.0018115086761426,0,116.02999877929688
2017-07-13,-0.0018115086761426,-0.005596480432668492,-0.026245557367302698,-0.32274563625459335,0.0056128061006954,0.028754413569272774,-0.015073235781128366,-0.0235191798955105,-0.00857520012777857,0.35452472614483027,0.00319463605212349,-0.3683112691174567,0.0081689001766399,1,115.81999969482422
2017-07-14,0.0081689001766399,0.012842218237130408,-0.013186656483934094,1.3633578723587667,0.0059917504730484,0.05851552689800199,-0.00591667620976973,-0.0153088275713088,-0.00944805242857194,0.43483686944261785,0.005223949883429094,-0.11190214076662541,0.0044433489997169,1,116.7699966430664
2017-07-17,0.0044433489997169,0.015638741803717708,-0.006204564846167294,0.7267911057415547,0.0061136535169666,0.10673226371720856,-0.0006177298711641948,-0.0110071652777537,-0.010395857238141737,0.47345626237215777,0.0025577237618007948,-0.19885719243664668,0.0069668904523231,1,117.29000091552734
2017-07-18,0.0069668904523231,0.021307423381829206,0.017250677986898905,1.1358959556917783,0.0061333878489603,0.09986169688624047,0.006506383768556719,-0.0042776139448773,-0.010714286453958444,0.5282052605825777,0.003810046357727974,0.10594080514641124,-0.0002540224323478,0,118.11000061035156
2017-07-19,-0.0002540224323478,0.017513608520189506,0.013299473077762806,-0.041534780878194455,0.0061158967731827,0.07735959635434453,0.006293617404471932,-0.004753702336931,-0.010978226981005146,0.5260502790349324,0.003641601444002455,-0.4993787335536206,0.001354062773928,1,118.08000183105467
2017-07-20,0.001354062773928,0.020679179970260107,0.015082699537591606,0.22244582355170492,0.0060871575483334,0.08451235248964517,0.007777362330809101,-0.0037729414823554,-0.011461166171118031,0.5369021327063586,0.008119072241347091,-0.135467613396559,0.0085895624743504,1,118.23999786376952
2017-07-21,0.0085895624743504,0.021099842267970605,0.033942060505101006,1.3525198329004933,0.0063507848575721,0.05992145135861038,0.016323752327062336,0.0042761491910992,-0.011854099747622748,0.5998113002768559,0.005366421081540543,0.5217149788915512,0.0004191258176561,1,119.26000213623048
2017-07-24,0.0004191258176561,0.017075619085909807,0.0327143608896275,0.06677515223303622,0.0062766733379118,0.02666487730990763,0.016801800919047625,0.0042219034627978,-0.01237202515266922,0.6026604540077343,0.003352623703495168,-0.4272818101674992,-0.0032741446924645,0,119.30999755859376
2017-07-25,-0.0032741446924645,0.006834583941122206,0.028142007322951405,-0.5484237630912772,0.0059700999716155,-0.02662278684568753,0.01323630549789522,0.0005872794397748,-0.012483786841712918,0.5686498488921718,0.004456767469369827,-0.024854958375942537,0.0080402368048359,1,118.91999816894533
2017-07-26,0.0080402368048359,0.015128843178305908,0.0326424516984954,1.302010335643979,0.006175248064263,0.009704429829578975,0.02095041691746695,0.0081998015832558,-0.012488966283699443,0.6247825866590364,0.013346667590747627,0.31207847946045364,-0.0007510021513584,0,119.87999725341795
2017-07-27,-0.0007510021513584,0.013023778253019504,0.0337029582232796,-0.12151187611647205,0.0061804835491022,0.015331622358674135,0.019797484745505606,0.0070804258800001,-0.012470180654229557,0.6166807153648041,0.007179235360036533,-0.033685997890368746,0.0074850774725341,1,119.79000091552734
2017-07-28,0.0074850774725341,0.011919293251203205,0.033019135519173806,1.198573481442161,0.006244988386968,-0.016658802490838287,0.02642391363174694,0.0144932625815965,-0.011623512363363342,0.6636535114381005,0.005965707234554728,0.12156621224141828,0.0004969976741389,1,120.69000244140624
2017-07-31,0.0004969976741389,0.011997165107686005,0.029072784193595803,0.0802732054085318,0.006191327126026,-0.013597363968314125,0.02574340209220443,0.0146666606728015,-0.01079874498515876,0.6665867247510908,0.002981371514298654,-0.3861318650878255,-0.0008284878144892,0,120.75
2017-08-01,-0.0008284878144892,0.014442821985661306,0.021277405926783503,-0.178552657927218,0.0046400194996084,-0.22279031814054906,0.022912750859178967,0.013613434074309,-0.009091016586760925,0.6563133654850987,0.005801880972973344,0.19045098326036913,-0.0020742591700593,0,120.6500015258789
2017-08-02,-0.0020742591700593,0.0043283260107661045,0.019457169189072004,-0.4410376013961629,0.004703134525249,-0.23838937702492002,0.0191169185474705,0.0114281433430946,-0.007544546719265965,0.6301651811619164,0.0056478429946665845,-0.029008241989313954,0.0015767861990997,1,120.4000015258789
2017-08-03,0.0015767861990997,0.0066561143612242045,0.019679892614243702,0.33706008683531524,0.0046780567046792,-0.2430921193279849,0.018948406120702158,0.012777478581647,-0.006056172718841291,0.6418437399845826,0.004312167578178442,-0.30074699179412956,-0.0078255046399976,0,120.58999633789062
2017-08-04,-0.0078255046399976,-0.008654467751307496,0.0032648254998957037,-1.7908986577456008,0.0043695965744083,-0.300303490791633,0.009142600250301221,0.0048761617567378,-0.004227785540423246,0.5494071053248782,0.006853319551749963,0.44342583215967046,-0.0011707593535362,0,119.6500015258789
2017-08-07,-0.0011707593535362,-0.010322224778982597,0.0016749403287034035,-0.2647608841346055,0.004421949856237,-0.28578319862169876,0.006247491795115189,0.0036953245098029,-0.0025363216366971475,0.5370026803048092,0.0030123052791949136,-0.48903802296536525,0.0029243323685437,1,119.51000213623048
2017-08-08,0.0029243323685437,-0.006569404595949697,0.007873417389711604,0.6603078191367755,0.004428741086796,-0.04553394933582311,0.007396206818034862,0.0067497486075011,-0.0006417119760414591,0.563533920777374,0.009594539629758704,0.22070564866878017,0.0120248325352345,1,119.86000061035156
2017-08-09,0.0120248325352345,0.007529687109344104,0.011858013120110202,2.416263785461997,0.0049766224232572,0.05815013296769789,0.017325800026015536,0.0187285984488065,0.001378907742981772,0.6524013766879831,0.00651224904316512,0.4943957313204601,0.007391636301004,1,121.30999755859376
2017-08-10,0.007391636301004,0.013344537211248404,0.020000651572472602,1.4756362105755565,0.0050091182691437,0.07076903623963293,0.022134675348534978,0.0260125744261108,0.003793921849147175,0.6940418044199632,0.003354910933482313,0.5267589864008522,0.0047347176699812,1,122.20999908447266
2017-08-11,0.0047347176699812,0.025904759521227207,0.017250291769919702,0.9725961657212553,0.004868122903271,0.11408978389045155,0.0244067331748244,0.030523790408711,0.005971316895710732,0.717526535574593,0.006515213338162247,0.22582681594560783,-0.0071105097086198,0,122.79000091552734
2017-08-14,-0.0071105097086198,0.019965009166143605,0.009642784387161003,-1.3431343118650623,0.0052939677333879,0.1972021179572967,0.015187835247539732,0.0231689915669668,0.00786175330546679,0.6383724103808618,0.004593155897342974,-0.08352492050524352,-0.0077398064932359,0,121.91999816894533
2017-08-15,-0.0077398064932359,0.009300870304364005,0.002731465708414302,-1.3889478479010429,0.0055724241230023,0.25824111497872737,0.006158569445775149,0.0154082505518882,0.009193064977032428,0.565753111118951,0.0053728013542964385,0.025491413358521342,0.0073296549457859,1,120.9800033569336
2017-08-16,0.0073296549457859,0.004605692714915405,0.012135379824259503,1.2804684078918593,0.0057241981923266,0.1502174980315487,0.011965578506288335,0.0230894243274431,0.010992316396348567,0.6108869874730783,0.011487600434337837,0.2127324215555475,0.005074451187161,1,121.87000274658205
2017-08-17,0.005074451187161,0.002288507601072405,0.015633044812320803,0.8784354316088465,0.0057766922924172,0.15323535641028396,0.015322237959690213,0.0282873302113791,0.012769435915973126,0.6390329871528004,0.006939329650951809,0.17791584115307302,-0.0015523089133794,0,122.48999786376952
2017-08-18,-0.0015523089133794,-0.003998518982288195,0.021906240538939,-0.27778292198164517,0.0055882085993824,0.14791855308902702,0.012471721679692727,0.0265803145549108,0.01393480190420715,0.6241339940926658,0.012591994089122057,0.9167528823166906,0.0037541795070427,1,122.3000030517578
2017-08-21,0.0037541795070427,0.0068661702333743056,0.026831179399517905,0.6690091201455962,0.0056115520610925,0.05998984952281905,0.014830628148309287,0.0300576307498439,0.015004476785765108,0.6456735676326966,0.003910095703655328,-0.23117098296293626,-0.0044903781947355,0,122.76000213623048
2017-08-22,-0.0044903781947355,0.010115598531874706,0.019416468836238703,-0.7917540845869242,0.0056714304127376,0.0177671849001253,0.00891186504483827,0.0251243913062158,0.016069318662098375,0.6013034516835827,0.005809664428373923,-0.10217512278918972,0.0037569391595083,1,122.20999908447266
2017-08-23,0.0037569391595083,0.0065428827455971065,0.011148575460512502,0.6850923328300497,0.0054838435338909,-0.04198922720004705,0.011544468589898473,0.0286050521855243,0.01686587601967582,0.6245423262766124,0.0030977817598816285,-0.2861888941623161,-0.0031025274301848,0,122.66999816894533
2017-08-24,-0.0031025274301848,-0.001634095871748694,0.0006544117293237023,-0.5588583207700304,0.0055515455615118,-0.03897502576014633,0.007372630292752757,0.0249941428659468,0.017492546495007533,0.5937539151972527,0.0041704320256140195,-0.3965341077529264,0.0036729988686282,1,122.29000091552734
2017-08-25,0.0036729988686282,0.003591211910258906,-0.00040730707202929744,0.6825635579724304,0.005381182200144,-0.03704700630919189,0.01022652838574447,0.0281764082667892,0.017768173153923206,0.6177836227861766,0.014094800046022518,0.7221898878886082,0.0157623970318692,1,122.73999786376952
2017-08-28,0.0157623970318692,0.015599429435085405,0.0224655996684597,2.490569369565416,0.0063288327659067,0.12782215989537749,0.024614933968383268,0.0435759497876707,0.018505504058828004,0.7004664796439469,0.011227857073279014,0.5273240532795129,-0.0021677522181517,0,124.69000244140624
2017-08-29,-0.0021677522181517,0.017922055411669205,0.0280376539435439,-0.34068439125742106,0.0063629337703169,0.12192750457208046,0.020815027378949375,0.0402731566565077,0.019061366413775316,0.6785775093238374,0.014627871094749067,0.2797843644780189,-0.0004823342716564,0,124.41999816894533
2017-08-30,-0.0004823342716564,0.013682781980504505,0.0202256647261016,-0.07625588019559255,0.0063252075829331,0.1534259764784418,0.01866793743873984,0.0386981097375094,0.019663102727206505,0.6735407698248421,0.00369893118538937,-0.18076313149292855,0.0116717216178943,1,124.36000061035156
2017-08-31,0.0116717216178943,0.0284570310285836,0.0268229351568349,1.738762858808493,0.0067126586922224,0.2091513287327511,0.028424295571645237,0.0496125882418284,0.0206026761147311,0.7267015027883711,0.010252688676376562,0.453811200229143,0.0019056530015576,1,125.81999969482422
2017-09-01,0.0019056530015576,0.026689685161513006,0.0302808970717719,0.30281212665694396,0.0062931858859025,0.16948017216999167,0.027693741787044066,0.0503634339578367,0.022058801420131946,0.734359166980028,0.008329330816266552,0.40281049615716946,0.0110446179853417,1,126.05999755859376
2017-09-05,0.0110446179853417,0.021971906114985507,0.0375713355500709,1.7000901542834526,0.0064964895876341,0.02649095464025586,0.03575070093072541,0.0606093327805036,0.024000593798720438,0.7741190031227281,0.009493167214529346,0.360012203510812,-0.0051126987089539,0,127.45999908447266
2017-09-06,-0.0051126987089539,0.019026959624183305,0.0369490150358525,-0.7564263577195391,0.0067590171293972,0.06224854342002262,0.027567076384240347,0.053718784256817,0.025450122404269804,0.7202194518403718,0.007018369267274884,0.13952442501554785,0.0103555276354189,1,126.80999755859376
2017-09-07,0.0103555276354189,0.029864821531258606,0.043547603511763094,1.5575145700671353,0.0066487516935219,0.05115154030071656,0.03540234433428682,0.0630407711014367,0.026693417219293636,0.7571925672389258,0.00725831498579038,0.15095719766355598,-0.0012495406412696,0,128.1300048828125
2017-09-08,-0.0012495406412696,0.016943559272094705,0.0454005903006783,-0.18901313811200238,0.0066108665976921,-0.015164199342987739,0.03170828815060012,0.0601178112557225,0.027536391275918115,0.7443519725335497,0.005548227765057814,0.02043009657884398,-0.0140071439765985,0,127.97000122070312
2017-09-11,-0.0140071439765985,0.0010307622939386071,0.027720447455451602,-1.864001186271987,0.0075145574368506,0.19407841641609846,0.015965300545468745,0.0440107959558314,0.027604776851438917,0.618660539632845,0.0070528518300147485,0.026064207429875808,0.0029277577169542,1,126.19000244140624
2017-09-12,0.0029277577169542,-0.007086097974448893,0.0148858081405366,0.4038747935991333,0.0072491716823015,0.11585981698486991,0.017044473458462113,0.0455943729048305,0.028071436590461518,0.6325500364924447,0.005135855791901862,-0.07340920819714891,-0.0075346111705773,0,126.55999755859376
2017-09-13,-0.0075346111705773,-0.009508010436072294,0.009518949188111,-1.0414127925533105,0.0072349900293659,0.07042043108583584,0.007535867954858843,0.0361160008810233,0.028366367724632857,0.574672978873798,0.007563067778250708,-0.06676258059765228,0.0043690981240205,1,125.61000061035156
2017-09-14,0.0043690981240205,-0.015494439947470694,0.014370381583787898,0.6112909107438582,0.0071473304235849,0.07498832157452684,0.010209420113630846,0.0390004272469476,0.02850003826937031,0.5976274592886274,0.006499680334667486,-0.4044978526197257,-0.0050062075765588,0,126.16000366210938
2017-09-15,-0.0050062075765588,-0.019251106882759893,-0.0023075476106652008,-0.6901586976307507,0.007253704972124,0.09723965306701543,0.003942820953443777,0.0322715290001996,0.028217451686991524,0.560324152270143,0.004620363317933833,-0.0654010581207588,-0.0093641740072291,0,125.52999877929688
2017-09-18,-0.0093641740072291,-0.014608136913390494,-0.013577374619451901,-1.2300862850974952,0.007612615570693,0.013049089672471537,-0.0062330153530863715,0.0211253764112754,0.027529986593469058,0.49813816197229377,0.006352532258363461,0.015863187887335206,0.0020885390572384,1,124.36000061035156
2017-09-19,0.0020885390572384,-0.015447355573106293,-0.022533453547555198,0.27523973665979534,0.0075880724294541,0.046750271893823525,-0.004894855474412927,0.0217249996066775,0.026750796363113283,0.5111227873472427,0.004975146308115742,-0.3329929515791691,-0.0080567627066632,0,124.62000274658205
2017-09-20,-0.0080567627066632,-0.015969507109192194,-0.025477517545264502,-1.0385428030025452,0.0077577570066156,0.07225538323174674,-0.013435359863920155,0.0121984779267292,0.02598292777563338,0.4616500536391009,0.01545054190485906,0.2710094735043058,-0.007633024715443,0,123.62000274658205
2017-09-21,-0.007633024715443,-0.027971629948655694,-0.0434660698961264,-0.9627970618692934,0.0079279684346183,0.10922092092698499,-0.020941072575026146,0.0034090395031034,0.02487093615720659,0.4204525136957763,0.004727761897716851,-0.14910489243573233,0.0045543146609353,1,122.68000030517578
2017-09-22,0.0045543146609353,-0.018411107711161598,-0.0376622145939215,0.5725180738811998,0.0079548836424688,0.09666490063208122,-0.01684465244745717,0.0067673135003553,0.024016515809624606,0.4518366529159292,0.0037325470013488877,-0.3471191369926908,0.0104129845360129,1,123.23999786376952
2017-09-25,0.0104129845360129,0.001366050832080407,-0.013242086081310103,1.2638482895216483,0.0082391095690402,0.08229681277471479,-0.007262390958733597,0.0160173761870939,0.023450070727460304,0.5167562754982815,0.015658914291749815,0.12701436017059264,-0.0112247264040768,0,124.52999877929688
2017-09-26,-0.0112247264040768,-0.011947214629234794,-0.027394570202341102,-1.4304225394877719,0.0078471403338599,0.03414146435927434,-0.017736429025878298,0.0037184957385038,0.021842329694773177,0.45431998292849557,0.007389930463093337,-0.031529771169654275,-0.0094647901378272,0,123.13999938964844
2017-09-27,-0.0094647901378272,-0.013355242060398793,-0.029324749169591005,-1.1701469367580049,0.0080885484040579,0.04264008232794736,-0.026041664334669975,-0.0063635488882706,0.020204268217445698,0.4098189620216409,0.005164820999135656,-0.2161873729862286,0.0018837445698112,1,121.9800033569336
2017-09-28,0.0018837445698112,-0.003838472775144593,-0.0318101027238003,0.23217028967593611,0.0081136331976005,0.02341895840193753,-0.023366961041647576,-0.0051594066278002,0.01864318908693363,0.42190967152101533,0.00531872621510809,-0.3210308426876175,-0.0051683715774129,0,122.20999908447266
2017-09-29,-0.0051683715774129,-0.013561159013492793,-0.031972266724654405,-0.6799606932407973,0.0076009858051936,-0.04448812241399014,-0.02675268294627298,-0.0108257420162914,0.016364741675524597,0.3978656790647485,0.0061687776665950884,0.17175550393923578,-0.0066846148898736,0,121.58000183105467
2017-10-02,-0.0066846148898736,-0.030658758439379295,-0.0292927076072989,-0.8762867583487269,0.0076283417798873,-0.07413031517968394,-0.031185478614778005,-0.0176573076213464,0.013963633590141411,0.36876701828764874,0.0049681087256663,0.3479239753173762,0.0004967317019956,1,120.7699966430664
2017-10-03,0.0004967317019956,-0.018937300333306893,-0.0308845149625417,0.0708809486723376,0.0070079719769532,-0.10693938443865258,-0.02811961092051806,-0.0174121942440946,0.011017216518346418,0.37242873932292203,0.0033104487281079157,-0.5516716274523124,0.0028098889387881,1,120.83000183105467
2017-10-04,0.0028098889387881,-0.006662621256691594,-0.0200178633170904,0.39653187672915013,0.0070861615514139,-0.12392666799658603,-0.023169217714441137,-0.0150077964004344,0.008355000131047063,0.39388341061822774,0.004621585929323484,-0.2042950763668805,-0.0053788167236256,0,121.16999816894533
2017-10-05,-0.0053788167236256,-0.013925182550128394,-0.017763655325273,-0.833216612096253,0.0064554842588811,-0.20436577527435873,-0.025419817206583782,-0.0203935949743175,0.005157320373434748,0.36798273564172507,0.006969767352204256,-0.21816561095379539,0.0047183541150492,1,120.5199966430664
2017-10-06,0.0047183541150492,-0.004038456857666293,-0.017599615871159102,0.7065785606784863,0.0066777487708068,-0.12146280206916993,-0.018079084266020593,-0.0159685003637452,0.002149443879294166,0.4049359351836561,0.011809400845842751,0.2537562729758698,0.0081425420115538,1,121.08999633789062
2017-10-09,0.0081425420115538,0.010788700043761108,-0.0198700583956182,1.2430748506750553,0.0065503231821736,-0.1413175535154937,-0.008398704521198085,-0.0081473472181527,0.0002534862592369347,0.46359846426707507,0.004587135896088365,-0.3245538117268011,0.0026178000096001,1,122.08000183105467
2017-10-10,0.0026178000096001,0.012909768351365607,-0.0060275319819413,0.40032018017587684,0.0065392656659227,-0.06688187575120352,-0.004116956136273392,-0.0058140274767814,-0.0017040869919060508,0.4813947991283403,0.0049836650551233095,0.18792273241994217,0.0031812040839063,1,122.4000015258789
2017-10-11,0.0031812040839063,0.013281083496483808,0.0066184622397922,0.49151739686057544,0.0064722105549576,-0.08664084102539249,0.0002036473173005015,-0.0029928826950705,-0.003195879180149519,0.5030351966696264,0.006922375338247868,-0.2662888193917733,0.0008140547013934,1,122.79000091552734
2017-10-12,0.0008140547013934,0.01947395492150281,0.0055487723713744,0.12797705325259634,0.006360942690145,-0.014645155180424307,0.002353147806733417,-0.0025842452788825,-0.004925801945571351,0.5086961898044785,0.004394181123031484,-0.599530922775624,0.007539254296557,1,122.88999938964844
2017-10-13,0.007539254296557,0.02229485510301061,0.0182563982453443,1.1437042807807583,0.0065919612466697,-0.012846773228747166,0.010643505421703503,0.0044373018496041,-0.006140843471318602,0.5590082251834222,0.004199679161222564,-0.09151879520977069,-0.0068884625152206,0,123.81999969482422
2017-10-16,-0.0068884625152206,0.007263850576236207,0.0180525506199973,-1.069312040574229,0.006441957308852,-0.016543591866812424,0.00427534641969417,-0.0029949793477891,-0.007239374931788056,0.5078220105014477,0.011384902919259329,0.09733459540636624,-0.0068544044171996,0,122.97000122070312
2017-10-17,-0.0068544044171996,-0.0022083538505634935,0.0107014145008021,-1.045256483313652,0.0065576291815669,0.002808192323473957,-0.001569648040334643,-0.0102259860470173,-0.008669946771642678,0.4627289831698618,0.004830887997699625,-0.06554756566335529,-0.0037735819439875,0,122.12999725341795
2017-10-18,-0.0037735819439875,-0.009163139878457294,0.0041179436180265,-0.5911954289741679,0.0063829687427309,-0.013788459363136996,-0.0045367446378479104,-0.0142431365746636,-0.009750628046320542,0.43970302864074085,0.003205386664894187,-0.487056443517659,0.0059002156573017,1,121.66999816894533
2017-10-19,0.0059002156573017,-0.004076978922548992,0.015396975998953802,0.9310620637709084,0.0063370809389496,-0.0037512916493288584,0.0014728739423339686,-0.0085832653723784,-0.010041349672433975,0.483063047937692,0.003595084921974847,-0.20899202712043574,-0.0063934543954733,0,122.38999938964844
2017-10-20,-0.0063934543954733,-0.018009687614579294,0.004285167488431301,-1.0013448928705253,0.0063848674327837,-0.03141611519494669,-0.0042455200432678294,-0.0148058572579084,-0.010605362493673609,0.44306118053969784,0.004851607304695092,0.18423082803721735,0.0015611723194451,1,121.61000061035156
2017-10-23,0.0015611723194451,-0.009560052779913593,-0.0022962022036773994,0.2663269119192355,0.0058618646842514,-0.0900491258772369,-0.0015738471819865371,-0.013108296265068,-0.011552631159075677,0.4549025128813603,0.007717589637553659,-0.265507829251614,-0.0038662591759729,0,121.8000030517578
2017-10-24,-0.0038662591759729,-0.006571907538686892,-0.0087802613892504,-0.7150808286268716,0.0054067442744858,-0.1755032001986584,-0.004688195864663832,-0.0168225076493419,-0.012191467773477904,0.43051827641918683,0.006016613504675795,-0.23946495904062026,0.0001647984431065,1,121.33000183105467
2017-10-25,0.0001647984431065,-0.002633527151592892,-0.0117966670300502,0.03294261342847567,0.0050025916572863,-0.21625941487127154,-0.004266851743704455,-0.016719429493935,-0.01250593873673611,0.4319135137117723,0.006180469793412843,-0.3504892109681539,-0.0084409359313991,0,121.3499984741211
2017-10-26,-0.0084409359313991,-0.016974678740293694,-0.0210516576628427,-1.5944121616608633,0.0052940739755813,-0.16458791885671942,-0.011874244539906851,-0.024740913744608,-0.013021287152575112,0.38067994437524894,0.007811870914171755,-0.026901221134082887,0.0047257865747336,1,120.33000183105467
2017-10-27,0.0047257865747336,-0.005855437770086793,-0.0238651253846661,0.8876155254160608,0.0053241369032143,-0.1661319582177978,-0.006916251517816507,-0.0198685265245465,-0.01304248007937503,0.42194545337271405,0.00645160272499997,0.0348763356787134,0.0019005561122996,1,120.9000015258789
2017-10-30,0.0019005561122996,-0.005516053977232293,-0.0150761067571459,0.3709914056013443,0.0051229114303038,-0.1260611245313945,-0.005174134319839283,-0.0178176366365863,-0.012709261744117129,0.4382112351154626,0.008998629505495293,-0.1618586070270801,-0.0038047944426043,0,121.12999725341795
2017-10-31,-0.0038047944426043,-0.005454589243863692,-0.0120264967825506,-0.7320724387626054,0.005197292291232,-0.03873902160348053,-0.008886929975233215,-0.0212157933056137,-0.012439411509397647,0.41316994370221055,0.003812041861711507,-0.3607045410331067,0.0036396966611631,1,120.66999816894533
2017-11-01,0.0036396966611631,-0.001979691025807093,-0.0046132181774,0.696632507629876,0.0052247011462992,0.04439888446409501,-0.00524849630918195,-0.0174714951992746,-0.012287489734614021,0.44579323962818534,0.00586249451151012,-0.2286474860261023,0.0006603535530684,1,121.11000061035156
2017-11-02,0.0006603535530684,0.007121598458660407,-0.009853080281633298,0.13021534360965276,0.0050712422573483,-0.042090782875494726,-0.004865211623316094,-0.0165863126136291,-0.011778405425292182,0.45176104840311254,0.00750883748149794,-0.1026492694767891,-0.0047144513322973,0,121.19000244140624
2017-11-03,-0.0047144513322973,-0.0023186394483704926,-0.0081740772184573,-0.9289375794292861,0.00507510023999,-0.04677502997226679,-0.009354525303552687,-0.0209463052850961,-0.011701239522742046,0.4172836983858323,0.010363123624082496,0.0915599206150779,0.0085029509793438,1,120.62000274658205
2017-11-06,0.0085029509793438,0.004283755418673707,-0.0012322985585586001,1.6650246886420823,0.0051068017413474,-0.003144635462777212,-0.0007187502233627888,-0.0124112158345209,-0.011700875618122053,0.4926352434328028,0.009617740684503122,0.18180002804179085,-0.0036235108435323,0,121.6500015258789
2017-11-07,-0.0036235108435323,0.0044650390177457065,-0.0009895502261180003,-0.7080280149010423,0.0051177506642004,-0.015304435959045293,-0.003846226712544847,-0.01542696279184,-0.011625450196385945,0.46497429913692834,0.006435102592099675,-0.25960549852975023,0.0034590561197046,1,121.20999908447266
2017-11-08,0.0034590561197046,0.004284398476287206,0.0023047074504801,0.6744637059181787,0.0051286023092905,-0.01839317394771367,8.220010785860416e-05,-0.0115673590588103,-0.01164860165035686,0.49417026667321196,0.005426323086518265,-0.010170950584138194,0.0041024016451006,1,121.62999725341795
2017-11-09,0.0041024016451006,0.007726446568319406,0.014848045026979801,0.7853118362673995,0.0052239141900616,0.03010543077331329,0.004507223800176901,-0.0071442270395396,-0.011599170781109613,0.527244665301097,0.005567840174144855,0.051657177494425666,-0.0082217023399463,0,122.12999725341795
2017-11-10,-0.0082217023399463,0.004219195560670406,0.0019005561122999014,-1.5915168552513472,0.0051659536704359,0.017901800191059802,-0.002614319721633087,-0.0145222531552865,-0.01193914617896863,0.46215790340956453,0.009659029104884361,0.2292793819918051,0.0014849063034309,1,121.12999725341795
2017-11-13,0.0014849063034309,-0.002798849115242493,0.0014849063034312014,0.2964529284920918,0.0050089108951761,-0.019168718726384815,-0.00044907782641224553,-0.0122944344683783,-0.011850678518916857,0.47472754864712013,0.002308189055532266,0.09804727754804055,0.002058715307154,1,121.30999755859376
2017-11-14,0.002058715307154,0.002883377035443807,0.007348416053189501,0.42679256353787204,0.0048236906709161,-0.05745883544919528,0.00184609579695979,-0.0093071214093713,-0.011132665239822925,0.49246872801411007,0.009378142826084445,0.09565614560595681,-0.0012346702455872,0,121.55999755859376
2017-11-15,-0.0012346702455872,-0.0018103493298479928,0.0024740491464392013,-0.2594606525856123,0.0047586030223978,-0.07214427334762208,0.0007171246006000345,-0.0096578660338935,-0.010367555805177564,0.4819510693419119,0.00914257949815037,-0.12770644963155708,-8.238652462762423e-05,0,121.41000366210938
2017-11-16,-8.238652462762423e-05,-0.005995137499576217,0.0017313090687431773,-0.018129546755973298,0.0045443234591885,-0.13009224618697002,0.0010431088801766554,-0.00865101820133,-0.009684025588419631,0.48121302636573854,0.0034596224354723855,-0.49848010688569866,0.0119546095092268,1,121.4000015258789
2017-11-17,0.0119546095092268,0.01418117434959688,0.018400369910267278,2.348125252211766,0.0050911294011963,-0.014484115424381439,0.01256016803380542,0.0041092849304689,-0.008346055247014705,0.5818682561070216,0.009930011514262795,0.8677757648439692,-0.012696268046166,0,122.86000061035156
2017-11-20,-0.012696268046166,-1.734723475976807e-17,-0.002798849115242523,-2.1613144119845686,0.0058743272037445,0.1727753451158116,-1.2383226535300436e-05,-0.0077670985069532,-0.007754811310003218,0.4762285144735555,0.011293403463472235,0.42921766464940836,0.0016473488437394,1,121.30999755859376
2017-11-21,0.0016473488437394,-0.0004113664634146179,0.002472010572029177,0.282931065168395,0.0058224389137295,0.207050640464,0.0015619976418211707,-0.0053094736665336,-0.006860754825496418,0.48911741378899626,0.004114887591224193,-0.1511628803090853,0.0091750878754078,1,121.51000213623048
2017-11-22,0.0091750878754078,0.009998391657580383,0.008188042327732377,1.4874945293930082,0.0061681489875138,0.29621003443269944,0.01026076241595086,0.0043489079740092,-0.005851810405665847,0.5551354572059176,0.006360587105657256,-0.11448807138057326,-0.002531110250715,0,122.62999725341795
2017-11-24,-0.002531110250715,0.007549667931493007,0.0015545304319167772,-0.4327158498130577,0.0058493587692905,0.2871792296085909,0.006881565173646247,0.00244053816066,-0.004410674667799985,0.5345456090739372,0.0031883534223466786,-0.6851581904512549,0.0041607413323197,1,122.31999969482422
2017-11-27,0.0041607413323197,-0.0002442002454140918,0.013936974104182777,0.7135753201302287,0.0058308369347196,0.14529340647862643,0.010277159459071494,0.007065791829026,-0.0031786996271051526,0.5632461029438229,0.00537330987764001,-0.10890466688100464,-0.0001628747154765,0,122.83000183105467
2017-11-28,-0.0001628747154765,0.012289193085275409,0.012289193085275377,-0.027944811202724316,0.0058284421495974,-0.00781111649992039,0.009415218880180697,0.0071577639963803,-0.0022363987005314945,0.5617828608944301,0.00521129714495029,0.002034255976465227,-0.0062895583924213,0,122.80999755859376
2017-11-29,-0.0062895583924213,0.004352285849114708,0.003940919385700075,-1.0562896872892993,0.0059543877670167,0.022662127545221677,0.0025219218649984864,0.0012667705844949,-0.0012519938498387617,0.5071668938159101,0.0048345129700018636,0.07640608821974548,-0.0077322293914414,0,122.04000091552734
2017-11-30,-0.0077322293914414,-0.012555031417734492,-0.002556639760154125,-1.2503977081318336,0.0061838160300164,0.002539990933149383,-0.005195828741615807,-0.0060343912515551,-0.0008429422937367148,0.44969047924441696,0.008753076564408746,0.35257014402895925,0.0040380612309282,1,121.0999984741211
2017-12-01,0.0040380612309282,-0.005985859936091292,0.0015638079954016998,0.6462239615954911,0.0062487024172834,0.06827135481746804,-0.0013346999246212263,-0.0018339798490096,-0.0004999472038836883,0.48260666400162777,0.013899189837212087,1.091778477874974,-0.0033776531546079,0,121.58999633789062
2017-12-04,-0.0033776531546079,-0.013524254423018894,-0.013768454668433,-0.544718628662366,0.0062007300225847,0.06343739192268938,-0.004930994420403177,-0.004863174051879,6.81564475870644e-05,0.4579254025940253,0.002970792287877231,0.1050239864539595,-0.0071221883700487,0,121.18000030517578
2017-12-05,-0.0071221883700487,-0.02048356807759109,-0.0081943749923157,-1.1700589911078152,0.0060870335805081,0.044367160945152806,-0.011453074343446275,-0.0112418647163668,0.0002136566526056427,0.410501961615901,0.0065658320938421786,0.5596466362489079,-0.002079954164184,0,120.31999969482422
2017-12-06,-0.002079954164184,-0.01627396384935379,-0.011921678000239098,-0.343469700615341,0.0060557136785506,0.01701701593825944,-0.01304486812981815,-0.0127981875679999,0.00024994100932484997,0.3976110766268727,0.004747228252460476,0.012346883105404105,-0.0132463527011121,0,120.06999969482422
2017-12-07,-0.0132463527011121,-0.021788087159024493,-0.034343118576759,-2.003536737687426,0.006611484806813,0.06915936287895441,-0.024773674009809545,-0.025229372337539,-0.00046727443218563813,0.327593770632934,0.009621060091157272,0.8618419248549156,-8.435250698713456e-05,0,118.48999786376952
2017-12-08,-8.435250698713456e-05,-0.025910500896939827,-0.031896360833031136,-0.012984400333377291,0.0064964499569765,0.03964783776674197,-0.02338900979668527,-0.0247130555533058,-0.0013557555361372042,0.32720126096944213,0.00497971236642547,-0.24037362007064367,-0.0039748135531072,0,118.4800033569336
2017-12-11,-0.0039748135531072,-0.026507661295439126,-0.04003191571845804,-0.6276231173944785,0.0063331216504712,0.02135097438596656,-0.02601071838581538,-0.0280106677901765,-0.002053358740300215,0.30848288799530565,0.006270636813609186,-0.3307360172266436,0.0011856318079055,1,118.01000213623048
2017-12-12,0.0011856318079055,-0.018199841117484926,-0.038683409195076034,0.1874062308441162,0.0063265335552888,0.03934592632240874,-0.023581949771883645,-0.0264373812600882,-0.0029243944103014563,0.32094438767444544,0.006517110733153607,0.17158460685572963,0.0085960131899739,1,118.1500015258789
2017-12-13,0.0085960131899739,-0.007523873763327025,-0.023797837612680832,1.2887900635545375,0.0066698319866509,0.10141138447075426,-0.014178897505849627,-0.0177638410920867,-0.0036365052210459714,0.4050636011013509,0.011244410157587821,0.4326884836088858,-0.0020159424324849,0,119.16999816894533
2017-12-14,-0.0020159424324849,0.003706536505300173,-0.018081550653724333,-0.30207676874313827,0.0066736096286805,0.009396500738152014,-0.015154020739886193,-0.0193798790188351,-0.004290882399828333,0.3927358536765791,0.004876833680033599,-0.020619422925034048,0.0020998705742963,1,118.93000030517578
2017-12-15,0.0020998705742963,0.005890759586583608,-0.020019741310356234,0.31305355033778387,0.0067077040718131,0.03251839331260231,-0.012175811517726863,-0.0171013442144804,-0.004986244267131457,0.4127840661290334,0.00444704462107522,0.02092613940955168,0.0046042778868208,1,119.18000030517578
2017-12-18,0.0046042778868208,0.014469851026511608,-0.012037810268927536,0.749568636449502,0.0061425700902188,-0.030088094113622788,-0.006328166211633789,-0.0123438181537868,-0.006053962422602255,0.45538302299316347,0.0032573238011676573,-0.23419048321341662,0.0007513783425439,1,119.7300033569336
2017-12-19,0.0007513783425439,0.014035597561150009,-0.004164243556334934,0.13576966373176713,0.0055342137697885,-0.1252375852551898,-0.0049660377646348975,-0.0112327675984074,-0.0062980059692577806,0.4622571913751311,0.0030879882116876187,-0.4177730678212016,0.0026671102328525,1,119.81999969482422
2017-12-20,0.0026671102328525,0.008106694604028608,0.0005828208407015665,0.4796256493919443,0.0055608165164515,-0.16627337426474909,-0.0017407675455733173,-0.0082221678076838,-0.00649270254798906,0.487049330569948,0.004578017767204916,-0.17387208025884748,0.0014140004111242,1,120.13999938964844
2017-12-21,0.0014140004111242,0.011536637447637707,0.015243173952937866,0.27743857198411853,0.0050966251772848,-0.23630157278280894,0.0006362423967091402,-0.0064119693353865,-0.007043730212303756,0.5002315219832512,0.0037403121716717076,-0.3031485228184657,0.005222850279184,1,120.30999755859376
2017-12-22,0.005222850279184,0.014659617152525407,0.020550376739109002,0.9924397441698414,0.0052626371624736,-0.21543390910936477,0.006453673050979663,-0.0008872347611279,-0.007293835780691538,0.5467217084526257,0.004713078248037706,-0.18692521040080923,0.0068394169191067,1,120.94000244140624
2017-12-26,0.0068394169191067,0.01689475618481131,0.0313646072113229,1.261651833430623,0.0054210018468481,-0.11747008707636863,0.013807977251463236,0.0063103836058193,-0.0073954770665454195,0.599570420223754,0.0029563982941282355,0.12881431537049437,0.0037705513021491,1,121.7699966430664
2017-12-27,0.0037705513021491,0.019913929144416507,0.0339495267055665,0.6852960234208447,0.0055020767278458,-0.005806975169289186,0.01788356570920198,0.0102354500154337,-0.007513743173994003,0.6256230956766355,0.0037633892811848365,-0.14823047398957678,0.0050595432932777,1,122.2300033569336
2017-12-28,0.0050595432932777,0.022306362204841706,0.0304130568088703,0.9318226051959961,0.0054297280030178,-0.023573608847887506,0.02270171841309867,0.0152389019310529,-0.0072971584457937055,0.657926914457199,0.002930407935067238,-0.21438061571499145,0.0064909197612103,1,122.8499984741211
2017-12-29,0.0064909197612103,0.027383281554927807,0.0389199190025655,1.2372042550686158,0.0052464415108646,0.029395203368597356,0.02827016449867412,0.0215158712982401,-0.006568597858449987,0.6945513608632684,0.005095004008440029,0.07668691256555227,0.0120580237624518,1,123.6500015258789
2018-01-02,0.0120580237624518,0.03421845503819561,0.048878072190721,2.0904821267431424,0.0057680587689298,0.09603960730187167,0.03920584533819118,0.0334366206247697,-0.005551570691506358,0.7488480159438687,0.006312432328368649,0.627587275692183,-0.0026403330092135,0,125.1500015258789
2018-01-03,-0.0026403330092135,0.024738705109875407,0.0416334612946867,-0.4601563267325703,0.0057379043942777,0.05845829910828293,0.03490159934180378,0.0301654743104379,-0.004576401306537803,0.7185842914701442,0.007931404151498187,0.08650395842740566,0.0051142783102627,1,124.81999969482422
2018-01-04,0.0051142783102627,0.02608243211798901,0.04599636126240551,0.9443343722632589,0.005415749400295,-0.01568995341593482,0.03799614261651289,0.034822351095458,-0.003057613984050578,0.7404887617216945,0.008847446345063412,0.02665346296122517,-0.0010367021379345,0,125.45999908447266
2018-01-05,-0.0010367021379345,0.01998618668677681,0.0422925488916185,-0.19275465578309497,0.0053783507003903,-0.009462224000713393,0.034669231983555676,0.0330684259494801,-0.0015471669443640756,0.728091951607102,0.005186320245611462,-0.19090870006787186,-0.0001596255390368,0,125.33000183105467
2018-01-08,-0.0001596255390368,0.013335641386529706,0.0407189229414575,-0.039550653406577804,0.0040359772921034,-0.23072099750936104,0.03159998147160944,0.0322296660340126,0.0006103960582712897,0.7260775421612208,0.0033516732673219097,-0.4618397665512902,-0.0046392196430416,0,125.30999755859376
2018-01-09,-0.0046392196430416,-0.0033616020189636935,0.030856853019231904,-1.0725702187424755,0.0043253295327189,-0.2501238794553029,0.024190394063325477,0.0267077642734467,0.0024579123419952165,0.668341682007462,0.005050887809368025,0.34144330894039077,0.0024022706924068,1,124.7300033569336
2018-01-10,0.0024022706924068,0.0016810016826566067,0.026419706792532003,0.5941367318369023,0.0040432960355433,-0.2953357606349105,0.02370326724517781,0.0284778799095443,0.0046640592221760535,0.682408850422601,0.00471883822803279,1.0181519613521304,0.0032738773212121,1,125.02999877929688
2018-01-11,0.0032738773212121,-0.00015939930639399325,0.025923032811595,0.813607111531344,0.0040239045047801,-0.25699950138739536,0.024004197242887382,0.0311193732751239,0.006948385613451569,0.7010701897877586,0.003268524028456474,-0.17163434566202096,0.012044492942167,1,125.44000244140624
2018-01-12,0.012044492942167,0.012921795773707506,0.032907982460484306,2.7763741792129957,0.0043382095368648,-0.19339407589207935,0.03312744634119328,0.0425357126332128,0.009106588277505212,0.7578716646177358,0.010396973096588717,0.2867432204714835,0.0016526906271698,1,126.95999908447266
2018-01-16,0.0016526906271698,0.014734111939914106,0.028069753326443802,0.3951604836840874,0.0041823276754845,0.03626144866261827,0.031378479887585006,0.0432218732865951,0.01148307205353083,0.7645288037222929,0.0061335125464156,0.11503760746714775,-0.0081323632373541,0,127.16999816894533
2018-01-17,-0.0081323632373541,0.011240968345601605,0.007879366326637903,-1.6575023056317246,0.0049063963348483,0.13434046995354376,0.020145728784061043,0.0339327271860184,0.013514734231540038,0.6675786608150562,0.010464560815056919,0.37273088824042344,-0.0022222134485855,0,126.13999938964844
2018-01-18,-0.0022222134485855,0.006616484204609307,0.008297485887265903,-0.4432609914717897,0.005013329598905,0.2399115857049423,0.015364389473360154,0.030752227735407,0.015154991076679503,0.6436823789082657,0.0057205910362071845,-0.1525761722092197,0.0044394996120163,1,125.86000061035156
2018-01-19,0.0044394996120163,0.007782106495413506,0.0076227071890195034,0.8854934048789617,0.0050135885683114,0.24595118058980492,0.01717415318366067,0.034530152080182,0.017062957058237016,0.6691873412067878,0.0025312426788408676,0.14549218184417478,0.0018177059354296,1,126.41999816894533
2018-01-22,0.0018177059354296,-0.0024446805113238932,0.010477115262383603,0.36228707334549953,0.0050173082871663,0.1565389464318685,0.016362933158750318,0.0354903940410255,0.018819518361250287,0.6793396625430926,0.0037110242008728893,-0.3575858302614029,0.0049619859431586,1,126.6500015258789
2018-01-23,0.0049619859431586,0.0008646148046649073,0.015598726744579003,0.9856103374410788,0.0050344296875389,0.20373870202690125,0.018570005921596234,0.0396807027258793,0.020725818236894122,0.7059580473142681,0.007935277702051281,-0.19455559972130043,0.0121043455775452,1,127.27999877929688
2018-01-24,0.0121043455775452,0.021101323619564207,0.032342291965165804,2.2302256972757863,0.0054274083525854,0.1061903650213798,0.02772948399702648,0.0511912239640457,0.022828711574734983,0.7589712340131958,0.007995022624059236,0.4807618394217972,-0.0066978490279024,0,128.8300018310547
2018-01-25,-0.0066978490279024,0.016625688040247305,0.023242172244856606,-1.159351035929828,0.0057772398698299,0.15237583243913422,0.01835052914429294,0.0430097983493189,0.02421491274300891,0.6851607614508197,0.016800764835317877,0.8255005382454099,0.000781175638679,1,127.97000122070312
2018-01-26,0.000781175638679,0.012967364066910009,0.020749470562323503,0.1351316900465329,0.00578084710115,0.15303579908572695,0.016783692691992,0.0426759253066573,0.025464838589330796,0.6889489946831562,0.004294550014082836,-0.06990254928226258,-0.0056378571834703,0,128.07000732421875
2018-01-29,-0.0056378571834703,0.005511800948010107,0.003067120436686206,-0.9387252738143854,0.0060058649114257,0.19702927699061568,0.009264453051694524,0.0358374399826839,0.026329062566942785,0.6301601650852018,0.0055751793716503845,-0.17950145430784148,-0.0043281233730763,0,127.3499984741211
2018-01-30,-0.0043281233730763,-0.003778308368224793,-0.002913693563559894,-0.7156187097975506,0.0060480858225475,0.2013447794330263,0.003652904336296757,0.0304603655757934,0.026709892557152726,0.588826758095426,0.009305995873629055,0.13574166575288782,0.0066810895704915,1,126.8000030517578
2018-01-31,0.0066810895704915,-0.009201564375278495,0.011899759244285706,1.1826870830119636,0.0056490762996047,0.0408423196890475,0.009382161059933471,0.0363152905865599,0.02668278731847651,0.6292956820944136,0.011359161229216475,0.5503715651024577,0.003284890986055,1,127.6500015258789
2018-02-01,0.003284890986055,0.0007811756386789078,0.017406863678926205,0.5861778965567467,0.00560391479336,-0.030001364038049427,0.011403711216652339,0.0388462694476998,0.027133139741039702,0.647744817885418,0.008354743532737819,0.23308562791704235,-0.0132046867972403,0,128.07000732421875
2018-02-02,-0.0132046867972403,-0.013204686797240392,-0.00023732273033039153,-2.0672875689175125,0.0063874455570565,0.10493245112568839,-0.0022301730838258033,0.0243745793734088,0.026664218279141894,0.5333944414721344,0.007041691541627858,0.8100060695769731,0.0025286437555192,1,126.38999938964844
2018-02-05,0.0025286437555192,-0.005038185858250892,0.00047361508975920716,0.3953545945989518,0.0063958881218625,0.06494039013345265,-0.0002485513411720729,0.0261032268582484,0.026358329597592878,0.5497008273367726,0.006866033647490884,0.4062340010280714,-0.0105518996456809,0,126.70999908447266
2018-02-06,-0.0105518996456809,-0.011261962130855492,-0.015040270499080292,-1.5378292477245143,0.0068615547930918,0.1345002360104839,-0.010769683827978408,0.0148807924337621,0.025929731269254797,0.47534661599882805,0.01060776726902039,0.7035573960755281,-0.0047167720834532,0,125.37999725341795
2018-02-07,-0.0047167720834532,-0.022659823784800193,-0.03186138816007869,-0.6871401359160143,0.0068643524616203,0.2151282966563295,-0.015447973858025531,0.009701358074323,0.025543933956337472,0.4464945383569537,0.01089825283259382,-0.17262214058704817,0.0015214195043946,1,124.79000091552734
2018-02-08,0.0015214195043946,-0.024423295266460594,-0.023642119627781694,0.22206926617631845,0.0068511033993629,0.2225566683277691,-0.013929469495432988,0.0108869967475443,0.02516702961428008,0.45790586001031097,0.007441192832422489,-0.26349234367415386,-0.0016817358427458,0,124.9800033569336
2018-02-09,-0.0016817358427458,-0.012900344311966091,-0.026105031109206492,-0.24676159514649756,0.0068152252045031,0.06697194420295483,-0.015326125410423809,0.0088685039385447,0.02457121080728708,0.4469380468254594,0.006011060512773351,0.3625466605769434,0.0047973715177869,1,124.7699966430664
2018-02-12,0.0047973715177869,-0.010631616549698391,-0.015669802407949292,0.7615752663051945,0.0062992743200045,-0.015105611608144498,-0.009969779355887186,0.013174438022973,0.02337728373968484,0.4848995128542955,0.00566322939234372,-0.3195060039719595,0.0056472535967852,1,125.37000274658205
2018-02-13,0.0056472535967852,0.005567536692767708,-0.005694425438087794,0.8772733352503066,0.0064372794314715,-0.06183370597688154,-0.003934326559607125,0.0180927987389553,0.022114129505619085,0.5263310383569767,0.005234800543497533,-0.4745082742258421,0.0169088525197645,1,126.08000183105467
2018-02-14,0.0169088525197645,0.02719316129598541,0.004533337511185207,2.333866366844334,0.0072449960117585,0.05545221523318311,0.012215537884506357,0.0343447582718329,0.02186216231532656,0.6247580804995849,0.017936485214038945,0.572358729653986,0.0011691607653979,1,128.22999572753906
2018-02-15,0.0011691607653979,0.02684090255698871,0.002417607290528108,0.16216708357595105,0.0072096059176542,0.05232770509997531,0.012392732481720778,0.034353326173367,0.021691773347496612,0.6305269078798544,0.004907344281436923,-0.3063380483089577,-0.0032769459911664,0,128.3800048828125
2018-02-16,-0.0032769459911664,0.02524569240856811,0.012345348096602008,-0.4537561577578192,0.0072218215337485,0.0596599990528186,0.008468248748173313,0.0297016835963967,0.02105513472990439,0.6025935664659177,0.008830863250256843,-0.2385111303471531,-0.0135328677509379,0,127.95999908447266
2018-02-20,-0.0135328677509379,0.006915453139843311,-0.0037161634098550923,-1.71898357153586,0.0078725986536606,0.24976279071697505,-0.0049265206892952105,0.0148529760938702,0.01987742332040332,0.5041026084624166,0.010773135562147205,0.035942090124462256,-0.0046049640577856,0,126.23999786376952
2018-02-21,-0.0046049640577856,-0.0033367645147274897,0.0022307721780402074,-0.5877106945340945,0.0078354266829127,0.21719536433446351,-0.008865452164923097,0.0090271474368995,0.01805264445771293,0.47585841332348316,0.010504533314941089,-0.2709315193889277,0.0050801774014141,1,125.66000366210938
2018-02-22,0.0050801774014141,-0.01516543963307789,0.012027721662907508,0.6885408843534839,0.007378178285207,0.018382656558036503,-0.0028225582022366837,0.0128941699735174,0.01576121512277595,0.508577833031028,0.003879695022361056,-0.49197766955695454,-0.0012676571223932,0,126.3000030517578
2018-02-23,-0.0012676571223932,-0.01760225752086899,0.009238645036119708,-0.1747035326820189,0.0072560474475378,0.006441618365003565,-0.0033658465599085115,0.0102935475142212,0.013705524767520183,0.5001714168027198,0.003567501029127433,-0.5749567658337302,0.0024545525850457,1,126.13999938964844
2018-02-26,0.0024545525850457,-0.01187075894465689,0.013374933463911207,0.3369849096254616,0.0072838649890103,0.00859110890124648,-0.00027674160525286394,0.0114316695039998,0.011711652210685708,0.5168347614884409,0.0034796556111137238,-0.672145112967937,-0.0104937740547323,0,126.4499969482422
2018-02-27,-0.0104937740547323,-0.00883166524845129,-0.0019162121086079929,-1.3925003276583168,0.0075359221440034,-0.0427656132960178,-0.009843823021278507,-7.99361060342819e-05,0.009860956425113532,0.4483001144810268,0.012467076018781494,-0.2735599644077923,-0.0010394376248336,0,125.12999725341795
2018-02-28,-0.0010394376248336,-0.00526613881549929,-0.008602903330226792,-0.13873111261663656,0.0074924622547066,-0.043770995771554855,-0.010167561945256023,-0.0020868396067552,0.008163727544008514,0.44208273962555206,0.0052000122070311365,-0.522102080614252,-0.002242502765231,0,125.0
2018-03-01,-0.002242502765231,-0.01258881898214439,-0.027754258615222294,-0.307534841564287,0.0072918657080428,-0.011698358839776768,-0.01123772990965992,-0.0052021041891483,0.006104223333643244,0.42830438469963616,0.013871036807301739,0.36415244364725674,0.0053576407977507,1,124.72000122070312
2018-03-02,0.0053576407977507,-0.00596352106200049,-0.023565778582869495,0.7266900867818074,0.007372662563043,0.016071437838346858,-0.004868917094898579,-0.000760255780191,0.004128763923957557,0.47080649331238666,0.005742094458950531,0.060874808004831804,-0.0016761714003699,0,125.38999938964844
2018-03-05,-0.0016761714003699,-0.010094245047416088,-0.021965003992072994,-0.2464413711118292,0.0068015016829674,-0.06622353747230025,-0.006058294031084818,-0.003285226170434,0.002789970321194435,0.45928118016497044,0.004154052334184545,-0.3485763954064507,0.0107267206191819,1,125.18000030517578
2018-03-06,0.0107267206191819,0.011126249626498112,0.0022945843780468062,1.4844198763728669,0.0072262038456345,-0.04109892491595779,0.004732627915938964,0.006439673960283,0.001699005284505395,0.5376404965502527,0.006559723694477017,0.006088617149933473,-0.0064222029145691,0,126.52999877929688
2018-03-07,-0.0064222029145691,0.005743484336762612,0.00047734552126330564,-0.922035089464242,0.0069652478392127,-0.0703659755059447,-0.0018340385747483462,-0.0008630728050992,0.0009727498303613302,0.49160715865186466,0.0069201617732624395,-0.35504963368589504,-0.0023891311235727,0,125.72000122070312
2018-03-08,-0.0023891311235727,0.0055968559784209115,-0.006991963003723494,-0.34629919712617196,0.0068990374317912,-0.05387212161879473,-0.00446492097718323,-0.0039565543978186,0.0005106465759736611,0.47537257112698633,0.004544727341300362,-0.5513027444276009,0.0009563496666087,1,125.41999816894533
2018-03-09,0.0009563496666087,0.0011955648472789116,-0.004767956214721594,0.138707542669963,0.0068947199856623,-0.0648263192969778,-0.003733808205405291,-0.00360017926839,0.00013412975178295206,0.48273107706498775,0.007248714795865574,-0.3359875658206847,0.0,0,125.54000091552734
2018-03-12,0.0,0.0028717362476488118,-0.007222508799767294,0.0,0.0068805010946375,0.011614995533697048,-0.00403810622568651,-0.0041234358439433,-8.56755853715363e-05,0.48273107706498775,0.005814906417156985,-0.5919074784655959,0.001909899228192,1,125.54000091552734
2018-03-13,0.001909899228192,-0.005945085143341088,0.005181164483157006,0.2804023948671285,0.0068112800145556,-0.05741933661746401,-0.0022963618500559317,-0.00268320594549,-0.0003877344740883526,0.49902916482064036,0.0074733250209447445,-0.3104335317018351,-0.0006362480921954,0,125.77999877929688
2018-03-14,-0.0006362480921954,-0.00015913032096738933,0.005584354015795206,-0.09512101562595345,0.0066888277843598,-0.039685602182986335,-0.002780653609968399,-0.0036414518470082,-0.0008631984930457248,0.4934478215334813,0.0033413349923373356,-0.45111437442370284,-0.0063846619697598,0,125.6999969482422
2018-03-15,-0.0063846619697598,-0.0041546611671544895,0.0014421948112664056,-1.1648961949631385,0.0054808849040509,-0.20555802773374787,-0.007816708154019782,-0.009943361471607,-0.002143407710112233,0.4404038348420583,0.003923121359354068,-0.037192354206913913,-0.0024048352412031,0,124.9000015258789
2018-03-16,-0.0024048352412031,-0.00751584607496629,-0.006320281227687395,-0.44094639780865574,0.0054538040295924,-0.20898832136276912,-0.008711573438575013,-0.012286974453468,-0.0036068221105893805,0.42208015444336927,0.005296979696564516,0.16146008628338882,0.0021646240154515,1,124.5999984741211
2018-03-19,0.0021646240154515,-0.00535122205951479,-0.0024794858118659946,0.393871365969691,0.0054957638520442,-0.2012552899195862,-0.005340883077569567,-0.0100540330211727,-0.004738457491030745,0.44448227767556225,0.005926207070451144,-0.29985093934054785,-0.0044947919586221,0,124.87000274658205
2018-03-20,-0.0044947919586221,-0.01175591324632889,-0.017700998389669993,-0.9459951919429408,0.0047513898557882,-0.3024233557224849,-0.00903990868689295,-0.0143342393395341,-0.005342627517548104,0.40906463845638563,0.004746231026245837,-0.41436556413010617,0.0173057932784737,1,124.30999755859376
2018-03-21,0.0173057932784737,0.006186128124340209,0.0060269978033728015,2.817189617766935,0.0061429281044246,-0.08161365451980296,0.007929262547168001,0.0026859023610024,-0.005202111280026678,0.5565281942082049,0.013678078044095574,1.0762764867320929,-0.0039610286020946,0,126.4800033569336
2018-03-22,-0.0039610286020946,0.00860976149200541,0.004455100324850901,-0.6485875794762,0.00610716074041,0.11426546029022111,0.004072747011787561,-0.0014758077155248,-0.0055260485296763084,0.5240767936151852,0.005556413157562133,-0.12177577412497875,0.0128555516884873,1,125.9800033569336
2018-03-23,0.0128555516884873,0.02387014842169581,0.0163543023467295,1.9042719037594757,0.0067509013093705,0.23783349616891902,0.01646853207401427,0.011030141231113,-0.005350279591838092,0.6049492627513283,0.003526345475196905,0.8723954826098228,0.0052366227801974,1,127.61000061035156
2018-03-26,0.0052366227801974,0.026942147186441712,0.021590925126926903,0.767846245123305,0.0068198845972822,0.2409347964879316,0.021061167866315653,0.0158812492858389,-0.00507307372319421,0.632586247314242,0.004443462189296057,-0.06112902514034069,-0.0061774519150594,0,128.27999877929688
2018-03-27,-0.0061774519150594,0.025259487230004412,0.013503573983675504,-0.9492757935766475,0.0065075418090924,0.3696080529289414,0.013820836387178454,0.0095402906480732,-0.004222191520899643,0.5809761425999004,0.0044709365783606415,-0.05297383102247322,-0.0139011360893347,0,127.48999786376952
2018-03-28,-0.0139011360893347,-0.005947442137803991,0.00023868598653620232,-1.9042411030072246,0.0073000924449019,0.18837341424260257,-0.0004650413717481619,-0.0041692705703906,-0.003705952619932451,0.485870931765819,0.008748894016953975,0.505321889546021,0.0004770798243684,1,125.7300033569336
2018-03-29,0.0004770798243684,-0.0015093337113409912,0.007100427780664402,0.06557165382894733,0.0072757021747984,0.19133955762067445,-0.00041321087359518156,-0.0036388257282476,-0.0032269482647638847,0.48894223681202326,0.0039748787372675875,0.08892560209444156,0.0116183974619913,1,125.79000091552734
2018-04-02,0.0116183974619913,-0.002746487937836991,0.021123660483858803,1.5236664740007637,0.0076252891694101,0.12952164755036755,0.010517302881288578,0.0077812943531126,-0.0027075325878883616,0.558528327166982,0.009115225857592063,0.7322110940316515,-0.0075722010717779,0,127.26000213623048
2018-04-03,-0.0075722010717779,-0.01555531178981229,0.011386835396629404,-0.9664927160876766,0.0078347213028463,0.1488055539779256,0.002448598338594846,0.0001979999309869,-0.002245101056889909,0.5097171276085699,0.0045921946765310855,-0.07943168294209013,0.0011868954626523,1,126.3000030517578
2018-04-04,0.0011868954626523,-0.00819096441210059,0.017068522817903803,0.15916245908887544,0.0074571319734985,0.14592148498828283,0.003670971845398102,0.00141755770294,-0.002245172178602428,0.5168222031121458,0.009568992595293823,0.14338981342787904,-0.0051535804567211,0,126.4499969482422
2018-04-05,-0.0051535804567211,0.000556591220513011,-0.0053908509172909975,-0.695947684527046,0.0074051262347735,0.014388008188163548,-0.0015199233324924893,-0.0034964563952674,-0.00197954181456661,0.4840834181843336,0.0051669436415789465,-0.18678545424048,0.0046789913047762,1,125.8000030517578
2018-04-06,0.0046789913047762,0.004758502700920811,0.003249168989579803,0.6278822750938824,0.0074520200527664,0.024233795409978498,0.0027768871319246253,0.0015642663148211,-0.0012092628307097675,0.5141672336798124,0.00371865830344828,-0.08505524465490022,0.003396396035594,1,126.38999938964844
2018-04-09,0.003396396035594,-0.003463498725476489,-0.0062099866633134986,0.45395578932125197,0.0074817771146222,-0.018820539339494013,0.005677847008151911,0.005154959413488,-0.0005199354805512924,0.5354294829772634,0.00496764906902677,-0.369598105439114,0.0023627879691593,1,126.81999969482422
2018-04-10,0.0023627879691593,0.006471490315460711,-0.009083821474351599,0.31537504510880826,0.0074919940743698,-0.04374466113453057,0.00742574021710082,0.0076844843377864,0.0002568369164659412,0.5502193663103551,0.005034608053968482,-0.2212391473360904,0.0077577307979443,1,127.12000274658205
2018-04-11,0.0077577307979443,0.01304232565075271,0.0048513612386521035,1.0131476245094178,0.0076570586657603,0.026810131961229722,0.01433497317739203,0.0154098822893453,0.0010597180816769303,0.5959343249172723,0.013191807301183434,0.7287367521403418,-0.0116987778251053,0,128.11000061035156
2018-04-12,-0.0116987778251053,0.006497128282368512,0.007053719502881504,-1.4339589491091873,0.0081583770807197,0.10172018978002462,0.0021726282177182386,0.003628680182384,0.0014528953632022557,0.5116466980682024,0.0068709137444003445,0.10595203325476987,0.0065336100698645,1,126.62000274658205
2018-04-13,0.0065336100698645,0.008351747047456809,0.013110249748377604,0.8059100406565788,0.0081071208202612,0.0879091525326221,0.007724939121702546,0.0102394974401142,0.002495282413674804,0.5498415579008584,0.005649283938355208,-0.07769294109852609,0.0014113245973423,1,127.4499969482422
2018-04-16,0.0014113245973423,0.00636667560920511,0.0029031768837286037,0.1749434895871216,0.0080673170557711,0.07826214710466783,0.007940774432119022,0.0117368538759483,0.0037661731126692466,0.5579168386786187,0.0037608976515177287,-0.3660244218418369,0.0009397976090927,1,127.62999725341795
2018-04-17,0.0009397976090927,0.00494368524913851,0.011415175564599206,0.11653848829403939,0.0080642680615651,0.07638473569447357,0.007742455556264986,0.0124698225220176,0.004691046744818461,0.5635381948746799,0.006105665591364971,-0.4227422262109327,0.0007824607184664,1,127.75
2018-04-18,0.0007824607184664,-0.00203158483033939,0.011010740820413305,0.09835101692449241,0.0079557969295541,0.03901475446827307,0.0071250883688137616,0.0130792879744601,0.005912075544945328,0.5684624729625051,0.006179063711860114,-0.08905622875805097,-0.0019573308498895,0,127.8499984741211
2018-04-19,-0.0019573308498895,0.00770986214487641,0.014206990427244904,-0.2779110857244303,0.0070430110579696,-0.13671420329246498,0.004712528215623264,0.0107426920810473,0.006001879837343793,0.5517040249093546,0.00587774301699627,0.20893962982183023,-0.007630932179695,0,127.5999984741211
2018-04-20,-0.007630932179695,-0.00645468010468309,0.001897066942773704,-1.058445160707639,0.0072095678292801,-0.1107116830845728,-0.0031802726970126247,0.0027668313651462,0.0059660778165469,0.4911971415093179,0.003316735197465151,0.39051550029606474,-0.0080079278822513,0,126.62999725341795
2018-04-23,-0.0080079278822513,-0.01587393258427669,-0.009507256975071597,-1.1797507450170526,0.0067878133716589,-0.15860337151331927,-0.010355713964478904,-0.0053320076010813,0.005076274813369697,0.43740555647764884,0.0033434627380732624,-0.04217263449230235,0.0048441674681113,1,125.62000274658205
2018-04-24,0.0048441674681113,-0.01196956272525809,-0.007025877476119597,0.7155310904636502,0.0067700307263691,-0.16049036630669944,-0.004746412516973519,-0.0007330192153035,0.004032533368525382,0.4748138354633234,0.005307756881308016,-0.3384364759382843,-0.0065172673215024,0,126.2300033569336
2018-04-25,-0.0065172673215024,-0.01926929076522689,-0.021300875595566298,-0.9605924594455724,0.0067846330224828,-0.14720887391188597,-0.010400203365433024,-0.0072306208074157,0.0032028932996919224,0.4331220330023801,0.003588267000208058,-0.16221404362555836,-0.0035146807713917,0,125.41000366210938
2018-04-26,-0.0035146807713917,-0.02082664068672909,-0.013116778541852697,-0.5768276665903733,0.0060931210046962,-0.13486987958062924,-0.013576440966957854,-0.0105398763665163,0.003078357742609228,0.4122065328015442,0.007041667958887708,0.07267998758521776,0.0042320403061771,1,124.97000122070312
2018-04-27,0.0042320403061771,-0.00896366820085699,-0.015418348305540095,0.6852708761728857,0.0061757189066786,-0.14339956944475185,-0.009279619845591136,-0.0059138253210427,0.003397320366038903,0.4468563070715522,0.0035856938457109063,-0.18475929564010596,-0.0072774416543521,0,125.5
2018-04-30,-0.0072774416543521,-0.00823318197295779,-0.024107114557234497,-1.2735497977097232,0.0057142968947421,-0.15815350513304394,-0.015425738943700298,-0.0125290782880556,0.002942043856130061,0.4029360627579823,0.008106545762284478,0.4338995164713346,-0.007088207443339,0,124.58999633789062
2018-05-01,-0.007088207443339,-0.02016555688440809,-0.032135119609666196,-1.2465580339427131,0.0056862233849794,-0.16008898411174088,-0.021378431053316233,-0.0188427331484242,0.0025910913731661545,0.36552212768485903,0.004769250437729654,0.08981570142201645,-0.0004851031664156,0,123.70999908447266
2018-05-02,-0.0004851031664156,-0.014133392729321289,-0.0334026834945482,-0.08564569021023842,0.005664069788273,-0.1651619520903338,-0.020768565588306125,-0.01891552052338,0.0018923463849374045,0.36304700317267835,0.007763842075422463,0.09782525632503924,0.005082068394914,1,123.6500015258789
2018-05-03,0.005082068394914,-0.005536643563015589,-0.026363284249744694,0.8850266205362245,0.0057422774377508,-0.05758027235549601,-0.015186643335831035,-0.0137009022175106,0.0015086524855358885,0.4083510732194347,0.004184134837210753,-0.2972257387781676,0.0020898820929316,1,124.27999877929688
2018-05-04,0.0020898820929316,-0.007678801776261091,-0.016642469977118095,0.37020638413486634,0.0056451811273202,-0.08590704780696223,-0.01240245491728968,-0.0113613205800498,0.0010542091183030067,0.4264811836509596,0.005219218894335705,-0.14728828224299884,0.0002408476525902,1,124.54000091552734
2018-05-07,0.0002408476525902,-0.00016051246931878931,-0.008393694442276597,0.04326247457598289,0.005567126128377,-0.0257548337225032,-0.01128251029391327,-0.0108766284672845,0.00041051344884102114,0.42865661270061317,0.0032109970094270045,-0.5047556575926533,0.0001605124693187,1,124.56999969482422
2018-05-08,0.0001605124693187,0.007088207443338911,-0.013077349441069197,0.029073686265167428,0.0055208846877806,-0.02907706679895039,-0.010129928379979308,-0.0104255492638555,-0.00029864614796604183,0.4302081124484839,0.009310506997439225,-0.19249268841558453,-0.0020889812252642,0,124.58999633789062
2018-05-09,-0.0020889812252642,0.005484329384490311,-0.008649063344830996,-0.4077634887321214,0.0051230217589112,-0.09552283951055762,-0.01071006399707421,-0.012365083780281,-0.0016729370460331072,0.41444950314299106,0.005067199175856267,-0.31983113112657213,0.0068133682422289,1,124.33000183105467
2018-05-10,0.0068133682422289,0.007215629231805211,0.0016789856687896036,1.405441673252702,0.0048478484535472,-0.15576206372813983,-0.0033756839422780247,-0.0056414231531515,-0.0022734135364426145,0.4813394930144272,0.004952889799253422,-0.17574754346421695,-0.0014389666321499,0,125.18000030517578
2018-05-11,-0.0014389666321499,0.0036867805067237105,-0.003992021269537395,-0.3161482560207972,0.0045515564446297,-0.19372712018004812,-0.00383721794207005,-0.0071154094869124,-0.0032908191350715654,0.4691181539087939,0.0051999511718751135,-0.30713549552656627,-0.0040883630684627,0,125.0
2018-05-14,-0.0040883630684627,-0.0006424302143291892,-0.000802942683647995,-0.8953550195932974,0.0045661921572962,-0.1797936579842867,-0.0066587301775006946,-0.0110249962667256,-0.004395534769239151,0.4353873607856624,0.0061852089025580545,-0.39097381391858177,-0.016277595476396,0,124.48999786376952
2018-05-15,-0.016277595476396,-0.01708053816004389,-0.009992330716704996,-2.890559269153921,0.0056312962166524,0.019998883352187136,-0.02063790232640014,-0.0265752332955271,-0.006062447161505169,0.33358490361636767,0.005633592606912704,0.6790082804855813,-0.0015524980696371,0,122.4800033569336
2018-05-16,-0.0015524980696371,-0.016544055004416792,-0.011059725619926495,-0.27761241978945533,0.0055923220971689,0.09160615752634271,-0.01997867709479606,-0.0274298294237789,-0.007603051234532976,0.3258291958960292,0.004742839371269019,-0.22862180887585049,0.0005722435830601,1,122.29000091552734
2018-05-17,0.0005722435830601,-0.022785179663585592,-0.015569550431780398,0.10169338938452567,0.0056271463319638,0.16075128706764397,-0.017354499839658137,-0.0263527666148645,-0.009157185143307767,0.3319911563426851,0.0031873111123165835,0.22334789157100055,0.0004085717333055,1,122.36000061035156
2018-05-18,0.0004085717333055,-0.02093764129813019,-0.017250860791406496,0.0743312563872933,0.005496634298453,0.20763839036608678,-0.015284345096238166,-0.0254880653616047,-0.010362098149403254,0.3366553144832818,0.005228325876167977,0.1059045413078501,0.0005716827532715,1,122.41000366210938
2018-05-21,0.0005716827532715,-0.01627759547639599,-0.016920025690725194,0.10766962837940873,0.0053096008770179,0.16280714742454006,-0.01347528674538391,-0.0244554937629707,-0.011130189512802313,0.34356513888900636,0.004572154990572578,-0.3170677619972794,-0.0005716827532715,0,122.4800033569336
2018-05-22,-0.0005716827532715,-0.0005716827532714895,-0.017652220913315395,-0.11174021600089323,0.0051161772702044,-0.09147431188661914,-0.012519941480484895,-0.0245266613369526,-0.01215894918877547,0.33975380696874125,0.003267719254245133,-0.24115298482421965,0.0010614187645907,1,122.41000366210938
2018-05-23,0.0010614187645907,0.0020422340809563106,-0.014501820923460496,0.21197180012862543,0.0050073583559069,-0.10460122487546564,-0.010325594300646447,-0.0229862111536972,-0.012792709178029216,0.3540844647638265,0.005141155938559537,0.15137548728439332,0.0085320912017681,1,122.54000091552734
2018-05-24,0.0085320912017681,0.010002081699664312,-0.012783097963921297,1.575140401785845,0.005416717895176,-0.037395230970359905,-0.0012889259060728654,-0.014282921558834,-0.01301076556555636,0.4566651695427463,0.005987522337539503,0.43841499835437436,-0.003079396764578,0,123.58999633789062
2018-05-25,-0.003079396764578,0.006514113201780813,-0.014423528096349395,-0.5785590527608628,0.005322528011416,-0.03167507197741015,-0.0034375471640100907,-0.0170486835384129,-0.01365808669157531,0.4300466872148492,0.0039769326143213705,0.2640739481743566,-0.0001623104138514,0,123.20999908447266
2018-05-29,-0.0001623104138514,0.005780120034657912,-0.010497475441738097,-0.03177085658521229,0.0051087830577079,-0.03782164120456233,-0.0030348245136617184,-0.0169870606531506,-0.013994707621239444,0.4286307953317297,0.007955156328576136,0.4478710518960216,0.0014600935542381,1,123.19000244140624
2018-05-30,0.0014600935542381,0.007811896342167512,0.0072402135888960046,0.2987655137732869,0.0048870886595903,-0.0447773011987419,-0.0014407191500291495,-0.0153149982460626,-0.013894296875618495,0.44630287198237234,0.0035665269645009066,-0.24728183277665727,-0.0021909715513726,0,123.37000274658205
2018-05-31,-0.0021909715513726,0.004559506026204212,0.0066017401071605045,-0.4463797840752554,0.0049083126735041,-0.01978002678517332,-0.0034043101228712494,-0.0172802375268896,-0.013923326726136276,0.42506513118242156,0.005523966804262272,0.2913329183549116,-0.0049676442354116,0,123.0999984741211
2018-06-01,-0.0049676442354116,-0.008940229410975489,0.001061852288688804,-1.02410564138451,0.0048507146476566,-0.10449191899461274,-0.0076237140675693175,-0.0215265954200124,-0.014009687201846033,0.3809587975423325,0.005306505901055669,0.2897129108118337,-0.0009801121170805,0,122.48999786376952
2018-06-04,-0.0009801121170805,-0.006840944763477989,-0.000326831561697196,-0.20396484113694952,0.004805299342853,-0.09717725626875506,-0.007723634041276948,-0.0219210347112879,-0.014307909728650925,0.37276475325719377,0.004576264983448954,-0.29593176756707273,0.0039148221040478,1,122.37000274658205
2018-06-05,0.0039148221040478,-0.0027638122455787882,0.003016307789079104,0.7958197516319286,0.0049192321452439,-0.037102948064708596,-0.003136262985986367,-0.0173368017551413,-0.014245215511290432,0.42595418332528184,0.007733045091057461,0.08179752189851186,0.0005696358194504,1,122.8499984741211
2018-06-06,0.0005696358194504,-0.003654269980366489,0.004157626361801003,0.1156896664929936,0.0049238262734978,0.007517280014023742,-0.0018919755971133654,-0.0159330637002577,-0.014067703855546676,0.43349883420373425,0.005857478290176556,-0.3488801478361111,-0.0004882216623281,0,122.91999816894533
2018-06-07,-0.0004882216623281,-0.0019515200913219888,0.002607985934882204,-0.09938101666463264,0.0049126249530696,0.0008785665975963308,-0.0017833999037074888,-0.0156836839208779,-0.01392511807139818,0.4283028754258116,0.0037440915040489854,-0.4066124541314009,0.0012201695433653,1,122.86000061035156
2018-06-08,0.0012201695433653,0.004236293687454911,-0.004703935723520597,0.2641546978099774,0.00461914761873,-0.047738744854528004,0.00031715985582639236,-0.0140522063947532,-0.014364810309412834,0.4461758339288728,0.0017071708058349739,-0.3733597236473748,0.0017868849442264,1,123.01000213623048
2018-06-11,0.0017868849442264,0.007003290748761811,0.00016234598528380305,0.3838982737832153,0.0046545792629311,-0.03136538832821478,0.0028279251750810996,-0.0118833557735854,-0.014669795863630486,0.4722364071331958,0.003245975127666944,-0.476417354837971,-0.0033326887747225,0,123.2300033569336
2018-06-12,-0.0033326887747225,-0.00024422013000848907,-0.003008032375587297,-0.720000157103561,0.00462873339935,-0.05905367693914709,0.00017100109837146592,-0.0144692214460736,-0.014637719478336697,0.4314865017764713,0.0043966855306066255,0.15726469910259366,0.0030080323755872,1,122.81999969482422
2018-06-13,0.0030080323755872,0.002194176426128311,-0.001460093554238197,1.0410844954623577,0.0028893258795976,-0.4131949993546231,0.002894150697362095,-0.01100663868124,-0.013860674497838232,0.4754746347014147,0.007062221770807271,-0.02822723553942108,0.001541102728231,1,123.19000244140624
2018-06-14,0.001541102728231,0.004223500816687411,0.002271980725365403,0.5372909144350273,0.0028682836184779,-0.4161403229681345,0.003995447507175082,-0.0089928250014324,-0.01293658506206985,0.49699684805712785,0.0043767298391018915,0.2945300557435746,-0.0166725091867418,0,123.37999725341795
2018-06-15,-0.0166725091867418,-0.01366917791341969,-0.009432884225964798,-3.486876811853261,0.004781502211396,0.035148171495466896,-0.012194957134079396,-0.0246796400805062,-0.012638812725844328,0.337071882115239,0.011290548529213384,1.2263470724539132,-0.001897263760984,0,121.33999633789062
2018-06-18,-0.001897263760984,-0.01735332661863009,-0.010350035869868298,-0.3962288207026154,0.0047883032779384,0.02872956017147965,-0.013545321209017592,-0.0257013377227127,-0.012322934621379455,0.3243978532036739,0.0037156681972492353,-0.3971763212238293,-0.0025629178089954,0,121.11000061035156
2018-06-19,-0.0025629178089954,-0.016583555652902992,-0.0168277757829115,-0.5337749274829178,0.0048014953064228,0.037323797282656335,-0.015396631024322866,-0.0272529985155119,-0.01204177018358532,0.3076092433310339,0.0037251402059103977,-0.23273306718297548,-0.0044802273887542,0,120.8000030517578
2018-06-20,-0.0044802273887542,-0.024071815417244388,-0.021877638991116097,-0.9189503690055669,0.0048753747099557,0.687374464881995,-0.018938405087933537,-0.0305302995268135,-0.01181566427530878,0.2803874779841948,0.0054049050801452374,-0.291331528619004,-0.0017477352868707,0,120.26000213623048
2018-06-21,-0.0017477352868707,-0.02736065343234609,-0.0231371526156587,-0.35985716842875237,0.0048567471769476,0.6932590437220811,-0.019655857095111584,-0.0309639289598002,-0.011534798209923869,0.2703672283301522,0.004164931172758341,-0.10550911863075307,0.0024126912728642,1,120.0500030517578
2018-06-22,0.0024126912728642,-0.008275452972740089,-0.021944630886159798,0.5491446339872049,0.0043935442933244,-0.08113724535083555,-0.015981945283333587,-0.0276373047725102,-0.011844660200399093,0.3071878123078457,0.002492962114735852,-0.2681205137861159,-0.0037463887322167,0,120.33999633789062
2018-06-25,-0.0037463887322167,-0.01012457794397279,-0.0274779045626029,-0.8495206108738995,0.004410003341017,-0.07900500761185636,-0.01832906299389743,-0.0300883824875938,-0.011978881161094579,0.28329681189996264,0.003336404436694471,0.49929591031501475,-0.0052686490212924,0,119.88999938964844
2018-06-26,-0.0052686490212924,-0.01283030915626979,-0.029413864809172796,-1.1750256493538627,0.0044838587346494,-0.0661536774488789,-0.021913838918667564,-0.0338766790120096,-0.012230865305482341,0.25356426125841863,0.0041925204682526414,0.40225440543410973,-0.005718147886605,0,119.26000213623048
2018-06-27,-0.005718147886605,-0.014068229654120589,-0.038140045071365,-1.267474320291093,0.0045114506819292,-0.074645345163594,-0.02557674849572247,-0.0379560222597649,-0.012704206046943,0.22599390706691722,0.004806878782446843,0.03162814836748962,-0.0030405479988212,0,118.58000183105467
2018-06-28,-0.0030405479988212,-0.01536104236607109,-0.0427216957984172,-0.6730543309260344,0.0045175372315602,-0.06984303136005288,-0.026583277768260003,-0.0393756773744236,-0.013141750407610342,0.21280196456840955,0.005582778090846972,0.2364709949922965,0.0036306900201949,1,118.22000122070312
2018-06-29,0.0036306900201949,-0.01414304361874039,-0.022418496591480496,0.7841263835527492,0.0046302357583542,0.05387255692162518,-0.021495747331347095,-0.0344772505485733,-0.013266680427624133,0.2677817191258417,0.005731144512690437,0.2756485000832867,-0.0100801534421109,0,118.6500015258789
2018-07-02,-0.0100801534421109,-0.02047680832863459,-0.030601386272607396,-2.016315055039878,0.0049992948358517,0.13362608806976595,-0.029344450876756335,-0.0427323241633155,-0.013792609848727433,0.22164554533911685,0.006895943852436363,0.805811330050741,0.0100801534421108,1,117.45999908447266
2018-07-03,0.0100801534421108,-0.00512800586523139,-0.017958315021501196,1.817409476240868,0.0055464404548834,0.23697930356788666,-0.0178061361960377,-0.0319343282358233,-0.014384321222562058,0.3434618212553315,0.005899743519885584,0.31687571569332373,0.0033656028250155,1,118.6500015258789
2018-07-05,0.0033656028250155,0.0039557448463891105,-0.010112484807731498,0.596514760108606,0.0056421115621728,0.25062024611562483,-0.012913772167053578,-0.0275313385391627,-0.014808803891632194,0.3786627232254901,0.004703949379529213,-0.27205667253207966,-0.0015972634935637,0,119.0500030517578
2018-07-06,-0.0015972634935637,0.005399029351646611,-0.009962013014424497,-0.28340065197645103,0.0056360614643061,0.2475960186740067,-0.01285219125134089,-0.0280433124890981,-0.015388902353958511,0.3685544339292492,0.002523939263190232,-0.5643838046386496,0.0024368812775599,1,118.86000061035156
2018-07-09,0.0024368812775599,0.004205220609011611,-0.009937823009728796,0.4293942933140111,0.0056751599066498,0.2256740699240367,-0.00885499898660905,-0.0247435926949531,-0.016030544160641313,0.3950965791145361,0.00495177473545403,-0.39857070325414445,-0.0018481290459546,0,119.1500015258789
2018-07-10,-0.0018481290459546,0.01243724500516791,-0.008039563323466697,-0.32890054622117765,0.0056191121212422,0.12398094246123925,-0.008912540011453043,-0.0254962256853731,-0.01673281758010714,0.38197910796905094,0.003279234748572223,-0.44807027446553305,-0.010905978807671,0,118.93000030517578
2018-07-11,-0.010905978807671,-0.00854888724461389,-0.013676893109845297,-1.8257132004219774,0.005973544368935,0.07700504810712494,-0.017542111816624115,-0.0349672701513336,-0.01773629032276358,0.3157763528120562,0.007735430444034016,0.02750750060586782,0.0041565812124294,1,117.63999938964844
2018-07-12,0.0041565812124294,-0.007757908857199989,-0.0038021640108108976,0.6891990201859656,0.0060310318074855,0.06893168293945018,-0.011361047169937032,-0.0300597191072076,-0.0189135496671905,0.361074021589359,0.002708877526999082,-0.31803562491587545,-0.004411618657356,0,118.12999725341795
2018-07-13,-0.004411618657356,-0.010572264020992289,-0.0051732346693456974,-0.7366484281396352,0.0059887708828719,0.0625808325192252,-0.01333064817357591,-0.0333705366921,-0.020310642548517666,0.33567658649476384,0.002550829437980576,-0.17449443602911852,-0.0005102701051306,0,117.61000061035156
2018-07-16,-0.0005102701051306,-0.01351941540368279,-0.009314194794671198,-0.10280584560707308,0.0049634347358113,-0.1254105932776528,-0.012263708547623871,-0.0327936630498772,-0.02078485389259721,0.3327681931209868,0.0029774433435529016,-0.39345268635173536,-0.0108627357547253,0,117.5500030517578
2018-07-17,-0.0108627357547253,-0.022534022112453492,-0.010096777107285598,-2.0189765873484427,0.0053803178416207,-0.042496799221851234,-0.02094842042922723,-0.0419410477442037,-0.021441799138079976,0.27788351022038554,0.006965923349647921,0.2690212939394787,0.0002579541677247,1,116.27999877929688
2018-07-18,0.0002579541677247,-0.01137008913705779,-0.0199189763816717,0.04774563453788144,0.0054026754533975,-0.0955661965961555,-0.018841209770508384,-0.0403877302432645,-0.021960278690176582,0.2809005524578876,0.0044707819962291765,-0.14140235916095723,-0.0043081232452859,0,116.30999755859376
2018-07-19,-0.0043081232452859,-0.01983479359477309,-0.027592702451973098,-0.7980260298224534,0.005398474591417,-0.10488374730230954,-0.021221953205015156,-0.0431266644165666,-0.022379651120372768,0.26130435190859347,0.011657011506610656,1.1035138895254542,0.0064552448263087,1,115.80999755859376
2018-07-20,0.0064552448263087,-0.008967930111108389,-0.0195401941321007,1.1301237688115777,0.005711980408214,-0.04621824412243425,-0.01342826453987322,-0.0356916766785181,-0.0225664402682908,0.33611881832263263,0.004032268621718814,0.1480550199404007,-0.0048159498350951,0,116.55999755859376
2018-07-23,-0.0048159498350951,-0.013273609841072889,-0.0267930252447557,-0.8476326478130597,0.0056816474064803,0.14470073827849061,-0.016361471854953232,-0.0388646706247845,-0.022877508480953934,0.3108071593749381,0.0047413398479593215,-0.10270147598719925,0.000344776036595,1,116.0
2018-07-24,0.000344776036595,-0.002066098049752589,-0.0246001201622061,0.0606688685248713,0.00568291522453,0.05624154405312032,-0.014413475417006355,-0.0371035397429174,-0.023021889768137238,0.3147765921718289,0.004481184410235776,-0.28738518901139354,0.0055001804720544,1,116.04000091552734
2018-07-25,0.0055001804720544,0.0031761282545771114,-0.008193960882480698,0.9436683650719712,0.005828509967731,0.07881919208486088,-0.00789061863550845,-0.0305362807758156,-0.022825771599056632,0.3766383282314905,0.0048851533539028815,-0.1669067559215892,-0.0078297123939534,0,116.68000030517578
2018-07-26,-0.0078297123939534,-0.0003454608940903891,-0.0201802544888635,-1.3192785300785455,0.0059348440950428,0.099355752174618,-0.014450833479406323,-0.037023512610826,-0.022903656051083576,0.3308949424916237,0.006392031740707461,-0.028884549287985117,0.0005181795313148,1,115.7699966430664
2018-07-27,0.0005181795313148,-0.006282526189084289,-0.015250456300192696,0.08738160507373226,0.005930075682148,0.038182076678759724,-0.012935867025949142,-0.035487839634521,-0.022847525155860082,0.33661629799823317,0.0040576811989404705,-0.18686071150463346,-0.0015552128809898,0,115.83000183105467
2018-07-30,-0.0015552128809898,-0.0030217892349789894,-0.016295399076051896,-0.2668302719948018,0.0058284724194266,0.02584197899694307,-0.013208403120781696,-0.0359093451560191,-0.023004798690048234,0.3275678313226631,0.003285752255981917,-0.3352786460623406,0.0029355602050311,1,115.6500015258789
2018-07-31,0.0029355602050311,-0.0004310050665428892,-0.0024971031162954976,0.5325484287301719,0.0055122877970568,-0.03002463009419809,-0.009686291343430072,-0.0320389555626245,-0.02257129637185129,0.36242992441633726,0.008276567826134259,-0.07087243703488799,-0.0073551881297049,0,115.98999786376952
2018-08-01,-0.0073551881297049,-0.013286373668302189,-0.010110245413725098,-1.4444418541867634,0.005092062451933,-0.12635262183221319,-0.015468284466159636,-0.0379537911171145,-0.022838783450223943,0.318037227869816,0.004950492425271739,0.35046503698954967,-0.0053993230298752,0,115.13999938964844
2018-08-02,-0.0053993230298752,-0.010855984304223989,-0.011201445198314397,-1.0738713574997294,0.0050279048716285,-0.15281601485906593,-0.01886956527621843,-0.0418709070874206,-0.023443714512513036,0.2901227555800267,0.007073045858644885,0.04389290179074701,0.0034867672609534,1,114.5199966430664
2018-08-03,0.0034867672609534,-0.00788739657458539,-0.014169922763669698,0.6740882556884855,0.0051725678819195,-0.127739988632677,-0.013778110233098854,-0.0372968064826351,-0.023847266516356824,0.33092455109087227,0.005830126867565207,-0.023047781746393214,-0.0051471986083892,0,114.91999816894533
2018-08-06,-0.0051471986083892,-0.011479382301984788,-0.014501171536963798,-1.0029054389464196,0.005132287061676,-0.11944559528671317,-0.01680789390544612,-0.0407510742450195,-0.024352494483179665,0.30323898513206615,0.003586142355837821,-0.059684684684684686,0.0022714889105877,1,114.33000183105467
2018-08-07,0.0022714889105877,-0.012143453596428187,-0.012574458662971098,0.4348762969520453,0.0052232989622752,-0.05242629656163844,-0.012729686032344577,-0.0371769827126422,-0.024762515730923362,0.32984614254538724,0.004537955223661729,-0.17020412210859004,0.002788736658924,1,114.58999633789062
2018-08-08,0.002788736658924,-0.0019995288077992875,-0.0152859024761015,0.5738328386523689,0.004859841527148,-0.04560449267405331,-0.008806925824757587,-0.0331428655387007,-0.024552168843787303,0.36213295921765826,0.004699271333422514,-0.3751041014536871,-0.0014805645831977,0,114.91000366210938
2018-08-09,-0.0014805645831977,0.0019192296388782122,-0.008936754665345797,-0.31534328934074646,0.0046950882839237,-0.06619389113402285,-0.00882419065396471,-0.0331692074441878,-0.024561754393789825,0.35241895116245514,0.0037476060064629583,-0.3001711314421115,-0.0004358228922819,0,114.73999786376952
2018-08-10,-0.0004358228922819,-0.0020033605143570878,-0.009890757088942497,-0.09378023786417813,0.004647278597364,-0.10155290303518838,-0.008004956593921588,-0.0322188475521202,-0.024409286234998495,0.34945024681601994,0.005405900543936105,0.100119162347303,-0.0151990920233816,0,114.69000244140624
2018-08-13,-0.0151990920233816,-0.012055253929349488,-0.023534636231334297,-2.7197409500137293,0.0055884337158305,0.08887785283108074,-0.02102508301163605,-0.0452815220116159,-0.024777385588795497,0.2659615127382989,0.008675599641305237,0.426064651256294,0.000973327608104,1,112.95999908447266
2018-08-14,0.000973327608104,-0.013353415231833188,-0.025496868828261396,0.18668701764787315,0.0052136866310644,-0.0018402797313008534,-0.018706793733348125,-0.0428471326912339,-0.02460053611267543,0.27777686710865696,0.005660272581324373,0.11165235507800575,-0.0167666215759308,0,113.06999969482422
2018-08-15,-0.0167666215759308,-0.03290877346668798,-0.034908302274487296,-2.6950646696036182,0.0062212316331529,0.28013055536891796,-0.032873911429988766,-0.0568998194035039,-0.024842580773557388,0.21429081965305186,0.010072872758252025,0.8437557392444235,-0.0008097887609235,0,111.19000244140624
2018-08-16,-0.0008097887609235,-0.032237997644413784,-0.030318768005535596,-0.13041093464164172,0.006209515813599,0.3225557088800233,-0.03167327183979541,-0.0557699311684432,-0.02488484374941391,0.211795148589446,0.007020691179204189,0.17177843514990876,0.0092282050668656,1,111.0999984741211
2018-08-17,0.0092282050668656,-0.022573969685266287,-0.024577330199623396,1.4336574093005265,0.0064368272412919,0.38507453479181475,-0.020805609632564483,-0.0452747595862204,-0.024989062635943027,0.31072673067893775,0.006867067611896159,0.3202240843098123,0.0049818196508907,1,112.12999725341795
2018-08-20,0.0049818196508907,-0.002393058010993988,-0.014448311940343496,0.757401123986807,0.0065775181645723,0.1769877749359352,-0.014490955625886905,-0.0388174582036974,-0.024684200227974684,0.3579144280590532,0.005146811510290925,-0.16582543781840442,0.0029240568705197,1,112.69000244140624
2018-08-21,0.0029240568705197,-0.00044232874857828754,-0.013795743980411494,0.4404030676850414,0.0066395015954132,0.2734753860835155,-0.010298109292640507,-0.0343208570826025,-0.024272710818802556,0.38464817212288227,0.0058396394648570155,-0.20986818600628043,0.0022095550764809,1,113.0199966430664
2018-08-22,0.0022095550764809,0.01853384790383341,-0.014374925562854596,0.33988118273023055,0.0065009632446603,0.04496402448941339,-0.006625734639646463,-0.0306027536014602,-0.024136943947421274,0.4048644478766416,0.0037079383896230357,-0.031614764774434034,-0.0094913536867297,0,113.2699966430664
2018-08-23,-0.0094913536867297,0.00985228297802721,-0.022385714666386593,-1.4388988803247076,0.0065962617780256,0.06228278919583641,-0.014466805626498632,-0.0379503954253974,-0.023828309318213337,0.3516194433384636,0.007308375375468644,-0.13715665342095484,0.0173180393579959,1,112.1999969482422
2018-08-24,0.0173180393579959,0.01794211726915751,-0.0046318524161087955,2.211765015923328,0.0078299635057598,0.21643213531209993,0.003485337681596747,-0.0195943393443247,-0.022999515946335203,0.4851812220887009,0.010599150715289255,0.4018963871276924,0.0037595032326643,1,114.16000366210938
2018-08-27,0.0037595032326643,0.01671980085093111,0.014326742839937102,0.4764715972223605,0.0078902987178684,0.19958600196149567,0.00773452893850138,-0.014759296100601,-0.022321181217037744,0.5090734638990748,0.005759630454727518,-0.3371161056938293,-0.0079730220066272,0,114.58999633789062
2018-08-28,-0.0079730220066272,0.0058227219737842124,0.0053803932252059015,-0.9942444757221811,0.0080191765720759,0.20779797351292562,0.0007482811068718442,-0.0213330082762963,-0.022064778726120116,0.4603788415363116,0.011611538452504283,-0.07736277030092242,0.0045637840256254,1,113.68000030517578
2018-08-29,0.0045637840256254,0.008176950922928711,0.026710798826762097,0.5729663856982928,0.007965186334733,0.22523171335807368,0.005742045316533165,-0.0157378760920778,-0.02135728689939642,0.4903770451559113,0.0031523697020300464,-0.13551894568498302,-0.0049157188839212,0,114.1999969482422
2018-08-30,-0.0049157188839212,0.01275258572573721,0.022604868703764398,-0.6183323755950226,0.00794996199122,0.20522233027561732,0.0011981962031260129,-0.019445425089003,-0.02061891578552233,0.4606759735989892,0.006071827218516485,-0.1589476781096607,-0.0011445940280616,0,113.63999938964844
2018-08-31,-0.0011445940280616,-0.005710047660320286,0.0122320696088372,-0.14491260504853137,0.0078985125391837,0.0087547066309408,0.0006744269512265791,-0.0194604618458012,-0.02012131843757936,0.4538045993149486,0.005462030706716341,-0.2127244020817496,-0.0051227971490801,0,113.51000213623048
2018-09-04,-0.0051227971490801,-0.014592348042064687,0.0021274528088663985,-0.6486377890642958,0.0078977778283163,0.0009478868564205545,-0.0038239746268278222,-0.0232202460789069,-0.019470727018162437,0.42345615954434074,0.004073311637559375,0.02546500402127938,0.0034475118313478,1,112.93000030517578
2018-09-05,0.0034475118313478,-0.0031718142040896864,0.0026509077696944983,0.4350315551878006,0.0079247396889624,-0.011776381560464122,0.00017652318059380298,-0.0187317296159676,-0.018904915640723496,0.45008675642613805,0.002823858945340308,-0.3050665993426558,0.001939533536787,1,113.31999969482422
2018-09-06,0.001939533536787,-0.0057960646929280865,0.0023808862300005985,0.24525829335601126,0.0079081262054271,-0.007163690453427796,0.0027245195527716803,-0.0158517626272316,-0.018525808253186726,0.46509638493385475,0.008631348855305374,-0.25997186634114733,-0.0027340278330774,0,113.54000091552734
2018-09-07,-0.0027340278330774,-0.0036143736420842865,0.009138212083652899,-0.3451867071676379,0.0079204319758166,-0.0037144851052135497,0.0006539962638649803,-0.0176276652040587,-0.018269713143785782,0.44659895735287086,0.005563872072246045,-0.42316787072996287,-0.0007067924079827,0,113.2300033569336
2018-09-10,-0.0007067924079827,-0.0031765720220053866,-0.008886619682325701,-0.08923858343101022,0.0079202557997698,0.0027528297863976814,0.0006278956833536504,-0.0174573747419284,-0.01807392188774759,0.4417165014171148,0.003800267780618938,-0.6273653613059987,0.000618453825207,1,113.1500015258789
2018-09-11,0.000618453825207,0.0025646789522817135,-0.012027669089783002,0.08655077068853592,0.0071455611577693,-0.09524409104672948,0.0011318342943431531,-0.0159215115023176,-0.01703406605652591,0.4474090312243614,0.008390784025738054,-0.3626530095913888,0.0083557102600633,1,113.22000122070312
2018-09-12,0.0083557102600633,0.007472877380997213,0.004301063176907498,1.1323487522973572,0.0073790960983627,-0.06885318786681072,0.009041321738004846,-0.0070965299136121,-0.015993251518996887,0.5190786833208977,0.011649311135895584,0.06866844950097839,-0.0035975648169408,0,114.16999816894533
2018-09-13,-0.0035975648169408,0.0019357790272694136,-0.0038602856656587015,-0.5745335380153707,0.0062617142062202,-0.20819242845125807,0.004277203914910546,-0.0098199609195156,-0.01403712518761957,0.489567525857794,0.010548496182385571,0.011478946291596737,-0.006526220333751,0,113.76000213623048
2018-09-14,-0.006526220333751,-0.0018564134734041868,-0.005470787115488502,-1.006805417341068,0.0064821068911076,-0.18159679788938632,-0.003100452863886165,-0.0152273202742729,-0.012164583126980766,0.4408501371315669,0.00875949294969534,-0.016626756840312562,0.0052067714545763,1,113.0199966430664
2018-09-17,0.0052067714545763,0.004057150389154813,0.0008805783671493985,0.8307465280174595,0.0062675813608298,-0.2086642755891842,0.0014500426107993444,-0.0091799682969581,-0.010614619257536595,0.4848647923865243,0.004224942566326701,-0.10456016464288387,-0.001497451648772,0,113.61000061035156
2018-09-18,-0.001497451648772,0.0019412449151758131,0.0045059238674574975,-0.24155261076249906,0.0061992774329578,-0.13242958865205634,-0.0003788881180852133,-0.0096762348501087,-0.009300870721427712,0.47330411304169123,0.005553639538556151,-0.09765213954794993,0.0038711539862427,1,113.44000244140624
2018-09-19,0.0038711539862427,-0.002543311358644786,0.0049295660223523975,0.6220028629192668,0.0062236915889327,-0.15657805428043747,0.0031182057131231397,-0.0049577565392237,-0.008050858020870577,0.5061262352158225,0.004127162206170659,-0.18933730551399208,0.0034188014897897,1,113.87999725341795
2018-09-20,0.0034188014897897,0.004473054948085714,0.006408833975355098,0.5471626386366739,0.0062482363531035,-0.0021524222717336228,0.0061104177989954305,-0.0009617319427362,-0.0070291984026989995,0.5338548970864548,0.004463132503832348,-0.1433754820002755,-0.0068493312914386,0,114.2699966430664
2018-09-21,-0.0068493312914386,0.004149943990398113,0.0022935305169938976,-1.1317324458747222,0.0060520764571212,-0.06634115129701601,-0.0013243695189816467,-0.0069754241400768,-0.005658548630423033,0.4762614509948145,0.007842095395197469,0.3176431558319317,-0.0001762129291399,0,113.48999786376952
2018-09-24,-0.0001762129291399,-0.0012330403933180861,0.0028241099958366974,-0.03836933530727218,0.0045925457850322,-0.26725390216168377,-0.00119710697893153,-0.0064305608954992,-0.00523972642964432,0.47484711857560596,0.0046708272988030455,-0.10318081361374476,0.0015850681638403,1,113.47000122070312
2018-09-25,0.0015850681638403,0.001849479419294214,0.0037907243344699974,0.35095720622232035,0.0045164143540515,-0.27146116577385904,0.0008013588584601415,-0.0041743015830712,-0.004971676344651121,0.4895420271087085,0.0028156593975174962,-0.38396311323327104,-0.0052933380059352,0,113.6500015258789
2018-09-26,-0.0052933380059352,-0.007315012572883686,-0.009858323931528502,-1.2265644337350283,0.004315580869907,-0.30658825100183373,-0.004206003833329307,-0.0088705997378703,-0.004684298080223082,0.4448568947802207,0.008314858793779599,0.66364406482303,-0.0088849982361257,0,113.0500030517578
2018-09-27,-0.0088849982361257,-0.019618812298799086,-0.015145757350713402,-1.9475284721874326,0.0045621917024639,-0.26984328942712643,-0.012078975493533442,-0.0169034405678623,-0.004883452173455871,0.3822335316751622,0.005087011863452966,0.5092775566809016,0.0063164577082288,1,112.0500030517578
2018-09-28,0.0063164577082288,-0.006453023299131686,-0.0023030793087336016,1.3336063292048561,0.0047363735233582,-0.21739694517819141,-0.005433235037653599,-0.01014433219474,-0.004736833486754244,0.4422659317462493,0.008247608084045668,0.1758456163102049,-0.0016864375351173,0,112.76000213623048
2018-10-01,-0.0016864375351173,-0.007963247905109086,-0.009196288298427202,-0.35560315954031957,0.0047424706161141,0.032645255616291946,-0.006697321736098074,-0.0111195263036017,-0.004452021185760602,0.43021736502240704,0.004175190743335758,-0.23107996661678942,0.0114822232871181,1,112.56999969482422
2018-10-02,0.0114822232871181,0.0019339072181687143,0.003783386637462898,2.1680017050912106,0.005296224288087,0.17266129121566598,0.004357202131812109,0.0006749333526194,-0.003666293995181036,0.5254715434872851,0.006323010479814207,1.044765230623569,-0.0039597445009814,0,113.87000274658205
2018-10-03,-0.0039597445009814,0.0032675007231225137,-0.004047511849761202,-0.7426607429201232,0.0053318349444617,0.23548488724684713,0.00034395224921320456,-0.002820462816826,-0.0031633270325912566,0.49464494239576307,0.006965270043035669,0.2403482526969143,0.0005289130805077,1,113.41999816894533
2018-10-04,0.0005289130805077,0.012681412039755913,-0.006937400259043202,0.09951806057471871,0.0053147446549221,0.16495425916709494,0.0008996693846060335,-0.0017311937875715,-0.002628498392646117,0.4988666321446164,0.008195279147556793,0.20894070138733456,0.0028159089867124,1,113.4800033569336
2018-10-05,0.0028159089867124,0.009180863318239512,0.0027278400191077983,0.5302211170760684,0.005310820139041,0.12128406107538248,0.0034698401235966846,0.0014308933216313,-0.0020318964461495392,0.5218089144776149,0.0046572826457291425,0.4057954066869536,-0.0111338263688213,0,113.8000030517578
2018-10-08,-0.0111338263688213,-0.00026652551546448716,-0.008229773420573601,-1.8902878209863547,0.00589001645422,0.24197215565379282,-0.007373691744085184,-0.0090832489879609,-0.0017222566333945366,0.4369787976826221,0.006131107218753532,0.960916376588683,0.0005329800140063,1,112.54000091552734
2018-10-09,0.0005329800140063,-0.011215768788576287,-0.0092818615704076,0.09049866749769932,0.0058893686365034,0.11199381222403715,-0.006572870268946665,-0.0080221715122701,-0.0014588903402665832,0.44163363811563594,0.006216669251581582,0.30411972738131476,0.0024835810584159,1,112.5999984741211
2018-10-10,0.0024835810584159,-0.004772443229178987,-0.001504942506056501,0.4455312499660871,0.0055744261678725,0.045498637136692555,-0.0035354995529925204,-0.0050102311724487,-0.0014799640316284224,0.46390905116280257,0.0062898573861469315,0.5975198418695182,0.0253665448948765,1,112.87999725341795
2018-10-11,0.0253665448948765,0.020065188585189814,0.0327466006249457,3.176182254187998,0.0079864890817991,0.502704193775827,0.021154231774951317,0.0204369320007446,-0.0007024401915857181,0.6289957742514016,0.01684232681116082,2.4927899302637937,-0.004761667949175,0,115.77999877929688
2018-10-12,-0.004761667949175,0.012487611649302413,0.0216684749675419,-0.6020003408517898,0.0079097429453903,0.48936374012067363,0.015313879112361239,0.0154624109733309,0.0001462915695582545,0.5917757728367101,0.005467302222204395,0.6065173004827882,0.00666003094798,1,115.2300033569336
2018-10-15,0.00666003094798,0.030281468966103713,0.030014943450639202,0.8369752221564927,0.0079572617822786,0.35097445722371257,0.021023394983211215,0.0220534452473423,0.0010088410012858429,0.6252128134291557,0.005517236117658944,0.40658389332775213,-0.0017255996137758,0,116.0
2018-10-16,-0.0017255996137758,0.028022889338321613,0.0168071205497453,-0.21674970233216231,0.0079612548262298,0.3518010703022503,0.01820550043188134,0.0200270853505419,0.0017890150052106701,0.6112092615805926,0.006908423154408128,0.10206832920762032,-8.637796161603928e-05,0,115.8000030517578
2018-10-17,-8.637796161603928e-05,0.025452930318289674,0.020680487089110657,-0.010884249496205122,0.0079360512312912,0.4236534833001513,0.017263344075704096,0.0197234062829838,0.0024183140202647113,0.6104728327958944,0.005613623980822746,-0.1948615638698875,0.0011220686856061,1,115.79000091552734
2018-10-18,0.0011220686856061,0.001208454109019275,0.02127364269420906,0.1417965740500962,0.0079132284621325,-0.009173069532337763,0.01766782095019638,0.0206866745277388,0.002966442993867835,0.6169329693589887,0.006728833859664278,-0.11221717187199542,0.0007761304849288,1,115.91999816894533
2018-10-19,0.0007761304849288,0.006746252543123075,0.01923386419242546,0.10065758040115055,0.0077106014453724,-0.02517673474255666,0.017332635279328178,0.021250765150778,0.0038513753865510036,0.6216119741594562,0.002413574468932932,-0.17196369655294996,-0.0025893597255195,0,116.01000213623048
2018-10-22,-0.0025893597255195,-0.002503138130376425,0.02777833083572726,-0.33409499643450064,0.0077503696647763,-0.02600041611840187,0.013706174360452936,0.0184269078697179,0.004656905155227431,0.5955017580579569,0.0030247902246164715,-0.4247336330330437,0.0058595627338759,1,115.70999908447266
2018-10-23,0.0058595627338759,0.005082024217275274,0.03310491355559686,0.7486756768018893,0.0078265701897865,-0.01691751355572202,0.018441130837517708,0.0237938095037155,0.0052557565716107035,0.6331188023200227,0.007904443455364,0.33375607472023994,0.0023171370069294,1,116.38999938964844
2018-10-24,0.0023171370069294,0.007485539185820713,0.032938469504110356,0.3017770043864,0.007678308728794,-0.03247742422338984,0.019193999595191625,0.0255211418065255,0.006207986128104137,0.647150298929861,0.005228875288898074,-0.102231708991941,-0.0022312043105311,0,116.66000366210938
2018-10-25,-0.0022312043105311,0.0041322661896835144,0.005340720298702757,-0.3040616919402277,0.007337998734052,-0.07269216740464035,0.014993836969013024,0.0222991305845922,0.007197377313535647,0.6224624822388168,0.004639183062272564,-0.13228941938578398,0.0031736109331066,1,116.4000015258789
2018-10-26,0.0031736109331066,0.006529746637861314,0.013275999180984358,0.4364214120696366,0.0072718955700556,-0.05689645333440152,0.01644306818130865,0.0245282840859254,0.007954420820718955,0.6433153463004234,0.010190994909794837,0.5646947904835973,-0.0039471399789322,0,116.7699966430664
2018-10-29,-0.0039471399789322,0.005171966384448614,0.002668828254072158,-0.5373710865087172,0.0073452779243793,-0.05226740890025561,0.010793592850832916,0.0197443175566203,0.008855145866667913,0.5990167257215837,0.006018438589374708,-0.15194198729636776,-0.0043944278678482,0,116.30999755859376
2018-10-30,-0.0043944278678482,-0.005082024217275486,-2.419939248987646e-16,-0.6208564774471057,0.0070780092138486,-0.09564355238451139,0.005518216309314635,0.0147195926187508,0.009150879775414955,0.553509090958167,0.003454244519321145,-0.2852389132880463,-0.0056289519746666,0,115.8000030517578
2018-10-31,-0.0056289519746666,-0.013028113198871486,-0.005542574013050802,-0.7875862570486828,0.007147092682597,-0.06918399154815391,-0.0008763400637943826,0.008647310948722,0.009532004289763751,0.5012422178401225,0.004428957881701245,0.10164266834031355,0.0127708676355029,1,115.1500015258789
2018-11-01,0.0127708676355029,0.0019739587471625138,0.006106224936845998,1.672857932394599,0.0076341615077989,0.040360156015366355,0.010584116078386243,0.0210102157211797,0.01031690432979726,0.5950140648816258,0.00763096467982087,0.27583817662966337,0.0001715043948444,1,116.62999725341795
2018-11-02,0.0001715043948444,-0.0010281477910996858,0.005501598846761597,0.022475631862713286,0.0076306817931523,0.0493387480114702,0.009510963212989106,0.0203903211282549,0.01077685960005792,0.5961193715534678,0.0050578993533426,-0.18161406296442906,-0.0024032178261357,0,116.6500015258789
2018-11-05,-0.0024032178261357,0.0005157743616968141,0.005687740746145397,-0.33761265645189253,0.0071182693545677,-0.03090537514695657,0.005421538672067234,0.0175476233746846,0.012060697166517143,0.572564260980241,0.003780998553122886,-0.39840773832290444,-0.0028398265791741,0,116.37000274658205
2018-11-06,-0.0028398265791741,0.002070375650370914,-0.003011648566904602,-0.39517039399962106,0.0071863343567606,0.015304464806298101,0.0010826987807277635,0.0144048321370407,0.013307725098574474,0.5452198563833466,0.006808005078373347,-0.30115373839209036,-8.61993040877103e-05,0,116.04000091552734
2018-11-07,-8.61993040877103e-05,0.0076131283209498034,-0.005414984877921712,-0.011987305497347635,0.0071908823969476,0.00612692689115768,-0.0003618592258335641,0.0139008166234558,0.014267838798391441,0.5443712612750092,0.0038782810736569624,-0.1848408627645629,-0.0021569397313122,0,116.02999877929688
2018-11-08,-0.0021569397313122,-0.007314679045865295,-0.005340720298702813,-0.4813352570005816,0.0044811588179787,-0.41301231138470906,-0.0025156947668379197,0.0114369629440679,0.013987846864061071,0.5224819509162786,0.005614108937053606,-0.18182947675987848,-0.0112916635360454,0,115.77999877929688
2018-11-09,-0.0112916635360454,-0.018777846976755094,-0.01980599476785481,-2.2367034869561326,0.0050483506651174,-0.3384142070178132,-0.013396853003723884,-6.635826455848762e-05,0.01351150640432297,0.4264543758246015,0.005328446824461219,0.5067090115547488,-0.0071885964826786,0,114.4800033569336
2018-11-12,-0.0071885964826786,-0.023563225633297994,-0.023047451271601214,-1.4408796846860883,0.0049890331296084,-0.29912273881473694,-0.019475031907724944,-0.007254717152127,0.012463032715397393,0.3791218155832863,0.004135150497622309,-0.18324311930852433,0.0003518058272163,1,113.66000366210938
2018-11-13,0.0003518058272163,-0.020371593226907594,-0.018301217576536712,0.07042923010194589,0.0049951678686117,-0.30490739497634745,-0.018240720356345247,-0.0070389636080626,0.011409881200560967,0.3827203648549986,0.004485507035348598,0.015179712109472332,0.0082334042797928,1,113.6999969482422
2018-11-14,0.0082334042797928,-0.012051989643027084,-0.004438861322077313,1.5252702053652738,0.0053979971881907,-0.2493275664636022,-0.009632421170470086,0.0009394623396651,0.010674706781728105,0.4616931625749543,0.013956720888342763,0.46637605857431397,0.0011333182475063,1,114.63999938964844
2018-11-15,0.0011333182475063,-0.008761731664208584,-0.01607641071007391,0.20994468024229804,0.0053981755870086,0.20463831037426505,-0.00801662597705715,0.0018593033601258,0.009955740787400025,0.4717582642016407,0.0037466264507530628,-0.06799808800810814,0.0073788789662288,1,114.7699966430664
2018-11-16,0.0073788789662288,0.009908810838065616,-0.008869036138689513,1.300234975128663,0.0056750349801186,0.12413644704425986,-0.0005013702924263594,0.0088582880286553,0.0093643533296488,0.5332160280430659,0.004410953941540064,-0.10812931241106116,0.0004323180677422,1,115.62000274658205
2018-11-19,0.0004323180677422,0.017529725388486413,-0.006033500244811613,0.07655244931193159,0.0056473446849573,0.13195173057521314,-5.188668925818914e-05,0.0088508660572369,0.008903214704829798,0.5366308185808729,0.004754866698968636,-0.13023121969320983,0.0,0,115.66999816894533
2018-11-20,0.0,0.017177919561270114,-0.0031936736656375123,0.0,0.0054758019776603,0.09621981116366007,0.0002594086502756012,0.0084198998786855,0.008158374875394836,0.5366308185808729,0.005014214669676298,-0.054755853678860045,0.001641277459165,1,115.66999816894533
2018-11-21,0.001641277459165,0.010585792740642315,-0.001466196902384802,0.30055628848811844,0.0054607989319441,0.01163426759294972,0.002249140227954742,0.0097788027626028,0.007512765272051469,0.5511049094971708,0.004229223728536319,-0.08114385327341589,-0.0007771357154266,0,115.86000061035156
2018-11-23,-0.0007771357154266,0.008675338777709415,-8.639288649920187e-05,-0.14275072508949313,0.0054440053802837,0.0084898670923923,0.0017435277574139524,0.0086409824799912,0.006885449749816308,0.5424608116313705,0.0025049747251996487,-0.6029407064088221,-0.0011235233509469,0,115.7699966430664
2018-11-26,-0.0011235233509469,0.0001729364605337156,0.010081747298599298,-0.2086251308757229,0.0053853691845791,-0.05104211631369471,0.0011081056217390594,0.0070486360509109,0.005933954980299028,0.5295414062233857,0.0029401934372165523,-0.5433292328497035,-0.0059846872094907,0,115.63999938964844
2018-11-27,-0.0059846872094907,-0.006244068816699184,0.011285656571787197,-1.0935231719522194,0.0054728490104206,-0.03089871156642876,-0.004279156257720883,0.0008061887223232,0.005107199484678526,0.46608950812431643,0.008960407191316688,0.09318667232602418,0.0037337803634568,1,114.9499969482422
2018-11-28,0.0037337803634568,-0.002510288453242384,0.014667631108027698,0.6817060152820831,0.0054771122445088,0.00023928309567167183,-0.0003725628297232334,0.0042107323760166,0.004585003407583832,0.5058292082911094,0.012827209153792478,0.5029516659254802,0.0031152726644632,1,115.37999725341795
2018-11-29,0.0031152726644632,-0.0010362932479441845,0.009549499492698099,0.5804170001326298,0.0053673008608489,-0.017121683522948183,0.002490188394716181,0.0070179577650089,0.004516522378680721,0.5369065542077364,0.005875240346696219,-0.2742703276665046,-0.0017294794115241,0,115.73999786376952
2018-11-30,-0.0017294794115241,-0.0019886369440416845,0.006686701833667699,-0.38463173910656334,0.0044964552731436,-0.17405385207218915,0.0012305355664671992,0.0050557305146976,0.0038204936948575963,0.517438160571149,0.0053661307051167725,-0.05589938653568027,0.0075016754418484,1,115.54000091552734
2018-12-03,0.0075016754418484,0.006636561848753615,0.006809498309287299,1.5508048530812613,0.0048372788019998,-0.10177396642531888,0.008874594711556497,0.0121095222356587,0.0032064713900612496,0.5875076909748194,0.0040373986472228545,-0.019387063365576607,0.0060805999451419,1,116.41000366210938
2018-12-04,0.0060805999451419,0.018701849003386214,0.012457780186686999,1.217488428327062,0.0049943800726691,-0.08742593425114942,0.01469807337090274,0.0176366223409627,0.002895983590761819,0.6341901262341285,0.003927587719306816,-0.1722680243155843,0.0001707217871818,1,117.12000274658205
2018-12-06,0.0001707217871818,0.015138790427111215,0.012628501973868798,0.03456496657965516,0.0049391567264609,-0.09821882299148399,0.014387957863022795,0.017193461959236,0.0027657111605734475,0.6354415052262109,0.006573367564222078,0.055353204999365246,0.0080772191508263,1,117.13999938964844
2018-12-07,0.0080772191508263,0.020100736913474315,0.019064443665530097,1.5473742803822947,0.0052199517939711,-0.027453103654505262,0.021703273170438867,0.0245460396144856,0.00278237969741002,0.6897422593127476,0.005843021956169324,0.17122670373016158,-0.003477935715567,0,118.08999633789062
2018-12-10,-0.003477935715567,0.018352280609431417,0.016363643665389695,-0.6601337389308771,0.0052685319814129,0.17170785905082941,0.017319859741129647,0.0199924782219343,0.0026271171797283,0.6450844572970683,0.004418799040723986,-0.08849192848424825,-0.0011903699128753,0,117.68000030517578
2018-12-11,-0.0011903699128753,0.009660235254707716,0.016296797103461297,-0.26625801069906807,0.0044707384005084,-0.07577409045347294,0.014767408030250177,0.0179355569229192,0.0031220443892840954,0.6300827978273721,0.004594188457727059,-0.24917408444883782,0.002124676769657,1,117.54000091552734
2018-12-12,0.002124676769657,0.0057043120792228145,0.024406161082608995,0.5314341408644427,0.003998005785253,-0.19949909156265255,0.015116012513716732,0.0191791605796524,0.004002644048411774,0.6459180527621996,0.0028864617985228332,-0.5045588300460015,-0.0022097759847801,0,117.79000091552734
2018-12-13,-0.0022097759847801,0.003323814307260914,0.0184626047343721,-0.5407666327269616,0.0040863763609761,-0.17265707745537584,0.011206464876972447,0.0162858116198779,0.005023056041798091,0.6163664452110675,0.003063052957463123,-0.48932562258446866,-0.0040070067514017,0,117.52999877929688
2018-12-14,-0.0040070067514017,-0.008760411594967085,0.011340325318507198,-1.0107699706637832,0.0039643112356912,-0.2405463896678376,0.006115233671172124,0.0115848987628424,0.005436420112348683,0.5659589227664498,0.006150702509136242,-0.034336987646819916,0.0068957425332182,1,117.05999755859376
2018-12-17,0.0068957425332182,0.0016132666538181146,0.0199655472632495,1.65170825448762,0.0041749155848091,-0.20757516523806252,0.011729288373000527,0.017812387607658,0.0060125759969249515,0.6231580159813012,0.005769070071524196,0.0915661157344887,0.0023726710074084,1,117.87000274658205
2018-12-18,0.0023726710074084,0.005176307574101815,0.014836542828809498,0.6027206851563383,0.0039366012579989,-0.1194740319515809,0.013032684468905369,0.0194643178394247,0.006348890286685505,0.6407806590025266,0.003300883492269903,-0.01963294560469875,-0.0061126025718981,0,118.1500015258789
2018-12-19,-0.0061126025718981,-0.003060971767453285,0.0026433403117694975,-1.437307714806701,0.0042528141391909,0.0637338632369624,0.006100178706530004,0.0123974096150743,0.006259049587527432,0.567312988857072,0.01328448909596905,0.7371416654574829,0.0152958369187071,1,117.43000030517578
2018-12-20,0.0152958369187071,0.014444641136033914,0.0177684554432948,2.8617180605738457,0.0053449838855334,0.30800088229187517,0.020047633909673235,0.0268262929851356,0.00664543385045735,0.6698044218769291,0.008889614035424357,1.206387050242891,-0.0043704611932126,0,119.23999786376952
2018-12-21,-0.0043704611932126,0.014081186694223011,0.005320775099255898,-0.7939857131918043,0.0055044582296619,0.388503046911292,0.014358413708333535,0.0213211206943231,0.006864148699210704,0.624068915432985,0.005727765314891175,0.5708515742457236,0.0108905778903081,1,118.72000122070312
2018-12-24,0.0108905778903081,0.018076022051312913,0.019689288705130998,1.8500133080998653,0.0058867565128457,0.4100300696534622,0.023607247524004407,0.0317520068476607,0.007956918381886835,0.6824467532986245,0.004749206055382337,0.08457161125675805,-0.0030039490254058,0,120.0199966430664
2018-12-26,-0.0030039490254058,0.012699402018498713,0.017875709592600496,-0.5048125758999891,0.0059506224068414,0.5116142115613436,0.01879052715957409,0.027874446266455,0.008916375706993662,0.6522413266504674,0.011950528676346633,0.5060167970894316,0.0075760760319352,1,119.66000366210938
2018-12-27,0.0075760760319352,0.026388080622332014,0.023327108854878698,1.3065538224655144,0.005798518133481,0.36345439600710394,0.02408819609626668,0.0348787680431343,0.010536760396224087,0.6896366107920809,0.006303409954002794,0.2367755969501395,0.0040557756985194,1,120.56999969482422
2018-12-28,0.0040557756985194,0.015148019402144313,0.029592660538178196,0.6989221312025855,0.0058029006629693,0.08567224658530503,0.025775708174088304,0.0381471284073314,0.012060550990493413,0.70785368592363,0.00297373713540103,-0.25826238885605335,0.0015682595209626,1,121.05999755859376
2018-12-31,0.0015682595209626,0.021086740116319513,0.0351679268105425,0.27023982909920036,0.005803213857077,0.054275210193292844,0.02499291896206153,0.0388037105596243,0.013474036105096454,0.7148431150216041,0.0035463942694912137,-0.09664886386173144,0.0006595913377135,1,121.25
2019-01-02,0.0006595913377135,0.010855753563724915,0.0289317756150378,0.11491950102950366,0.0057395945144607,-0.02499882542515086,0.02316522303962213,0.0385264094911477,0.015013397744198631,0.7179034188405521,0.0071705491918930015,0.3331142118539503,0.0090253194231732,1,121.33000183105467
2019-01-03,0.0090253194231732,0.022885022012303913,0.0355844240308026,1.5507959905566768,0.0058197980122024,-0.021984993450196444,0.029827397206199695,0.0467913993248952,0.016472665385206087,0.7565850492295061,0.0059625559562152645,0.5546062388432074,-0.0081191068273533,0,122.43000030517578
2019-01-04,-0.0081191068273533,0.0071898391530154145,0.0335779197753474,-1.3062895129221985,0.0062153961637422,0.0718938909329474,0.01964737566252092,0.0373103942280172,0.017322673491921403,0.6678287983475453,0.007493379565385988,0.30218849505624434,0.0034525160778516,1,121.44000244140624
2019-01-07,0.0034525160778516,0.006586579532347614,0.021734598934491898,0.555680538920631,0.0062131311716582,0.07069404294765036,0.021150369947253816,0.0399261368843413,0.018386877672146973,0.6847264574278208,0.0053340023192457705,-0.26368364091178464,-0.0027117139907279,0,121.86000061035156
2019-01-08,-0.0027117139907279,0.0023066060206571146,0.0233933461369766,-0.4428619312976664,0.0061231589330383,0.055132394538782714,0.016919357642110718,0.0362486560812167,0.019007700358781632,0.6564690410054967,0.005348486237207323,-0.23660569147307808,0.0063976497002154,1,121.52999877929688
2019-01-09,0.0063976497002154,0.008044664383159015,0.018900417946883897,1.0480695700645837,0.0061042223559846,0.06352850198829074,0.02146741477820361,0.0418494318369471,0.019953663488295525,0.6891250650300268,0.007358301974074021,0.041642922094614176,-0.0059040863486465,0,122.30999755859376
2019-01-10,-0.0059040863486465,-0.006884741388660685,0.016000280623643198,-0.9344471033290954,0.0063182670561152,0.08565057461919778,0.013739945336178712,0.0348666098155018,0.020840319626861614,0.6296267597227564,0.005016865109991539,-0.3425127306859419,0.0017256811414605,1,121.58999633789062
2019-01-11,0.0017256811414605,0.002960046580153115,0.010149885733168496,0.2731603877707706,0.0063174648254953,0.016421907640983946,0.013796143155871738,0.0356861304278714,0.021592099575224122,0.6394060999360593,0.0032019653520262772,-0.16868532169045425,0.0023780673543221,1,121.8000030517578
2019-01-14,0.0023780673543221,0.0018855978566236146,0.008472177388971196,0.3803702731939778,0.006251980036067,0.006252703079248079,0.01428503278700766,0.0370426705351003,0.022437122714470403,0.6530299963250472,0.003030511330047797,-0.38250230950294917,-0.0017215161032264,0,122.08999633789062
2019-01-15,-0.0017215161032264,0.0028757957441251153,0.0051824017647821964,-0.2795370693275576,0.0061584537155219,0.005764146067344766,0.010517218252718204,0.0340766577864718,0.023314238598022285,0.6343395828106547,0.006235596684956408,-0.2838287824088329,0.0031947551186356,1,121.87999725341795
2019-01-16,0.0031947551186356,-0.0003270988374546842,0.007717565545704297,0.5272779931865913,0.0060589578171624,-0.007415283418996443,0.011904984776664488,0.0363936937020819,0.024200601137291944,0.6541375414680344,0.0034350683722182544,-0.33934109886014463,-0.0013094038577051,0,122.2699966430664
2019-01-17,-0.0013094038577051,0.004267583653486715,-0.0026171577351740034,-0.21474446267193772,0.006097497655646,-0.03494144810728228,0.008927585257867495,0.0340803700974034,0.024930218191137277,0.6388557166148997,0.0036852393365607006,-0.18192463020049232,-0.0089664893877983,0,122.11000061035156
2019-01-18,-0.0089664893877983,-0.0064245868757720846,-0.0034645402956190036,-1.419178728972732,0.0063180832722096,9.789476180444012e-05,-0.0015593116882308823,0.0240432456094922,0.025642542013200265,0.5453781449350972,0.004131548618983096,0.056307818335607385,0.0035468368649853,1,121.0199966430664
2019-01-22,0.0035468368649853,-0.0052558173651088835,-0.003370219508485303,0.650108664047378,0.0054557600307982,-0.1273548540903029,0.0010756534815320633,0.0267417623390613,0.025638530682738914,0.5719847375977395,0.004940292212413907,-0.19252457628375197,-0.0014007184915952,0,121.4499969482422
2019-01-23,-0.0014007184915952,-0.0049350197534776844,-0.0020592240093526035,-0.26213489073938234,0.0053435026815557,-0.13233046339411136,-0.0013791992954853651,0.0243952649022716,0.02581006141627884,0.558078976102182,0.005606862731036413,-0.44172454322042953,-0.0015678713054947,0,121.27999877929688
2019-01-24,-0.0015678713054947,-0.009697646177607985,-0.010024745015062703,-0.3239065540489872,0.0048405050342315,-0.20109940021030537,-0.0033827107140831495,0.0218737609951878,0.025342197030685076,0.542212535480233,0.0036336811851777496,-0.3815061322369927,0.0145114601802412,1,121.08999633789062
2019-01-25,0.0145114601802412,0.006123217860338315,0.010390801513824998,2.548881054723453,0.005693266915437,-0.06629452982810091,0.009855267541796853,0.0353463958177759,0.025242358083678695,0.6438068179918917,0.007244074675415403,0.23427668149396474,0.0034938106026215,1,122.86000061035156
2019-01-28,0.0034938106026215,0.018583517850758114,0.012158930974985998,0.6320285365547451,0.0055279317317959,-0.12506190665280092,0.012258117608793117,0.0372864609336249,0.024725258201885314,0.6633528857422856,0.0046232434957540185,-0.03466001222221782,0.0055809780439202,1,123.29000091552734
2019-01-29,0.0055809780439202,0.020617659029693015,0.015361841664584099,1.0000146217271104,0.0055808964415754,0.022936567970510913,0.01670455952035194,0.0412905009049149,0.02418199186218062,0.6925116436096677,0.0043555484828686625,0.2807072117686251,0.0057103872381171,1,123.9800033569336
2019-01-30,0.0057103872381171,0.027728764759405316,0.0227937450059276,1.006816877180644,0.0056717237936135,0.06142433748386211,0.0210867056842167,0.0454887189234466,0.023898081429704288,0.7194401060562459,0.010987270188127573,0.30879664020743514,0.0004810580433256,1,124.69000244140624
2019-01-31,0.0004810580433256,0.029777694108225616,0.020080047930617597,0.08479649447054798,0.0056730888031307,0.1720034919933484,0.020149491487556313,0.0442441468129651,0.02361874953275178,0.7216584120650176,0.004889784451715818,0.11948051805648219,-0.0020060187268657,0,124.75
2019-02-01,-0.0020060187268657,0.013260215201118714,0.019383433061456998,-0.3699515100538515,0.0054223828592393,-0.04757972184005843,0.01724413229509012,0.0406044742490735,0.02296434180581408,0.6969311046400317,0.005461849840769099,0.3915932631081498,-0.0043467903708823,0,124.5
2019-02-04,-0.0043467903708823,0.0054196142276149144,0.024003132078373,-0.8434903144288179,0.0051533376216961,-0.06776388137089073,0.011790344731213537,0.034657172327104,0.022600361542257197,0.6454830274672909,0.0037915555354501272,-0.20469030278050282,0.0025781491687657,1,123.95999908447266
2019-02-05,0.0025781491687657,0.002416785352460413,0.023034444382153397,0.5020391713898019,0.005135354601173,-0.07983338251598693,0.013401391665178616,0.0358393003289421,0.022141185958798326,0.6614331310828375,0.0029771091150763984,-0.26764304947143314,-0.0067818468696602,0,124.27999877929688
2019-02-06,-0.0067818468696602,-0.010075448755316886,0.0176533160040884,-1.2640912674091744,0.0053649978007996,-0.05407985366975743,0.005768693082818499,0.0275398219464904,0.021646258243473993,0.5868003915271973,0.006399877672574759,-0.22754195748089967,0.0024273450059934,1,123.44000244140624
2019-02-07,0.0024273450059934,-0.008129161792649086,0.021648532315576497,0.4652214257993837,0.0052176122409292,-0.08028722588480275,0.007625993134579174,0.0286721223688644,0.02088684628789106,0.6039864165578306,0.004121500853729123,-0.2854640601243079,0.0037911013463212,1,123.73999786376952
2019-02-08,0.0037911013463212,-0.0023320417194621873,0.010928173481656497,0.7536401760705514,0.0050303864718145,-0.07229227400585891,0.010375441653816604,0.0311101181765997,0.020521754258836733,0.629954489347741,0.002817796286135167,-0.48256250801776435,-0.0049231415070083,0,124.20999908447266
2019-02-11,-0.0049231415070083,-0.0029083928555881868,0.002511221372026697,-0.9465234932708694,0.0052012882321553,0.009304767895921051,0.004677924705572327,0.0245748665448543,0.0198042988205529,0.5770648923818875,0.005097065220028214,-0.39689202643678734,0.0021013677593768,1,123.5999984741211
2019-02-12,0.0021013677593768,-0.0033851742649770866,-0.0009683889125167043,0.40433857779352617,0.0051970498853806,0.012013831370769834,0.006067606755262342,0.0252886960245423,0.019105166631168347,0.5927592533602749,0.0033909104382017197,-0.4582011145693029,-0.00396390809133,0,123.86000061035156
2019-02-13,-0.00396390809133,-0.000567235486646887,-0.010642684241963804,-0.7512986967802517,0.0052760747600357,-0.016574664904922654,0.0014815068786761117,0.0199442032434538,0.018435384216250128,0.5512432855512153,0.010051110201490113,-0.03175238814557235,0.0055773075193951,1,123.37000274658205
2019-02-14,0.0055773075193951,0.002582727026754813,-0.005546434765894304,1.039817930188737,0.0053637347053467,0.02800561974905924,0.006351532698064425,0.0242057809911852,0.017741562180814574,0.5943302385492888,0.0054005979536545234,-0.20156265503792148,0.0059471805227809,1,124.05999755859376
2019-02-15,0.0059471805227809,0.004738806203214513,0.0024067644837522956,1.0885758626432425,0.0054632669406615,0.08605312360639683,0.011251003899833543,0.0288897335844315,0.017442484226542376,0.6348259080055345,0.006570510214524142,0.5156989814188517,0.0151095828520925,1,124.8000030517578
2019-02-19,0.0151095828520925,0.024771530562315312,0.021863137706727098,2.616598880733628,0.0057745124647673,0.11020812672295777,0.0242894620372172,0.0429064855150274,0.01817554916632913,0.7138175140290878,0.006787692431459793,0.8860995885708212,-0.0017378437981699,0,126.6999969482422
2019-02-20,-0.0017378437981699,0.020932319004768614,0.017547144739791496,-0.2978447679769566,0.0058347299835878,0.12270039970195512,0.020436180241301817,0.0394973107955241,0.01867939506977767,0.6950696490233007,0.007115761400946818,0.06743178532489935,-0.0113705377145085,0,126.4800033569336
2019-02-21,-0.0113705377145085,0.013525689381590114,0.0129584538949432,-1.7418394925054685,0.0065278906371293,0.23726272542148918,0.007366971684903913,0.0265701741023081,0.01906276754863767,0.5871239802808257,0.009356242626088288,0.01600203798152755,0.0035920768439101,1,125.0500030517578
2019-02-22,0.0035920768439101,0.011540458706105114,0.014123185732859898,0.552550878760281,0.0065008978937277,0.21200958862626984,0.009199391074242854,0.0289432318571111,0.019563865136553504,0.6077672673327817,0.004462131940986169,-0.3591243541935446,-0.0010363715360958,0,125.5
2019-02-25,-0.0010363715360958,0.004556906647228414,0.009295712850442898,-0.1789882993618944,0.0057901636017021,0.05983538139196587,0.007137623795554426,0.0265593918226378,0.019284125196206592,0.5984582815933569,0.005344166501293138,-0.4028434222088776,0.0016736332310031,1,125.37000274658205
2019-02-26,0.0016736332310031,-0.008879042973860985,0.0158924875884543,0.2903933940757639,0.0057633309336453,-0.0019363593360000042,0.007897534065023396,0.0269687818441394,0.018921812123300352,0.6088800854669318,0.004538936825236548,-0.35649069395283317,-0.0071123436784434,0,125.58000183105467
2019-02-27,-0.0071123436784434,-0.014253542854134486,0.006678776150634097,-1.2014413402768056,0.0059198426423422,0.014587248937621533,0.00046939831023632144,0.0184978158926728,0.01801995904411058,0.5443918055893813,0.006656522694710173,0.014233340384075976,-0.0056297766256065,0,124.69000244140624
2019-02-28,-0.0056297766256065,-0.008512781765232486,0.005012907616357597,-0.9516218390330611,0.0059159809019588,-0.09373774304521632,-0.004867733291286914,0.0116347208439248,0.016583176616101314,0.4995745571195306,0.005887537221680773,0.02655585955671902,-0.0171639683803211,0,123.98999786376952
2019-03-01,-0.0171639683803211,-0.029268826989463682,-0.017728368283358602,-2.4482548762932246,0.0070106950655024,0.07841950144557286,-0.020674495597683546,-0.0062310535414515,0.014748356895950332,0.3942228096901102,0.017147984780020987,1.0722549884907693,-0.0026289836177431,0,121.87999725341795
2019-03-04,-0.0026289836177431,-0.030861439071110986,-0.0263045324238826,-0.3747117413702188,0.0070160161198302,0.2117129329070675,-0.022090667994317775,-0.0093910818589821,0.012986465840640893,0.3810969262305149,0.00551166652189478,0.3154678172922949,0.0013153870929188,1,121.55999755859376
2019-03-05,0.0013153870929188,-0.031219685209195287,-0.040098728183056306,0.18801049681724724,0.0069963492208491,0.21394195499093405,-0.0199204391401687,-0.0087802471811453,0.011366620021388885,0.391997693408053,0.005750941263691478,-0.08963457396583241,-0.0009041270457165,0,121.72000122070312
2019-03-06,-0.0009041270457165,-0.025011468576468385,-0.0392650114306029,-0.13012597289567296,0.0069480905740576,0.17369514594201618,-0.019752457218139785,-0.0100581479062074,0.009889654285101024,0.38695176468635234,0.003124720430151933,-0.3778210312599628,-0.0008226265106167,0,121.61000061035156
2019-03-07,-0.0008226265106167,-0.020204318461478587,-0.028717100226711104,-0.12066359399634793,0.0068175203752144,0.15239053137529535,-0.01979605512778501,-0.0113212518887066,0.00864595912249988,0.38213607383943143,0.004361770800585361,-0.2115297330651057,0.0108860842593772,1,121.51000213623048
2019-03-08,0.0108860842593772,0.007845734178219713,-0.021423092811244004,1.4964632003022929,0.0072745419046577,0.037634904483809795,-0.0087073322422242,-0.000958080719339,0.007817319521199906,0.47561123148203,0.004233121609968629,0.3121712163414563,-0.0048963578180916,0,122.83999633789062
2019-03-11,-0.0048963578180916,0.005578359977871213,-0.025283079093239805,-0.6732531963042954,0.0072726841030526,0.036583151868329944,-0.012764464018468022,-0.0062548216414751,0.006593808812322521,0.44304718055061476,0.0050720120861993115,-0.16874623632997876,0.006035459879402,1,122.23999786376952
2019-03-12,0.006035459879402,0.010298432764354413,-0.020921252444840905,0.8202628089874238,0.0073579587094196,0.0516854543928289,-0.006539303151871613,-0.0006305700393777,0.0059476264448508065,0.4894744641428752,0.005122761719151064,-0.22766311578422604,0.0069686124482152,1,122.9800033569336
2019-03-13,0.0069686124482152,0.018171172258286114,-0.0068402963181823035,0.9268484748096063,0.0075186102557343,0.08211172200415406,0.00041600087389958906,0.0059034820896007,0.005485199367970761,0.5377046604174578,0.0036336963949383633,-0.1110888868940646,-0.0116142842659491,0,123.83999633789062
2019-03-14,-0.0116142842659491,0.007379514502953712,-0.012824803958524904,-1.4674428107728632,0.0079146418386364,0.1609267597366728,-0.010752313062424012,-0.0058991182147224,0.004905945105341036,0.45990261293519596,0.003512787291165277,-0.1790110148325973,0.0045643371070219,1,122.41000366210938
2019-03-15,0.0045643371070219,0.0010577673505984143,0.008903501528818095,0.5794073892458803,0.0078775956118933,0.08289920040868548,-0.005788846104168293,-0.0016172761426949,0.004195859144334735,0.49096480092908296,0.003984694306785415,0.11875610296787742,0.0005690800870331,1,122.97000122070312
2019-03-18,0.0005690800870331,0.006523205255723114,0.012101565233594295,0.07353774199059938,0.0077386124679467,0.06406553045505348,-0.00451463145560997,-0.0011478918567527,0.003382008119094726,0.49487548837790557,0.00414501082928802,-0.04996844701967762,0.0027594883221055,1,123.04000091552734
2019-03-19,0.0027594883221055,0.0032472336984266143,0.013545666462780995,0.40274178296559693,0.006851755737351,-0.0687966584292683,-0.0004213096878147596,0.0012968451293658,0.0017188789975544072,0.5143899137687571,0.0036473057841979522,-0.15260138982829674,0.0064631268739431,1,123.37999725341795
2019-03-20,0.0064631268739431,0.002741748124154514,0.020912920382440595,0.914433455634736,0.0070679029010994,-0.05994556697378406,0.006998224944033207,0.0074099600031188,0.0004088736691749695,0.5576897647162078,0.01425347591171368,0.43817906219209424,-0.0040345410876999,0,124.18000030517578
2019-03-21,-0.0040345410876999,0.010321491302403714,0.017701005805357398,-0.604299459720139,0.0066763936700661,-0.15645030992124287,0.003501058787140894,0.0030038256869531,-0.0004954983314006123,0.5261148417078076,0.010187598100917487,-0.009727060163194579,0.0023420233902432,1,123.68000030517578
2019-03-22,0.0023420233902432,0.008099177585625013,0.009156944936223394,0.3526438883627481,0.0066413270370762,-0.15693475975723192,0.00647875408243713,0.0050850263358382,-0.0013847562513821243,0.54230099476631,0.003952551899206572,-0.25053157521701597,0.0076339070602416,1,123.97000122070312
2019-03-25,0.0076339070602416,0.015164004558833512,0.021687209814556595,1.1078792807128672,0.0068905585591686,-0.10958733394271081,0.014376820671561479,0.0122405448749291,-0.0021059982376351316,0.5915216209331606,0.00504320575290069,-0.08413589617283079,-0.004975494688843,0,124.91999816894533
2019-03-26,-0.004975494688843,0.007429021547885014,0.010676255246311595,-0.7152279592840717,0.0069565159251092,0.015289539174188738,0.009867150054115594,0.0068087418277127,-0.0030285253126997036,0.5499549695551262,0.0035398425631819955,-0.3642512842662221,-0.0052430167604844,0,124.3000030517578
2019-03-27,-0.0052430167604844,-0.004277122086542485,-0.0015353739623880048,-0.7625923915992555,0.0068752544848882,-0.027256800058930386,0.005010843533593533,0.0012907990593979,-0.0037014968526269953,0.5095295460379543,0.006631618962435445,-0.16370306449884642,-0.0142539573030416,0,123.6500015258789
2019-03-28,-0.0142539573030416,-0.014496538301884184,-0.0041750469994805035,-1.9095701541153915,0.0074644847544995,0.1180414342501761,-0.008370673843498872,-0.0128835181055291,-0.0045509386854479805,0.4200138122451527,0.005332251991325147,0.4683992466577702,0.0009019770912032,1,121.9000015258789
2019-03-29,0.0009019770912032,-0.015936584600924186,-0.007837407015299206,0.14084194366411543,0.0064041795202306,-0.0357078510848341,-0.007528323364167967,-0.0119511557816811,-0.004456381498467832,0.4268302115587197,0.0060650590182210725,-0.0694565872554157,-0.0039418902576438,0,122.01000213623048
2019-04-01,-0.0039418902576438,-0.027512381918809583,-0.012348377359976105,-0.6121184078787005,0.0064397512097446,-0.06542391963626148,-0.011420775480344729,-0.0157458104840214,-0.00437500090675913,0.4044904024667732,0.007981578461665948,0.7411927555595219,0.0036959885504209,1,121.52999877929688
2019-04-02,0.0036959885504209,-0.018840898679545682,-0.011411877131660706,0.5697172223029423,0.0064874088507993,-0.0674341982912281,-0.0078651544376522,-0.0122548808950923,-0.004424526038042775,0.43437910683008063,0.0027053764713308127,-0.4154537058928798,-0.0014767440573914,0,121.9800033569336
2019-04-03,-0.0014767440573914,-0.015074625976452684,-0.019351748062995205,-0.22742352278201933,0.0064933655029468,-0.05554543221356989,-0.009405745674024796,-0.0137683548675869,-0.004404032402278157,0.42518649795782454,0.0027093745713164755,-0.2032996205695342,0.0025419025120264,1,121.8000030517578
2019-04-04,0.0025419025120264,0.001721233838615316,-0.012775304463268904,0.3903198179212721,0.006512358315711,-0.12755420770530335,-0.00712679794164379,-0.011391143016975,-0.004294954347131674,0.44689583198088606,0.010482341928580354,-0.03652984442608054,-0.0010651584546348,0,122.11000061035156
2019-04-05,-0.0010651584546348,-0.00024590170722268393,-0.016182486308146907,-0.17711538369101162,0.0060139239880655,-0.06093763157829901,-0.007836913185972743,-0.012585904567371,-0.004786502788213909,0.43940135180687484,0.0038530380256942675,-0.32055073318613814,0.0043355523546012,1,121.9800033569336
2019-04-08,0.0043355523546012,0.008031540905022318,-0.019480841013787303,0.7224729476526064,0.0060009891978487,-0.0681333793193698,-0.003635408912153506,-0.0082394283471873,-0.004620817997965099,0.4778479215912946,0.005060771417651831,-0.4232954449549492,0.0052104602136844,1,122.51000213623048
2019-04-09,0.0052104602136844,0.009546012568285817,-0.009294886111259903,0.8741183220997549,0.0059608179830485,-0.0811712164072903,0.0015004249322458677,-0.003035815281277,-0.004529444122632009,0.5206032287103836,0.002598454655779875,-0.36527183226484783,0.0030808947099307,1,123.1500015258789
2019-04-10,0.0030808947099307,0.014103651335607918,-0.0009709746408448038,0.532587399940332,0.0057847683033355,-0.10912633815079809,0.004717345502148042,0.0001133315557437,-0.004582397195604493,0.5444544389011989,0.004695168844746845,-0.127481753205007,-0.0128729320296221,0,123.52999877929688
2019-04-11,-0.0128729320296221,-0.0013111832060405827,0.0004100506325746961,-2.173907491876154,0.0059215638557427,-0.09071897327010003,-0.007947837774012818,-0.012240310767171,-0.004326862191930125,0.4452593485145885,0.007872071410383858,0.5556078769401036,-0.000984454241361,0,121.9499969482422
2019-04-12,-0.000984454241361,-0.0012304789927667828,-0.001476380699989504,-0.1692600174838671,0.0058162243865704,-0.032873644876029506,-0.008464222357575218,-0.0127452424809099,-0.004317564953141395,0.4387218950432474,0.004186115892398907,-0.27875382317376773,-0.0018896884121834,0,121.83000183105467
2019-04-15,-0.0018896884121834,-0.007455719759551383,0.0005758211454708964,-0.32473414470329987,0.0058191860726871,-0.03029552614871811,-0.009755877425083704,-0.0141457275462519,-0.004433098890557763,0.42581644142242303,0.005921062744555508,-0.4039365641829289,-0.0090042022178371,0,121.5999984741211
2019-04-16,-0.0090042022178371,-0.02167038219107288,-0.012124369622787104,-1.4876125850744804,0.0060527870684734,0.015428937049653868,-0.01748406139412536,-0.0224358578825901,-0.005039914665904588,0.3702342010655056,0.003651106167223587,0.3811610983033322,-0.0019104067944001,0,120.51000213623048
2019-04-17,-0.0019104067944001,-0.02666168369540368,-0.012558032359795804,-0.330522164239584,0.0057799657665781,-0.0008302038224470287,-0.017797737945702156,-0.0236680283378947,-0.005976661446405962,0.3595685078225371,0.0025773627463790824,-0.32757399314809943,0.0007480072379889,1,120.27999877929688
2019-04-18,0.0007480072379889,-0.013040744427792683,-0.014351927633833304,0.1295772624581395,0.0057726735678688,-0.025143744372444377,-0.015732564513828037,-0.0224502472482968,-0.006825058406154327,0.3672501970656977,0.003240004824702986,-0.39830025411605496,0.0,0,120.37000274658205
2019-04-22,0.0,-0.012056290186431683,-0.013286769179198504,0.0,0.0057171894726406,-0.017027354405113715,-0.014281722990971777,-0.0219148741786583,-0.00774374521171306,0.3672501970656977,0.0019108029549340922,-0.6598266262853412,-0.0020790892290242,0,120.37000274658205
2019-04-23,-0.0020790892290242,-0.012245691003272482,-0.019701410762823904,-0.39226836819699995,0.0053001704893525,-0.08919040856429195,-0.014391901035396842,-0.0232970950267134,-0.009035228099963488,0.3535877350029871,0.005411204475708344,-0.14644145182120716,0.0029095034311526,1,120.12000274658205
2019-04-24,0.0029095034311526,-0.0003319853542827823,-0.022002367545355707,0.5431272653519182,0.0053569459991433,-0.11496209290996928,-0.00996445658033282,-0.0199523885207295,-0.010088457941517581,0.3879187641872608,0.005644561287336662,-0.35672235162453425,0.0008297251865102,1,120.47000122070312
2019-04-25,0.0008297251865102,0.002408146626627518,-0.024253537068776206,0.15627518968477036,0.0053093852465249,-0.08141579709247948,-0.007887050571845288,-0.0186135483101898,-0.010811770720790759,0.3977602028832873,0.004976349636225887,-0.2441381207138097,0.0066132591499857,1,120.56999969482422
2019-04-26,0.0066132591499857,0.008273398538624318,-0.004767345889168404,1.4288318684430739,0.0046284376042031,-0.19821594798545616,-0.0010863890496495263,-0.0117801305276679,-0.010705371676580255,0.47103571015059176,0.0037076455306817918,-0.013707738022617266,-0.0044591395549057,0,121.37000274658205
2019-04-29,-0.0044591395549057,0.003814258983718617,-0.008242031202713104,-0.9458128652670187,0.0047146108058562,-0.17536215505576713,-0.005047630064651685,-0.0156591811140953,-0.010665385972328578,0.4327599373841234,0.001986307121799316,-0.2520219073081541,0.0030574342625032,1,120.83000183105467
2019-04-30,0.0030574342625032,0.008950782475246017,-0.0032949085280265036,0.6499176566830807,0.0047043409746815,-0.1124170469361242,-0.0018653599758778879,-0.0120655468197333,-0.010219249422711907,0.4648473009185802,0.0042079385236970124,-0.14028731162281471,-0.0066225029075605,0,121.1999969482422
2019-05-01,-0.0066225029075605,-0.0005812238634670831,-0.0009132092177499031,-1.372195561492792,0.0048262092469939,-0.09907450107473126,-0.007808149802823151,-0.0175775224811655,-0.009846253702246122,0.41074501312327827,0.011378760209463512,1.0802824587610038,-0.0038279074525403,0,120.4000015258789
2019-05-02,-0.0038279074525403,-0.005238856502517583,-0.0028307098758901033,-0.7850926086358402,0.0048757400215391,-0.08167522318513798,-0.010840822480618423,-0.020285323477199,-0.009548009270121227,0.38313235033556003,0.00475237354695468,0.13448181239159052,0.0059021666225998,1,119.94000244140624
2019-05-03,0.0059021666225998,-0.005949949029903484,0.002323449508720797,1.1686045077052871,0.005050610864226,0.09121290943611804,-0.004385978691336125,-0.0137768721100836,-0.009432263123819729,0.44513481718377973,0.004973049867656922,0.4015555627734291,0.0013252386046359,1,120.6500015258789
2019-05-06,0.0013252386046359,-0.00016557087036188248,0.003648688113356697,0.26152676815921505,0.0050673153419963,0.07481095485166933,-0.002584176058354238,-0.0117112593487162,-0.009150730388749029,0.4583469899254253,0.004800942329076668,-0.41241533502086336,0.0033055276063591,1,120.80999755859376
2019-05-07,0.0033055276063591,8.252247349401724e-05,0.009033304948739997,0.6583670625709139,0.0050207973549756,0.06726901429918675,0.0012555842586907864,-0.0077637025763561,-0.009007976561473674,0.49098011284491927,0.004207528344922522,-0.3212402043370427,-0.0024780734551379,0,121.20999908447266
2019-05-08,-0.0024780734551379,0.004226951925916617,0.0036457280624494965,-0.5110194334886355,0.0048492743969061,0.004779144196154883,-0.0002976287688515045,-0.0094621467453156,-0.009167246412727703,0.4681974650121262,0.006368408313118267,-0.2899699849712466,0.0023955509816441,1,120.91000366210938
2019-05-09,0.0023955509816441,0.010450410360101017,0.005211553857583397,0.49680907590666895,0.0048218744339005,-0.011047674281369213,0.003066274102187524,-0.0065183183353421,-0.009555293289178257,0.49270280624554863,0.006270644846262148,-0.13807029483134325,0.0018959191232163,1,121.1999969482422
2019-05-10,0.0018959191232163,0.006444162860717517,0.0004942138308139971,0.4796475550723024,0.0039527338421031,-0.21737509612931716,0.005186104323281564,-0.0042150515140164,-0.009352652008283724,0.5119132877488424,0.0035411373144620447,-0.16061056155446285,0.0101598405390797,1,121.43000030517578
2019-05-13,0.0101598405390797,0.015278764795161319,0.015113193924799397,2.220781366304303,0.0045748945363258,-0.09717587567315433,0.015097770259101759,0.0058232105826096,-0.009136617130116265,0.5998831774561838,0.004238987941862225,0.9336564519491348,-0.0017133695443153,0,122.66999816894533
2019-05-14,-0.0017133695443153,0.010259867644486918,0.010342390117980896,-0.37487308394090685,0.0045705323153726,-0.08967998661742205,0.012999569699714305,0.0039531659364537,-0.008930313530085887,0.5807917394526243,0.004409610644818297,-0.0456199176168669,-0.0005717761663673,0,122.45999908447266
2019-05-15,-0.0005717761663673,0.012166164933257518,0.0163931168591741,-0.14232301644163994,0.0040174539625624,-0.17153503107071277,0.011633905123130872,0.0032690786408309,-0.008268630025089818,0.5742314595597562,0.004493793815720854,0.7660555178303188,-0.0072160809060901,0,122.38999938964844
2019-05-16,-0.0072160809060901,0.002554533045523319,0.013004943405624296,-1.6534533706018233,0.0043642482058406,-0.09490629304706266,0.003849852187730044,-0.0039282039187475,-0.007748226579429751,0.49806590558866104,0.007242179556802059,0.07354658068464937,-0.0071027767830243,0,121.51000213623048
2019-05-17,-0.0071027767830243,-0.006444162860717281,1.960237527853792e-16,-1.5167095455452528,0.0046830171300009,0.18475397460843057,-0.0033702773612115052,-0.0108385453027787,-0.007493523193140894,0.43705470769101906,0.006050523980992325,0.09105931754358076,-8.290551782707826e-05,0,120.6500015258789
2019-05-20,-8.290551782707826e-05,-0.01668690891762406,-0.0014081441224627822,-0.017702893188053192,0.0046831620654542,0.023665579232204914,-0.0035640180031316472,-0.0105636215180336,-0.007024639456390092,0.43638517557135614,0.002652517377678701,-0.2926878691037995,-0.0023236423674714,0,120.63999938964844
2019-05-21,-0.0023236423674714,-0.01729718174078016,-0.007037314096293282,-0.49549905271784334,0.004689499111504,0.02602908981329488,-0.005975212789794808,-0.0125555423291174,-0.0066198847594040044,0.4171211994002998,0.004403446133343627,-0.365165835898274,-0.0009975291545634,0,120.36000061035156
2019-05-22,-0.0009975291545634,-0.017722934728976264,-0.005556769795718782,-0.21463852332162472,0.0046474842406023,0.15682327262763596,-0.006871962612841577,-0.0130963586545667,-0.006267465832604069,0.40879209765995933,0.002578156720736038,-0.38009487937959785,0.0077047754536478,1,120.23999786376952
2019-05-23,0.0077047754536478,-0.0028020783692383608,-0.0002475453237150826,1.5524220557839425,0.0049630675014837,0.13721018315175337,0.0005614946338063494,-0.0050270273527957,-0.005585385822435174,0.4932443259208225,0.006189650997223648,-0.006949353531344293,0.001072337976787,1,121.16999816894533
2019-05-24,0.001072337976787,0.005373036390572939,-0.001071126470144382,0.22629672630534048,0.0047386367195613,0.011876870832712383,0.0016639594265914512,-0.0037779037145854,-0.005432823143893484,0.5039125079205033,0.003462474512602581,-0.6067874703783953,-0.0038822269155751,0,121.3000030517578
2019-05-28,-0.0038822269155751,0.0015737149928249173,-0.015113193924799182,-0.8239145030585125,0.0047119293338855,0.006142701881599377,-0.0022171887335118274,-0.0072890173859247,-0.005083098841896505,0.4657392976076587,0.003144891563845902,-0.2710602359844032,0.0003309964016133,1,120.83000183105467
2019-05-29,0.0003309964016133,0.004228353761909618,-0.013068827978870583,0.07106054865680515,0.0046579488600895,-0.006727851027224396,-0.0017508597789566518,-0.0066061708292417,-0.004863826929227155,0.4694231942457641,0.004219426860606279,-0.2961782951412598,0.0067612368164094,1,120.87000274658205
2019-05-30,0.0067612368164094,0.011987119732882415,-0.005735814996093883,1.4576613375988552,0.0046384140417327,-0.001951636283208602,0.004486320635741498,0.0004110627931039,-0.004057056585955454,0.5395193265702803,0.0073136607099418246,0.37443588239775893,0.0133868570134736,1,121.69000244140624
2019-05-31,0.0133868570134736,0.017669201292708214,0.014867122923469816,2.510663539596632,0.0053319996098021,0.074335500818417,0.01660128473378745,0.0140351827077223,-0.0025241971110995243,0.6415240894188612,0.008757008149032084,1.5299054680991877,0.0143296507831408,1,123.33000183105467
2019-06-03,0.0143296507831408,0.03092651409906201,0.036299550489634916,2.3889087058911906,0.0059984087076258,0.26585114298044954,0.029381517706268404,0.0284287242260729,-0.0009255980059934554,0.7152517978026114,0.011509829789678492,1.227817858883073,0.0003196748623555,1,125.11000061035156
2019-06-04,0.0003196748623555,0.035128415876992614,0.036702130869817495,0.0532176071016532,0.0060069379246022,0.27483616560285373,0.027875431129622544,0.0285580027582176,0.0006640606516346015,0.7166620940454382,0.006472213733263682,0.21389349534568658,0.0025536658304685,1,125.1500015258789
2019-06-05,0.0025536658304685,0.03735108530584781,0.04157943906775739,0.4256723336802387,0.0059991350821188,0.2879349392435213,0.0287040196864386,0.0310947365194583,0.0023240084487552437,0.7282571231486544,0.009006175753715323,0.12830876297302463,0.0032623544765034,1,125.47000122070312
2019-06-06,0.0032623544765034,0.03385220296594182,0.045839322698824195,0.5506819317240608,0.005924208310757,0.2772055830841669,0.029967041864683568,0.0341954625947387,0.004105394209896085,0.7427810767432969,0.0051635995445396664,-0.18809415346772473,0.0056244383426813,1,125.87999725341795
2019-06-07,0.0056244383426813,0.026089784295149517,0.04375898558785769,0.9407155721105427,0.0059788936310075,0.12132296859440506,0.03349740016517744,0.0395264415769979,0.005833629974160592,0.7660956660856357,0.007346554483605871,0.16461422216439914,-0.0100032154865389,0,126.58999633789062
2019-06-10,-0.0100032154865389,0.0017569180254698152,0.03268343212453179,-1.5223475611028656,0.0065709143838954,0.09544292564489165,0.021584270492227914,0.0286002334051761,0.006867728013830732,0.6529805498629017,0.0036703030220388635,-0.23106497500961165,-0.001197569298847,0,125.33000183105467
2019-06-11,-0.001197569298847,0.0002396738642673152,0.03536808974125989,-0.190861704479049,0.0062745394740958,0.04454874560924016,0.019318851361428867,0.0268348555571815,0.00737355557165853,0.64084930779731,0.004154052334184658,-0.2916831049344578,0.0051791002212387,1,125.18000030517578
2019-06-12,0.0051791002212387,0.0028651082550375153,0.040216193560885294,0.8212800956328812,0.0063061314267548,0.05117343424238663,0.023207790318038716,0.0314391057658678,0.008044617648259589,0.6695027168493604,0.005086222525115521,-0.14432159070976025,0.0061006935016299,1,125.83000183105467
2019-06-13,0.0061006935016299,0.005703447280164015,0.03955565024610579,0.9569974659664906,0.0063748272263905,0.07606398897474276,0.02770999995602732,0.0369654252529204,0.009005872568418338,0.7000330879563288,0.006398085058107844,-0.17066434186873636,-0.0003160129284806,0,126.5999984741211
2019-06-14,-0.0003160129284806,-0.00023700399099788505,0.025852780304151595,-0.05227135845559746,0.006045623029848,0.011160827229712122,0.025283720947653836,0.0358300723983032,0.010286276115748283,0.6964338559013844,0.010824866811120172,0.3926850861588136,-0.0006322652864022,0,126.55999755859376
2019-06-17,-0.0006322652864022,0.009133946209138814,0.010890864234608597,-0.1110460635161246,0.0056937208432462,-0.13349641912837984,0.022221707144085362,0.0344354018820379,0.011948185655414889,0.6888067125107089,0.0047438208269796655,-0.2709292349983967,0.0050473243922382,1,126.4800033569336
2019-06-18,0.0050473243922382,0.015378839900224015,0.015618513764491295,0.8865131572855514,0.0056934568322627,-0.09260960812057639,0.024710930699167324,0.0387963479836632,0.01374574708096965,0.7156390059191802,0.010698557118998565,0.5091102710575526,0.0060389708380804,1,127.12000274658205
2019-06-19,0.0060389708380804,0.016238710517065713,0.019103818772103195,1.0748998280098419,0.005618170810634,-0.10909392297185794,0.02779852975888482,0.0441704679267238,0.015929131725533452,0.7442147191222503,0.010086800544873015,0.6145216394997455,0.0248661554938178,1,127.88999938964844
2019-06-20,0.0248661554938178,0.03500417250925361,0.040707619789417594,3.3827872863499437,0.007350788976344,0.1530961883818931,0.04909401455506278,0.0690709018041949,0.019042037197785966,0.8239076035945171,0.00991536149573607,1.3391719645289033,0.0066136934166681,1,131.11000061035156
2019-06-21,0.0066136934166681,0.041933878854402314,0.04169687486340439,0.9024720937662174,0.0073284187537231,0.21218586033925324,0.05150774940025763,0.0746838999420182,0.02204087469158411,0.8385442930832444,0.008334527052095043,0.7900334057203138,0.0147415931262733,1,131.97999572753906
2019-06-24,0.0147415931262733,0.057307737267077816,0.0664416834762166,1.928313983542802,0.0076448095341762,0.3426737531827453,0.06177714814271398,0.088518317322534,0.025185293568048994,0.8656398542166908,0.010900339170270038,0.941663516993281,0.0019392450876947,1,133.94000244140625
2019-06-25,0.0019392450876947,0.05419965796253431,0.0695784978627583,0.2621523509321777,0.0073973972798604,0.29928047191683316,0.05823023742159199,0.0884428496364762,0.028550131291370073,0.8687855570015661,0.01743663480702691,1.4244850261952275,-0.0092076537483057,0,134.1999969482422
2019-06-26,-0.0092076537483057,0.038953033376148215,0.05519174389321389,-1.1490988920155516,0.0080129341454287,0.4262532086532371,0.04355265463267623,0.0764814329101159,0.031554496202235605,0.776199670653041,0.008573357743723493,0.1323759596745846,-0.00097817910818,0,132.97000122070312
2019-06-27,-0.00097817910818,0.013108698774150412,0.048112871283403996,-0.1207903303903316,0.0080981574023271,0.10167186520906113,0.037990877061670814,0.0732862564102789,0.03400355449030701,0.7668969506065103,0.0053448263583297665,-0.20965459966968736,0.0027063662544696,1,132.83999633789062
2019-06-28,0.0027063662544696,0.009201371611951913,0.05113525046635419,0.3460566662979809,0.007820586967509,0.06715885518084774,0.036805807731145244,0.0739527479614053,0.03582825245891419,0.7749407569739978,0.005480448530510992,-0.2142965536830883,-0.0195594281024971,0,133.1999969482422
2019-07-01,-0.0195594281024971,-0.025099649616818487,0.03220808765025929,-2.1706027939366472,0.0090110581987337,0.1787158539986735,0.014547878920518016,0.0514131128783157,0.036336613307025534,0.6119594610618492,0.009263447407057125,0.30091680655728426,0.0211348135480542,1,130.6199951171875
2019-07-02,0.0211348135480542,-0.00590408115645899,0.0482955768060753,2.12583149243081,0.0099419044375372,0.3439733005288612,0.03290495674930428,0.0716213804729903,0.037483045725264175,0.688302971894949,0.018514362888100617,0.26479145905575585,0.0016477026920105,1,133.41000366210938
2019-07-03,0.0016477026920105,0.004951275283857212,0.043904308660005394,0.16564743370463472,0.0099470462968265,0.241373773488603,0.03135037389453505,0.0710639197193662,0.0385063571314439,0.6934249309723188,0.006510591515277744,-0.39144944067290754,-0.0112128613499984,0,133.6300048828125
2019-07-05,-0.0112128613499984,-0.005283406957961188,0.007825291816189196,-1.0727690389198083,0.0104522604057336,0.2906961283229712,0.01739284143204451,0.057143673741784,0.03907127187349557,0.619210369482625,0.01142734805963145,0.07453800575336,-0.0064533961744344,0,132.13999938964844
2019-07-08,-0.0064533961744344,-0.014443169386865188,-0.005241797774913304,-0.6084917021978637,0.0106055615074533,0.3561081222566298,0.009022669667380436,0.0485449690582497,0.03916889142232827,0.5810079716526746,0.008073711728231993,-0.2517672779934924,0.0034976216131429,1,131.2899932861328
2019-07-09,0.0034976216131429,0.008613880328774814,-0.016485769288043704,0.341682593239107,0.0102364641405519,0.1359891274468079,0.010066165989683767,0.0504771200839648,0.040008224663862,0.5955506162236432,0.007134743388282732,-0.3853213432045409,0.0156641640687561,1,131.75
2019-07-10,0.0156641640687561,0.0031432308494767115,-0.002760850306982303,1.4772115650547069,0.0106038731616456,0.06658369412695553,0.0226217892813977,0.0648540239797257,0.04129800004359874,0.6540251064468231,0.011357610348019647,0.23740921501236234,-0.0084794331494876,0,133.8300018310547
2019-07-11,-0.0084794331494876,-0.006983904992021388,-0.002032629708164202,-0.7768938377213952,0.0109145326398231,0.09726368151169318,0.0113327003559542,0.0539340808101417,0.04212400176439801,0.6030176598587689,0.009721125213257967,-0.3354552622249033,0.006235244213343,1,132.6999969482422
2019-07-12,0.006235244213343,0.010464200571320012,0.005180793613358798,0.571160035075036,0.0109168076028356,0.04444466355307908,0.014978009416005423,0.058318886286876,0.042701296450558646,0.626084897199666,0.008687213904844485,-0.44582900581662166,0.0,0,133.52999877929688
2019-07-15,0.0,0.016917596745754413,0.0024744273588891983,0.0,0.0109124942163568,0.028940731585762602,0.012296444235836718,0.0560439510895831,0.04321610245975971,0.626084897199666,0.0053920559221540066,-0.6380746932722126,-0.0084985651502371,0,133.52999877929688
2019-07-16,-0.0084985651502371,0.004921409982374413,0.013535290311149199,-0.7603795823461735,0.0111767403380487,0.09185556502580616,0.001482519068270963,0.0451646466653731,0.043617463875197604,0.5734703317569395,0.008836844583694346,-0.29414693989305873,0.0163312339620225,1,132.39999389648438
2019-07-17,0.0163312339620225,0.005588479875640814,0.008731710725117497,1.4078424359023207,0.0116001858912254,0.09395743558905267,0.015108223494919191,0.0600690175773103,0.044291626293397,0.6368712853717178,0.012706246772190182,-0.004082201618588077,0.0140192210728327,1,134.5800018310547
2019-07-18,0.0140192210728327,0.02808713409796111,0.021103229105939696,1.183041020316496,0.0118501563615116,0.08572274714491712,0.026115242809563777,0.0724551273119582,0.04516050689931572,0.681330865862798,0.02212781628810938,0.5802877346570783,-0.0148369175250385,0,136.47999572753906
2019-07-19,-0.0148369175250385,0.007014972359579612,0.0174791729308996,-1.3068004780260547,0.0113536211338474,0.0400129366481039,0.009727856940296646,0.0544136196977599,0.04425525397790975,0.5979279943702834,0.015319383802285494,0.552383009068705,-0.0001487748968767,0,134.47000122070312
2019-07-22,-0.0001487748968767,0.0068661974627029125,0.023783794208457297,-0.013181723395233932,0.0112864526447651,0.034268831762382046,0.00864227631857673,0.0520706291530693,0.04305624883482073,0.5971445377093111,0.0037188546771963096,-0.32834215299770253,-0.0056686547600584,0,134.4499969482422
2019-07-23,-0.0056686547600584,0.009696107852881612,0.014617517835255996,-0.5206669064643981,0.0108872960614139,-0.02589702076637246,0.003034866022214434,0.0441203330573386,0.040961155416320505,0.5667609944183717,0.010397182768080564,-0.08239751160517006,0.0050734472920283,1,133.69000244140625
2019-07-24,0.0050734472920283,-0.001561678817112589,0.004026801058528198,0.4637299856566777,0.010940520235809,-0.05686681761844725,0.00807235441409536,0.047516702279941,0.03912848883627129,0.5870088113831075,0.00640024292329202,-0.32678653152003867,-0.0070951189913766,0,134.3699951171875
2019-07-25,-0.0070951189913766,-0.02267601888132189,0.005411115216639197,-0.6535560994187971,0.0108561743937303,-0.08387922804206016,0.0007763450464496519,0.0383364090867703,0.037530927090984934,0.5484444652172532,0.008919220939423109,0.17558877586931376,0.0016475793640438,1,133.4199981689453
2019-07-26,0.0016475793640438,-0.006191521992239589,0.0008234503673399968,0.1517464522435846,0.0108574489860171,-0.043701665044213245,0.0021258856831991527,0.0382305624644367,0.036028085190737524,0.555723639562903,0.005237929897030576,-0.3655754728568543,0.0066376005021923,1,133.63999938964844
2019-07-29,0.0066376005021923,0.0005948534068294107,0.007461050869532297,0.6068061684922895,0.0109385844225752,-0.03082175003421017,0.008296920166367797,0.0430347732373975,0.0344520075151058,0.5848775285960204,0.009588889450962609,-0.07502453167715906,0.003339374239096,1,134.52999877929688
2019-07-30,0.003339374239096,0.009602882405983811,0.019298990258865396,0.3381449105247418,0.0098755714936353,-0.09292707409365786,0.010019357074746214,0.044203396880364,0.033844935313539715,0.5991986494703773,0.005704467610342199,-0.026142303665029232,-0.0131997068987172,0,134.97999572753906
2019-07-31,-0.0131997068987172,-0.00867027178476169,-0.010231950601874304,-1.423206313150018,0.0092746264380334,-0.152268243362233,-0.003150408828980207,0.0285105100023946,0.03176097889971752,0.5228005602023156,0.018016618688710982,0.8819096018217196,0.0237382025873749,1,133.2100067138672
2019-08-01,0.0237382025873749,0.02216304979398981,-0.0005129690873321054,2.2191627520133084,0.0106969182705679,-0.014669635673352333,0.019735402192601385,0.0506137169065998,0.030280712670762266,0.6177028004740823,0.030203027685512127,1.5070409287333204,-0.0038193529104754,0,136.41000366210938
2019-08-02,-0.0038193529104754,0.01669611751947061,0.010504595527230995,-0.36814949625698595,0.0103744618675488,-0.04448440136263321,0.014426220802661533,0.0440917248270288,0.02924362897569277,0.5969278308159638,0.009051519551495578,0.2315258143864265,0.0138850078395575,1,135.88999938964844
2019-08-05,0.0138850078395575,0.023943524856835808,0.024538378263665193,1.3149453152869943,0.0105593804382101,-0.03466664146984988,0.02612026423508279,0.055993109627141,0.029112421256320076,0.6440360629742972,0.011539272917945938,0.504858851303732,0.0080955294920259,1,137.7899932861328
2019-08-06,0.0080955294920259,0.02869968010976571,0.0383025625157495,0.7612905675613734,0.0106339548090792,0.07679386615070016,0.03171040344608909,0.0617108753196394,0.029078384567359006,0.6686222859207944,0.007342914445111091,-0.1962691927941551,0.0150754868152602,1,138.91000366210938
2019-08-07,0.0150754868152602,0.056974873823743104,0.0483046020389814,1.4226485848781207,0.0105967748996508,0.1425554409604608,0.044592630143865775,0.0745216363198316,0.028651366391359456,0.7093509314702894,0.011274970144084212,1.1471601415924075,0.0050220544460044,1,141.02000427246094
2019-08-08,0.0050220544460044,0.03825872568237261,0.06042177547636239,0.4886237939033297,0.0102779572109785,-0.039166519645396636,0.046352359255577465,0.0765093861562881,0.028821100878642536,0.7217439339090563,0.01171232945290893,0.03215331672735444,-0.0033216839398709,0,141.72999572753906
2019-08-09,-0.0033216839398709,0.03875639465297711,0.0554525121724477,-0.32075692265755645,0.0103557669538349,-0.0018020128612528108,0.0399151606019632,0.0697592337274885,0.028698565283200583,0.7004519325654236,0.007574629102636046,-0.26231806122762424,0.0096517736755786,1,141.25999450683594
2019-08-12,0.0096517736755786,0.034523160488998214,0.05846668534583399,0.9242984579780833,0.0104422695854021,-0.011090693577458732,0.0464954594094243,0.0769860815155202,0.029135933493015687,0.7258409280105996,0.012199435137043456,0.13732761540086447,-0.0059773469524186,0,142.6300048828125
2019-08-13,-0.0059773469524186,0.02045028404455371,0.049149964154319395,-0.5799463956519947,0.0103067231682657,-0.03077233697985171,0.036691473402654814,0.0678794063328184,0.030084102869871066,0.6869382442695783,0.02778944291536075,1.056029115160242,0.0068182967190882,1,141.77999877929688
2019-08-14,0.0068182967190882,0.01219309394838171,0.06916796777212479,0.6893607991275879,0.0098907520237835,-0.06662620302433386,0.04067565987890341,0.0723423615444227,0.030428982714176378,0.7062846241688608,0.01190891032043564,0.3796645155951297,0.0066329233118531,1,142.75
2019-08-15,0.0066329233118531,0.013803962814230412,0.052062688496603,0.6917331615119611,0.0095888467994727,-0.06704741004075399,0.044851524852924166,0.0765302742739011,0.030318900501615342,0.7242571286850625,0.009812134252286933,-0.08599839090436812,-0.0064227963231968,0,143.6999969482422
2019-08-16,-0.0064227963231968,0.01070285043090451,0.049459245083881595,-0.7178124937690865,0.0089477354865642,-0.13596592831294685,0.0350351906356715,0.0669364735253308,0.03082144759741645,0.680810357221345,0.00931504302021004,-0.18648666738570197,-0.0117652431297463,0,142.77999877929688
2019-08-19,-0.0117652431297463,-0.01071416637442039,0.023808994114577795,-1.235662493085192,0.0095214050726513,-0.08818624200606107,0.02046572951608107,0.0521740002847717,0.031072352408862525,0.6093529337735711,0.00666137891397778,-0.27555404219796276,0.0077651532005103,1,141.11000061035156
2019-08-20,0.0077651532005103,0.0030283337785085105,0.023478617823062195,0.8266126504605008,0.0093939443053338,-0.0885614999093347,0.02526211529548336,0.0577135305589532,0.03165182325508753,0.6364225397073967,0.004640942072720932,-0.48214980021029763,-0.0031694374885161,0,142.2100067138672
2019-08-21,-0.0031694374885161,-0.006959400429095789,0.005233693519285895,-0.3342335638930229,0.0094827026095157,-0.041255651065419285,0.019302427723040316,0.05177245612088,0.031855146730467965,0.6175688383510062,0.005008404927977673,-0.4408055454294242,-0.0025427378094433,0,141.75999450683594
2019-08-22,-0.0025427378094433,-0.01613506155039219,-0.0023310987361618053,-0.2737529445170258,0.0092884400346063,-0.031328768844541166,0.013805350737995171,0.0466832186722,0.032430158225414285,0.602199502895454,0.005162629130475602,-0.5201609158748486,0.0194004358255685,1,141.39999389648438
2019-08-23,0.0194004358255685,0.00968817059837311,0.020391021029277593,1.9431120831177582,0.0099842083192855,0.11583632912234099,0.029778349687641193,0.0644188556999555,0.03363879811885906,0.6702091086703527,0.0186585452977115,0.35486180973337245,0.0001387451272763,1,144.1699981689453
2019-08-26,0.0001387451272763,0.02159215885539571,0.010877992480975292,0.013884954966669815,0.0099924794577549,0.04947530133516587,0.026380248407490654,0.0618023849732811,0.034511709106591404,0.6706470274088221,0.007351394275927665,-0.19348534977426346,0.0095252296402105,1,144.19000244140625
2019-08-27,0.0095252296402105,0.023352235295095912,0.026380569073604393,0.9446229083346651,0.0100836318452229,0.07341831263546039,0.032312559461987654,0.0689591949154709,0.0354995540038594,0.7002203156265411,0.009685981537254001,-0.1600156433115687,-0.0028205133176772,0,145.57000732421875
2019-08-28,-0.0028205133176772,0.02370115946593481,0.016741759036838996,-0.2997855355698761,0.0094084369758386,-0.007831694901258901,0.025061637863898836,0.0631317145964074,0.037139304922035654,0.6806650694126446,0.0071644616967192765,-0.2326000895223953,-0.0071903555732528,0,145.16000366210938
2019-08-29,-0.0071903555732528,0.01905354170212531,0.0029184801517330933,-0.8412849801749256,0.0085468726325742,-0.07983766911012125,0.014954562181990172,0.0530114861686199,0.037496184957101386,0.6324184417577547,0.015334490624081529,0.03409447122835707,-0.0025705723222454,0,144.1199951171875
2019-08-30,-0.0025705723222454,-0.0029174664456885894,0.0067707041526844924,-0.3023918498945028,0.0085007989571882,-0.1485755619934277,0.00955477994445402,0.0483716927410768,0.03844953594173317,0.6156981026084484,0.012939134680706522,-0.3147088976899801,0.0138171455531419,1,143.75
2019-09-03,0.0138171455531419,0.01076093398017701,0.032353092835572694,1.6262815032542155,0.00849615858355,-0.14974470355739833,0.02074761446205029,0.0608270641578525,0.03926479878860634,0.6669560070975004,0.009536874028462693,0.11736712607052802,0.0062241824051139,1,145.75
2019-09-04,0.0062241824051139,0.007459886745080409,0.03081212204017629,0.7370244775574939,0.008445014507172,-0.16250269379154214,0.024340867205233898,0.0654775709162189,0.04015919410031987,0.6873871637313385,0.009000458824888077,-0.19763140626188613,-0.0242938395892824,0,146.66000366210938
2019-09-05,-0.0242938395892824,-0.01401343952652479,0.009687719939409992,-2.459198509342943,0.0098787631405052,0.04998982996585122,-0.0009840827915158772,0.0385558599984344,0.03957889169617568,0.5474788739570231,0.021028325553099126,0.4762088873547985,-0.008559662387184,0,143.13999938964844
2019-09-06,-0.008559662387184,-0.015382746340455989,0.0036707953616692927,-0.8529862746062955,0.0100349356631029,0.17410614320580042,-0.009564498066179579,0.0283685286519447,0.03829934068807139,0.5088234114944922,0.015501669790209926,0.027176124343440744,-0.0037414803722944,0,141.9199981689453
2019-09-09,-0.0037414803722944,-0.016553654390504987,-0.019471120836193605,-0.3725522973919799,0.0100428326398369,0.18139867680846278,-0.01330802969215928,0.0232601895534827,0.03706143390853067,0.49255310055367707,0.009053073368777812,-0.18487250990853765,-0.0085947664634488,0,141.38999938964844
2019-09-10,-0.0085947664634488,-0.03896556640709569,-0.02820463242691871,-0.8635641093474044,0.0099526675210528,0.17143146790160535,-0.020915085061585296,0.0134792700107801,0.035129082827845215,0.456651696245668,0.009773114486859242,-0.08220157670751838,0.0060453662250154,1,140.17999267578125
2019-09-11,0.0060453662250154,-0.03914438258719419,-0.0316844958421138,0.6050977060213585,0.0099907273897383,0.18303259056021637,-0.014720168367434436,0.0180921931897586,0.033302581158922706,0.485046900895983,0.006948845891097925,-0.41040263970008295,0.0020542492696135,1,141.02999877929688
2019-09-12,0.0020542492696135,-0.01279629372829829,-0.02680973325482311,0.20815165090364487,0.0098690030114843,-0.0009879909946297616,-0.012200653233660591,0.0190219914753759,0.03160828645133962,0.49474859661535864,0.014081555264843415,0.035359414812836,-0.0083136402572181,0,141.32000732421875
2019-09-13,-0.0083136402572181,-0.012550271598332389,-0.027933017938788406,-0.8426490459537782,0.0098660768645481,-0.016827093289264683,-0.01916190186803939,0.0096359879327389,0.02936049268031593,0.45731511163858296,0.01377101690062026,0.09898926190342938,0.0083136402572182,1,140.14999389648438
2019-09-16,0.0083136402572182,-0.000495150968819788,-0.017048805359324806,0.8306389168807167,0.0100087295312845,-0.0033957658934914425,-0.010468037858571153,0.0167199623206401,0.027475615967345046,0.4982024560572295,0.007288414420569866,-0.32871440590362455,0.0019793500454073,1,141.32000732421875
2019-09-17,0.0019793500454073,0.010078965540036313,-0.02888660086705941,0.20487275835115443,0.0096613627958026,-0.0292690100050067,-0.008677531915352737,0.0172253484609501,0.026129620996435454,0.5077604695527538,0.006285306153149528,-0.4099769131647144,-0.0063051418491641,0,141.60000610351562
2019-09-18,-0.0063051418491641,-0.0022715425341431885,-0.041415925121337405,-0.6573691346770753,0.0095914783894766,-0.03996195518974699,-0.01439078837687597,0.0095321676642024,0.02427225289593382,0.4766802202570961,0.019330545738898502,0.22577418991697273,0.0040426457009608,1,140.7100067138672
2019-09-19,0.0040426457009608,-0.00028314610279588873,-0.013079439831094209,0.4201219240493547,0.0096225535244523,-0.024972075370249036,-0.0102318673047591,0.0125391957722377,0.0230064621448145,0.497878387126873,0.004600857594066526,-0.34256192294966736,0.0117511692045534,1,141.27999877929688
2019-09-20,0.0117511692045534,0.01978166335897561,0.007231391760643191,1.1796161266065734,0.0099618587263284,0.009708201455887133,0.000924226316373443,0.0230048876163343,0.022060272615463283,0.5547815234581992,0.01098280586881113,-0.03266493222663602,0.0055807822575675,1,142.9499969482422
2019-09-23,0.0055807822575675,0.01704880535932491,0.01655365439050509,0.6187176293271511,0.0090199179610197,-0.09879491369749283,0.006673803434833037,0.0272274235108978,0.02041735863785732,0.5793730086543419,0.0060521399456521735,-0.24664234519949357,0.0052729916204329,1,143.75
2019-09-24,0.0052729916204329,0.02034244693435051,0.030421412474386792,0.5793769904391549,0.0091011408934899,-0.05798580533132336,0.011882629821883237,0.0310403354774106,0.018932734974311805,0.6018707617024404,0.013078675949704174,-0.10930195542088417,-0.0187195010811694,0,144.50999450683594
2019-09-25,-0.0187195010811694,0.00792808770234521,0.0056565451682019895,-1.9233275132758205,0.009732872301757,0.014741618188446326,-0.005581018757983372,0.0105594803945478,0.016231085143177726,0.5002588493744125,0.020094414495752597,-0.014049398254754708,-0.0002821278180384,0,141.8300018310547
2019-09-26,-0.0002821278180384,0.003603314183346011,0.003320168080550091,-0.028999927793984536,0.0097285696724018,0.011017465133355442,-0.004685652985075147,0.0092374778230239,0.013988676893743612,0.4989047117125419,0.007123279592705784,-0.31409643247849517,-0.0051617279262248,0,141.7899932861328
2019-09-27,-0.0051617279262248,-0.013309582947432189,0.006472080411543391,-0.5336243031894117,0.0096729625981683,-0.029000223361587252,-0.008745347194938255,0.0033872879791962,0.012239675384928983,0.4737087087305244,0.010775478803198613,-0.1394600933198047,-0.0156471059222036,0,141.05999755859375
2019-09-30,-0.0156471059222036,-0.03453747112720329,-0.017488665767878407,-1.5330187630840568,0.0102067282534269,0.13157661716393587,-0.02245877260154536,-0.0128085693738299,0.009871914306261775,0.40725891863572194,0.015698192634994192,0.32310845884409556,0.0054578933734982,1,138.8699951171875
2019-10-01,0.0054578933734982,-0.034352569374137984,-0.014010122439787508,0.5629577538066882,0.0096950318857716,0.06525456524978246,-0.014987142819637223,-0.008136328500922,0.0069550506562177095,0.4367856396825786,0.017116660503265727,0.08234814424426173,0.0116060231701168,1,139.6300048828125
2019-10-02,0.0116060231701168,-0.004027045122851788,0.003901042579493392,1.159541921047541,0.0100091449558217,0.028385521303390338,-0.001586780554137553,0.002364311728845,0.003957371763542383,0.49489933399623326,0.010052373100415173,0.030791904931437353,0.0045204160593295,1,141.25999450683594
2019-10-03,0.0045204160593295,0.0007754987545161122,0.004378812937862092,0.5265554686908378,0.008584881039349,-0.11755979260725635,0.003376370910589708,0.0058308014016789,0.0024461713094376947,0.5160155258170395,0.013812591953294985,0.1104094221008749,0.0,0,141.89999389648438
2019-10-04,0.0,0.005937226680740912,-0.007372356266691309,0.0,0.0083691780971682,-0.13478647185578785,0.0033834673614352474,0.0046230673007072,0.0012354199362401008,0.5160155258170395,0.008245230579775942,-0.11760914226781127,-0.0085636354109891,0,141.89999389648438
2019-10-07,-0.0085636354109891,0.013020697191955411,-0.02151677393524791,-1.0016024503857504,0.0085499345650472,-0.16232367975736317,-0.004926188758063716,-0.0049367494657032,-1.0612989227776204e-05,0.4726861306071872,0.010874964480394262,-0.4261578084757668,0.0087045999170373,1,140.69000244140625
2019-10-08,0.0087045999170373,0.016267403735494512,-0.018085165638643506,1.019734636008518,0.0085361422566847,-0.11953438036523467,0.003156060131861172,0.0027144977425593,-0.0004401731762890826,0.5170779436292867,0.007891735707706451,-0.013114284051503278,0.0009156241246349,1,141.9199981689453
2019-10-09,0.0009156241246349,0.005577004690012613,0.0015499595671607906,0.10847365847685153,0.0084409813174163,-0.15667308699463856,0.0037131630343307065,0.0026313573778805,-0.0010778035959793097,0.5216615751987511,0.0067582308570412085,-0.3427990308522163,-0.0087676831929657,0,142.0500030517578
2019-10-10,-0.0087676831929657,-0.007711094562282588,-0.00693559580776651,-1.0112174221749834,0.0086704233933269,0.009964302776685585,-0.0048693027484217844,-0.00718612224248,-0.0023281559904212434,0.47532033196933665,0.007669922944251725,-0.10324488894801886,-0.0055547699406728,0,140.80999755859375
2019-10-11,-0.0055547699406728,-0.013265864502955388,-0.007328637822214511,-0.6492702050897423,0.0085554055878862,0.022251586542412216,-0.010339737625566557,-0.0131894260145047,-0.0028794612628995075,0.4483403499386597,0.009140889741163949,0.10389847570374333,0.0039911503934201,1,140.02999877929688
2019-10-14,0.0039911503934201,-0.0007110786985461874,0.01230961849340919,0.4759234666748736,0.0083861180901732,-0.019159968257967064,-0.006125574916829357,-0.0098989196399553,-0.003796601087516893,0.4715329824075776,0.0034142613189524387,-0.6018111149427915,-0.0069950016712766,0,140.58999633789062
2019-10-15,-0.0069950016712766,-0.016410680286860088,-0.0001432765513656115,-0.823001337319778,0.0084993806863751,-0.0043065789210355865,-0.012358764351868607,-0.0170524875358622,-0.00475245768865995,0.4369152392723556,0.007807437383606786,-0.10227114591892483,0.0057139148357037,1,139.61000061035156
2019-10-16,0.0057139148357037,-0.011612389575791287,-0.0060353848857787095,0.6716183545801242,0.0085076811804464,0.007901908619615039,-0.006593897356589735,-0.0116286963106772,-0.005068218265108504,0.4710541776325604,0.005911272768370914,0.03995453728652221,0.0014233647353723,1,140.41000366210938
2019-10-17,0.0014233647353723,-0.001421341647453286,-0.00913243620973591,0.16823698027512402,0.0084604748197728,-0.024214339257721207,-0.0049430698097557785,-0.0101637466497354,-0.005246611205432794,0.4795493501207697,0.004978287072069427,-0.37674689529784966,-0.0010673064134521,0,140.61000061035156
2019-10-18,-0.0010673064134521,0.003066121879767414,-0.01019974262318801,-0.13381263230532106,0.0079761259835082,-0.06770919255987284,-0.005128004326076052,-0.0110428121989005,-0.005945295373218196,0.4734084516279025,0.0027765867222469243,-0.3283258657510154,-0.0047815500752136,0,140.4600067138672
2019-10-21,-0.0047815500752136,-0.005706578588866286,-0.006417657287412509,-0.6075428599274422,0.0078703090606392,-0.06150748462967903,-0.008483149117287753,-0.0155564923228557,-0.007133860810606185,0.4459378869834392,0.008298078968685261,-0.12726027159771303,0.0029287043785159,1,139.7899932861328
2019-10-22,0.0029287043785159,0.004217127460926214,-0.01219355282593391,0.37630873578552465,0.0077827169555402,-0.08431952365467577,-0.004052707878612701,-0.0123310855998158,-0.008312064088823456,0.4663449776023787,0.0041369603686140415,-0.5774923210370099,0.0023510275929144,1,140.1999969482422
2019-10-23,0.0023510275929144,0.000854240218136914,-0.01075814935765441,0.3520072291897058,0.0066789184935954,-0.21495430400637616,-0.001247284059307906,-0.0098319307253077,-0.008595367530905063,0.4828550222465741,0.003557959185534846,-0.5282303386732365,0.0070907196944689,1,140.52999877929688
2019-10-24,0.0070907196944689,0.006521595177233513,0.005100253529780191,1.029217035617419,0.0068894309451604,-0.18569216362901364,0.005952698312038546,-0.0026145035822363,-0.008516505705139399,0.5302787995362207,0.005723258845256924,-0.291670347041151,0.002328959955734,1,141.52999877929688
2019-10-25,0.002328959955734,0.009917861546419614,0.012983983426186993,0.34237511482969946,0.0068023634161976,-0.14715948190105388,0.008011665301363703,-2.959811980968493e-05,-0.007977351550559009,0.5451038812367637,0.010080416808245554,-0.29506817428930754,-0.008637230479381,0,141.86000061035156
2019-10-28,-0.008637230479381,0.006062181142252215,0.00035560255338589267,-1.4204375670836369,0.0060806829385078,-0.22738956098708174,-0.0012853179352345825,-0.0083301966441487,-0.0070539452712855555,0.4842541227212125,0.006043843196846517,-0.3220313644585968,-0.0027768851942462,0,140.63999938964844
2019-10-29,-0.0027768851942462,0.0003565915694901151,0.004573719030416293,-0.46164105733217886,0.0060152474528453,-0.22710186080154315,-0.004273981953133208,-0.0109601798052782,-0.006714897201601566,0.4663330450713067,0.006060649579434046,-0.4950018960141569,0.0054752101849324,1,140.25
2019-10-30,0.0054752101849324,0.0034807741615081145,0.0043350143796449915,0.9879193510349618,0.0055421631119954,-0.17020051714810802,0.0012780806844120273,-0.0053631898728728,-0.006632793312268848,0.5052625991301058,0.010565807610502055,-0.04843097045644129,0.0099488449354686,1,141.02000427246094
2019-10-31,0.0099488449354686,0.0063388994025078155,0.012860494579741292,1.6859889071911456,0.0059008958439966,-0.14348574055426355,0.011099114087591875,0.0044867493488721,-0.006539778985650391,0.5674813196003786,0.005616815929906628,-0.004328148498563222,0.0009123470738276,1,142.42999267578125
2019-11-01,0.0009123470738276,0.004922286520601416,0.014840148067020992,0.1545589928487179,0.0059029051432847,-0.1322273183422007,0.011784981867426013,0.0052391324695428,-0.006469605217703123,0.5728157781242917,0.006242981235199852,0.15513671735560797,-0.0028801514371747,0,142.55999755859375
2019-11-04,-0.0028801514371747,0.010679365562807715,0.016741546705059892,-0.515652242951582,0.0055854531354092,-0.08144312211419613,0.008352656153922328,0.0026336819455809,-0.005671601273065319,0.5497858905104441,0.004994663985671014,-0.31638389969650227,-0.016312331868591,0,142.14999389648438
2019-11-05,-0.016312331868591,-0.002856081111537085,-0.0024994895420470085,-2.549841643571042,0.0063973901711581,0.06352901045360015,-0.007233624015492,-0.0129846566407373,-0.0057929365501950825,0.4423468215501669,0.010797243052805118,0.6827469981040657,0.0042810685305551,1,139.85000610351562
2019-11-06,0.0042810685305551,-0.004050222765914386,-0.0005694486044063099,0.659974322819798,0.0064867198351958,0.17043105807478143,-0.002407874406148384,-0.008033217287962,-0.005638920694632565,0.47136868587560493,0.005624729820563373,-0.08023849438058905,-0.0156432055218911,0,140.4499969482422
2019-11-07,-0.0156432055218911,-0.029642273223274087,-0.02330337382076631,-2.2039947324483715,0.0070976601221335,0.20281060872383527,-0.01700526970724985,-0.0224786429044615,-0.005568059551633309,0.3916203741286948,0.01880372289280676,1.092193363761003,-0.0063847338065501,0,138.27000427246094
2019-11-08,-0.0063847338065501,-0.03693935410365179,-0.03201706758305041,-0.8956499386012108,0.0071286040799841,0.2076433394993289,-0.02234398464965606,-0.0277748294020622,-0.0055549648006411045,0.36479047782786217,0.006841854906340977,0.4364992684199671,-0.0024048241483873,0,137.38999938964844
2019-11-11,-0.0024048241483873,-0.03646402681486439,-0.025784661252056713,-0.3416873351043826,0.0070380839478661,0.260073941583699,-0.02346576361820162,-0.0291908681996511,-0.005862676768673136,0.3549693685096578,0.009849634238826215,-0.04587004211171397,0.0026958749275869,1,137.05999755859375
2019-11-12,0.0026958749275869,-0.017455820018686487,-0.020311901130223613,0.3875378765342577,0.0069564166261529,0.08738351734666838,-0.020068569866805948,-0.0254214914961825,-0.005462547138271767,0.3752774347560006,0.010186960424186143,-0.10951049037958971,0.0039940728810308,1,137.42999267578125
2019-11-13,0.0039940728810308,-0.017742815668210787,-0.021793038434125216,0.5803601266698456,0.0068820594273923,0.06094599462296135,-0.0152937283706298,-0.0203151018856446,-0.005099361768770017,0.4052534534657037,0.004203521155341843,0.2250276384995924,0.0041947110406634,1,137.97999572753906
2019-11-14,0.0041947110406634,0.0020951008943437136,-0.027547172328930412,0.6028437718718004,0.0069582058178009,-0.01964792649027003,-0.010430623463269895,-0.0155567153015113,-0.00518012375866117,0.43598781485038324,0.007722339369746807,-0.2666183879933609,-0.0025291110010524,0,138.55999755859375
2019-11-15,-0.0025291110010524,0.005950723699841414,-0.030988630403810412,-0.36287979931235415,0.0069695557753421,-0.022311283227045897,-0.012136489404865518,-0.0175253986880588,-0.0054551152314015194,0.42182225459000283,0.0032558926733417012,0.383924934187329,0.0029620250721697,1,138.2100067138672
2019-11-18,0.0029620250721697,0.011317572920398415,-0.025146453894466014,0.4260539919476092,0.0069522293609537,-0.012198573865892959,-0.008791619867014567,-0.0142227562246229,-0.00547930835378907,0.4445876152990577,0.003967703586288884,-0.20291461223306306,0.0005049030061831,1,138.6199951171875
2019-11-19,0.0005049030061831,0.009126600998994613,-0.008329219019691912,0.07304956616538258,0.0069117865127359,-0.006415675744493421,-0.007755352137055871,-0.0135158556436596,-0.005805527416056666,0.44858018149071077,0.006056646644342707,-0.3318694954606485,0.000504538242453,1,138.69000244140625
2019-11-20,0.000504538242453,0.005637066360416814,-0.012105749307794013,0.07329792221923764,0.0068833907862204,0.00019345355008137943,-0.006625629080070859,-0.0126991870046511,-0.006114067467792417,0.45281525120616195,0.0064859752962878455,-0.06326600372268887,-0.005492097356825,0,138.75999450683594
2019-11-21,-0.005492097356825,-0.004049742037071586,-0.001954641142727912,-0.8181110344794909,0.0067131442131437,-0.03521907961248705,-0.010816498455748825,-0.0176425633026137,-0.006900706326185668,0.41549927635328054,0.005724589029947917,-0.42177013668416063,-0.001885795159979,0,138.0
2019-11-22,-0.001885795159979,-0.0034064261959981857,0.002544297503843188,-0.2831353389311656,0.0066604019374546,-0.044357753614838624,-0.011220100297596352,-0.0191568038813452,-0.008026764688620514,0.40325612766875835,0.005808066065435986,-0.4928944572494325,-0.0048031796332549,0,137.74000549316406
2019-11-25,-0.0048031796332549,-0.011171630901422785,0.00014594201897558806,-0.7393459703324767,0.0064965250721458,-0.0655479365176449,-0.014698993115689415,-0.0232668641664101,-0.008695688922326195,0.37319370235526605,0.0045957806799555865,-0.10740855904455238,0.004803179633255,1,137.0800018310547
2019-11-26,0.004803179633255,-0.0068733542743508865,0.002253246724643688,0.7250556607705416,0.0066245667651922,-0.04155506640930817,-0.00906114067301725,-0.0180239974543917,-0.0090448131052826,0.419776248755256,0.008857275824369506,-0.34676246856975357,-0.0053140142253706,0,137.74000549316406
2019-11-27,-0.0053140142253706,-0.012691906742174486,-0.007054840381757712,-0.8155015872840488,0.0065162524613452,-0.05333684172198394,-0.012889174483884148,-0.0227128114530705,-0.009951908858916614,0.3856382750341685,0.0027735559305751244,-0.4200211901768999,0.0061848061129796,1,137.00999450683594
2019-11-29,0.0061848061129796,-0.0010150032723698866,-0.005064745309441513,0.9947511041860905,0.0062174408120311,-0.0738407198436255,-0.005127345378615667,-0.0161697443070356,-0.011099308918710138,0.4424907394019732,0.007616444560489654,-0.35122851296386604,-0.0005079436043828,0,137.86000061035156
2019-12-02,-0.0005079436043828,0.00036284828322631353,-0.003043577912771913,-0.08199333796404917,0.0061949375034044,-0.06988533701437338,-0.003918152875104962,-0.0159446090040239,-0.012073762978044744,0.43888839394992174,0.005733313917015173,0.187068730543561,0.0095342531785736,1,137.7899932861328
2019-12-03,0.0095342531785736,0.014700281095054814,0.0035286501936319867,1.4285544689228504,0.006674056457758,0.027327130064251692,0.006730359467333622,-0.0058586397273248,-0.012504837145588144,0.5184872000451773,0.0043131773480200595,0.18496403209379464,-0.0013667767637935,0,139.11000061035156
2019-12-04,-0.0013667767637935,0.008530324698006315,0.0016569704236553866,-0.24256686909281097,0.0056346390952119,-0.14943281652495788,0.005693760226902045,-0.0064226408625581,-0.01204780378345649,0.5073310016837115,0.0041750780211595425,-0.08169771829705275,0.0005757184354598,1,138.9199981689453
2019-12-05,0.0005757184354598,0.014420057358836714,0.0017281506166621867,0.10401498894311634,0.0055349564645404,-0.1505920776743852,0.006801346554625749,-0.0054478484877327,-0.01216644682118917,0.5120913869468223,0.004748227784959532,-0.17174393064934457,-0.0099777048367574,0,139.0
2019-12-06,-0.0099777048367574,-0.001742453590900285,-0.0027574568632702133,-2.070572799427012,0.004818813827516,-0.2249521992728386,-0.0029595607180881315,-0.0147339155808553,-0.01180930521860013,0.4341615746218834,0.003124603617404201,0.3360602894426783,-0.0002906488870483,0,137.6199951171875
2019-12-09,-0.0002906488870483,-0.001525158873565785,-0.0011623105903395131,-0.06322444065310365,0.0045970970094147,-0.25792681413034646,-0.0033179061909787105,-0.0145291918726295,-0.011248607506135322,0.43210927437521585,0.002616663799682425,-0.5583170243246522,0.0028306996606543,1,137.5800018310547
2019-12-10,0.0028306996606543,-0.008228712391485085,0.006471568703569687,0.615654138235199,0.004597873196741,-0.3110826637679429,-0.0008219513954022544,-0.0116082335092849,-0.010795155206768547,0.4589673273891195,0.004276265366895517,-0.455274631812849,0.0068619356276915,1,137.97000122070312
2019-12-11,0.0068619356276915,-8.413408858487514e-17,0.008530324698006186,1.4294033358583638,0.0048005594051387,-0.14802717192339243,0.00551541533590032,-0.0047013808316389,-0.010160755381483977,0.51868246049293,0.008494154550270472,0.027922921374643472,-0.0035334849047766,0,138.9199981689453
2019-12-12,-0.0035334849047766,-0.004109203340236484,0.010310854018600185,-0.7345343597110934,0.0048105100300092,-0.13088566083082198,0.0018055616351480073,-0.0078097007951535,-0.009597932771113316,0.4887195468017629,0.014231028858876641,0.48556916118116145,0.0044688728367158,1,138.42999267578125
2019-12-13,0.0044688728367158,0.010337374333236716,0.008594920742336387,0.9265794482934273,0.0048229785853189,0.0008642703270913543,0.0061141312710851076,-0.0029584715385397,-0.009017468821517105,0.5260288454321188,0.008845817758596415,0.15666640646668917,-7.198939739749056e-05,0,139.0500030517578
2019-12-16,-7.198939739749056e-05,0.010556033822887525,0.009030874949321695,-0.01505566757396457,0.004781548014648,0.04012336586666532,0.005739707130120359,-0.0026211745453536,-0.008313166534243521,0.5253623050919622,0.004243357065448509,-0.19169864891666288,-0.0002157797570961,0,139.0399932861328
2019-12-17,-0.0002157797570961,0.007509554405137125,-0.0007191579863480036,-0.04551318154123373,0.0047410387450196,0.03113734158220738,0.005380901109050417,-0.0025959663788611,-0.007934174479654499,0.5232225322323381,0.003237155355905424,-0.2446877102983197,7.200493236905694e-05,1,139.00999450683594
2019-12-18,7.200493236905694e-05,0.0007196237098146825,0.0007196237098145532,0.015190031036808282,0.0047402755264012,-0.012557677897490405,0.005333323784808504,-0.0021088712149665,-0.007402713929502758,0.5239193100910596,0.0031650296927333067,-0.3575776138698844,0.0025862126377012,1,139.02000427246094
2019-12-19,0.0025862126377012,0.006839321252292483,0.002730117912055953,0.5419626771819346,0.0047719386344994,-0.008018150938087887,0.00771078337519162,0.0008588637803966,-0.00679949019881021,0.5494234796794041,0.004878805501133735,-0.09869351322021858,0.001003939740491,1,139.3800048828125
2019-12-20,0.001003939740491,0.003374388156067682,0.013711762489304353,0.2192163014171765,0.0045796764839147,-0.05044644032731316,0.00816900567526133,0.0020498135498503,-0.0060696094513562615,0.5593106221477339,0.0038704739706524236,-0.19323706421355114,0.0030772033721655,1,139.52000427246094
2019-12-23,0.0030772033721655,0.006523580925630673,0.017079614748518154,0.6725635537530724,0.0045753347099972,-0.04312689196450126,0.010469297611329186,0.0051496246179839,-0.005264556781606866,0.5891317725475705,0.003072582664859526,-0.07667439535352061,0.009387789011397,1,139.9499969482422
2019-12-24,0.009387789011397,0.016127149694123773,0.02363670409926085,1.973030609919183,0.0047580554321869,0.0035892318292432,0.018459477722579835,0.0145310898400989,-0.003857186239029642,0.6642446950476537,0.0063708439729189175,-0.04532874930812114,0.0078265908031554,1,141.27000427246094
2019-12-26,0.0078265908031554,0.023881735564910116,0.024601359274724753,1.5927697843793203,0.0049138242575372,0.036611528205356736,0.024747865618368975,0.0220959166550571,-0.0025879038661978937,0.7119353821766111,0.003933119394501092,0.4543017172701489,-0.0003512560225688,0,142.3800048828125
2019-12-27,-0.0003512560225688,0.02094426690464012,0.02778358815693255,-0.07534195589642798,0.0046621569401738,-0.023005680234845838,0.022430559726133607,0.0214553881517421,-0.00095377780438477,0.707063162242476,0.00393450116904,-0.11525650718220115,0.0021055808220621,1,142.3300018310547
2019-12-30,0.0021055808220621,0.022045907986211217,0.02542029614227885,0.4624593400272805,0.0045530074534507,-0.005823343757505706,0.02283324710967449,0.0233117138982559,0.00046778572160555143,0.7194677667199847,0.0023837644692641805,-0.17081280374242558,0.0018911434545748,1,142.6300048828125
2019-12-31,0.0018911434545748,0.020859848068620516,0.02738342899425114,0.4180930190940366,0.0045232600598611,-0.011381604502576859,0.022895201260666086,0.0248899416594725,0.001950092635440992,0.7305271045377333,0.005598342098862008,-0.060143892527228626,0.0073209536340358,1,142.89999389648438
2020-01-02,0.0073209536340358,0.018793012691259315,0.03492016238538304,1.683635292678828,0.004348301360675,-0.08611796927375615,0.028629391142657012,0.0318049497293525,0.00308717465594488,0.7687147924537417,0.005627042963217679,0.3770692629978294,0.0131812658825288,1,143.9499969482422
2020-01-03,0.0131812658825288,0.024147687770632715,0.04802942333554278,2.648024254887244,0.0049777738471244,0.01301421993045615,0.03969977109831421,0.0446478534384267,0.004759145358746553,0.8189705505379535,0.006307510104789362,1.075332429774818,0.0104348689670119,1,145.86000061035156
2020-01-06,0.0104348689670119,0.034933812760213415,0.05587807966485348,1.9824309357789132,0.0052636733914324,0.1290210644938472,0.04747352391073983,0.054569442858117,0.006774318190768902,0.8475474015203974,0.010380614598227148,1.2681487092230301,0.0039274280565074,1,147.38999938964844
2020-01-07,0.0039274280565074,0.03675565999465871,0.058801567980869884,0.9135948020054119,0.0042988730319901,-0.055816825265241565,0.047742125725020804,0.0577445582104763,0.009546654887560235,0.856777360609333,0.004798315253158539,0.2637316077038765,-0.0075298025846351,0,147.97000122070312
2020-01-08,-0.0075298025846351,0.02733471395544881,0.048194562024069285,-1.5343039938354586,0.0049076340900424,0.08497721225277144,0.036477138822436354,0.0490599543015877,0.012139983611647143,0.7617291282700281,0.0168187471771604,2.0517990368010053,-0.0056676844863565,0,146.86000061035156
2020-01-09,-0.0056676844863565,0.014346075835056513,0.03313908852631578,-1.0695009470251444,0.0052993730413436,0.2187225773424688,0.027696348631788513,0.0423283923386757,0.014237711096636074,0.6992613443591955,0.006642479139982333,0.3466546903549912,0.0060081076167883,1,146.02999877929688
2020-01-10,0.0060081076167883,0.007172917569316014,0.03132060533994868,1.14035981472021,0.0052686069249664,0.05842633409511189,0.030990802492754953,0.0476136437906785,0.01612317128119134,0.7250104658421291,0.005581698344414677,-0.19142478477289915,-0.0074471447038162,0,146.91000366210938
2020-01-13,-0.0074471447038162,-0.010709096101512085,0.024224716658701285,-1.334716262405316,0.0055795714142237,0.06001474622370795,0.020694623381386085,0.0391295292117762,0.01806113739417814,0.6506956039240032,0.004114703561779153,0.0010163338425988044,-0.0008919411826434,0,145.82000732421875
2020-01-14,-0.0008919411826434,-0.015528465340662885,0.021227194653995782,-0.15888513967326073,0.005613748299417,0.3058651087487918,0.01742025048888404,0.0377209501443161,0.019953111455838668,0.6422399341399906,0.005010609618409835,-0.12919432933017594,0.0058172894924352,1,145.69000244140625
2020-01-15,0.0058172894924352,-0.0021813732635925856,0.025153340691856183,1.0322747074174898,0.0056354083371748,0.14829431733899145,0.020683164859916857,0.0431838076107469,0.022044688817727476,0.6722300753137003,0.006209829705283775,-0.1501921205447908,-0.0015707412123407,0,146.5399932861328
2020-01-16,-0.0015707412123407,0.0019155700104232156,0.01626164584547968,-0.27657041417635225,0.0056793537263141,0.07170295089740653,0.016496947881772386,0.0409299981444804,0.024036521028049318,0.6562008101055048,0.004852755968250538,-0.21685343890389674,0.0018437252860089,1,146.30999755859375
2020-01-17,0.0018437252860089,-0.0022488123203561845,0.004924105248959783,0.3261919105588375,0.0056522716423292,0.07282090367089711,0.01570539720230534,0.041853259973227,0.025743550091339662,0.6662617197938332,0.004639158999015955,0.36869854811693337,0.0010909837309721,1,146.5800018310547
2020-01-21,0.0010909837309721,0.006289316114432115,-0.004419779987080017,0.19265100177879438,0.0056630057508073,0.014953538612465067,0.014227834738756657,0.0420587625884842,0.027440508825017806,0.672380240837636,0.008927337532741041,-0.25605666393468174,0.0003405975107135,1,146.74000549316406
2020-01-22,0.0003405975107135,0.007521854807789015,-0.008006610532873916,0.060021315606994065,0.0056746092162267,0.010841404630845597,0.012030699595724897,0.0411538701687462,0.028776963569045133,0.6743886798683144,0.0029293050987684133,-0.4170495499342408,0.0022455988755117,1,146.7899932861328
2020-01-23,0.0022455988755117,0.003950164190865515,0.001768790927272884,0.3958041324762542,0.0056735104342207,0.006761195421200128,0.01180504421594676,0.0420562020263227,0.029898208141290405,0.6879873919881179,0.006797172601884988,0.0073308388740835895,0.0058285535187767,1,147.1199951171875
2020-01-24,0.0058285535187767,0.011349458921982917,0.013265028932406085,1.0598966481847358,0.0054991715737182,-0.03172581974619104,0.01537677484758883,0.0465287055479131,0.030680168654635853,0.7207216599118728,0.010068965645244796,0.15490896559512457,0.0068021258430709,1,147.97999572753906
2020-01-27,0.0068021258430709,0.016307859479044916,0.014059047158688685,1.2481581624503324,0.0054497306893521,-0.03583354902129865,0.01999394482963115,0.0519515765207166,0.03133119745767088,0.7534382271925563,0.005772203360251711,0.15181543461050806,-0.0089668680366179,0,148.99000549316406
2020-01-28,-0.0089668680366179,0.006250007711454916,0.012539323825886984,-1.4989122971560882,0.0059822499646116,0.05637363404739437,0.009047695717540435,0.0411378741745339,0.0318024396598755,0.6461027239743461,0.006975475780522279,-0.1421252107554214,0.0054032484808315,1,147.66000366210938
2020-01-29,0.0054032484808315,0.011312658681572916,0.018834513489361885,0.8952863533439547,0.0060352181853884,0.06354780662790471,0.01249770035888428,0.0453192747401417,0.0324164433851295,0.6760020939458866,0.00639900919628243,-0.4305172159174817,6.731894098032181e-05,1,148.4600067138672
2020-01-30,6.731894098032181e-05,0.009134378747041538,0.013084542937907007,0.011125704701100326,0.0060507574835834,0.06649270389762107,0.010646268337447208,0.0438814162091808,0.03288504485986654,0.6763699585949269,0.00875599812129951,0.014043944313481216,0.0057757084771893,1,148.47000122070312
2020-01-31,0.0057757084771893,0.009081533705454139,0.020430992627437007,0.9646132510590725,0.0059875898147242,0.08881669437997952,0.014642439659887516,0.0483491757341266,0.03322030969406109,0.7071784838589249,0.0058259901327247935,0.5823259869943318,-0.0065168775955977,0,149.3300018310547
2020-02-03,-0.0065168775955977,-0.004237469733214463,0.012070389745830407,-1.157015154639074,0.0056324911298423,0.03353568293700904,0.00719619716172337,0.0401272077673664,0.032695725717037716,0.6338811582579501,0.0074144385210987524,-0.008952332232205484,-0.0130943081867824,0,148.36000061035156
2020-02-04,-0.0130943081867824,-0.00836490988337896,-0.002114902171924093,-2.1925793278861816,0.0059721023637518,-0.0016962849964191618,-0.0055823197585079575,0.0254933655143237,0.03125013351058392,0.5186858073826268,0.008399889292233075,0.17033489684127656,0.0012285555646719,1,146.42999267578125
2020-02-05,0.0012285555646719,-0.01253960279953856,-0.0012269441179656934,0.20819498216295473,0.0059009854700067,-0.02224156795303356,-0.003899878959871763,0.0255172737172559,0.029532325170696927,0.5273139464339175,0.00443348948760922,-0.308002280187919,0.0053739342341258,1,146.61000061035156
2020-02-06,0.0053739342341258,-0.007232987506393085,0.0019013912406484063,0.9278320722992297,0.0057919254944581,-0.04277679114186106,0.0012838295736790437,0.0296516927754303,0.028331490396513948,0.5642336804132757,0.004274117428084413,-0.3998759858255285,0.0026423634506581,1,147.39999389648438
2020-02-07,0.0026423634506581,-0.010366332532924285,-0.0012847988274701937,0.4679795195186444,0.0056463228420252,-0.056995716683828856,0.0033333118382876436,0.0308335919348997,0.027408917627011364,0.5816074834119109,0.005683715921580207,-0.18586620961268252,0.0025679490647931,1,147.7899932861328
2020-02-10,0.0025679490647931,-0.0012815058725334843,-0.005518975605747994,0.4648761168337584,0.005523942770567,-0.019271820722483568,0.005483086955279184,0.0319826060389186,0.02635501225971204,0.5984085043333922,0.003644417174906794,-0.2587707205734753,-0.00344789243087,0,148.1699981689453
2020-02-11,-0.00344789243087,0.008364909883378915,-9.280770596475918e-17,-0.6516039952418521,0.0052913924040479,-0.11398162962435632,0.0013970752535303222,0.0269071354453276,0.025474470439549535,0.5655831636611952,0.007788223803007654,-0.32695600082385967,-0.0008130784812246,0,147.66000366210938
2020-02-12,-0.0008130784812246,0.006323275837482414,-0.006216326962056193,-0.15369434795007111,0.0052902302008447,-0.10350055465588304,-4.409175932046791e-05,0.0246928746991237,0.02473805720290856,0.5578287254277624,0.0044055437580494145,-0.33833287608476204,0.0056773037181113,1,147.5399932861328
2020-02-13,0.0056773037181113,0.006626645321467915,-0.0006063421849252142,1.0746170131179011,0.005283094952721,-0.0878517070400795,0.005022439505195637,0.0290132419818252,0.02387091226385052,0.599246119763962,0.004245888004317462,-0.07382789946165857,0.0041697222765956,1,148.3800048828125
2020-02-14,0.0041697222765956,0.008154004147405417,-0.002212328385518914,0.7847506666119364,0.0053134357879527,-0.05895643295400055,0.00830327888581558,0.0318974043025943,0.023399830101564767,0.6270157687245984,0.003355704697986577,-0.2976236622013153,0.0127373509518433,1,149.0
2020-02-18,0.0127373509518433,0.018323406034455616,0.017041900161922086,2.1457896419735527,0.0059359737332539,0.07459001293103684,0.019734535250321764,0.0433923124977044,0.023199937267570636,0.6967340822661626,0.010734842474821633,0.5103451348772843,0.0058142855101764,1,150.91000366210938
2020-02-19,0.0058142855101764,0.027585583975502016,0.03595049385888088,0.9667679951960223,0.0060141476952777,0.13659075646646324,0.023933799158269434,0.0476237353543646,0.02313619905463593,0.7224729672320959,0.0065880495700065215,0.18998822181499575,0.0040763395182913,1,151.7899932861328
2020-02-20,0.0040763395182913,0.03247500197501792,0.03879827781250029,0.6762374777481236,0.0060279704281779,0.13945333176907937,0.026171058358213473,0.0497597811886183,0.02298712542930681,0.7392638475379282,0.005773931249050143,0.06063874348176146,0.0149134559263085,1,152.41000366210938
2020-02-21,0.0149134559263085,0.04171115418321511,0.04833779950468298,2.226891746522048,0.0066969828908838,0.26762493402368115,0.03893834399139637,0.0630256519570533,0.02318454035791806,0.789839284777711,0.006722744443684957,0.9527444096575692,0.0089450026567179,1,154.6999969482422
2020-02-24,0.0089450026567179,0.04648643456333741,0.054640438710742784,1.3128435459472163,0.0068134567019287,0.2823071499945551,0.0454263627542449,0.06991273293499,0.02342237679585013,0.8134881307172889,0.020308784953029048,1.9429508793326233,-0.0180359347239326,0,156.08999633789062
2020-02-25,-0.0180359347239326,0.01571314888756151,0.034036554922017084,-2.2123690739632265,0.0081523173218215,0.3733748982330274,0.025260351182067514,0.0487214435809462,0.022883058309852045,0.654330103471909,0.02067839599373683,1.7709824872210178,0.0043609803851512,1,153.3000030517578
2020-02-26,0.0043609803851512,0.01425984376253631,0.04184542773803828,0.5594608926954573,0.007794969124902,0.2961053701794849,0.027573032199106666,0.0510701239233398,0.02286659048841244,0.6709779284038282,0.015457588257084976,0.6809447261268311,0.0001948162436136,1,153.97000122070312
2020-02-27,0.0001948162436136,0.01037832048785861,0.042853322462876486,0.02508747186901621,0.0077654793049994,0.2882411082674645,0.02587674762373603,0.0491335111828558,0.02267013421738051,0.6717402324914837,0.015389677766081574,1.362688864255035,-0.0371760187447656,0,154.0
2020-02-28,-0.0371760187447656,-0.04171115418321549,-4.163336342344337e-16,-3.1811164231532447,0.0116864690880805,0.7450349326692454,-0.011531429564636514,0.0095622281740168,0.02133973539428058,0.4577652242637115,0.0385496767251131,2.167982158232175,0.0055110836466559,1,148.3800048828125
2020-03-02,0.0055110836466559,-0.04514507319327749,0.0013413613700598804,0.47185157533161665,0.0116796974616069,0.7142102713151024,-0.0060258160908805,0.0137356886336494,0.01988130581702996,0.4836114249243451,0.011327094342987927,0.2022718285002627,0.030950390194086,1,149.1999969482422
2020-03-03,0.030950390194086,0.003841251724741108,0.01955440061230258,2.3000489918868343,0.0134564047562726,0.6506232798683542,0.02333406760313992,0.0434932321866847,0.019699495230097952,0.6008130809352403,0.029241666241131305,0.9739750195417864,0.0017529903517554,1,153.88999938964844
2020-03-04,0.0017529903517554,0.0012332616913453074,0.01549310545388158,0.13493629452475187,0.0129912441862248,0.6666190690509155,0.02250156121295007,0.0432330174126524,0.02027523182958224,0.6063522817793258,0.00817338956728823,-0.15776796714368413,0.0213709512045744,1,154.16000366210938
2020-03-05,0.0213709512045744,0.02240939665230611,0.03278771714016468,1.5661128138326668,0.0136458568091748,0.7572459178906863,0.04083302138641145,0.0631820344686447,0.021472236778637077,0.6676119609015069,0.012064218872395971,0.18144927117065923,0.0003808885074389,1,157.49000549316406
2020-03-06,0.0003808885074389,0.05996630390451061,0.01825514972129508,0.02788968834969238,0.0136569653508911,0.16861348350464467,0.037748916791713445,0.0610656772427427,0.02246859531601819,0.6686125983741446,0.029895313377555896,0.6527033795882855,0.0016488747161249,1,157.5500030517578
2020-03-09,0.0016488747161249,0.05610409497397961,0.010959021780702082,0.12069585624121996,0.0136614028639848,0.16967095328385806,0.03604252287507293,0.0604541345032228,0.02356236456434857,0.6732037716928481,0.01926362925773498,0.44206127544143325,-0.0213271518262895,0,157.80999755859375
2020-03-10,-0.0213271518262895,0.0038265529536041128,0.007667804678345182,-1.4478692928812105,0.0147300256529712,0.09464793306733066,0.012084314512607311,0.0363917608787699,0.02401721478893637,0.565196678415826,0.01307615437809617,0.05114845994722894,-0.0035667044227174,0,154.47999572753906
2020-03-11,-0.0035667044227174,-0.0014931418208686876,-0.0002598801295234181,-0.24209937409638282,0.0147323983633987,0.13402520591677614,0.006413856192419948,0.0310969758355952,0.02452581459535863,0.5495150682329789,0.018774764679782504,-0.020774417482939622,-0.0407056042424384,0,153.92999267578125
2020-03-12,-0.0407056042424384,-0.06356969726788149,-0.04116030061557542,-2.316561249748216,0.0175715639924749,0.28768491698232146,-0.03380920367194726,-0.0107155613272239,0.02390174118040589,0.4120650633042691,0.031801861842855834,0.6498004670022604,-0.0309915525653007,0,147.7899932861328
2020-03-13,-0.0309915525653007,-0.0949421383406211,-0.03497583443611052,-1.6462453033011049,0.0188255981676336,0.37846129677741724,-0.06172953170905961,-0.0409535904862706,0.022142806285518457,0.34400108435344123,0.05597434632041455,0.6482183955439274,-0.0115121262982248,0,143.27999877929688
2020-03-16,-0.0115121262982248,-0.10810313935497079,-0.05199904438099122,-0.6093466316783352,0.0188925739468137,0.38291609836202833,-0.07022847211711296,-0.0516376747882591,0.019995016809329025,0.32310126399870837,0.04829152517759457,0.09847090303222994,0.0134644263387051,1,141.63999938964844
2020-03-17,0.0134644263387051,-0.0733115611899762,-0.06948500823637212,0.7114933600283848,0.0189241770832098,0.2847348354340846,-0.05534609651977598,-0.0384860246997548,0.017847882444466112,0.3712621181518685,0.043675148920937025,0.06719172960507858,-0.0201231068427108,0,143.55999755859375
2020-03-18,-0.0201231068427108,-0.08986796360996958,-0.09136110543083831,-1.0474659421978636,0.0192112278137532,0.30401224158326756,-0.0707749976250176,-0.0567960472031358,0.015043665835673181,0.33322889549739515,0.031130099344804717,-0.0690824652475942,-0.0190864928378344,0,140.6999969482422
2020-03-19,-0.0190864928378344,-0.06824885220536558,-0.13181854947324712,-0.9833837711619202,0.0194089971764357,0.10456856229460798,-0.08399584349926535,-0.0733941551706158,0.01157384303707687,0.302218692953104,0.019197290824199045,-0.1393414850221808,0.0148843831466835,1,138.0399932861328
2020-03-20,0.0148843831466835,-0.02237291649338139,-0.11731505483400251,0.7669424303710227,0.0194074321060616,0.03090653126912768,-0.06573712778864176,-0.0586459905686965,0.0075900877909884645,0.35270121806056876,0.014488607311781677,-0.17758433440857813,0.0432314961462957,1,140.11000061035156
2020-03-23,0.0432314961462957,0.03237070595113911,-0.07573243340383172,1.9618564120466153,0.0220360143998492,0.16638497548745335,-0.021267176600953695,-0.0170930172643981,0.004264860886200816,0.47501428292060915,0.0317839630860384,0.15683290643671177,0.0473895202592504,1,146.3000030517578
2020-03-24,0.0473895202592504,0.06629579987168441,-0.007015761318291812,1.9383825095405578,0.0244479714535202,0.29189086246774254,0.026196750523232202,0.0297098459316249,0.0034234131092323317,0.5743624103671358,0.023533251329772683,-0.1383623463909227,-0.0137842081803642,0,153.39999389648438
2020-03-25,-0.0137842081803642,0.072634698534031,-0.01723326507593861,-0.5599921201947174,0.0246150038246453,0.2812821784885382,0.013053214437845484,0.0148668520202458,0.001790268819596763,0.5417094255783096,0.012359618891328479,-0.31433304418762975,0.012740714714697,1,151.3000030517578
2020-03-26,0.012740714714697,0.1044619060865624,0.03621305388119679,0.5136797184223625,0.0248028377562324,0.2779041354256735,0.026303934875993886,0.0268396618990496,0.0005219964621108186,0.566242577844205,0.017815163336449016,-0.4503225723193267,-0.006481449089244,0,153.24000549316406
2020-03-27,-0.006481449089244,0.08309607385063492,0.06072315735725349,-0.27815281803485964,0.0233017559736954,0.20066147063410167,0.01835378530335775,0.019425670460234,0.0010525665759242298,0.5500601882245819,0.010180644018113711,-0.545220044924368,0.004390990264267,1,152.25
2020-03-30,0.004390990264267,0.044255567968606205,0.07662627391974529,0.18851589182418235,0.0232924143517949,0.057015752901046435,0.021564272876245964,0.0230062598651296,0.0014115479830003608,0.5592406051273432,0.009874408350225733,-0.43526744498591785,-0.0323648216936519,0,152.9199981689453
2020-03-31,-0.0323648216936519,-0.0354987739842961,0.030797025887388287,-1.386474687683798,0.0233432474326088,-0.045186735554386126,-0.009036119091008973,-0.0097678584798582,-0.0007384117655006017,0.4822221611806251,0.02586965047015724,-0.3541697375464511,0.0094117931494001,1,148.0500030517578
2020-04-01,0.0094117931494001,-0.012302772654531799,0.06033192587949918,0.401023997674407,0.0234694013425141,-0.04654082080556843,0.001913981201812551,-0.0007662398488023,-0.0026751009576689855,0.5033954834636496,0.014921350104218195,-0.425838621301992,0.0162605011105618,1,149.4499969482422
2020-04-02,0.0162605011105618,-0.008782986258667,0.09567891982789539,0.6998781440431678,0.0232333317577622,-0.06327929142203981,0.020250499438767926,0.0149211086912936,-0.005223610035384407,0.5389289431938529,0.011849921817537823,-0.544235107086124,0.0049253097765777,1,151.89999389648438
2020-04-03,0.0049253097765777,0.002623772607154699,0.08571984645778959,0.21158615479888007,0.0232780343366955,-0.0010180192869017057,0.026977906958731597,0.0191790925605006,-0.007593945639323585,0.5495544471346008,0.0093677873105646,-0.5597027495768122,0.0273335338154352,1,152.64999389648438
2020-04-06,0.0273335338154352,0.0255663161583229,0.06982188412692908,1.131475587133521,0.0241574225076141,0.03713690400465275,0.05576628016393339,0.0461777664022346,-0.009082042059734952,0.6048632227710613,0.02078017851459856,-0.21300115492492988,-0.0053688714007191,0,156.8800048828125
2020-04-07,-0.0053688714007191,0.0525622664512557,0.01706349246695958,-0.22667694333627827,0.0236851235141031,0.014645609291564332,0.04956225821357079,0.0395985119271931,-0.009493239880154047,0.5893864516797382,0.011279124471689831,-0.4960785436618399,-0.0089478819474376,0,156.0399932861328
2020-04-08,-0.0089478819474376,0.034202591354418006,0.021899818699886185,-0.3765275925426446,0.0237642131005955,0.012561537202372408,0.039960969021130666,0.0293790370707705,-0.0101753164451166,0.5636840935236821,0.00872942875393359,-0.5710544122286287,0.025788169295063,1,154.64999389648438
2020-04-09,0.025788169295063,0.04373025953891921,0.034947273280252183,1.1541326362749345,0.0223441989980429,-0.03826970530915097,0.06323179780260248,0.0548335527913669,-0.007898790300094771,0.6160872785006779,0.011783950396484277,0.0672384358947331,0.016995105513929,1,158.69000244140625
2020-04-13,0.016995105513929,0.05580005527627051,0.058423827883425185,0.8103190121991231,0.0209733515542305,-0.09900676101469186,0.07492727625959099,0.0710712220485427,-0.003587269851841657,0.6468410480286113,0.023232760764011456,0.2645809397156029,0.0078373015433468,1,161.41000366210938
2020-04-14,0.0078373015433468,0.03630382300418211,0.061870139162504986,0.3810536408189929,0.0205674495761337,-0.14860744892584832,0.0758476185709367,0.0775893075139494,0.0016188992873602537,0.660515240325488,0.01622817499697038,0.07653356331154781,-0.0051150179335856,0,162.67999267578125
2020-04-15,-0.0051150179335856,0.03655767647131561,0.08911994292257129,-0.2473911447283639,0.0206758327554606,-0.1270540454159188,0.06392424154688686,0.0701789202409068,0.005878876004297151,0.6429928483271311,0.010688882683344454,-0.20445383720522636,-0.000865368975394,0,161.85000610351562
2020-04-16,-0.000865368975394,0.04464018944335921,0.07884278079777718,-0.04364728403266708,0.0198264106134606,-0.16570304560331617,0.055713736445579275,0.0670969603183458,0.010782491010387085,0.6399091730120531,0.015459773027055451,-0.3687277092996981,-0.0196084667171404,0,161.7100067138672
2020-04-17,-0.0196084667171404,-0.0007564465688441949,0.042973812970074986,-0.9871949940923794,0.0198628101180439,-0.11105293504664648,0.028323192991741842,0.0447275948067479,0.015952573983360363,0.5734786240929884,0.012297484498718442,0.023410121511923343,0.0071008537209921,1,158.57000732421875
2020-04-20,0.0071008537209921,-0.010650698361781095,0.04514935691448939,0.3590847725075105,0.0197748672866477,-0.057143192612010285,0.029114181926049722,0.0504698999690517,0.02075155353804714,0.5899750318964262,0.01102062955834834,-0.22820589840827887,-0.0068486733480538,0,159.6999969482422
2020-04-21,-0.0068486733480538,-0.025336673253181695,0.010967149751000386,-0.381045598341165,0.0179733695333804,-0.12612550881191664,0.018052284315820375,0.041817200072114,0.02334351204001739,0.5671868335969187,0.013681441393253174,-0.04450504831612401,0.0194798889508458,1,158.61000061035156
2020-04-22,0.0194798889508458,-0.0007417663687502955,0.03581591010256528,1.271720896102244,0.015317739144297,-0.25914765680954244,0.03531050860185011,0.0604216525758002,0.02425469824300519,0.6132373442213218,0.008161796568909337,0.018541141772454584,0.0099056437955244,1,161.72999572753906
2020-04-23,0.0099056437955244,0.010029246402168103,0.05466943584552728,0.6652322043600172,0.0148905054965793,-0.24895606235100376,0.04160287694574657,0.0687803904860765,0.02609201082472201,0.6348290529951004,0.010775130433970284,0.18566731264097602,-0.0042947299426519,0,163.33999633789062
2020-04-24,-0.0042947299426519,0.025342983176656605,0.024586536607812383,-0.2893823275218451,0.0148410235670929,-0.2528235693291493,0.03403990256885857,0.0621013198368705,0.027137654164311353,0.6186576515579455,0.014879477238237978,-0.10490490818507725,-0.0066625899835551,0,162.63999938964844
2020-04-27,-0.0066625899835551,0.011579539472109405,0.0009288411103282827,-0.4487452784848596,0.0148471533918989,-0.24919074415614761,0.024142391054671915,0.053235447708007,0.028407238004643842,0.5935358462437921,0.009841522418406657,-0.2757149844054425,-0.0044665163233347,0,161.55999755859375
2020-04-28,-0.0044665163233347,0.013961696496828505,-0.011374976756353218,-0.2990774976670652,0.0149343108664994,-0.1690867514428397,0.017025228150966853,0.0469254675329529,0.02939970273534609,0.5767222509792235,0.011315544061604375,-0.16180991902662423,0.0055181924540174,1,160.83999633789062
2020-04-29,0.0055181924540174,1.0495077029659683e-16,-0.0007417663687502175,0.44228966832032807,0.0124764217870467,-0.18549195351117864,0.018248880308173367,0.0512378299841892,0.032397727425962586,0.5921039495187831,0.012922844567439784,-0.008168704484577849,-0.0182826836837886,0,161.72999572753906
2020-04-30,-0.0182826836837886,-0.028188327479312894,-0.01815908107714482,-1.3647784499503273,0.013396081748253,-0.10036084729760208,-0.0031324488837890276,0.0312532309909328,0.03449372971988063,0.52452567245455,0.01693956164805296,0.09740931391291396,0.0061522933833428,1,158.8000030517578
2020-05-01,0.0061522933833428,-0.017741304153318198,0.007601679023338385,0.4711798157014828,0.0130572091127957,-0.12019484008181647,0.0005447922709058136,0.0366250815161044,0.036060643685235094,0.5433007519528982,0.01658526672130468,-0.12752954718956966,0.0034986763611594,1,159.77999877929688
2020-05-04,0.0034986763611594,-0.007580037808603696,0.003999501663505685,0.2681528567178802,0.0130473208601328,-0.12122408142884478,0.0016398116490015718,0.0394975169018227,0.037795727378783006,0.5541351450087685,0.006486175064774198,-0.3603622760953602,0.0042320696304066,1,160.33999633789062
2020-05-05,0.0042320696304066,0.0011185481451376047,0.015080244641966084,0.3623320048399448,0.0116800878031077,-0.2179024591413563,0.004588746362067919,0.0432391918955117,0.03847389857133998,0.5675511007397279,0.010992449543510906,-0.13958113319586418,-0.0129389392482341,0,161.02000427246094
2020-05-06,-0.0129389392482341,-0.017338583557113894,-0.017338583557113815,-1.0759843045138413,0.0120252118864134,-0.0361650085525127,-0.009225223450832772,0.0290743299991616,0.0386561652118258,0.5165934010244926,0.010758046479453144,0.06948402121826813,0.01523412410856,1,158.9499969482422
2020-05-07,0.01523412410856,0.016178224235234705,-0.012010103244078214,1.2492195518956015,0.0121949132844129,-0.08966565645187607,0.003875170734438516,0.0438684789324606,0.03983892555960211,0.5660523872896375,0.016110081872163323,0.07057823594678903,-0.0060284277412398,0,161.38999938964844
2020-05-08,-0.0060284277412398,0.003997503110652105,-0.013743801042666115,-0.5500731512305786,0.0109593200972516,-0.1606690217964134,-0.002695007789046225,0.0367335271354178,0.03953508227914693,0.5422983401280007,0.0124672735496089,-0.020333390289608677,-0.0062531470105992,0,160.4199981689453
2020-05-11,-0.0062531470105992,-0.005754320261106495,-0.013334358069710214,-0.6048897160564417,0.0103376646099497,-0.2076791303924076,-0.008298401067714642,0.0288028610954423,0.03741171961717327,0.518157351321878,0.011416430467462418,-0.06802422182583212,0.0038815245238018,1,159.4199981689453
2020-05-12,0.0038815245238018,-0.006104865367711295,-0.004986317222573715,0.38038077929049646,0.0102043129809077,-0.12634963427306967,-0.0036234518018714726,0.0313609684988312,0.03511164565642311,0.532065670231751,0.007685552231559856,-0.1101069479387764,0.0095766453458976,1,160.0399932861328
2020-05-13,0.0095766453458976,0.016410719226420407,-0.0009278643306935147,0.9203419160561903,0.0104055299218958,-0.13469051354908657,0.00604888714305661,0.0402543458850359,0.03399979780218709,0.5656063898198131,0.006684006800445015,-0.05875597872264526,0.0088111275361233,1,161.5800018310547
2020-05-14,0.0088111275361233,0.009987722653983707,0.026165946889218385,0.8319778688288272,0.0105905792284195,-0.1315576436319561,0.01454188769760586,0.0482661311246836,0.033240858594425715,0.594660136800917,0.011226316745737607,0.42055997056506356,0.005627947839551,1,163.00999450683594
2020-05-15,0.005627947839551,0.021644098234774506,0.025641601345426583,0.5904511973430209,0.0095316054313655,-0.130274018207037,0.018568827268588405,0.0533099249122803,0.034107756602815176,0.6126117309177779,0.01049229120692345,0.1608838490620801,-0.0075928982318519,0,163.92999267578125
2020-05-18,-0.0075928982318519,0.020304347013521806,0.014550026752415283,-0.7863550817564888,0.009655813776763,-0.06595791785800809,0.00992609384197533,0.0446525143297564,0.03438511065267602,0.5756095213790369,0.012846495214992386,0.16211981744906412,0.0096039403425891,1,162.69000244140625
2020-05-19,0.0096039403425891,0.026026762832309105,0.019921897464597785,0.9942691367222651,0.0096592964499026,-0.05341040911081696,0.01788705564710198,0.0538606878702707,0.03534147725289549,0.6079019637064192,0.008462190649778639,-0.28660080217501593,0.0023714668825757,1,164.25999450683594
2020-05-20,0.0023714668825757,0.018821584368987204,0.035232303595407584,0.27201232912199463,0.0087182330677082,-0.16215386115387653,0.019381537590028433,0.054986118553789,0.03492762979397801,0.6157241738479726,0.006498678189392857,-0.10014789292653359,-0.0146836161685368,0,164.64999389648438
2020-05-21,-0.0146836161685368,-0.004673159335672897,0.005314563318310785,-1.6125551611585065,0.0091058070584002,-0.14019744699467973,0.0048617480358981125,0.0385010347920802,0.033476532291067285,0.5438248576819059,0.01362099669563752,0.008097008497135239,0.0058994007147757,1,162.25
2020-05-22,0.0058994007147757,-0.004401706460448198,0.017242391774326286,0.6442050678294928,0.0091576440630193,-0.0392338280302299,0.010628963411531646,0.0425876557410082,0.031622577114349903,0.5656725058746355,0.0044727387875111106,-0.2613834628730799,-0.014316858429627,0,163.2100067138672
2020-05-26,-0.014316858429627,-0.011125666658223298,0.009178680355298483,-1.4902006115217896,0.0096073363001822,-0.005020548003676573,-0.0035302795603258472,0.0254602783370719,0.029093265257077894,0.5029789816312167,0.011747152693258316,0.18303514728669046,0.001800809585778,1,160.88999938964844
2020-05-27,0.001800809585778,-0.018928797415034393,0.007097965417274683,0.18830563622062071,0.0095632272189036,-0.009945779332610538,-0.0018393050779400373,0.0247561068723203,0.02664441916573068,0.5102850585257767,0.013277078340319293,0.09369930908611401,0.0033447448656947,1,161.17999267578125
2020-05-28,0.0033447448656947,-0.017955519431915395,0.0008660649370717832,0.3516827375679915,0.0095106882095629,0.09089630154416306,0.001507976764484031,0.0258206022216455,0.024276017786405424,0.5243077987091918,0.009646381434624316,-0.17445213391666348,0.0073314712365973,1,161.72000122070312
2020-05-29,0.0073314712365973,0.004059567973218705,-0.0006135913624542178,0.8524303528830052,0.008600668913069,-0.05547428603433957,0.00759518827282564,0.0304655264759347,0.022697943052221614,0.554576550577619,0.0066293447178702326,0.06914909436992533,0.0045932039181421,1,162.91000366210938
2020-06-01,0.0045932039181421,0.002753371176585105,-0.0016483352838631178,0.5365180841012953,0.0085611353172485,-0.06513779544890164,0.01102081215762294,0.0318651535492357,0.020617123941423898,0.5730172303428097,0.008248845614734511,-0.30002936536838487,-0.0064978928248545,0,163.66000366210938
2020-06-02,-0.0064978928248545,0.010572336781357609,-0.0005533298768657172,-0.7459956374185602,0.0087103630355531,-0.09336336697322545,0.003771903836669008,0.0222827892144577,0.01844132646773189,0.5390499228724918,0.013653143526266606,-0.11579916728229678,-0.0186225113924192,0,162.60000610351562
2020-06-03,-0.0186225113924192,-0.009850984196839592,-0.028779781611874014,-1.9260038649771634,0.0096689896272041,0.011059280081878509,-0.014315846135375553,0.0017461941071659,0.01629532155870228,0.4565613712183451,0.013032496821563766,0.4083346104619616,0.0104712540558731,1,159.60000610351562
2020-06-04,0.0104712540558731,-0.002724475006661191,-0.020679994438576616,1.103166165781755,0.0094920007344974,-0.0019648919882273574,-0.004656419360186433,0.0112904824814358,0.016021504686222432,0.5024758514358517,0.012586798081979282,-0.15236659682830256,-0.0204836899154137,0,161.27999877929688
2020-06-05,-0.0204836899154137,-0.03053963615867219,-0.026480068185453516,-2.0551099635955103,0.0099671989714733,0.1588864857159904,-0.02381918709814324,-0.0100467926538333,0.014108446163133559,0.4268751751125304,0.010632289051169044,0.3323326340912729,0.0107640024390437,1,158.00999450683594
2020-06-08,0.0107640024390437,-0.02436883763777059,-0.02161546646118552,1.0521690939206951,0.010230297108361,0.19496967741528004,-0.013041410960398745,-0.0001452201854854,0.013066597644651345,0.471643583136407,0.008702725889212327,-0.22153076605670685,0.0095956453550641,1,159.72000122070312
2020-06-09,0.0095956453550641,-0.00827529945785199,0.0022970373235055835,0.9269927011822179,0.010351370990113,0.1883971939931548,-0.004091491802452389,0.0083577229282403,0.01250035985054887,0.508851945347535,0.005643083797021953,-0.2312667153342982,0.0142231428548532,1,161.25999450683594
2020-06-10,0.0142231428548532,0.024570354789420407,0.014719370592580784,1.3200218664946544,0.0107749297309923,0.11438011068670417,0.009074747776237735,0.0214417715756777,0.01225580545613103,0.5590184904988731,0.01901326937148755,0.0934891029754843,-0.0072402323292651,0,163.57000732421875
2020-06-11,-0.0072402323292651,0.006858868404282205,0.004134393397620984,-0.6745162002043354,0.0107339635831901,0.13084310499249674,0.001544964218222155,0.0122600736194021,0.010698580477157105,0.5292784731819483,0.012870228128246744,-0.021731752425789175,0.0014153150353447,1,162.38999938964844
2020-06-12,0.0014153150353447,0.028757873355040604,-0.001781762803631616,0.13416182317184167,0.0105493127767941,0.05840294820910508,0.003084106978191862,0.0120320923254883,0.008920473652256788,0.5344769458115279,0.008117128052227059,-0.3963994404654151,-0.0017848491512042,0,162.6199951171875
2020-06-15,-0.0017848491512042,0.016209021764792705,-0.008159815872977916,-0.17052741194232676,0.0104666407052952,0.023102319945433658,0.0017896919167719263,0.0089176218910952,0.0071151959656174935,0.5265805416797003,0.014784660071538556,-0.2350596823783122,-0.0004929560183834,0,162.3300018310547
2020-06-16,-0.0004929560183834,0.006120420391345204,-0.0021548790665068167,-0.04770874663155864,0.0103326130571059,-0.0018121206384175137,0.001431939472396381,0.0072184543679586,0.005778240804473311,0.5242793129949512,0.008197237787702235,-0.26571838861881947,0.0019087937874243,1,162.25
2020-06-17,0.0019087937874243,-0.0061939286760836956,0.01837642611333668,0.18915214177364392,0.0100913146926379,-0.06344496487880513,0.003871955529628369,0.0084317094549229,0.004542166857215424,0.5327993492106697,0.0052287823418562035,-0.5535181022595745,-0.0019703951105462,0,162.55999755859375
2020-06-18,-0.0019703951105462,-0.0009240914573647955,0.005934776946917382,-0.19562089345575787,0.0100725187158591,-0.06162167983938882,0.002641975917861292,0.0056730645039797,0.003023101624429536,0.5223987783907131,0.0054240930289513505,-0.4806839162682671,0.0109725762213664,1,162.24000549316406
2020-06-19,0.0109725762213664,0.008633169728656905,0.037391043083697485,1.1158035751262962,0.0098337883709724,-0.06782663676402478,0.013146870585910157,0.015587652640962,0.002409109800280307,0.5726528420652995,0.007986329137003517,0.17034730911538776,0.00644142707483,1,164.02999877929688
2020-06-22,0.00644142707483,0.016859445954691105,0.033068467719483775,0.6539484502163004,0.0098500532766756,-0.0589097730571434,0.01910235871544219,0.0213411800143713,0.0021968561644301055,0.5995259724073856,0.007995590857777065,0.1678220960848975,0.0083843988645957,1,165.08999633789062
2020-06-23,0.0083843988645957,0.025736800837670205,0.03185722122901538,0.8978146439607608,0.009338674659624,-0.09619429199454577,0.025912776013181676,0.0292948169932482,0.0032966164952243915,0.6321890098159098,0.006006727688992728,0.15439523910523034,-0.003489996015801,0,166.47999572753906
2020-06-24,-0.003489996015801,0.02033801103444491,0.014144082358361178,-0.37085957172951217,0.0094105593648974,-0.06745952816605205,0.02085393502086868,0.0253006038850285,0.0043558326138684045,0.6098380504205843,0.009282752269917411,0.047618727287491724,-0.000602899298615,0,165.89999389648438
2020-06-25,-0.000602899298615,0.021705506846376107,0.02078141538901128,-0.06407022998845968,0.0094099755646826,-0.0657773065373739,0.018959548267073866,0.024182592290026,0.005125860032260343,0.6058612121145831,0.004523522232782302,-0.30944790292670343,0.0044532193863769,1,165.8000030517578
2020-06-26,0.0044532193863769,0.015186150011386604,0.02381931974004348,0.4771116342964727,0.0093337052929833,-0.05085355298729599,0.02236692415450769,0.0281401632944348,0.005646934582416829,0.6253335737811853,0.014050657092739706,-0.03728420079092032,0.0005403343600226,1,166.5399932861328
2020-06-29,0.0005403343600226,0.009285057296579203,0.02614450325127028,0.05811394898157998,0.0092978427639441,-0.05606167776159199,0.021987826641101778,0.0276731400623137,0.005562995246134683,0.6277427566597241,0.0037208807406121317,-0.33051453084730065,0.004431086497931,1,166.6300048828125
2020-06-30,0.004431086497931,0.005331744929914505,0.03106854576758468,0.4837240004589324,0.009160361060702,-0.01909410118899879,0.02502699901132115,0.0312612986177617,0.0060820833133701235,0.6477936784550957,0.010754634069849282,0.2537034562972509,-0.0044911601101022,0,167.3699951171875
2020-07-01,-0.0044911601101022,0.004330580835613304,0.024668591870058182,-0.5611963695965647,0.0080028317241803,-0.14959021946857975,0.018244908907403108,0.0256277450815472,0.007250550540013112,0.6118239141079332,0.01032289803809807,0.3227505018570336,0.0021582779375089,1,166.6199951171875
2020-07-02,0.0021582779375089,0.007091758071737205,0.028797264918113276,0.27812063436307677,0.0077602222591343,-0.1753196163165538,0.018670733579559545,0.02717983179179,0.008353138979785957,0.6226548580287232,0.0073062717206784375,-0.11789039408991098,0.0059708800839463,1,166.97999572753906
2020-07-06,0.0059708800839463,0.008609418769306605,0.02379556878069318,1.0341360465816003,0.0057737858608482,-0.38140473910305506,0.021664277970151236,0.03274179464556,0.010842619160001954,0.6517246370486467,0.004821988208093262,-0.23402801827402497,0.0062904343270385,1,167.97999572753906
2020-07-07,0.0062904343270385,0.014359518736322505,0.02364457603290168,1.1351339025315519,0.0055415791150363,-0.4039930276595052,0.02520557013363256,0.038441469441241,0.012910483217412949,0.6798766747266585,0.009820092695522425,0.21114665961480594,0.0061923536054023,1,169.0399932861328
2020-07-08,0.0061923536054023,0.016120785843793804,0.021452530773708275,1.152546892609234,0.005372756323505,-0.4134776688493039,0.02881889478826454,0.0437978910451154,0.014559410147627183,0.7052895064679854,0.006349590536231305,0.19790856198486328,-0.0027080639028713,0,170.08999633789062
2020-07-09,-0.0027080639028713,0.017903882051024705,0.02223446288663798,-0.5696282301715341,0.0047540900528329,-0.4059490169625122,0.02415953082874756,0.0398532086387594,0.015323469964989345,0.6798283062940516,0.010965044843549517,0.36666191540219795,-0.0025972650920347,0,169.6300048828125
2020-07-10,-0.0025972650920347,0.013148339021481104,0.020240097093218275,-0.5919452761776719,0.0043876777069763,-0.4345938092415188,0.019410335369557802,0.0362082063509686,0.016478026952043034,0.655453382672757,0.009338533893648974,-0.14208118910177947,0.0012403879870823,1,169.19000244140625
2020-07-13,0.0012403879870823,0.008417846924617105,0.017027265693923675,0.2826009285005045,0.0043891858164227,-0.23980800081527365,0.018595046895585717,0.0361489703426182,0.017233466332407854,0.6616877581234626,0.0074379843697390275,0.13350468177611252,0.0046527281640108,1,169.39999389648438
2020-07-14,0.0046527281640108,0.006780140761589405,0.021139659497911877,1.0746842805340684,0.0043293907320377,-0.21874421673589328,0.02093277632420782,0.039657147325824,0.018340454372551385,0.6847952379202272,0.008167338678586555,-0.004093157130344638,0.0008809438623464,1,170.19000244140625
2020-07-15,0.0008809438623464,0.001468731018533505,0.01758951686232728,0.20523284491166574,0.0042924116884194,-0.20107828645778236,0.01935907579027967,0.0393036502563846,0.01956579868643682,0.6891366486520303,0.0061053969032020886,-0.23370953830130026,-0.0094966393251546,0,170.33999633789062
2020-07-16,-0.0094966393251546,-0.0053198444037497955,0.012584037647274875,-1.8784714798310587,0.0050555142450226,0.06340313053390423,0.007863749453020163,0.0285128232411631,0.020487961591385107,0.5944872635669199,0.008000984636398503,0.01352401063555031,0.0082042627943085,1,168.72999572753906
2020-07-17,0.0082042627943085,0.005481683482593404,0.018630022504074473,1.5898667596836793,0.0051603461386543,0.17609963248883953,0.013780657878393707,0.0355755170291186,0.021498594376752722,0.6404067698005836,0.0038796360278210104,-0.005279861651200646,0.0048085903368463,1,170.1199951171875
2020-07-20,0.0048085903368463,0.009049885832357402,0.017467732756974476,1.0037937358334856,0.0047904167611223,0.09141352439405592,0.016574220455499028,0.039358726419433,0.02241302750499119,0.6645403008128512,0.004680022465964528,-0.014693948060985451,0.0119789624776663,1,170.94000244140625
2020-07-21,0.0119789624776663,0.016376120146012904,0.023156260907602276,2.303928254479219,0.0051993643701262,0.2009459741415005,0.026410809272231828,0.0502773297976371,0.023252405674027976,0.7160897562652062,0.005433540123735549,0.24912349728478933,0.0150879427375645,1,173.0
2020-07-22,0.0150879427375645,0.030583119021231005,0.032051850039764476,2.605035562354271,0.0057918375302059,0.34932013763540826,0.039193914548631595,0.0641495351981992,0.024014402220982056,0.7656113712659502,0.011444569320408323,0.765856613858471,0.0087865864108133,1,175.6300048828125
2020-07-23,0.0087865864108133,0.04886634475719891,0.04354650035344908,1.5269138897932937,0.005754474086291,0.13825692251912058,0.04487818947343487,0.0713158107789243,0.02530210848674397,0.7889732446030354,0.015577434697581776,1.0537916517513217,0.0085422814416774,1,177.17999267578125
2020-07-24,0.0085422814416774,0.04920436340456781,0.05468604688716117,1.4748009873056334,0.0057921587490144,0.12243609118144594,0.049848715982498654,0.0782741234582086,0.027075717713392677,0.8090708611000644,0.005372169727262162,0.34176049248827245,0.0195611969646978,1,178.6999969482422
2020-07-27,0.0195611969646978,0.0639569700324193,0.07300685586477668,2.8814531186318826,0.0067886570280156,0.4171328647458121,0.06567561819759947,0.0970295803276038,0.029421675409102344,0.8457996646478412,0.007133858762206803,0.7314127483787172,0.008306536040414,1,182.22999572753903
2020-07-28,0.008306536040414,0.060284543595167,0.07666066374117989,1.2265576868837358,0.0067722343019333,0.30251196489407084,0.06921223012707076,0.1035466106374052,0.03211184790343635,0.8584285543737243,0.015455762383078076,0.6385029536577087,0.007482169283186,1,183.75
2020-07-29,0.007482169283186,0.052678770140788506,0.08326188916201949,1.1010190406596478,0.0067956765567862,0.17331961080486558,0.07170461858044211,0.1088457654843501,0.034656141496436366,0.8689245067450614,0.020256035764563148,0.890733854807102,-0.0074277788884334,0,185.1300048828125
2020-07-30,-0.0074277788884334,0.03646440484154181,0.08533074959874068,-1.0551050949279992,0.0070398474276539,0.22336938564465347,0.0585222762189311,0.098074996201838,0.03736597790288387,0.8051086513980618,0.01197212132132681,0.3084749274536531,0.0090468843530281,1,183.7599945068359
2020-07-31,0.0090468843530281,0.03696900775289251,0.08617337115746028,1.2800997716194384,0.0070673275268091,0.22015432122119982,0.06249603061469733,0.1053092387633001,0.04029493467738754,0.8222459683975503,0.008520745798751516,0.12128299176413138,0.0011318982444248,1,185.42999267578125
2020-08-03,0.0011318982444248,0.018539709032619502,0.08249667906503878,0.1588940869812177,0.0071236020542325,0.049338922976170485,0.058344647634283514,0.1034840263976104,0.04265092554134142,0.824337817777362,0.00872662347178879,-0.10691594816691674,0.0210545154128538,1,185.63999938964844
2020-08-04,0.0210545154128538,0.0312876884050593,0.09157223200022627,2.638981200086502,0.007978274120393,0.1780859557849921,0.07456916104896641,0.1234403606008318,0.04547980839516996,0.8581509653406388,0.023155226934149387,0.3943639991341106,0.0092404172708341,1,189.58999633789065
2020-08-05,0.0092404172708341,0.033045936392707406,0.08572470653349587,1.152680107246958,0.0080164628614124,0.1796416139622059,0.07804946757144823,0.1297911015585268,0.0479956027469115,0.8701450936477967,0.013117374891888673,0.7281601047180231,0.0131867410261472,1,191.3500061035156
2020-08-06,0.0131867410261472,0.053660456307288,0.09012486114882977,1.6678435258750364,0.0079064617403055,0.12310129183302587,0.08494512554007336,0.1403831774350382,0.05109756299183199,0.8852278586578001,0.009954059940464685,0.28724029242165905,-0.0160128290476961,0,193.88999938964844
2020-08-07,-0.0160128290476961,0.02860074290656381,0.06556975065945628,-1.7407607155067122,0.009198753685704,0.30158870532171855,0.061290776250953534,0.1184406351705989,0.05384938812106643,0.7686410847374399,0.019024185992653774,0.45799991573695453,-0.0034649534714479,0,190.80999755859375
2020-08-10,-0.0034649534714479,0.024003891190691105,0.04254360022331057,-0.36918105613995356,0.0093855126470367,0.31752343485558443,0.05155172666505332,0.1110240895819177,0.05655676407424881,0.7459688181145049,0.015514052289942026,0.10421399276677001,-0.0551897267189794,0,190.1499938964844
2020-08-11,-0.0551897267189794,-0.05224035094114209,-0.020952662536082828,-3.3327401227575066,0.0165598650618205,1.0756199664150898,-0.007586201527978768,0.0493719385237786,0.05739353900505373,0.5001802794613686,0.02528622313006469,1.383759217981917,-0.0046791324113835,0,179.94000244140625
2020-08-12,-0.0046791324113835,-0.06615990062335969,-0.033113964230652326,-0.2811979239143805,0.0166399962924627,1.0757279837919618,-0.014599403883539402,0.042467040579297,0.057911924031444295,0.4859927288935252,0.022668970848812767,0.4271021692221857,0.0233434744172065,1,179.10000610351562
2020-08-13,0.0233434744172065,-0.05600316723230039,-0.0023427109250124256,1.3723932450623613,0.0170093189406115,1.1513186934051078,0.004638790298907522,0.0641484391325743,0.05923487069015243,0.5545190222629658,0.01821849290640685,-0.09287110577796642,-0.0043185272542077,0,183.3300018310547
2020-08-14,-0.0043185272542077,-0.04430886543881199,-0.015708122532248223,-0.2528037088040718,0.0170825312438539,0.8570484467262414,-0.0030829704935645104,0.0569541309878979,0.06022276649360303,0.5400383370321937,0.012216477536752722,-0.42689190190772774,0.0214619487753916,1,182.5399932861328
2020-08-17,0.0214619487753916,-0.01938196319197249,0.004621927998718578,1.2230415530432577,0.0175480127572023,0.8696914507640405,0.014234639420931743,0.0763324676785631,0.06122629403890767,0.5968672744976595,0.012600487103091487,-0.24675780485840204,0.0089676735734032,1,186.5
2020-08-18,0.0089676735734032,0.04477543710041011,-0.0074649138407320206,0.5126730649467549,0.0174919928245783,0.05628836704152018,0.01916413231908882,0.0824721779718025,0.062117615450867136,0.6184072011687242,0.020033952388165337,-0.2252983485353799,-0.03207438281593,0,188.17999267578125
2020-08-19,-0.03207438281593,0.01738018669586361,-0.048779713927496124,-1.683102263340472,0.0190567047021086,0.14523491274698053,-0.014769765822725846,0.0457792780994465,0.061456745663854395,0.5138617261871872,0.03155179887335816,0.15570798127283125,0.0068901376532814,1,182.2400054931641
2020-08-20,0.0068901376532814,0.0009268499319385068,-0.05507631730036192,0.3621613331289908,0.0190250505037415,0.1185074822906187,-0.009649836861615448,0.0506066124605638,0.06084357994270295,0.5319377195580235,0.015149940262048706,-0.20553075711411983,-0.0080431655428721,0,183.5
2020-08-21,-0.0080431655428721,-0.0027977883567258926,-0.047106653795537926,-0.42166190961921934,0.0190749160865288,0.11663288152285611,-0.01846544727751204,0.0398517502345605,0.05941430930813163,0.5081962529071319,0.012855003865202266,-0.39070143593983075,-0.005674470685927,0,182.02999877929688
2020-08-24,-0.005674470685927,-0.029934207818044494,-0.04931617101001702,-0.3049801163547644,0.0186060348908984,0.060292988632678846,-0.023695604930786485,0.0318011452608454,0.05684369595375793,0.4916386865213022,0.012375636654005526,-0.4308269458013446,0.0012147382641175,1,181.0
2020-08-25,0.0012147382641175,-0.037687143127330194,0.007088293973079874,0.06566195415676794,0.0184998798728608,0.05761990977187592,-0.021841499259576125,0.0308351952410193,0.053852923080177195,0.49542022003285424,0.008387618707770363,-0.49301771949981876,0.0117396673251376,1,181.22000122070312
2020-08-26,0.0117396673251376,0.00612690701373741,0.023507093709600975,0.6303857613350382,0.0186229893585718,-0.022759199468983304,-0.009817572893795775,0.0405092800626051,0.05082583933899998,0.5318965039369717,0.018433708941761873,-0.337338927859432,-0.0116292867473594,0,183.36000061035156
2020-08-27,-0.0116292867473594,-0.01239251738690339,-0.011465667454964926,-0.6209280217614797,0.0187288805462006,-0.015567367744051874,-0.020599583782167648,0.02630316116524,0.047889243429702466,0.4938120020321824,0.03200178148293299,-0.14667872892867062,0.0172309262992397,1,181.2400054931641
2020-08-28,0.0172309262992397,0.012881574455208409,0.010083786098482473,0.9050021423995321,0.0190396524957979,-0.001848689167015638,-0.0032973005964950855,0.0415278120413941,0.04497340346797052,0.5458456374320683,0.010846575229785911,-0.3040159012184256,0.002383417194324,1,184.38999938964844
2020-08-31,0.002383417194324,0.02093946233545941,-0.008994745482585127,0.12513611943542816,0.0190465966587199,0.023678433927747378,-0.0007001440365602716,0.0415657193755528,0.04229547633764441,0.5527614249017324,0.00676297131210642,-0.45573117010471564,0.0011895817224104,1,184.8300018310547
2020-09-01,0.0011895817224104,0.02091430579375231,-0.016772837333577924,0.06470275512256342,0.0183853333626525,-0.006191743459715182,0.0017187154031225744,0.0404648566663438,0.0386796619324703,0.5563987788899462,0.014374512932947156,-0.41830150761719453,-0.0132186108730582,0,185.0500030517578
2020-09-02,-0.0132186108730582,-0.004043972404443491,0.0020829346092938773,-0.7184340651393646,0.0183991983599692,-0.012016921359598753,-0.009094092069781158,0.024941610013579,0.03434806656310396,0.5073198111060936,0.012923013215705909,-0.3427089888187773,-0.0081372548733369,0,182.6199951171875
2020-09-03,-0.0081372548733369,-0.0005519405304209909,-0.01294445791732442,-0.4503867461320126,0.0180672609556583,-0.035326168529411395,-0.013712953770472389,0.0148990841317062,0.029009848615126232,0.47957370347011,0.01286298906318651,-0.29072937560702483,0.0027564932922231,1,181.13999938964844
2020-09-04,0.0027564932922231,-0.015026373537437588,-0.0021447990822292214,0.1543042620555243,0.0178640126688867,-0.061746916188237466,-0.008515287174408031,0.0158973080765555,0.024622260873181867,0.48972722899557053,0.011286077178189049,-0.29795696914819503,-0.0019287808618004,0,181.63999938964844
2020-09-08,-0.0019287808618004,-0.01933857159356199,0.0016008907418973786,-0.10797765148027096,0.017862778411631,-0.06215379410299671,-0.008027088886305886,0.0122695992071085,0.020460929795580007,0.4826288173884209,0.017927078825969743,-0.18270567346530275,0.0096614342302388,1,181.2899932861328
2020-09-09,0.0096614342302388,-0.01086671908573359,0.010047586708018679,0.7434082602641415,0.0129961351610567,-0.293124856389239,0.0007517422360845661,0.0202261955673051,0.019459824559192596,0.5202832375426235,0.005626871139716072,-0.4125467615664815,-0.0032283485242562,0,183.0500030517578
2020-09-10,-0.0032283485242562,-0.0008764567369315898,-0.00492042914137512,-0.24895445308475905,0.0129676271472721,-0.29520694904374034,-0.0033891829907991017,0.015230163650528,0.018682665613848348,0.5069630912901905,0.013153533970038885,-0.3158133788879086,-5.486155779261841e-05,0,182.4600067138672
2020-09-11,-5.486155779261841e-05,0.007205936578612691,0.00665399604819166,-0.004631228935608351,0.0118460042799443,-0.34433867374709215,-0.003204294437553647,0.0133892795204095,0.016646915576948862,0.5067260621849347,0.008440715651854882,-0.4021984846457548,0.0078616032777361,1,182.4499969482422
2020-09-14,0.0078616032777361,0.012311046564125691,-0.0027153269733119385,0.6585329391715546,0.01193805626128,-0.331725940719231,0.004292638597205259,0.0194724856270707,0.015114963952208793,0.5400431067502095,0.004948630513512313,-0.23627465323825214,-0.0023956152677241,0,183.88999938964844
2020-09-15,-0.0023956152677241,0.011844212158201991,-0.007494359435360039,-0.22053079534219228,0.010862951199205,-0.3918666542864462,0.002724749507074939,0.0152916244878296,0.012532726440563469,0.5283012578971035,0.009539384187036742,-0.35155730646881145,0.0028305733071044,1,183.4499969482422
2020-09-16,0.0028305733071044,0.005013351235067591,-0.005853367850666039,0.265619301525454,0.0106565045945396,-0.18002510265727856,0.006725370070368808,0.0164897199884181,0.009699119748384444,0.5410027474012703,0.009131883810588153,0.04563068634330958,-0.0055051210626851,0,183.97000122070312
2020-09-17,-0.0055051210626851,0.002736578696638691,0.0018601219597070614,-0.69737116809558,0.0078941047673634,-0.3912452388003752,0.0010012544586753896,0.0094735087432937,0.008463779887269096,0.5121564947333919,0.00879974066064347,-0.22199701695965857,0.0013108491716183,1,182.9600067138672
2020-09-18,0.0013108491716183,0.004102289426049609,0.011308226004662261,0.16931095420845324,0.007742258483786,-0.34642447353375394,0.0023965412554347513,0.0092863020213321,0.006873288646096487,0.5187231489366684,0.007914830635351321,-0.09629100669046087,-0.0202917894482728,0,183.1999969482422
2020-09-21,-0.0202917894482728,-0.02405110329995929,-0.011740056735833638,-2.3018934701362177,0.0088152600072635,-0.26158330851103506,-0.01706392899273673,-0.0121119473526777,0.005037948841356998,0.4243895561653406,0.019719213468600953,0.5489069723954842,-0.004858095828927,0,179.52000427246094
2020-09-22,-0.004858095828927,-0.02651358386116219,-0.014669371702960237,-0.5525054355473169,0.0087928471221546,-0.19056553224706563,-0.02119782785617381,-0.0178993851991228,0.0033698767237373417,0.40560932896405477,0.01069131669389305,-0.2796894806981809,-0.0218433353688173,0,178.64999389648438
2020-09-23,-0.0218433353688173,-0.05118749253708389,-0.04617414130201634,-2.1913178889511697,0.0099681271617201,-0.06459692544703877,-0.04065646656777934,-0.0396048638471455,0.0010961690822799408,0.3348163165463255,0.018078771810165258,0.5796807100636046,0.003711903089591,1,174.7899932861328
2020-09-24,0.003711903089591,-0.041970468384807794,-0.03923388968816914,0.3888161908530781,0.0095466782940467,0.20934274061265756,-0.0349914467135546,-0.0365732947312727,-0.0016392062146298736,0.3552246557295797,0.014078894130932655,0.02864795758812888,-0.0028540460781505,0,175.44000244140625
2020-09-25,-0.0028540460781505,-0.04613536363457659,-0.042033074208527026,-0.3072483211768102,0.0092890534510296,0.19978601469880264,-0.03607153894464004,-0.0399738185243784,-0.004048308289876568,0.3464201607766658,0.0080599270746074,-0.38121736574688714,0.0100102901074218,1,174.94000244140625
2020-09-28,0.0100102901074218,-0.015833284078881994,-0.03988438737884133,1.160133215519045,0.0086285695241845,-0.02117810284951016,-0.024306759308147213,-0.031015205581256,-0.006875569075739385,0.4025541476381015,0.009734019526932626,-0.33249461325772334,0.0083970483856554,1,176.6999969482422
2020-09-29,0.0083970483856554,-0.002578139864299594,-0.02909172372546182,0.9440402797586955,0.0088947988403649,0.011594847129028363,-0.014272264522727814,-0.023620702646349,-0.00948379333071614,0.4459397355605928,0.007744569638615294,-0.1755177424212836,-0.0060229690479587,0,178.19000244140625
2020-09-30,-0.0060229690479587,0.013242226456559009,-0.03794526608052492,-0.675815122473225,0.0089121548892202,-0.10593487175355032,-0.018037595287383537,-0.0299217253382259,-0.012102428762861273,0.42222726653986764,0.011009468168469717,-0.19963671128107074,0.008880963695329,1,177.1199951171875
2020-10-01,0.008880963695329,0.018411287062297006,-0.023559181322510822,1.0043462590299166,0.0088425317618119,-0.07375827597269136,-0.008200260556458415,-0.0215971475257651,-0.013507653245425466,0.4672736860419414,0.008170155225520552,-4.7581078879366245e-05,-0.0008957769408936,0,178.6999969482422
2020-10-02,-0.0008957769408936,0.020369556199553905,-0.02576580743502272,-0.10313563691342147,0.0086854259856423,-0.06498266680986664,-0.00837282276069036,-0.0226187405266464,-0.014366203441112502,0.46333406470120314,0.0063290560463530815,-0.2636904559986588,0.00486108169631,1,178.5399932861328
2020-10-05,0.00486108169631,0.015220347788442105,-0.0006129362904399227,0.556037564273134,0.0087423620428676,0.013187877592474306,-0.0029232373623853296,-0.0179323856147968,-0.015053152189313024,0.4885826919655826,0.006911573869088251,-0.29886121282845757,-0.0118304795506926,0,179.41000366210938
2020-10-06,-0.0118304795506926,-0.005007180147905896,-0.0075853200122055235,-1.3009355228584931,0.0090938246691104,0.022375528926220856,-0.013555937372292224,-0.0289581677436418,-0.015613891304004479,0.43511618502786026,0.018725279234544107,-0.11099028070413919,-0.0004513247853353,0,177.3000030517578
2020-10-07,-0.0004513247853353,0.0005644641147175041,0.013806690571276477,-0.05165443549610659,0.008737386847821,-0.019610076751537586,-0.012399333934660035,-0.0287015798355561,-0.016506920723175722,0.4331805888732198,0.005586307901731402,-0.3328872664912923,0.0035486272055745,1,177.22000122070312
2020-10-08,0.0035486272055745,-0.004767872375036996,0.013643414687259978,0.4031235001102624,0.0088028289211715,-0.004489985640974914,-0.00761374533504202,-0.0244702111068492,-0.016985791260780925,0.45378690197854227,0.010008426866518332,-0.3110447206960866,0.0179983999668155,1,177.85000610351562
2020-10-09,0.0179983999668155,0.014126304532672105,0.03449586073222598,1.8358729914158725,0.0098037282812983,0.1287561827715349,0.010795674609512725,-0.0064611734312676,-0.017072538470692455,0.5450967001685719,0.0068478323427507565,0.6149115400415659,-0.0028758136916343,0,181.0800018310547
2020-10-12,-0.0028758136916343,0.006389409144727805,0.02160975693316988,-0.2989060351371744,0.0096211295643948,0.10051831727149052,0.008830607657950499,-0.0087845881400441,-0.017461004517784318,0.5297430999285602,0.0035445248022932126,-0.49822986936156144,-0.0158538340515832,0,180.55999755859375
2020-10-13,-0.0158538340515832,0.002366054643837205,-0.002641125504068722,-1.5566810284889605,0.0101843818749254,0.11992283175629836,-0.005445086319264162,-0.0235261338502026,-0.01818003941483992,0.4544554794081048,0.008440243021027284,-0.1330795255269166,0.003089993993611,1,177.72000122070312
2020-10-14,0.003089993993611,0.005907373422783505,0.006471837537500978,0.3032239768315579,0.0101904672113957,0.16630605796481124,-0.0007734849922811228,-0.0192842145380532,-0.018525058400425953,0.4701603625860398,0.007404454107782838,-0.04356869865027335,0.0036394894007114,1,178.27000427246094
2020-10-15,0.0036394894007114,0.005998235617920405,0.0012303632428833783,0.35646604972268725,0.0102099187385243,0.1598451849914564,0.004006590204954397,-0.0143604236887571,-0.018293718460515418,0.4888866048588198,0.008718966993956268,-0.2741103181052782,-0.0034712263457632,0,178.9199981689453
2020-10-16,-0.0034712263457632,-0.015471390694658296,-0.0013450861619862219,-0.3401136662415266,0.010206077233304,0.041040402228734285,0.0019049285551687972,-0.0160858480161255,-0.01795657058722977,0.4717592501751882,0.0066741582783978425,-0.21540552923683387,0.0005046193567768,1,178.3000030517578
2020-10-19,0.0005046193567768,-0.012090957646247196,-0.005701548501519421,0.054948928588205666,0.0091834248590811,-0.045494107774364356,0.0027289898414800512,-0.0142379900293824,-0.01692080317089939,0.47463640597242096,0.006222325321763375,-0.2995563803352215,0.0048093181379983,1,178.38999938964844
2020-10-20,0.0048093181379983,0.008572194543334305,0.01093824918717148,0.5235386835731662,0.0091861753274363,-0.09801346412066003,0.007393169267495597,-0.0082910747711223,-0.015569138760413104,0.5025210310478765,0.008870272456851465,-0.1761138497883422,0.007503195298922,1,179.25
2020-10-21,0.007503195298922,0.012985395848645304,0.01889276927142878,0.9731087435805085,0.0077105414460817,-0.2433574156973658,0.013325882061491354,-0.0008950681405606,-0.014033935630975103,0.5434832269147498,0.005980076381811885,-0.0697866440730186,-0.009849030639627,0,180.6000061035156
2020-10-22,-0.009849030639627,-0.000503124191693096,0.005495111426227278,-1.2152570949678012,0.0081044831422177,-0.2062147261135706,0.00244122490796973,-0.0106574279741604,-0.01306675399680679,0.4868785387792453,0.007325379104068558,0.054338653273364734,-0.0010630400237792,0,178.8300018310547
2020-10-23,-0.0010630400237792,0.001905062130290905,-0.013566328564367423,-0.13172773104519458,0.0080699790039994,-0.20929669455510136,0.00033877802109431616,-0.011195458865944,-0.01153033066443332,0.48108613738362827,0.008060918306797157,-0.2509367561472843,-0.0005039129828936,0,178.63999938964844
2020-10-26,-0.0005039129828936,0.0008965297906205048,-0.011194427855626724,-0.06466206652697029,0.007793023173539,-0.1514033932740454,-0.0006828033080038592,-0.0112568707424684,-0.010581292375901774,0.4781842296054375,0.005152607970993004,-0.34567113216543366,0.0026288641762707,1,178.5500030517578
2020-10-27,0.0026288641762707,-0.0012839241711070952,0.007288270372227177,0.346345665619977,0.007590290386816,-0.17372681053167793,0.0017150539507288487,-0.0078322398704516,-0.009530947731619333,0.49530596447615527,0.005139080253540347,-0.23905577045129844,-0.0162751688416432,0,179.02000427246094
2020-10-28,-0.0162751688416432,-0.025062288311672294,-0.012076892463027022,-1.9505772643269041,0.0083437704003278,0.08212509571139015,-0.01418302826117925,-0.0225436823886457,-0.008480939532537812,0.4068966320735267,0.008005471089650603,0.49945531159052203,-0.0041533413265921,0,176.1300048828125
2020-10-29,-0.0041533413265921,-0.019366598998637394,-0.01986972319033052,-0.5130175512830066,0.0080959049377648,-0.0010584517608795974,-0.017361483218330566,-0.0258554116346461,-0.008644001096288045,0.3880543526100289,0.00746862944229559,0.09643221255608636,0.0045506510418401,1,175.39999389648438
2020-10-30,0.0045506510418401,-0.013752907933018095,-0.011847845802727222,0.5557531097727408,0.008188260149729,0.014656933515066362,-0.012232201280552826,-0.0206181743397072,-0.00848982227404671,0.419764660084679,0.008002291069979735,-0.054001452094169844,0.0096581288485121,1,176.1999969482422
2020-11-02,0.0096581288485121,-0.0035908661016123937,-0.0026943363109919218,1.1463229124576124,0.008425312574278,0.081135316379646,-0.002226484826297114,-0.0106602276664916,-0.00845256234199232,0.48160085211822795,0.004496586906310814,-0.1556489623294235,0.0056609432999779,1,177.91000366210938
2020-11-03,0.0056609432999779,-0.0005587869779051947,-0.0018427111490123228,0.700678314830546,0.0080792329092516,0.06441684013629723,0.002982246081536594,-0.0048135289061258,-0.007772595196095522,0.5145105742543153,0.00609208779927102,-0.008679873017035988,-0.0005590140649358,0,178.9199981689453
2020-11-04,-0.0005590140649358,0.015157367798802206,-0.009904920512870122,-0.06918572737341024,0.0080799044276673,-0.03162430891556345,0.0019723746820297194,-0.0051040750887668,-0.007062519835481673,0.5110515741447063,0.00855608274594706,0.41102811128252603,0.0227237716990557,1,178.82000732421875
2020-11-05,0.0227237716990557,0.04203448082445001,0.02266788182581258,2.3962975590318716,0.0094828672730595,0.17131652927703778,0.02354490085123267,0.0178112373502304,-0.0056017703729790425,0.6231878022634251,0.012682403970471701,0.9267564985315524,0.0014203529597109,1,182.92999267578125
2020-11-06,0.0014203529597109,0.038904182742320804,0.025151274809302678,0.16432028645604607,0.0086438077144591,0.05563423198579942,0.024395025952633678,0.0190367915881504,-0.005230632938207025,0.6289848727107629,0.00731478967210138,0.28485810391723065,-0.0452808561434652,0,183.19000244140625
2020-11-09,-0.0452808561434652,-0.01603480224965649,-0.01962566835126892,-3.374594175198983,0.0134181634272498,0.5926012606600128,-0.019453549082654335,-0.0250671477599838,-0.005724969655519829,0.41468631790849975,0.016049791690688278,2.1956912798818267,0.0033073065556014,1,175.0800018310547
2020-11-10,0.0033073065556014,-0.01838843899403299,-0.01894722597193822,0.2540056085376469,0.0130206044450834,0.6116139479248572,-0.01563737602049605,-0.020837425952007,-0.005282656822633736,0.4296525241778606,0.0071160194349331575,0.2355563374606333,-0.0043359822093023,0,175.66000366210938
2020-11-11,-0.0043359822093023,-0.02216540713839949,-0.007008039339597321,-0.33312112394731414,0.0130162331284283,0.6109389962408427,-0.018969984754733833,-0.0239694271618135,-0.005096115643138388,0.41468945998744355,0.004802723654683384,-0.050645584187297366,0.0060423875087803,1,174.89999389648438
2020-11-12,0.0060423875087803,-0.03884679132867489,0.0031876894957750786,0.4622446800923456,0.0130718378577622,0.3784689252056539,-0.012204264383261276,-0.0173235734325399,-0.005182558361706668,0.4437847500155668,0.005285337003212445,-0.24601636423976547,0.0067965650900321,1,175.9600067138672
2020-11-13,0.0067965650900321,-0.033470579198353695,0.005433603543967078,0.5162946638311748,0.0131641203486359,0.5229538628694108,-0.005149443903184423,-0.0101819890970602,-0.005058594140631922,0.47556668445323647,0.00541886822094547,-0.3166060360234748,-5.650286865533134e-05,0,177.16000366210938
2020-11-16,-5.650286865533134e-05,0.011753774076456175,-0.004281028173200353,-0.004292595989329223,0.0131628666652509,-0.019026207527062855,-0.004859180488128812,-0.0097410765030171,-0.004905733861146455,0.4753227043305236,0.005870779456699233,-0.12758399163332335,-0.003675920484188,0,177.14999389648438
2020-11-17,-0.003675920484188,0.0047705470366667755,-0.013617891957366252,-0.28007965783133354,0.0131245536096794,0.007983436178744308,-0.0077440986546213845,-0.0128458704529931,-0.005141588769040695,0.45886028915200283,0.00764875979328966,-0.1460267220132313,-0.0057387838459729,0,176.5
2020-11-18,-0.0057387838459729,0.003367745399996175,-0.018797661738403353,-0.44081252615108435,0.0130186496651549,0.00018565561193906177,-0.01200299164080422,-0.0176639955443819,-0.0057297783856442575,0.4337233600044316,0.008604447316486961,-0.23300388031674024,-0.001882229686957,0,175.49000549316406
2020-11-19,-0.001882229686957,-0.004556871795741125,-0.04340366312441605,-0.1462644726555781,0.0128686731150992,-0.015542171259595117,-0.012841053671627228,-0.0187092679926029,-0.005944548588453724,0.42552107524723043,0.005994536594000707,-0.2712413359790782,0.0030212294326437,1,175.16000366210938
2020-11-20,0.0030212294326437,-0.008332207453129525,-0.04180278665148325,0.2341929080960508,0.0129006017184969,-0.020017944470274163,-0.009030343771243524,-0.0149940132887598,-0.006018014255059767,0.44371646804553966,0.004553492177362902,-0.33412591631534505,-0.0198903242321278,0,175.69000244140625
2020-11-23,-0.0198903242321278,-0.028166028816601997,-0.016412254740145855,-1.4641614958954055,0.0135847884867126,0.03205394631669001,-0.026811724904334925,-0.0331284177919532,-0.0064907202945877485,0.3629059061688968,0.02008945479706554,0.5355866610103295,-0.0154470302795277,0,172.22999572753906
2020-11-24,-0.0154470302795277,-0.03993713861194169,-0.03516659157527496,-1.1134810217525193,0.0138727378174937,0.057006449900323775,-0.03916921768676611,-0.0464651016333719,-0.007593307875753852,0.3156666690969179,0.0048941673977101465,0.8085013658339375,-0.0004718480371509,0,169.58999633789062
2020-11-25,-0.0004718480371509,-0.03467020280311969,-0.031302457403123554,-0.034940476095867576,0.0135043390896069,0.03730720442934832,-0.037818077999385497,-0.0453626275555507,-0.007841084293579659,0.3143313736957856,0.007551169965056283,-0.039734434752005776,-0.0101987322361653,0,169.50999450683594
2020-11-27,-0.0101987322361653,-0.04298670535232799,-0.04754357714806916,-0.7485752912354423,0.0136241903193644,0.058709798400172986,-0.04551974230395372,-0.0534318630707227,-0.00828945460419217,0.2862918211896643,0.006257840716205518,-0.022915371441646126,-0.0066973589201171,0,167.7899932861328
2020-11-30,-0.0066973589201171,-0.05270529370508879,-0.061037501158218356,-0.49382898622191757,0.0135621016727994,0.051276674432483293,-0.04931396091620045,-0.0579933058124541,-0.009129559643705543,0.26943742039345864,0.008399795475279654,0.18877012686364014,0.0208408588153641,1,166.6699981689453
2020-12-01,0.0208408588153641,-0.01197411065759689,-0.04014013947419892,1.4562111451055344,0.0143117012154537,0.05350931517646362,-0.027148195388180203,-0.037138501252944,-0.010269093213791214,0.390533295891176,0.006933792023538956,0.1804969788216575,0.0074933850243151,1,170.17999267578125
2020-12-02,0.0074933850243151,0.010966304646245907,-0.028970833965695823,0.5214399679591377,0.0143705613009364,0.03588502067810562,-0.01773638858774468,-0.0291063853594757,-0.011575300804825495,0.42778322839093424,0.009389948368766454,-0.2031576772847925,0.0078426685305537,1,171.4600067138672
2020-12-03,0.0078426685305537,0.019280821213950507,-0.015389381589169223,0.5393605923049488,0.0145406776884425,0.07674115645046098,-0.008295300378237933,-0.0212425802597174,-0.013055579837846554,0.4649272652047457,0.01024248768860026,-0.09163282936051731,-0.0028394550265411,0,172.80999755859375
2020-12-04,-0.0028394550265411,0.026640098423574708,-0.016346606928753324,-0.21261187209502888,0.0133551104111062,-0.019750157767228993,-0.008087452443696902,-0.0236727232642658,-0.015712343652638627,0.45342262632497354,0.010039524795708271,-0.0993031118040204,0.0148039454595147,1,172.32000732421875
2020-12-07,0.0148039454595147,0.04814140280320651,-0.004563890901882323,1.0641654689584785,0.0139113191428807,0.02574950981098323,0.00911660921832212,-0.0091060987077656,-0.01805807947230531,0.520449825220688,0.01589569894790348,-0.05932941650903567,0.0034818415347374,1,174.88999938964844
2020-12-08,0.0034818415347374,0.030782385522579808,0.018808274864982877,0.3632206547102745,0.0095860229576281,-0.3301968219349659,0.012513631417321223,-0.0055147205146792,-0.01780553996765888,0.5350249486850224,0.006894538205573362,-0.3682058794551467,-0.0172418064345061,0,175.5
2020-12-09,-0.0172418064345061,0.006047194063758608,0.017013498710004477,-1.6738011999500615,0.0103009882147417,-0.2831881790121532,-0.0038862846657059407,-0.0218837233647721,-0.01806765474866112,0.4608417325274038,0.016231813292572464,0.07443335271871176,-0.0019148863181888,0,172.5
2020-12-10,-0.0019148863181888,-0.0037103607849838923,0.015570460428966579,-0.18640415537513513,0.010272766260683,-0.2935153037022341,-0.005007623354040308,-0.023206586463066,-0.01829055532100965,0.4533946225567716,0.010919468564829204,-0.3354068962165577,0.0018569454695868,1,172.1699981689453
2020-12-11,0.0018569454695868,0.0009860397111440078,0.027626138134718675,0.18261871093161652,0.0101684294019694,-0.23861135633043762,-0.0021577447618656856,-0.0207009976185205,-0.018583350984900493,0.4624659367426439,0.007014938114284779,-0.38052840576773994,-0.0055228591993228,0,172.49000549316406
2020-12-14,-0.0055228591993228,-0.019340764947693493,0.028800637855512977,-0.5498710231259827,0.0100439175134665,-0.27800394697963593,-0.006037743943173819,-0.0253199061182736,-0.019399290121532964,0.43916476563651363,0.009385569974146163,-0.22637670467281867,0.0138939897740396,1,171.5399932861328
2020-12-15,0.0138939897740396,-0.00892861670839129,0.021853768814188476,1.3076439033013494,0.0106252090029725,0.10840637978208334,0.008806922633444049,-0.011068471822548,-0.0197018815098019,0.5067748679083425,0.005289169575901465,-0.30237384623464936,0.005503920929853,1,173.94000244140625
2020-12-16,0.005503920929853,0.013817110655967808,0.01986430471972638,0.5144974749837405,0.0106976636377602,0.038508482365878116,0.014845493266788096,-0.0053390176436001,-0.01988924525389013,0.5311234655669479,0.011435106173781299,-0.1660745663811154,0.0104654100429557,1,174.89999389648438
2020-12-17,0.0104654100429557,0.026197407017112307,0.022487046232128376,0.9611541442847639,0.0108883784200332,0.059926619931608416,0.025150264387347944,0.005180055709942,-0.019480274620365612,0.57448290366601,0.0072988188640896404,-0.04354698538340185,-0.0016988680965652,0,176.74000549316406
2020-12-18,-0.0016988680965652,0.02264159345096031,0.023627633162104276,-0.15605312682367464,0.0108864726464902,0.07061496088882024,0.023030377755270923,0.0036348034076269,-0.01895894273462506,0.565303871274619,0.0049874722956642,-0.3140455040021337,-0.0031789169989821,0,176.44000244140625
2020-12-21,-0.0031789169989821,0.02498553565130101,0.005644770703607478,-0.2917749580177333,0.0108950988137539,0.08474594690230863,0.019727242714003914,0.0010415912344627,-0.01832416620527788,0.5477117976583683,0.006709164781730264,-0.18212405054292946,-0.0079345071833982,0,175.8800048828125
2020-12-22,-0.0079345071833982,0.0031570386938632074,-0.005771578014528121,-0.7904914087043705,0.0100374363288818,-0.05531869292418301,0.011005852677742187,-0.0061830635301861,-0.017001796935598334,0.5056490687371992,0.011461974537437638,-0.025002232941488622,0.0066258790722755,1,174.49000549316406
2020-12-23,0.0066258790722755,0.0042789968362857075,0.018096107492253478,0.7075053013589289,0.0093651299284245,-0.1245630592302579,0.015943306975203828,0.0006596632265471,-0.015043795892667577,0.5375658418936793,0.00654716308132166,-0.27595660918665743,0.0039773473286313,1,175.64999389648438
2020-12-24,0.0039773473286313,-0.0022090658780386917,0.02398834113907358,0.4248267869228615,0.009362279995196,-0.14015846675840893,0.017978449923872528,0.0048673850036535,-0.012879511271775446,0.5561875597059109,0.004876669013817618,-0.5755787210510267,-0.0036357443125672,0,176.35000610351562
2020-12-28,-0.0036357443125672,-0.004145942094040692,0.01849565135691958,-0.40299319411858064,0.0090218504074721,-0.17127882460801047,0.011970786952434073,0.0015869778641236,-0.010260977117315329,0.5349764622548535,0.012975918799034088,-0.09205773750364021,0.0036357443125671,1,175.7100067138672
2020-12-29,0.0036357443125671,0.002668719217508508,0.02765425486880948,0.41449457697100445,0.0087715123781256,-0.19491208587732112,0.012833462165581507,0.0054586418790932,-0.007281375035457338,0.5533216213711836,0.007938723266403479,-0.2708211472469193,0.0076260266946551,1,176.35000610351562
2020-12-30,0.0076260266946551,0.01822925309556181,0.02138629178942498,0.9795717216690091,0.0077850621102677,-0.22439736052253711,0.018387688231631377,0.0132353299277794,-0.0050593289406304365,0.5900586650784089,0.00720314463297202,-0.24422835958321376,0.0037072651943418,1,177.6999969482422
2020-12-31,0.0037072651943418,0.015310639217628107,0.01958963605391378,0.48183225252901996,0.0076940992946887,-0.178431121245204,0.02015311031534993,0.0171018637409851,-0.0029909692412951605,0.6070732393600613,0.0060550940153054995,-0.02600950379544753,0.0220142589123479,1,178.36000061035156
2021-01-04,0.0220142589123479,0.0333475508013447,0.03113848492330598,2.4926659834015963,0.0088316120406579,-0.05668148728839528,0.04002852189146302,0.039535776393203,-0.00047378075493909044,0.6903312055693097,0.007897697406658806,0.8059004205585396,0.0029572490918935,1,182.3300018310547
2021-01-05,0.0029572490918935,0.03994054420580541,0.03579460211176468,0.3385326243448236,0.0087354921777976,-0.03174052070707489,0.03997949365933704,0.0421344103622874,0.0020720761477401872,0.6996534240799409,0.007601024918044605,0.5766680695212589,-0.0163743841563195,0,182.8699951171875
2021-01-06,-0.0163743841563195,0.01993041573691881,0.02259913495442728,-1.7648877934764504,0.0092778612990832,0.057726524130585766,0.021633723805377557,0.0250618430038326,0.0033555266614397894,0.5937772291435676,0.018565850201265045,1.1807994866343527,-0.0023373497260989,0,179.89999389648438
2021-01-07,-0.0023373497260989,0.009967039316164807,0.02819629241172658,-0.25130743621091556,0.0093007583115735,0.19469288489127812,0.0180980449349545,0.0225603407916595,0.004382972621256975,0.5804014435849234,0.006017393897725473,-0.16349554906266495,-0.034808794723662,0,179.47999572753906
2021-01-08,-0.034808794723662,-0.028549020601838997,-0.013238381384210924,-2.9860351497409425,0.0116571952365269,0.5150825054433541,-0.01696522687159179,-0.0117817898431358,0.005272892851958977,0.42845085493702745,0.031787295961887355,1.6571509779771376,-0.0019633680816781,0,173.33999633789062
2021-01-11,-0.0019633680816781,-0.052526647595865,-0.019179096794520324,-0.1684185301063597,0.011657672587679,0.31999373772430517,-0.01912424423961415,-0.0133680076864949,0.005868466540552619,0.4218646142704003,0.009537536973898121,-0.07666619986857837,0.0064530941435164,1,173.0
2021-01-12,0.0064530941435164,-0.0490308025442421,-0.009090258338436723,0.5498428188120953,0.0117362524756765,0.3435135922284638,-0.013230066119761883,-0.0068355908247037,0.006480208887104322,0.4517619396542921,0.010682204248344249,0.034821257426375096,-0.0043166778076138,0,174.1199951171875
2021-01-13,-0.0043166778076138,-0.0369730961955364,-0.017042680458617624,-0.36872945703106086,0.0117068970902701,0.26180988407607764,-0.01798967290624979,-0.0107941651310263,0.00732732393611224,0.4355198985229896,0.008132916316668862,0.44099108667412845,-0.0005192346256867,0,173.3699951171875
2021-01-14,-0.0005192346256867,-0.035154981095124195,-0.025187941778959427,-0.046044943750873014,0.0112766914972473,0.21244861112185087,-0.01831593679261902,-0.0107850070197718,0.007671439371483624,0.43350583034856377,0.00900275605715283,0.3354183557685566,-0.0124852460858674,0,173.27999877929688
2021-01-15,-0.0124852460858674,-0.012831432457329595,-0.041380453059168626,-1.0843946489440073,0.0115135629800697,-0.012321339185187408,-0.02945986169678235,-0.0221891299830698,0.00749142815095083,0.38741261584247944,0.012213004949721698,0.5364219158509151,0.0084373775679232,1,171.1300048828125
2021-01-19,0.0084373775679232,-0.0024306868077282953,-0.05495733440359332,0.739151577669413,0.0114149490075185,-0.02082092959250159,-0.020080448218421417,-0.0132003917030302,0.007021042189517379,0.43132816495876214,0.005388851110806765,-0.2820557086099702,0.0161511546000279,1,172.5800018310547
2021-01-20,0.0161511546000279,0.007267373648783205,-0.04176342889545893,1.3399970980902491,0.0120531265500846,0.02699959591571699,-0.003828156520072642,0.0037324459956633,0.007589656910322429,0.505336950437041,0.009407571139895664,-0.10453527880998648,-0.0006273739671711,0,175.38999938964844
2021-01-21,-0.0006273739671711,0.010956677489225904,-0.026016418706310523,-0.05213118933088555,0.0120345224274292,0.027985668160643407,-0.004283268323509981,0.0040119169999754,0.008330868669364166,0.5025795476838032,0.005705157502078409,-0.3107328243185725,-0.0079043020605179,0,175.27999877929688
2021-01-22,-0.0079043020605179,0.003571610054394705,-0.03158337104072952,-0.6568581797417454,0.0120334987129575,0.06711252284368507,-0.011957110010156903,-0.003758139853643,0.008298192557813167,0.4680728934093844,0.011155763373815776,-0.30134496092554297,0.0008622455288576,1,173.89999389648438
2021-01-25,0.0008622455288576,0.016919101669119706,0.004087669211790078,0.07227070147490229,0.0119307756983241,0.03623662970156194,-0.01065511890136753,-0.0027147970224718,0.00802583813854496,0.47231415744448507,0.010169515894432853,-0.4277692127151902,-0.0024736569511458,0,174.0500030517578
2021-01-26,-0.0024736569511458,0.006008067150050706,0.0035773803423223777,-0.20801532150696037,0.0118917055398875,0.04176598003679044,-0.012333059469426859,-0.005032743329422,0.007391475648747647,0.4609677820628065,0.004838131329998348,-0.5505137253227901,-0.0063557782954412,0,173.6199951171875
2021-01-27,-0.0063557782954412,-0.01649886574541839,-0.009231492096635222,-0.5322413861233978,0.0119415334116232,-0.009258439127615148,-0.017699260589234496,-0.0109465230623433,0.006874409491885114,0.4323547610173309,0.010781361953910357,-0.13833341200039861,0.0009269317276355,1,172.52000427246094
2021-01-28,0.0009269317276355,-0.014944560050611792,-0.003987882561385921,0.07787714524571031,0.0119024872407808,-0.010971369029772582,-0.01575995623711938,-0.0095205273178894,0.006339336586404176,0.4378205420720528,0.015577962447895846,-0.11871919472079728,-0.0004054103376829,0,172.67999267578125
2021-01-29,-0.0004054103376829,-0.007445668327776792,-0.0038740582733821213,-0.03456618608877694,0.0117285238423955,-0.02534382375705979,-0.014729667224952052,-0.0094060742206962,0.0054031800483242964,0.4358433419163791,0.014773205739765734,0.0300413470137606,0.0093415229782414,1,172.61000061035156
2021-02-01,0.0093415229782414,0.0010336091216070088,0.017952710790726682,0.7833551290731869,0.0119250166770385,-0.00048270300533836963,-0.004308979041078502,0.000151524878175,0.0044798073150824624,0.49292260193463283,0.006887430279908536,-0.17244130949767988,-0.0122424300846774,0,174.22999572753906
2021-02-02,-0.0122424300846774,-0.008735164011924592,-0.0027270968618739212,-1.130483451734763,0.0108293757559131,-0.0893336771929899,-0.013543628314844373,-0.011634577839867,0.0019352609297014212,0.43140869035108415,0.005926467194490204,-0.32173797072701593,-0.001511772015805,0,172.11000061035156
2021-02-03,-0.001511772015805,-0.0038911577322883924,-0.020390023477706822,-0.14065215495713393,0.0107483032610893,-0.09992269078043847,-0.011913343391864338,-0.0127523177620614,-0.0008490898693817028,0.4244135275767961,0.006342719227103515,-0.5452994706825487,-0.0217656369241351,0,171.85000610351562
2021-02-04,-0.0217656369241351,-0.02658372638405899,-0.041528286434670825,-1.9506190550116893,0.011158322722324,-0.06252176569508205,-0.02991040295899259,-0.0331706452681951,-0.0033607641182288317,0.3399377810138867,0.006303881041151272,0.3724961232874522,0.0098237486926909,1,168.14999389648438
2021-02-05,0.0098237486926909,-0.016354567353685193,-0.02380023568146202,0.8510788210639374,0.011542701392111,-0.01584363495197927,-0.017593193861980397,-0.0233541600561856,-0.005864135059133413,0.39784609254523134,0.008892259163450648,-0.34483278631689007,0.0100197522109129,1,169.80999755859375
2021-02-08,0.0100197522109129,-0.015676338121013694,-0.014642728999406721,1.102967745689406,0.0090843565009692,-0.23821016380957882,-0.007177557412496991,-0.0137381763472274,-0.00660804858281816,0.45125347158737905,0.005305435987949187,-0.24348726285179212,0.0032595928083516,1,171.52000427246094
2021-02-09,0.0032595928083516,-0.000174315227984691,-0.008909479239909323,0.35757098186826664,0.0091159321467324,-0.15822182624378123,-0.0036707930335430194,-0.0108104814706231,-0.007165993315420782,0.4678976341192427,0.007438393570878484,-0.4254779986554408,0.0036544306292798,1,172.0800018310547
2021-02-10,0.0036544306292798,0.004991887417100109,0.0011007296848116778,0.40476997410750104,0.0090284133286755,-0.16001501731348577,0.0003852271189002563,-0.0077502066860701,-0.008132301022077626,0.48675819698568,0.0070060023555660825,-0.30123536667196316,-0.0087230137985228,0,172.7100067138672
2021-02-11,-0.0087230137985228,0.018034510542712406,-0.008549215841346621,-0.9500826418159887,0.0091813210920785,-0.17717731234732914,-0.007682439957268151,-0.016880831296628,-0.009269604519508645,0.44620492965287056,0.012616017280638095,-0.28142628700753514,-0.0030418523515484,0,171.2100067138672
2021-02-12,-0.0030418523515484,0.0051689094984731085,-0.011185657855212121,-0.3307411403289017,0.0091970788651314,-0.20321261438702254,-0.009953238705316841,-0.0199241953243519,-0.01007119765332709,0.43274493442475587,0.010369611508321757,-0.24452399451238416,-0.0144574960341956,0,170.69000244140625
2021-02-16,-0.0144574960341956,-0.01930833874663539,-0.034984676867649125,-1.548081911663868,0.0093389735551246,0.02802807817243136,-0.023345292147858812,-0.0336343639825154,-0.010535014833732093,0.3753022158646469,0.013908770329746375,0.8693313206170867,-0.0114177862341961,0,168.24000549316406
2021-02-17,-0.0114177862341961,-0.03398571778918309,-0.034160033017167815,-1.2205172591301,0.0093548748686552,0.02621155116961349,-0.032678286586784386,-0.0438936258756419,-0.011594218483201413,0.3376708561029123,0.008958036541648201,0.4088487570144621,-6.0090224343136566e-05,0,166.3300018310547
2021-02-18,-6.0090224343136566e-05,-0.03770023864280603,-0.03270835122570596,-0.007184951839160775,0.0083633440680314,-0.07366402450048981,-0.030178597066837724,-0.0432911486380963,-0.013520583822547727,0.33748016567683053,0.009439678060849464,-0.06205906193397315,0.0041399703856312,1,166.32000732421875
2021-02-19,0.0041399703856312,-0.02483725445865203,-0.0068027439159396574,0.4875638292849231,0.008491135184706,-0.07517283193243085,-0.023801488222917704,-0.0384504995808165,-0.015006180793322055,0.3641755909484393,0.008023449984819783,0.0283190119387422,0.0148582317519616,1,167.00999450683594
2021-02-22,0.0148582317519616,-0.006937170355142028,-0.0017682608566689552,1.6129582413341652,0.0092117894755115,0.0015994872497910873,-0.007915758285546949,-0.0233832942602793,-0.015590950167701956,0.4505611232393111,0.009379956282321184,0.23042717396947743,-0.0023033964742125,0,169.50999450683594
2021-02-23,-0.0023033964742125,0.005216929204841073,-0.014091409541794357,-0.2503620771813314,0.0092002610784548,-0.014853075217638234,-0.008768258814017407,-0.0252506034103922,-0.01662814447069072,0.4405065240179091,0.00863296331610885,0.035701085666379306,-0.0007097783269727,0,169.1199951171875
2021-02-24,-0.0007097783269727,0.015924937112064472,-0.018060780677118658,-0.07716448147597957,0.0091982517525715,-0.016742406315715552,-0.008128653375533245,-0.025586147958445,-0.01760056346251271,0.4372732073089675,0.011775180432923447,0.04227127118619234,-0.0189958080653072,0,169.0
2021-02-25,-0.0189958080653072,-0.003010780728899591,-0.04071101937170565,-1.9066613094021563,0.0099628643910876,0.19125367915572333,-0.02487499805788051,-0.0431852938605053,-0.018777383172574713,0.36153810621589,0.013327744640283863,0.8389261895849562,-0.0244801145341545,0,165.82000732421875
2021-02-26,-0.0244801145341545,-0.031630865648685294,-0.05646812010733736,-2.20052025339116,0.011124694033799,0.310153918387319,-0.04540535851285648,-0.0652742692883024,-0.02081397685670283,0.2926945917151717,0.0256474211599358,1.4685558307595805,-0.0017319159550744,0,161.80999755859375
2021-03-01,-0.0017319159550744,-0.04822101335572129,-0.05515818371086336,-0.15587705032596885,0.0111107821930979,0.20614808041745403,-0.04393247863162177,-0.0655519471529512,-0.022612909693226158,0.2885627412052226,0.013557868247114357,0.4194744424695733,0.0054331483665202,1,161.52999877929688
2021-03-02,0.0054331483665202,-0.04048446851498859,-0.03526753931014756,0.4980446867156185,0.0109089575924389,0.18572261150126845,-0.03534951639037944,-0.059101454708066,-0.02462232562078781,0.3210049302548194,0.01052885546776864,0.1589401286291059,-0.0110827283745206,0,162.41000366210938
2021-03-03,-0.0110827283745206,-0.05085741856253649,-0.03493248145047206,-1.0202179364262063,0.0108630989309432,0.18099604393913982,-0.04271490566068453,-0.0677303336947132,-0.026131638507641775,0.29185146838251386,0.013696905834401758,0.286726418784379,-0.0098855956672333,0,160.6199951171875
2021-03-04,-0.0098855956672333,-0.04174720616446259,-0.044757986893362224,-0.9031786478758441,0.0109453381016955,0.09861357858958542,-0.048499412738852526,-0.0750326662178859,-0.027885693224224073,0.268658015792484,0.0190518999371093,0.3072285352642854,0.0006286134207733,1,159.0399932861328
2021-03-05,0.0006286134207733,-0.016638478209534794,-0.04826934385822012,0.062030073506712045,0.0101340105731985,-0.08905264788322353,-0.045328029774593506,-0.0726453119649869,-0.028614312604091197,0.2725983350425072,0.007980421498880232,0.21364259372846583,-0.0104223150481412,0,159.13999938964844
2021-03-08,-0.0104223150481412,-0.025328877302601596,-0.07354989065832293,-1.0615749212089554,0.0098177856691188,-0.11637313210786548,-0.0517220346803111,-0.0804383951604599,-0.030282640249336468,0.24878222806985037,0.010222874812341317,0.11900357604584122,0.0210480601944894,1,157.49000549316406
2021-03-09,0.0210480601944894,-0.009713965474632394,-0.050198433989621025,1.9337549536058898,0.010884553989243,-0.002237024297611634,-0.02842717017874463,-0.0592512821459858,-0.031725992145037685,0.3692686149629476,0.005160419360561475,-0.0577663310232609,0.0050853276984302,1,160.83999633789062
2021-03-10,0.0050853276984302,0.006454090598318408,-0.04440332796421812,0.46444856951726793,0.0109491729164237,0.007923520353415814,-0.020390832208896207,-0.0528274335970436,-0.03311177809951282,0.394853950935614,0.006928090386094737,-0.2866003712151045,-0.0008663865026826,0,161.66000366210938
2021-03-11,-0.0008663865026826,0.015473299762869108,-0.026273906401593525,-0.0798653805531264,0.0108480858249499,-0.008885269312104205,-0.01790950902730702,-0.0520714839190515,-0.0347849563820839,0.39193081382967704,0.005324421666686348,-0.39698716949304735,-0.0001857451996914,0,161.52000427246094
2021-03-12,-0.0001857451996914,0.014658941142404408,-0.0019795370671304257,-0.017209254054547294,0.0107933324188633,0.06506030765435677,-0.01518174575399389,-0.0505915756582816,-0.035955700203179175,0.3912624038266712,0.014490038134215545,-0.23974436476020622,0.0043868676100483,1,161.49000549316406
2021-03-15,0.0043868676100483,0.02946812380059391,0.004139246497992274,0.4018702192370428,0.0109161301336955,0.11187293159510214,-0.008284695389351015,-0.044676414119517,-0.03669573168930129,0.41662062719286924,0.006905119587233756,-0.2907863481294375,0.0009244132771239,1,162.1999969482422
2021-03-16,0.0009244132771239,0.009344476883228408,-0.00036948859140402586,0.08746074678577558,0.0105694647152755,-0.028948294461941027,-0.005576941331832242,-0.0419861646593744,-0.036613414190440396,0.4220982488928711,0.008561745225695668,-0.3180117758043004,0.0071195808075622,1,162.35000610351562
2021-03-17,0.0071195808075622,0.011378729992360406,0.017832820590678776,0.6785396473715126,0.0104925052429016,-0.041707960684144396,0.0023939169592020622,-0.0329933457761494,-0.035302750881310185,0.4640084258100602,0.016329265847010267,0.13467217107024942,-0.0058269675795917,0,163.50999450683594
2021-03-18,-0.0058269675795917,0.006418148915451308,0.021891448678320373,-0.5523924641264433,0.0105486007829714,-0.027607178520813735,-0.002280111112893092,-0.0362965844812622,-0.03409421195994433,0.4361139195841783,0.010519234372225099,-0.22143804846047865,0.0041743948168263,1,162.55999755859375
2021-03-19,0.0041743948168263,0.010778288931969006,0.025437230074373377,0.3956955744582653,0.0105495110036076,-0.022590003327385477,0.0030539283566929816,-0.030349942028359,-0.033302167950010064,0.4610878688210909,0.0061259493160325616,-0.3822084413554917,-0.0014713433816878,0,163.24000549316406
2021-03-22,-0.0014713433816878,0.004920077940232906,0.034388201740826775,-0.14929783444685293,0.0098550885693628,-0.09719942427742934,0.00358643430498385,-0.0298762414107204,-0.03334309290348103,0.45345441003041564,0.005950927734375,-0.5182439809228294,-0.0073274084831506,0,163.0
2021-03-23,-0.0073274084831506,-0.0033317438200415935,0.006012733063186776,-0.7380464660686168,0.0099281126867009,-0.060679707615437284,-0.0014933655123930273,-0.0356352051913864,-0.03419290217987747,0.4166250321061905,0.005562135645836909,-0.43728630639766664,0.0034548592032761,1,161.80999755859375
2021-03-24,0.0034548592032761,-0.006996465424327693,0.004382264568032677,0.3453271237852472,0.0100045984381598,-0.046500506165758626,0.004016157094163463,-0.0310699997391985,-0.03494580897473687,0.4396879208046945,0.005850815894627237,-0.41735241477399876,-0.0036402714825327,0,162.3699951171875
2021-03-25,-0.0036402714825327,-0.004809769327268693,0.0016083795881825765,-0.3962162507757967,0.0091875875242497,-0.12902310806176143,0.0016190035434501858,-0.0331668437237275,-0.03472961988951384,0.42081226006321537,0.013969554480705998,-0.17782216755351044,0.0028393742167224,1,161.77999877929688
2021-03-26,0.0028393742167224,-0.006144789927372592,0.004633499004596376,0.3832874327478204,0.0074079502068896,-0.2977920773430811,0.0043333251201867675,-0.0291261825640942,-0.033315142341091786,0.44096330098094505,0.006656815794426197,-0.3408588468162772,-0.0119673287887777,0,162.24000549316406
2021-03-29,-0.0119673287887777,-0.016640775334462492,-0.011720697394229623,-1.5183241002032564,0.0078819329727926,-0.20021693186038803,-0.00723934711198468,-0.0391842309152127,-0.03217783028597887,0.3810599594354101,0.010542090120041012,-0.07236282567904617,-0.0172395750160292,0,160.30999755859375
2021-03-30,-0.0172395750160292,-0.02655294186734109,-0.02988468568738272,-2.0046556044923145,0.0085997689465444,-0.13379619894281303,-0.02274287504848713,-0.0540687767615474,-0.03205492281738498,0.31552700584528265,0.004125111799651925,-0.06267252561795034,0.0150539754945091,1,157.57000732421875
2021-03-31,0.0150539754945091,-0.014953825576108094,-0.021950291000435822,1.6646370760684825,0.0090433979339589,-0.0960758705251642,-0.007716893712507012,-0.0382637866814979,-0.03078445332328439,0.41072313221371415,0.016441544846443418,0.2086351233203052,0.0125490184935917,1,159.9600067138672
2021-04-01,0.0125490184935917,0.0012354644000163086,-0.003574304927252423,1.368480452050598,0.0091700385451525,-0.0019100747667307738,0.0038983008916563234,-0.0245459641908925,-0.028333811360458427,0.4769375281859655,0.005124100833110311,-0.15931407638963657,-0.0003704696536619,0,161.97999572753906
2021-04-05,-0.0003704696536619,-0.001974379470367991,-0.008119169397740622,-0.04038077859774616,0.0091744059061451,0.23845404598057995,0.0026626865501282915,-0.0233357270020511,-0.025929371762733577,0.47522945829706154,0.006422883509717536,-0.24079726264290935,0.0079966167292692,1,161.9199981689453
2021-04-06,0.0079966167292692,0.017989566047678908,0.0013487907132163782,0.8982888395984072,0.0089020550815751,0.12942537221565176,0.008922807160099714,-0.014224348046483,-0.02294244420119418,0.5157012958978152,0.004778818609627228,-0.13871106018462198,-0.0028223021365765,0,163.22000122070312
2021-04-07,-0.0028223021365765,0.03240683892713161,0.005853897059790477,-0.36638065658232466,0.0077031963502209,-0.10425542847680414,0.0054826724313149465,-0.0156602069169435,-0.021027591949579594,0.5009779482194202,0.004976637908154574,-0.28499697149655423,0.0106946358568615,1,162.75999450683594
2021-04-08,0.0106946358568615,0.02804749928948401,0.013093673713375876,1.3413983765915583,0.0079727514536257,-0.11838984507281392,0.015399773798094105,-0.0039790334236095,-0.01908490401688534,0.5532351233663513,0.0038295842432012313,-0.12728532572985074,-0.0075660269341201,0,164.50999450683594
2021-04-09,-0.0075660269341201,0.007932453861772208,0.009167918261788473,-0.9240873800395824,0.0081875665630192,-0.10713935141010489,0.0072022585634032845,-0.0103780652799396,-0.017454611220211302,0.5122983115940118,0.007227340624069223,-0.11567874137066536,-0.0060820674901002,0,163.27000427246094
2021-04-12,-0.0060820674901002,0.002220856025333908,0.000246476554965876,-0.731007766227282,0.0083201133710106,-0.09311693246123842,0.000851099422470368,-0.01513708853391,-0.01597459199036322,0.48165442483169796,0.006100600817174544,-0.33316855582042515,0.0070614884732901,1,162.27999877929688
2021-04-13,0.0070614884732901,0.0012857277693548077,0.019275293817033676,0.8395336537490433,0.0084112035792206,-0.055139122130398066,0.007561446426924176,-0.0070514816945845,-0.014503262479256152,0.5177408618575374,0.005017483699246761,-0.040053898258803566,-0.0043537794872208,0,163.42999267578125
2021-04-14,-0.0043537794872208,-0.00024574958128949134,0.032161089345842074,-0.5136775647968438,0.0084757049666802,0.10028416534353912,0.00306987870658522,-0.0099805011792574,-0.013010439414919528,0.4948359753252163,0.004609144508195691,-0.12645221109734917,0.0160335365383925,1,162.72000122070312
2021-04-15,0.0160335365383925,0.00509315110024151,0.03314065038972548,1.7664756535480235,0.0090765680841333,0.13844864435170945,0.01870452435213477,0.00684916565545,-0.011637681401507893,0.5706152485951658,0.010644054683216107,0.17743849401583645,0.0060295628147861,1,165.35000610351562
2021-04-16,0.0060295628147861,0.018688740849147713,0.02662119471091988,0.6681298986207066,0.0090245367363945,0.10222453361852923,0.02367029466218488,0.0136172980699658,-0.009820541481607159,0.5954639328663904,0.005229907335537595,0.4216553090859232,-0.0027691247303623,0,166.35000610351562
2021-04-19,-0.0027691247303623,0.02200168360888561,0.024222539634219477,-0.30646449661806235,0.0090357113496686,0.08600820045930213,0.02000786620054657,0.0110928187513033,-0.008740175193404198,0.578868612673716,0.004340232825078021,-0.18461895824693864,0.0035502419969409,1,165.88999938964844
2021-04-20,0.0035502419969409,0.01849043713253641,0.01977616490189118,0.39277404888607753,0.009038891461922,0.07462521585520387,0.022541587639374243,0.0151008768424604,-0.007276682813548319,0.5944789887145426,0.007148020614763869,-0.07763693180133324,0.0098623623108536,1,166.47999572753906
2021-04-21,0.0098623623108536,0.03270657893061081,0.03246082934932128,1.0937528807456962,0.0090169932207444,0.06386350825000608,0.03067570260189304,0.0255856829259989,-0.00493852689361407,0.6352045339407735,0.007375277803794468,0.16417456367070216,-0.0065042542316209,0,168.1300048828125
2021-04-22,-0.0065042542316209,0.010168788160597408,0.015261939260838877,-0.7069346344800385,0.0092006444646822,0.01366996637923057,0.022530022198355558,0.0195635656342492,-0.002901094833116624,0.5928474594252665,0.00622601369691955,0.05594148400468835,-0.0038387727937765,0,167.0399932861328
2021-04-23,-0.0038387727937765,0.000300452552034809,0.018989193401182478,-0.416963629079863,0.0092064931472506,0.02016241012375719,0.01717394360094942,0.0164401487471278,-0.0007214054768487355,0.5688617681636892,0.01051682730883185,-0.01417956153852018,0.0026407556715896,1,166.39999389648438
2021-04-26,0.0026407556715896,0.005710332953986709,0.02771201656287228,0.28688353351335655,0.0092049747130804,0.01873271033807522,0.018431740401304835,0.0196722453305518,0.0012180540727828593,0.5814009086235867,0.004914841065861742,-0.329631315430132,-0.002520544909244,0,166.83999633789062
2021-04-27,-0.002520544909244,-0.0003604539521981907,0.01812998318033818,-0.2893105188316272,0.0087122477240826,-0.03613758824469193,0.013977058637507441,0.0176364949178763,0.003608993171192676,0.5645233307547577,0.005227707768055034,-0.2324655550403838,0.002940064461277,1,166.4199981689453
2021-04-28,0.002940064461277,-0.007282751801774789,0.02542382712883598,0.39403987062636936,0.0074613374951206,-0.17252488579506464,0.014077174635869502,0.0207988531321925,0.006628369777415211,0.5798475906058724,0.008807148693609629,0.0022105246417836177,-0.0041425474621681,0,166.91000366210938
2021-04-29,-0.0041425474621681,-0.0049210450323219895,0.005247743128275379,-0.5888224156887572,0.0070353086971434,-0.23534609731423772,0.007968189367323181,0.0165925703905446,0.008556203572887444,0.5504721538888743,0.010768820075726628,0.32584696816832626,-0.0033747021924852,0,166.22000122070312
2021-04-30,-0.0033747021924852,-0.004456974431030689,-0.004156521878995921,-0.5067058745105775,0.0066600810494743,-0.2765887137532659,0.003452688076614589,0.0132494560763374,0.009763059201626012,0.5271316741973638,0.004587676506310301,-0.08056987099550861,0.0128948551881409,1,165.66000366210938
2021-05-03,0.0128948551881409,0.005797125085520612,0.01150745803950728,1.80441379044513,0.0071462849909609,-0.22364968794472317,0.0146658133553129,0.0262993273739117,0.011465365113789483,0.5976655045954733,0.006078237462078076,0.2991690229750881,-0.007356686965198,0,167.80999755859375
2021-05-04,-0.007356686965198,0.0009609830295666108,0.0006005290773683789,-1.0122468395929558,0.0072676808436925,-0.16580874719585792,0.006206505158148658,0.0191421163063806,0.012855821426237757,0.5473636225010882,0.01830953906970852,0.443240424338605,0.0041336133669812,1,166.5800018310547
2021-05-05,0.0041336133669812,0.002154531935270811,-0.005128219866504021,0.5708956785156958,0.007240575682283,-0.029587431607532744,0.009000014450831139,0.0235952820196487,0.014465081625158804,0.5692648312639943,0.004184832488567311,-0.16664682492440297,0.0165420027352803,1,167.27000427246094
2021-05-06,0.0165420027352803,0.022839082132719207,0.017918037100397178,2.1377552787875005,0.0077380245060897,0.09988414712088312,0.024115416395965372,0.040533430760294,0.016031410231189147,0.644225102148476,0.01393622927914558,0.8123423691655729,0.0089565873538219,1,170.05999755859375
2021-05-07,0.0089565873538219,0.03517037167902631,0.03071339724799558,1.1813396522164201,0.0075817207498433,0.13838265533446448,0.030746985011617343,0.0491541250716489,0.017858058599923288,0.677382562679966,0.009033178418545952,0.8682487274118371,0.0030259218728549,1,171.58999633789062
2021-05-10,0.0030259218728549,0.02530143836374031,0.031098563449260878,0.41401840702809733,0.007308665077419,0.022722307697424338,0.03082719460884568,0.0510097943250589,0.019579033054004435,0.6880246483939012,0.006158837690051094,0.026448097190494346,0.0001742848474817,1,172.11000061035156
2021-05-11,0.0001742848474817,0.03283241017642001,0.03379339320598658,0.02398500446090049,0.0072664087999572,-0.00017502746235809052,0.02832462254371747,0.0498325869751301,0.020915539665100624,0.6886626935757844,0.011037492176258427,0.026718263721789093,-0.0099834834134529,0,172.13999938964844
2021-05-12,-0.0099834834134529,0.018715313395985908,0.02086984533125668,-1.3052377535166089,0.0076487853546644,0.056378068580962504,0.015770234633620796,0.0383879607634027,0.022266576986221587,0.6118465371364334,0.008742535342411789,0.49920904570017366,0.0040989178599215,1,170.42999267578125
2021-05-13,0.0040989178599215,0.006272228520627111,0.029111310653346278,0.5892327266108721,0.0069563649044029,-0.10101539495922329,0.018188556864157775,0.0413193470824587,0.022717590040041147,0.6300391175861642,0.006077300971469374,-0.04285998644556188,0.009074563611959,1,171.1300048828125
2021-05-14,0.009074563611959,0.00639020477876421,0.04156057645779048,1.2803114636314263,0.0070877781459679,-0.06514914228219348,0.025535976408003657,0.0490691620140748,0.022947206287679434,0.6674463475679565,0.0050957763135246826,0.15024639316036326,0.0115721059373621,1,172.69000244140625
2021-05-17,0.0115721059373621,0.014936388843271411,0.040237827207011675,1.5818603590689926,0.0073155040968173,0.0009357412504003015,0.034765624138571954,0.0592770533817415,0.023687904460080178,0.7083628269425583,0.009845456501139518,0.36911151683994103,0.0019442812059788,1,174.6999969482422
2021-05-18,0.0019442812059788,0.016706385201768512,0.04953879537818848,0.2658594789613474,0.0073131912150534,0.0064381754982565376,0.034157777422182956,0.0590845881706423,0.024103489131604094,0.7147560092955649,0.004284735082079195,-0.1684295071856059,0.0006853819629941,1,175.0399932861328
2021-05-19,0.0006853819629941,0.027375250578215514,0.04609056397420137,0.0963623885588498,0.0071125464327353,-0.07010772260749742,0.032722154398884144,0.0579773746129432,0.02445499993050837,0.7171133152794478,0.015128989729849052,1.2089909898396063,0.0045568717957412,1,175.16000366210938
2021-05-20,0.0045568717957412,0.02783320451403521,0.03410543303466228,0.6664774238558719,0.0068372485438106,-0.017123362881223847,0.034718016221032426,0.0609766501991943,0.025377574920423918,0.7329563798552752,0.007672232621080213,0.03235889289018479,0.0004544691684223,1,175.9600067138672
2021-05-21,0.0004544691684223,0.019213110070498512,0.02560331484926268,0.06793024181253635,0.0066902333378479,-0.05608877703743531,0.032262566522723385,0.0596035665979359,0.02648647830688411,0.734557072577449,0.009713739940263278,-0.19391646957841047,0.0017594874877142,1,176.0399932861328
2021-05-24,0.0017594874877142,0.009400491620850613,0.02433688046412198,0.2628317931242463,0.0066943479964863,-0.08490954172266019,0.03120517317771073,0.0595741173748741,0.027510475058754036,0.7410361352172142,0.0040827966871772705,-0.41885112955563386,0.0090319035143782,1,176.35000610351562
2021-05-25,0.0090319035143782,0.016488113929250012,0.033194499131018476,1.3456262931192766,0.0067120444662548,-0.08220033240224944,0.037065078326234714,0.0671676797014051,0.02902672359169034,0.7719713394542904,0.010733372828687998,-0.07767827270320138,-0.0017435678186662,0,177.9499969482422
2021-05-26,-0.0017435678186662,0.014059164147589712,0.041434414725805176,-0.2561021315758824,0.0068080956918923,-0.04280474563115311,0.032031671199023046,0.0633585449402511,0.03035456625554156,0.7531977088066776,0.00883814078818466,-0.13505885802601114,0.0003940189892895,1,177.63999938964844
2021-05-27,0.0003940189892895,0.009896311341138012,0.03772951585517318,0.05945916244109762,0.0066267161041804,-0.030791982810217333,0.02900392293066186,0.0619722217849922,0.03203904097900323,0.7546488347477475,0.005683471540526289,-0.1817333984424987,0.0037630876338542,1,177.7100067138672
2021-05-28,0.0037630876338542,0.013204929806569912,0.03241803987706838,0.5847495025552085,0.0064353840702907,-0.03809273229910681,0.02909364186621139,0.0639643366051515,0.0338848607360005,0.7686675220671019,0.006671079437400815,0.0012934336267627078,-0.0026945732480542,0,178.3800048828125
2021-06-01,-0.0026945732480542,0.008750869070801512,0.01815136069165208,-0.4344095138646609,0.0062028412409349,-0.07342115405553762,0.02334594330349321,0.0592488328465294,0.0350838245638978,0.7362123033518961,0.009331105784496486,-0.08204914284394793,0.0048785269631015,1,177.89999389648438
2021-06-02,0.0048785269631015,0.004597492519524812,0.02108560644877478,0.8527976352072943,0.0057206150224791,-0.14770901008778614,0.024757691578432207,0.0624338355378675,0.03676590502229149,0.7562969805779002,0.004530947805758531,-0.3236645312257104,-0.0197724208646648,0,178.77000427246094
2021-06-03,-0.0197724208646648,-0.013431360526473788,0.0006278036211158806,-2.5572053749518915,0.0077320425877162,0.13571297138555516,0.002396349224917041,0.0399694555138565,0.03748328325217076,0.5687012989809004,0.006675404464111985,0.016606369521132036,0.0107256332646573,1,175.27000427246094
2021-06-04,0.0107256332646573,-0.003099746251105989,0.006796565090031979,1.4763697846946868,0.0072648691241506,0.09630003910498397,0.011152604006281751,0.0493420788270602,0.03776826036887826,0.6230722451675464,0.00541886822094547,-0.13906062800579144,0.0039996192096109,1,177.16000366210938
2021-06-07,0.0039996192096109,-0.002863214675349289,0.010341715131220579,0.5633792801732224,0.0070993367174972,0.10317218676530482,0.013388757140467989,0.0515431439713348,0.03765029615932303,0.6413625330238816,0.007139984531034355,-0.17779422618311203,-0.0030968677538627,0,177.8699951171875
2021-06-08,-0.0030968677538627,-0.0032655091811577886,0.00548535988964368,-0.43160871399019857,0.0071751743036704,0.156756077572759,0.008758118925663097,0.046425894688276,0.03734074111118879,0.6164098856173471,0.0065982298703949555,-0.3620579028212557,-0.0019193434836643,0,177.32000732421875
2021-06-09,-0.0019193434836643,-0.010063379627923589,-0.00546588710839882,-0.266184260762569,0.0072105821665253,0.26045576187025143,0.00543961774129686,0.0423685028650608,0.036729092898412086,0.6008465746070657,0.005763387371933467,-0.30700329512229085,0.0042851315176653,1,176.97999572753906
2021-06-10,0.0042851315176653,0.013994172754406512,0.0005628122279326786,0.6381163811825098,0.0067152821084524,-0.1314995963523422,0.0076649445106969335,0.0443634423357149,0.03641934556216819,0.6237161502584815,0.007707946065238833,0.09730690465340364,-0.0113161778909122,0,177.74000549316406
2021-06-11,-0.0113161778909122,-0.00804763840116299,-0.011147384652269022,-1.5437648930507353,0.0073302469448891,0.00899917391782945,-0.004973973746798215,0.0307005256437127,0.0358528304278074,0.5365886534256162,0.006202410166204796,-0.12990234175500615,-0.0058781664100421,0,175.74000549316406
2021-06-14,-0.0058781664100421,-0.01792542402081599,-0.02078863869616532,-0.8095649811710321,0.0072608951063315,0.022756828597257472,-0.011371098064957405,0.0231319184916379,0.034899866359422216,0.49800582451191416,0.012077159460060202,-0.13195933220042966,-0.0037848631237422,0,174.7100067138672
2021-06-15,-0.0037848631237422,-0.01861341939069549,-0.02187892857185332,-0.5535780358580477,0.0068370904887432,-0.04711855080011862,-0.014924690112497427,0.0178207971209033,0.033241607930606154,0.4744634810310384,0.009077861553296481,-0.13105526227049824,-0.0170360036803554,0,174.0500030517578
2021-06-16,-0.0170360036803554,-0.033730079587386594,-0.04379345921531022,-2.190204986260986,0.0077782690603031,0.07872968931874236,-0.03048606860052448,-0.0002944593501675,0.031140975155226513,0.3867557167779546,0.02010404084586358,0.8450712442401842,-0.0312228259164103,0,171.11000061035156
2021-06-17,-0.0312228259164103,-0.0692380370214622,-0.05524386426705572,-3.042798929919731,0.0102612189091423,0.5280398862508986,-0.05780426674051571,-0.0313755722068157,0.028050110609470824,0.285182293402909,0.013144362951790325,1.8681263474523342,-0.0055627051424659,0,165.85000610351562
2021-06-18,-0.0055627051424659,-0.0634845642730159,-0.07153220267417892,-0.549043423274584,0.0101316305899614,0.3821677040533431,-0.060086046131076355,-0.0367960393095397,0.024778871220784593,0.2717394954410159,0.011216917393262485,0.6078992263460052,0.012173251058176,1,164.92999267578125
2021-06-21,0.012173251058176,-0.04543314680479779,-0.06335857082561382,1.1397805642787275,0.0106803462347855,0.47094071438550866,-0.04610359298232246,-0.0254179610309667,0.021685407135590973,0.34476990802171614,0.007307584564265369,-0.14812291412995526,-0.004201668574228,0,166.9499969482422
2021-06-22,-0.004201668574228,-0.04584995225528359,-0.06446337164597912,-0.395121416994105,0.0106338669419448,0.5553204918748307,-0.047354374981244965,-0.0299538605209167,0.018265464096353323,0.3323328182541357,0.00547370623825188,-0.27103951466543696,-0.0006618767987564,0,166.25
2021-06-23,-0.0006618767987564,-0.02947582537368459,-0.06320590496107123,-0.06442331768351493,0.0102738701227392,0.3208427277442176,-0.04475244648507725,-0.0309021767078912,0.01449914184676282,0.33031629586927236,0.012399166763943667,-0.14264482784960086,-0.0006021199876096,0,166.13999938964844
2021-06-24,-0.0006021199876096,0.001144880555116111,-0.06809315646634612,-0.05853261246736028,0.0102869146314862,0.002504158869567119,-0.042133151468626076,-0.0318604858616821,0.010724523583517165,0.32836553748277497,0.007347634726777697,-0.29590443703411706,0.0033069991892593,1,166.0399932861328
2021-06-25,0.0033069991892593,0.01001458488684131,-0.05346997938617462,0.3191022299361095,0.0103634474441668,0.0228805079446035,-0.03586778208888888,-0.0287939876010483,0.007336954783200289,0.3510641103592158,0.0074434571128087915,-0.23571405927390943,-5.999643961855651e-05,0,166.58999633789062
2021-06-28,-5.999643961855651e-05,-0.0022186626109532456,-0.047651809415751076,-0.005846227257661324,0.0102624200145372,-0.039130399994630194,-0.03262241762735078,-0.0288782974475786,0.003870381377444332,0.3508320794554902,0.0033017351765647425,-0.32239649835281203,-0.0105610346472273,0,166.5800018310547
2021-06-29,-0.0105610346472273,-0.008578028683952545,-0.054427980939236176,-1.0171360214790957,0.0103831094604925,-0.023581024929247407,-0.03913864161153786,-0.0389616049240728,0.0001842478999904973,0.31195348127989475,0.007704933921936432,-0.21738609855721513,0.0048417635922936,1,164.8300018310547
2021-06-30,0.0048417635922936,-0.003074388292902545,-0.032550213666587176,0.46638415502423636,0.0103814924673888,0.01047534603453859,-0.03076299614871549,-0.0342014741762901,-0.0035476132400144023,0.34754916734616215,0.010928049049225369,-0.17026001988881245,0.0034354496150826,1,165.6300048828125
2021-07-01,0.0034354496150826,0.0009631813097896549,0.002108061864905727,0.3511267784343676,0.0097840718113294,-0.04888179188516817,-0.024839621943265524,-0.0306596371598,-0.005968264654202193,0.3724597012611513,0.00830327862907398,-0.21388130829701435,0.0065369291506959,1,166.1999969482422
2021-07-02,0.0065369291506959,0.004193111271226254,0.014207696158067527,0.6863705690956852,0.0095239065382837,-0.08100980975743233,-0.015593779357865427,-0.0243308243594645,-0.008875446760078232,0.41820496824623987,0.007890533667252944,-0.1647864390238728,0.0049491878832175,1,167.2899932861328
2021-07-06,0.0049491878832175,0.00920229559406231,0.006983632983109026,0.517577000416158,0.0095622252906101,-0.06822900669971033,-0.007863590293448094,-0.0196867635207865,-0.011916882710549248,0.45102192049314843,0.012550563119400482,-0.1595749189464093,0.003799573612682,1,168.1199951171875
2021-07-07,0.003799573612682,0.02356290385397161,0.014984875170019025,0.3927067887453232,0.0096753448668953,-0.06816499395390452,-0.0015648915136380467,-0.0161751956126432,-0.01463320347494046,0.4755853090969304,0.006162558189054016,-0.2515651394373025,-0.000652029388752,0,168.75999450683594
2021-07-08,-0.000652029388752,0.01806911087292601,0.014994722580023425,-0.06733535010372535,0.0096833147484582,-0.0672521529176825,0.00024906574102522916,-0.0170720357450121,-0.017316788467285682,0.4716788801927176,0.011562389675739184,-0.2408992100711863,0.0033150614410246,1,168.64999389648438
2021-07-09,0.0033150614410246,0.017948722698868012,0.018911904008657623,0.3435159945241183,0.0096503845348367,-0.013663766892828444,0.006115459999100431,-0.0140724874825886,-0.02006523931329618,0.4944459251314497,0.005673372832503122,-0.46254720618435297,-0.0012418718351821,0,169.2100067138672
2021-07-12,-0.0012418718351821,0.01016992171299001,0.014363032984216224,-0.13177744481466863,0.0094240090702067,-0.010489127300382095,0.0068843530703685575,-0.0156150260729787,-0.022345544525285588,0.48598818572266694,0.008994108121070637,-0.21104200391922978,0.0013009357869861,1,169.0
2021-07-13,0.0013009357869861,0.00652166961675861,0.01572396521082088,0.1383469641657899,0.009403428509115,-0.016606676444973045,0.009846644980221534,-0.0147421800012087,-0.02434906834979078,0.4957197807002188,0.005732190129451735,-0.23786192573475806,0.0106977573134754,1,169.22000122070312
2021-07-14,0.0106977573134754,0.013419853317552011,0.03698275717152358,1.0942573650762066,0.0097762717025262,0.010431342450254899,0.021625287831983843,-0.0045199750799558,-0.02559183217500738,0.5685010686055432,0.004443373109612689,-0.050665640316634675,0.0001754642548268,1,171.0399932861328
2021-07-15,0.0001754642548268,0.014247346961130811,0.03231645783405678,0.01948366532824511,0.0090057107772444,-0.0699764480258881,0.02181676689446254,-0.004865396643481,-0.026112473784352663,0.5696042714526162,0.005611776891128228,-0.2575262566346186,-0.009751038308664,0,171.07000732421875
2021-07-16,-0.009751038308664,0.0011812472114422108,0.019129969910310178,-1.6819220023972243,0.0057975567801396,-0.3992408531275481,0.010826692956676128,-0.0147671316306506,-0.025319696012839343,0.4943276900267224,0.009857730552182427,0.1985691109648493,0.0011798535126086,1,169.41000366210938
2021-07-19,0.0011798535126086,0.003602972559232911,0.01377289427222288,0.21128522813427575,0.0055841741660178,-0.40745237781320176,0.010608990472074661,-0.0135523838073586,-0.023907737321975597,0.5028522338741009,0.006013821524617606,-0.09860707014372783,-0.0012979424872485,0,169.61000061035156
2021-07-20,-0.0012979424872485,0.001004094284998311,0.0075257639017568805,-0.25969973379339956,0.0049978583662356,-0.4685067939431836,0.008564973939978978,-0.0145797339496844,-0.022948157518546508,0.49300665705960534,0.011098676956057587,-0.11014265392493883,-0.0037261902890749,0,169.38999938964844
2021-07-21,-0.0037261902890749,-0.01341985331755199,-1.9081958235744878e-17,-0.7490940218775234,0.0049742624827463,-0.49119023753595714,0.0040635875814843915,-0.0178619560880395,-0.02183680788817033,0.46493326386473294,0.005095998094007561,-0.35970989841458045,0.001953541186602,1,168.75999450683594
2021-07-22,0.001953541186602,-0.011641776385776792,0.002605570575353981,0.3930991338587162,0.0049695891400873,-0.4481735797418187,0.005144896228246949,-0.0155919648352231,-0.02063071815942563,0.48158564198246845,0.006682860649866146,-0.3186558747382029,-0.0031393408805519,0,169.08999633789062
2021-07-23,-0.0031393408805519,-0.005030078957664691,-0.003848831746222519,-0.6227265860105,0.005041282885743,-0.1304470008792893,0.0012444192175407934,-0.0184637968794721,-0.019683721295959633,0.45698677274878435,0.005517370360942424,-0.16477009872656623,-0.0023758261058627,0,168.55999755859375
2021-07-26,-0.0023758261058627,-0.00858575857613599,-0.004982786016903119,-0.4704692122232162,0.0050499077179475,-0.09567510471316432,-0.001597086413718389,-0.0204541728055971,-0.018887250963785518,0.4387711970032899,0.004638432221160971,-0.23871659886909424,0.0016636888817755,1,168.16000366210938
2021-07-27,0.0016636888817755,-0.0056241272071119895,-0.004620032922113719,0.32911031110480676,0.0050551101732139,0.011455267993403018,-0.0004865650659049496,-0.0183371042366529,-0.017859228847609265,0.4551434667911355,0.00581816060391612,-0.08150709695478242,0.0050335632022407,1,168.44000244140625
2021-07-28,0.0050335632022407,0.0031356262842036106,-0.010284227033348418,1.140872282500894,0.0044120304081774,-0.11302822810799695,0.003229691888338795,-0.0127608453212988,-0.015939058960206087,0.5025821973546456,0.00980568094951512,0.1487648939261843,0.0110440230200986,1,169.2899932861328
2021-07-29,0.0110440230200986,0.01222610811770021,0.0005843317319233817,2.269584502155845,0.0048660990633343,-0.020824674603015958,0.01270840240083588,-0.0013465631532816,-0.013878590837004379,0.5880210382197337,0.004965859161116928,0.1784290418696728,-0.0079181083097629,0,171.1699981689453
2021-07-30,-0.0079181083097629,0.00744734068848921,0.002417261730824483,-1.496800325618237,0.0052900231074525,0.049340659381156504,0.0036465559857434757,-0.0086050469825039,-0.012207089134296245,0.5190734094945302,0.009480629730970183,0.07308822995681052,-0.0012374082182159,0,169.82000732421875
2021-08-02,-0.0012374082182159,0.00858575857613601,-1.691355389077387e-17,-0.24020092547883362,0.0051515547483806,0.02012849265974581,0.0017186560872792704,-0.0090963766999967,-0.010796477355747403,0.5090735467430902,0.00678022458785481,0.5330699358661763,-0.0007077270423842,0,169.61000061035156
2021-08-03,-0.0007077270423842,0.00621434265197631,0.0005902154448642832,-0.13987261104013937,0.0050597971763114,0.0009271811962350274,0.0006051538228267958,-0.0090390027230331,-0.009638323877319888,0.5031094753646476,0.003658003994887509,-0.2178786316965966,0.0002359346694256,1,169.49000549316406
2021-08-04,0.0002359346694256,0.00141671411916121,0.004552340403364784,0.0472214642446831,0.0049963437855946,0.1324363894533036,0.0006138288429326422,-0.008014070475699,-0.008622606514052111,0.5051901722577038,0.0142157047170027,0.39120172801390596,-0.0039599222534518,0,169.52999877929688
2021-08-05,-0.0039599222534518,-0.01358723115438919,-0.001361123036689016,-0.7793544571881483,0.005081028557582,0.044168746145588855,-0.003402454235632935,-0.0108822845621781,-0.00750536699426485,0.4697051840041461,0.007343393868778933,0.1320389624788758,-0.0253087044773451,0,168.86000061035156
2021-08-06,-0.0253087044773451,-0.03097782732197139,-0.023530486633482214,-3.3527505520236223,0.0075486392693514,0.4269577119081007,-0.02699636417021565,-0.0341304469101511,-0.007332020639215342,0.31813237853370424,0.008381861207114429,0.8045048686973495,-0.0178948160577297,0,164.63999938964844
2021-08-09,-0.0178948160577297,-0.04763523516148519,-0.03904947658534921,-2.129351765148821,0.0084038796926909,0.6313288129826582,-0.042192787502881544,-0.0494774768325873,-0.007605590388815031,0.2564623397370562,0.012552552337212065,0.49587361960090615,0.0003091474314937,1,161.72000122070312
2021-08-10,0.0003091474314937,-0.046618360687607295,-0.04040401803563101,0.03686897505116379,0.0083850291760129,0.6571868167501524,-0.039778218324680585,-0.0473234476699264,-0.007857798572410535,0.25911095050294164,0.008839759515378532,-0.1089334903433643,0.0136908280718836,1,161.77000427246094
2021-08-11,0.0136908280718836,-0.033163467285149295,-0.031746753165988115,1.582608347384436,0.0086507998611977,0.7314260652238513,-0.024503408078628816,-0.0326070431127868,-0.008307189488173217,0.36734721543573606,0.009085399348561356,-0.03351044366169986,0.0002438317714271,1,164.0
2021-08-12,0.0002438317714271,-0.028959713260270394,-0.042546944414659615,0.028182908346924804,0.0086517604367012,0.7027576874746926,-0.022221202754438472,-0.0306866902289965,-0.008657875890135558,0.36912725284993025,0.007132488878450122,-0.3118000989047194,0.0142241671635916,1,164.0399932861328
2021-08-13,0.0142241671635916,0.010573158380666308,-0.020404668941305118,1.549405570044475,0.0091804027548341,0.21616657350522805,-0.007320262435113757,-0.0157675970883097,-0.008509627358686656,0.46447492618162656,0.00943570725390858,-0.000853039664671762,0.0049758912626773,1,166.38999938964844
2021-08-16,0.0049758912626773,0.03344386570107331,-0.014191369460411917,0.5370917866696717,0.0092645082017194,0.10240847566832878,-0.001656732948024821,-0.0096934130385312,-0.008050016818601957,0.49358666902377807,0.004784134947481186,0.033184397474069094,-0.001496155150116,0,167.22000122070312
2021-08-17,-0.001496155150116,0.03163856311946361,-0.014979797568143717,-0.1614798127264062,0.0092652767231711,0.10497847159272045,-0.0024286486956649413,-0.0098956991371014,-0.0074852294341384296,0.4850339118463554,0.007007235793205713,-0.05930781626919657,0.0007783092556947,1,166.97000122070312
2021-08-18,0.0007783092556947,0.01872604430327471,-0.014437422981874618,0.08420468556771564,0.0092430634999379,0.06846345404391307,-0.0011566164536168243,-0.0079223360590533,-0.006773554009453342,0.4899830736101083,0.007480550295286322,-0.0014191499628997128,-0.0029367165231408,0,167.10000610351562
2021-08-19,-0.0029367165231408,0.015545496008706812,-0.013414217251563616,-0.3178407647669404,0.0092395842468293,0.06794268223545852,-0.0033469031110278675,-0.0096120094309795,-0.006286145439680202,0.47158636105996343,0.00678224368215524,-0.11279287347865719,0.0005400158455303,1,166.61000061035156
2021-08-20,0.0005400158455303,0.0018613446906455117,0.012434503071311782,0.05853265251275821,0.009225890547376,0.004954879840968429,-0.0022534812022061306,-0.0077747309522465,-0.005533719883776711,0.475481549625307,0.004679056950067328,-0.09236234458259329,0.012104007439095,1,166.6999969482422
2021-08-23,0.012104007439095,0.008989460867063212,0.04243332656813648,1.256311438212636,0.0096345596091328,0.03994290893333363,0.009724397351339693,0.0051469384683989,-0.004533374547498359,0.5551402480179614,0.005630278980011465,0.019983100945388133,-0.0004742535717267,0,168.72999572753906
2021-08-24,-0.0004742535717267,0.010011362445452513,0.041649925564916083,-0.049252813942864,0.0096289639872528,0.03925271472703784,0.00918223635554787,0.0053962590773211,-0.003751529844499557,0.5515849689741116,0.0044470799119052575,-0.4309018339664412,-0.0069616096765641,0,168.64999389648438
2021-08-25,-0.0069616096765641,0.002271443513193711,0.02099748781646838,-0.7194364712159824,0.0096764759017536,0.04689055764018191,0.002724117512582289,-0.0007959007215605,-0.0035104553412704798,0.5010468310911534,0.00704557383498441,-0.2857886796841205,0.0011338353884634,1,167.47999572753906
2021-08-26,0.0011338353884634,0.006341995424797912,0.021887491433504686,0.12193665635766408,0.0092985605996743,0.006383009372444404,0.004914582972402267,0.0007484506529418,-0.004145757649508419,0.508915864697262,0.008230481886341996,-0.42759320480508,0.0149177233226356,1,167.6699981689453
2021-08-27,0.0149177233226356,0.02071970290190321,0.022581047592548684,1.5226392792836736,0.0097972799766821,0.06193325472180189,0.019904911294860758,0.0152632694243877,-0.004551053553198403,0.5992007913014379,0.019507651898423215,0.2916884652930476,-0.0049478590471494,0,170.19000244140625
2021-08-30,-0.0049478590471494,0.003667836415658812,0.012657297282721984,-0.5018596125890985,0.0098590500670563,0.023300541698937582,0.014950097974245947,0.0097198220416943,-0.005153234570833387,0.5621039620978636,0.004428697803184964,-0.4920514256485321,0.0020056420675674,1,169.35000610351562
2021-08-31,0.0020056420675674,0.0061477320549529115,0.016159094500405386,0.20323524369407622,0.0098685741267712,0.02488431152464643,0.01692682169497481,0.0114165245304761,-0.005418577863168461,0.5736107004926998,0.00689491515181816,-0.15134597920690496,5.88968847449306e-05,1,169.69000244140625
2021-09-01,5.88968847449306e-05,0.013168238616261943,0.015439682129455616,0.005968178113561209,0.0098684864332554,0.01984302275449301,0.01693491595744654,0.0110602811480319,-0.005776805100534466,0.5739651041624522,0.00494989011783436,-0.3395265283039267,-0.0026552424645444,0,169.6999969482422
2021-09-02,-0.0026552424645444,0.009379160763254143,0.01572115618805202,-0.26970829758270637,0.009844867541497,0.0587517751770994,0.01411978445887846,0.0080056820131957,-0.006028974623490946,0.5517293982764818,0.004785805368353028,-0.34695418968398306,0.0106374460880295,1,169.25
2021-09-03,0.0106374460880295,0.005098883528648044,0.025818586430551217,1.3160959369740726,0.0080825764970347,-0.17501831975083504,0.022997394974761123,0.0181766977589652,-0.004712325993669664,0.6161443230235055,0.008184316469394826,0.23134276105393736,-0.0197780205042791,0,171.05999755859375
2021-09-07,-0.0197780205042791,-0.009731277928481658,-0.006063441512822888,-2.373577856554234,0.0083325771049243,-0.15482961864983935,0.0011700919026096952,-0.0018960649551694,-0.003062573365483101,0.47896213115305336,0.01281971146869319,0.4917154668227277,-0.0025075441660514,0,167.7100067138672
2021-09-08,-0.0025075441660514,-0.014244464162100458,-0.008096732107147588,-0.29911965265176876,0.008383080629512,-0.15052767281033985,-0.002979951757163412,-0.00447984916882,-0.0015043803926512167,0.46498373682178235,0.008249177704563234,-0.017339269743807395,0.0044137344149745,1,167.2899932861328
2021-09-09,0.0044137344149745,-0.00988962663187089,0.003278611984391012,0.55675043821209,0.0079276712006702,-0.19666797393011837,0.0002291749930053194,-0.0004568574409723,-0.0006858752485223718,0.49305570128600756,0.008629393315337231,-0.0020413269150869606,-0.0050714951644253,0,168.02999877929688
2021-09-10,-0.0050714951644253,-0.01230587933175179,-0.002926718568497688,-0.6299954447011495,0.0080500505314464,-0.1823099196089013,-0.005759829117460538,-0.0056965578543706,6.363780597773427e-05,0.46300443630275234,0.005562914076530159,0.09763713073932312,0.0033441618437189,1,167.17999267578125
2021-09-13,0.0033441618437189,-0.01959916357606239,-0.014500280047414387,0.44882066113291363,0.0074509979894365,-0.07814073987792258,-0.00282966014665685,-0.0025485973976525,0.00028186031791288535,0.4852637678622544,0.004888561448462382,-0.17878334884718694,0.0064179076360024,1,167.74000549316406
2021-09-14,0.0064179076360024,0.00659676456421911,-0.003134513364262589,0.8552246861913824,0.0075043526451319,-0.09939595510048671,0.003113605885205458,0.0036909063523962,0.0005755085603502685,0.5260648384822475,0.00995147412441381,0.18723500222150458,-0.0058815287100911,0,168.82000732421875
2021-09-15,-0.0058815287100911,0.003222780020179411,-0.01102168414192109,-0.7710383927096236,0.0076280620598177,-0.09006457209015906,-0.0030236493509804255,-0.002160596862917,0.0008656699705078541,0.4878876093487539,0.005422175130674348,-0.14765202369948327,-0.0229022427478189,0,167.8300018310547
2021-09-16,-0.0229022427478189,-0.02409319714261399,-0.03398282377448492,-2.485179416803549,0.0092155289042575,0.16245094820259753,-0.024707842257586807,-0.024204820429113,0.0005157652755438669,0.3753031665824217,0.007376740369883543,0.7315396289368958,-0.0015862999324902,0,164.02999877929688
2021-09-17,-0.0015862999324902,-0.02060800191067889,-0.03291388124243073,-0.17233078475445268,0.0092049713273833,0.14346752128143336,-0.02543088836882808,-0.0251855104453448,0.00025178093636935017,0.3690286028742723,0.005617716332251947,0.21737637986995284,0.0071187556570393,1,163.77000427246094
2021-09-20,0.0071187556570393,-0.01683340809735849,-0.03643257167342093,0.7594457544494905,0.0093736196631971,0.25803545732885147,-0.01795414611943888,-0.0177219637846083,0.0002364271830210818,0.416319966296716,0.0073359490552206445,0.09727262510287016,0.0066468965426044,1,164.94000244140625
2021-09-21,0.0066468965426044,-0.01660441919075649,-0.010007654626537422,0.7335978122180937,0.0090606820684306,0.20739023029631976,-0.010612537306332766,-0.0108223730856693,-0.00021208655582238833,0.4574888774555448,0.006865812067842615,0.04910249621094542,-0.0037409995549623,0,166.0399932861328
2021-09-22,-0.0037409995549623,-0.01446389003562769,-0.011241110015448322,-0.41182980163808464,0.0090838485706527,0.19084618077553928,-0.013357441430366027,-0.014069575427577,-0.0007217750653726318,0.43870641993249554,0.012815833276834674,0.37554592831905786,-0.0116135662434195,0,165.4199981689453
2021-09-23,-0.0116135662434195,-0.00317521353122829,-0.027268410673842322,-1.2484542610770486,0.0093023562059858,0.009421846822941227,-0.023593586284323963,-0.0245779722792105,-0.0010081723973325296,0.386114545267673,0.0056876809187487885,0.1655445937783564,-0.0012850982867509,0,163.50999450683594
2021-09-24,-0.0012850982867509,-0.0028740118854889904,-0.023482013796167923,-0.13838895592254255,0.0092861332624706,0.008817184997182537,-0.02357353690732856,-0.0249267462942019,-0.0013858794676532282,0.38071083561411606,0.007715826596993897,-0.05992623046340384,0.0020798706668898,1,163.3000030517578
2021-09-27,0.0020798706668898,-0.007912896875638488,-0.02474630497299702,0.2442190621434735,0.008516414110492,-0.09144872349266298,-0.019620769612950006,-0.0222228622223993,-0.002654169456876354,0.3954630095117963,0.005194366332718251,-0.3062524298006897,-0.0097639409115995,0,163.63999938964844
2021-09-28,-0.0097639409115995,-0.02432373432984239,-0.04092815352059892,-1.1259232582780072,0.0086719417507482,-0.04290408986282124,-0.027018894915894317,-0.0308477873662592,-0.00393521768342453,0.3531017399273468,0.0067263904730168024,0.2543002224089894,-0.0045149330127863,0,162.0500030517578
2021-09-29,-0.0045149330127863,-0.025097667787666388,-0.03956155782329412,-0.5232980379902923,0.008627842424416,-0.05019966401794984,-0.02896195431240364,-0.034281408368365,-0.005478110852180529,0.33534109405155066,0.010972007141703181,0.11446058159041272,0.0178169843070141,1,161.32000732421875
2021-09-30,0.0178169843070141,0.00433288276276721,0.0011576692315388784,1.8275518504184525,0.0097490992132095,0.04802471517229501,-0.009872928462934052,-0.0163863666155647,-0.006578386087877974,0.45304077775542567,0.015893317445807697,0.3568194199102588,0.0022505110921036,1,164.22000122070312
2021-10-01,0.0022505110921036,0.00786849214162171,0.004994480256132678,0.23002195369535605,0.0097838969539586,0.05360290202809015,-0.006246080350745457,-0.0136385276712005,-0.007438911358522482,0.4660327382209492,0.006501047135465676,-0.15711651188829612,0.0046674082584735,1,164.58999633789062
2021-10-04,0.0046674082584735,0.010456029733205412,0.0025431328575668787,0.4921395020161746,0.0094839130761751,0.11360403018579923,0.00012398841808820748,-0.0086437893330721,-0.008766690783038267,0.4930219808015848,0.012518094205305086,-0.026511180547780677,-0.0046674082584735,0,165.36000061035156
2021-10-05,-0.0046674082584735,0.01555256238633141,-0.00877117194351102,-0.5477906591325458,0.0085204232322336,-0.017472271247846893,-0.0035929954921985765,-0.0128375134136404,-0.009277853206189013,0.4675707891732118,0.008262960329372545,-0.2648201117303812,0.002669757352534,1,164.58999633789062
2021-10-06,0.002669757352534,0.02273725275165171,-0.0023604150360147214,0.31229402194928607,0.008548858335071,-0.009154558632350929,-0.00024535821823813876,-0.0097934698617358,-0.009550454926101737,0.48396416277731497,0.005514171173971648,-0.20328550183676886,-0.0052856838680448,0,165.02999877929688
2021-10-07,-0.0052856838680448,-0.0003654154234071869,0.003967467339359978,-0.6204034739694225,0.0085197522093587,-0.12609852222912044,-0.004348676669752348,-0.0144068342770493,-0.010102088323103553,0.45418672595077497,0.005421536122040565,-0.36306790840620085,0.0004262740437871,1,164.16000366210938
2021-10-08,0.0004262740437871,-0.002189652471723687,0.005678839669897978,0.050293930747359286,0.0084756557591093,-0.13371371356481643,-0.0030322732147958814,-0.0131642465431582,-0.010162789683306639,0.45708090836190274,0.013882961935159761,0.1263916434753578,-0.001889365574135,0,164.22999572753906
2021-10-11,-0.001889365574135,-0.008746426304332188,0.0017096034288731782,-0.22442637392584114,0.0084186432328997,-0.11232387251117948,-0.003759011075673649,-0.0143280920045998,-0.010608960127547085,0.44580577610137695,0.004087348562893309,-0.4903516214932574,0.004504271350483,1,163.9199981689453
2021-10-12,0.004504271350483,0.0004252533046243132,0.015977815690955677,0.540172766552981,0.0083385754139851,-0.021342580443721504,0.002005127663644908,-0.0092885745468226,-0.011271102211623307,0.47885408594562223,0.006862655518527298,-0.2603158002540672,0.0176377344344727,1,164.66000366210938
2021-10-13,0.0176377344344727,0.015393230386563013,0.03813048313821468,1.9050612414044201,0.0092583556114291,0.08299321950949223,0.01990948424487794,0.0085709362174337,-0.011117210107952857,0.5845042390049023,0.015752726578773465,0.45344738972420107,0.0024434808580754,1,167.58999633789062
2021-10-14,0.0024434808580754,0.023122395112683214,0.022756979689275977,0.32385774992566213,0.0075449201343376,-0.1144202379442768,0.021171065525033964,0.0112245936508123,-0.009740260187559913,0.5968214972123695,0.003035681588309152,-0.30501835449616777,-0.0160204917648545,0,168.0
2021-10-15,-0.0160204917648545,0.006675629304041614,0.004485976832317877,-1.8936949560275067,0.0084599115152429,-0.0018575841579548946,0.004465519229583106,-0.0044235682010137,-0.00884956950778637,0.49409826261657863,0.005987964818307077,0.18711223404364197,-0.0024829909023894,0,165.3300018310547
2021-10-18,-0.0024829909023894,0.006082003975787214,-0.002664422328545024,-0.29791722032853435,0.0083344994278989,-0.009994936556043665,0.001980623162276215,-0.0069259970900998,-0.008889014464438016,0.4804238021499642,0.0047295585008304344,-0.43651296952882634,0.0032085191864092,1,164.9199981689453
2021-10-19,0.0032085191864092,0.0047862518117134135,0.0052115051163376756,0.39010377728945705,0.0082247836939771,-0.013646422123514634,0.005380852405846047,-0.0041819115450022,-0.009511583523761025,0.499699051988874,0.007857377308773799,-0.07484832974913413,0.0087257781754686,1,165.4499969482422
2021-10-20,0.0087257781754686,-0.004125704447290686,0.011267525939272275,1.0374432514317475,0.0084108486545422,-0.09153968506466559,0.013736121583628797,0.0039254406438699,-0.009677746240740581,0.5489947753315956,0.007070149656818942,-0.27045525364463674,-0.0008991093021597,0,166.89999389648438
2021-10-21,-0.0008991093021597,-0.007468294607525787,0.015654100505157375,-0.11338349449264053,0.0079298076513073,0.05101280200674929,0.011829456087252459,0.0026914849329669,-0.009031137707358416,0.5430340900195556,0.004197882748079086,-0.33963605451848833,0.0060983344527552,1,166.75
2021-10-22,0.0060983344527552,0.014650531610083914,0.021326160914125473,0.7632086667577646,0.0079903894155997,-0.05549964663309115,0.01664003108419796,0.0083725782836537,-0.00813213384065481,0.5766927467597656,0.017106723753350962,0.5580436355273366,0.0068903653296167,1,167.77000427246094
2021-10-25,0.0068903653296167,0.024023887842090013,0.030105891817877175,0.8522041233669347,0.0080853461520391,-0.029894209966082053,0.022031134877500406,0.0150347057278641,-0.0068456125365249365,0.61171913120783,0.0040253830820641615,-0.2891660920590563,-0.0074270271251684,0,168.92999267578125
2021-10-26,-0.0074270271251684,0.013388341530512415,0.018174593342225775,-0.9368131081618567,0.0079279709693016,-0.03608760250957732,0.012743816859988892,0.0074682502551062,-0.005209181746712144,0.5581255753395751,0.007633580839735752,-0.01141807741014067,0.002620623640364,1,167.67999267578125
2021-10-27,0.002620623640364,0.007283186995407814,0.0031574825481170752,0.3362961976868775,0.0077926056208463,-0.07350542841619478,0.013320455777302356,0.0099723401034825,-0.003304103509142675,0.5723292214676928,0.007970475712639563,-0.11890427043409446,-0.0002379136626084,0,168.1199951171875
2021-10-28,-0.0002379136626084,0.007944382634959115,0.00047608802743327543,-0.03467170271534744,0.0068618972815283,-0.13467040018340737,0.011902274484014472,0.0096132050626284,-0.002262144753606088,0.5705340776195047,0.010233229426258462,0.08870165092872506,-0.0085442993017005,0,168.0800018310547
2021-10-29,-0.0085442993017005,-0.006698251119496585,0.007952280490587275,-1.18860401244172,0.0071885162865538,-0.10035469954447984,0.0026713576599656456,0.0010187068712479,-0.0016482477295198805,0.5090516225420182,0.00654063233010187,0.1633751301323101,0.0052070044974187,1,166.64999389648438
2021-11-01,0.0052070044974187,-0.008381611951694585,0.015642275890395376,0.7226439068240781,0.007205491457477,-0.10882090612041428,0.0072513791435617385,0.0061454932482528,-0.0010979244290032497,0.5414293619645935,0.005551532068186164,-0.21525146383297522,-0.002151313138887,0,167.52000427246094
2021-11-02,-0.002151313138887,-0.003105897965413185,0.010282443565099175,-0.3017545197809037,0.0071293485196146,-0.10073478482443954,0.004310827391289762,0.0041726640443116,-0.00013757030513850133,0.5259719505204099,0.004008124875969854,-0.3980515546506668,-0.0083501482773226,0,167.16000366210938
2021-11-03,-0.0083501482773226,-0.014076669883099786,-0.006793482887692026,-1.1290039474537632,0.0073960310733675,-0.05089113536272227,-0.004261754663642915,-0.0038327254574166,0.00043086544906323354,0.4701589091310609,0.009470905622040256,0.41555070428149676,0.0112771252957394,1,165.77000427246094
2021-11-04,0.0112771252957394,-0.0025616309247519856,0.005382751710207075,1.470498248594511,0.0076689144693086,0.11760846230571365,0.005976426244690814,0.0074441759516398,0.0014590299222301262,0.5410885165344544,0.004592927530533507,0.02556556641384855,0.0129783593269464,1,167.64999389648438
2021-11-05,0.0129783593269464,0.018961027703894913,0.012262776584398276,1.599180820466365,0.0081156296779257,0.12897145313645253,0.017405016734902128,0.0203382588192831,0.002883062336172193,0.6070763564886774,0.012305678185088108,0.4343486458204955,0.0035851848469019,1,169.83999633789062
2021-11-08,0.0035851848469019,0.017339208053378113,0.008957596101683476,0.44364649158492364,0.0080811747977401,0.12152999492552574,0.019066001285503727,0.0239709374919809,0.004813168332855611,0.6233233870593774,0.0037547632801822567,-0.24631760107389233,0.0049160066341954,1,170.4499969482422
2021-11-09,0.0049160066341954,0.024406527826460515,0.021300629861047277,0.6077745240599001,0.0080885368497461,0.134540810775702,0.022062415164994544,0.0287773835020145,0.0065700178750198734,0.6450864596243516,0.006947296911959127,-0.12479326018749459,0.0108002482845723,1,171.2899932861328
2021-11-10,0.0108002482845723,0.043556924388355414,0.029480254505255574,1.436995334603037,0.0075158548009871,0.016201084937443655,0.031449814401110124,0.0395166104185783,0.007820832293379487,0.688063641031786,0.01466932356723799,0.7306250636991964,0.0055864530427388,1,173.14999389648438
2021-11-11,0.0055864530427388,0.037866252135354814,0.03530462121060278,0.7383232295925946,0.007566405632153,-0.013366798856063178,0.03534083269711766,0.0447855892834001,0.009122364624293278,0.7079269125862109,0.003043870860093761,-0.10608257141507182,0.0018934614978916,1,174.1199951171875
2021-11-12,0.0018934614978916,0.02678135430630001,0.04574238201019488,0.30046268811824994,0.0063018190702814,-0.22349597993336445,0.034498092785935006,0.0461129095606538,0.011227489790184064,0.7145856117840091,0.007280047547594609,0.19137749816459837,-0.0015489449243058,0,174.4499969482422
2021-11-15,-0.0015489449243058,0.021647224535092314,0.03898643258847037,-0.2472434019913031,0.0062648584828981,-0.2247589441265313,0.03006878143232951,0.044103100229573,0.013624642402741971,0.7005136887446678,0.005167033725622117,-0.1604185382473431,-0.0072601560044779,0,174.17999267578125
2021-11-16,-0.0072601560044779,0.009471061896419011,0.03387758972287948,-1.0920012280045355,0.0066484870330638,-0.1780358850349435,0.0203636124231319,0.0359031594048849,0.015229420955976902,0.6374303566599299,0.009368465963114003,0.2726163496248135,0.0090956924320787,1,172.9199981689453
2021-11-17,0.0090956924320787,0.007766506043925415,0.05132343043228077,1.364068944564249,0.0066680591683614,-0.11280095944833235,0.02738316134311157,0.0444661324301279,0.01662765337197425,0.6767419760426779,0.004126081494000716,-0.052655732848074344,-0.0032143154449525,0,174.5
2021-11-18,-0.0032143154449525,-0.0010342624437658854,0.03683198969158888,-0.4765597900717597,0.0067448314186736,-0.10858183573824909,0.021923140583240904,0.0403782276109939,0.018059173234124204,0.6498480300484454,0.004771770837098174,-0.10399633114300655,-0.0076757082629164,0,173.94000244140625
2021-11-19,-0.0076757082629164,-0.010603432204573885,0.016177922101726073,-1.0943282447366274,0.0070140822005044,0.11302500472949872,0.012669386163758909,0.0317529672688119,0.01884482869314974,0.5898892630625692,0.010775740708965717,0.2766547970824218,-0.0226756166431203,0,172.61000061035156
2021-11-22,-0.0226756166431203,-0.03173010392338838,-0.010082879388296124,-2.6030224125132198,0.0087112644647677,0.3904966071536706,-0.009979949680042014,0.0085000306529503,0.018666268755890503,0.4575893269943368,0.011971104697769915,0.7953132531524842,-0.0086900534684789,0,168.74000549316406
2021-11-23,-0.0086900534684789,-0.033160001387389386,-0.023688939490970423,-0.9906720082722911,0.0087718774689457,0.3193794957141378,-0.018430825033781607,-4.1844985661057725e-05,0.018734268064961812,0.41937543674742067,0.006396504854298084,0.09319709687015654,-0.0009569597921073,0,167.27999877929688
2021-11-24,-0.0009569597921073,-0.043212653611575384,-0.03544614756765002,-0.10937295888467748,0.008749509950776,0.31215241644685254,-0.019081905349176427,-0.0009134996904972,0.018521837610862457,0.4152823719936225,0.00670174216078776,-0.2696766246101059,-0.0016168462526691,0,167.1199951171875
2021-11-26,-0.0016168462526691,-0.04161518441929198,-0.042649446863057924,-0.18468869679815073,0.0087544407465075,0.2979480439303699,-0.0203129744447099,-0.0028637728093475,0.017810995940741536,0.4080454315532571,0.013605059571005357,0.2860510218905292,-0.0013795005365548,0,166.85000610351562
2021-11-29,-0.0013795005365548,-0.03531897669293038,-0.045922408897504326,-0.16141421905335432,0.008546338387319,0.2184542671462293,-0.021654905049185557,-0.0045774599046544,0.01745544106334962,0.4016241968608606,0.005281416695544382,-0.008979610434600827,-0.0067445464245647,0,166.6199951171875
2021-11-30,-0.0067445464245647,-0.019387906474374786,-0.051118010397763224,-0.7860593038041993,0.0085802004911384,-0.015045344353782575,-0.027654552907018858,-0.0113346963368835,0.01678401088720749,0.37100837194360226,0.021993954016002643,0.6445678354172524,0.0039800067903959,1,165.5
2021-12-01,0.0039800067903959,-0.006717846215499986,-0.03987784760288942,0.4611034077208125,0.0086314842262144,-0.016004925197407593,-0.023490040480579514,-0.0074061930496803,0.016470745919288543,0.40003310807552306,0.008485818674972188,-0.03140557581230463,-0.005552205835401,0,166.16000366210938
2021-12-02,-0.005552205835401,-0.011313092258793686,-0.054525745870369124,-0.6519700257747657,0.0085160446276699,-0.026683245623989826,-0.028745539773641835,-0.0128807795810306,0.01633429841744438,0.3741177602607879,0.00792784746456538,0.1872699873782795,0.0083768190817409,1,165.24000549316406
2021-12-03,0.0083768190817409,-0.001319426924383688,-0.042934611343675724,1.0051645661498518,0.0083337787302105,-0.048051272317403027,-0.020281657638515804,-0.00494805500641,0.015651031494568146,0.43379977468484143,0.011582503866206897,0.15501796686516478,-0.0024635953850727,0,166.6300048828125
2021-12-06,-0.0024635953850727,-0.0024035217729015874,-0.037722498465832026,-0.31862639123571934,0.0077319250785166,-0.09529382899357475,-0.021651151084851397,-0.0077424857894015,0.01421646819625999,0.42104601537767855,0.0052340895775917036,-0.398604832175691,0.0035432060613326,1,166.22000122070312
2021-12-07,0.0035432060613326,0.007884230712995714,-0.011503675761379124,0.4583352919805955,0.0077305983705104,-0.0990189123791998,-0.017125628807555252,-0.0045972059688612,0.012746718406640545,0.4462744176107279,0.005395414953814743,-0.38747260425070795,0.0005393685677794,1,166.80999755859375
2021-12-08,0.0005393685677794,0.004443592490379213,-0.0022742537251208253,0.07084830712140965,0.0076130057258123,-0.11799575527334127,-0.015321837392200284,-0.0046363141069068,0.010851792688277184,0.45020994360401206,0.00407434367548312,-0.45889376584150987,-0.0061301292839007,0,166.89999389648438
2021-12-09,-0.0061301292839007,0.0038656690418795124,-0.007447423216914225,-0.8606827454647077,0.0071224029018856,-0.16364894580943723,-0.019236254363540685,-0.0112571367176634,0.008135616432986437,0.4142723126096318,0.005606510171176601,-0.3533427120441861,0.0042110206852463,1,165.8800048828125
2021-12-10,0.0042110206852463,-0.00030012935461508697,-0.0016195562789988252,0.5972995922997166,0.0070500980404709,-0.15403345004663638,-0.012897271571389484,-0.007364009389291,0.005605558593589244,0.446902629537494,0.004442342928502159,-0.15383323801178495,0.0025181269175168,1,166.5800018310547
2021-12-13,0.0025181269175168,0.0046815929479744126,0.0022780711750727744,0.35614028870595277,0.0070706039091126,-0.08553124386079503,-0.00821931058454292,-0.0051470179935177,0.003097753993209773,0.4661204767398955,0.0035329122029378744,-0.1254664071124728,-0.0093852063396415,0,167.0
2021-12-14,-0.0093852063396415,-0.008246819452999689,-0.00036258874000402556,-1.2947708462749488,0.0072485462324416,-0.062356381093042534,-0.01492731891842485,-0.0144496348997898,0.0004849226131320439,0.40924239224828163,0.005923571766665966,0.12042721484096841,0.0042823519885167,1,165.44000244140625
2021-12-15,0.0042823519885167,-0.004503836032262389,-6.024354188322641e-05,0.5854205045623642,0.0073150017041477,-0.03914406903100065,-0.00870186636751725,-0.0104040406072854,-0.001717116356842907,0.4425806360375929,0.015648455854572117,0.7816470770869834,0.0120249708405399,1,166.14999389648438
2021-12-16,0.0120249708405399,0.01365126409217821,0.017516933134057673,1.5877592140629417,0.0075735481388069,0.06334171811620815,0.005191553684323675,0.001194363365712,-0.003976545867263592,0.5244078559204461,0.007373871356868914,0.3607158409988298,-0.0021431166861886,0,168.16000366210938
2021-12-17,-0.0021431166861886,0.0072971267207433115,0.006996997366128174,-0.28321205640974056,0.007567180272467,0.07334397749191623,0.004883699759114918,-0.0013818544670016,-0.006235103850941726,0.5099684667860579,0.008045328241735587,0.17329171956174605,-0.004240244730917,0,167.8000030517578
2021-12-20,-0.004240244730917,0.000538755072309511,0.005220348020283873,-0.5680158646178701,0.0074650110939588,0.05578125856235383,0.0022883996015049847,-0.0059456621077494,-0.008215261907179805,0.4817922093642004,0.005625725429458806,-0.16093441558715038,-0.0004189761834467,0,167.08999633789062
2021-12-21,-0.0004189761834467,0.009504985228504311,0.001258165775504573,-0.07503634720007778,0.0055836431153763,-0.22968786618396086,0.0023856541622727942,-0.0067284302341255,-0.009092393090975981,0.47898269765429224,0.006226758828459039,-0.4230182544922694,0.0093561188001071,1,167.02000427246094
2021-12-22,0.0093561188001071,0.014578752040094713,0.010074916007832273,1.6558645418540416,0.0056502923781623,-0.227574701047778,0.011410514518368588,0.0021399111655299,-0.009166014412311352,0.5433139687819927,0.0090752643248798,-0.39427209988437384,0.0022514814912111,1,168.58999633789062
2021-12-23,0.0022514814912111,0.004805262690765912,0.01845652678294407,0.39809911503235285,0.0056555802467135,-0.25324561974667104,0.013128036052353576,0.0042339962179247,-0.008778791542562003,0.5575538640866927,0.0068059960168393024,-0.40695325836254415,0.0023644504768288,1,168.97000122070312
2021-12-27,0.0023644504768288,0.009312829853783313,0.016609956574526574,0.41883238982275844,0.0056453381693555,-0.253970704266697,0.014759729965240536,0.0064473722471854,-0.008191454067988935,0.5726585923070062,0.003778705839872171,-0.35947350964194,-0.0043193803400249,0,169.3699951171875
2021-12-28,-0.0043193803400249,0.009233694244675412,0.009772449316984873,-0.7523541728018125,0.005741152898693,-0.23092506810349744,0.009775003681931127,0.0017154636002489,-0.00798152068757374,0.5366508441120432,0.006107677793078189,-0.37690049875123555,-0.0002965516280151,0,168.63999938964844
2021-12-29,-0.0002965516280151,0.009356118800107012,0.018861104028611273,-0.05409495994178291,0.0054820565230892,-0.018193604101836125,0.008542587794391883,0.0009820260214373,-0.007496522074976419,0.5341731759907493,0.008363507282385987,-0.1510250561267329,0.0071515817441825,1,168.58999633789062
2021-12-30,0.0071515817441825,0.007151581744182412,0.021730333784277075,1.2726961808115238,0.0056192372162399,-0.005496204416328032,0.014676372048200612,0.0076457878115452,-0.006928893221849197,0.584200907053128,0.008480579596734835,-0.2041576285032508,0.0068083584325513,1,169.8000030517578
2021-12-31,0.0068083584325513,0.011708458685522612,0.016513721376288475,1.231161815167322,0.0055300272869704,-0.022199837022215174,0.019865217458861984,0.0140409753273397,-0.005710795928538626,0.6257020472520408,0.005849321248996456,0.052201247520579086,-0.0155033009737006,0,170.9600067138672
2022-01-03,-0.0155033009737006,-0.006159292765006787,0.0031535370887764737,-2.3833029595008037,0.0065049644284199,0.15227188049259754,0.0036669449834973943,-0.0017458777260633,-0.005393046704003757,0.5030966033358112,0.0060000861156624,0.3524179737284887,0.0073395148031692,1,168.3300018310547
2022-01-04,0.0073395148031692,0.0054996023781873115,0.014733296622862675,1.1057990190418134,0.0066372954549453,0.15609104513769556,0.010051713918090076,0.0053931323058167,-0.004612220887386331,0.5480614676033051,0.005838329011044782,0.02843719801948774,-0.0030121970522097,0,169.57000732421875
2022-01-05,-0.0030121970522097,0.0027839569539927114,0.012140075754099675,-0.4518224795283978,0.0066667711074353,0.21610769231516436,0.006339457114367158,0.0023537941744513,-0.0039605551702648345,0.5269410304036007,0.012007564229339983,0.25156884088148046,-0.0123197037802094,0,169.05999755859375
2022-01-06,-0.0123197037802094,-0.016687328570399187,-0.009535746826216825,-1.6939950758520785,0.0072725735486643,0.2942278940718446,-0.006008919896778049,-0.0098381393900406,-0.0038523680643742786,0.4509777632925293,0.005329656628371515,0.4946609947590148,0.0045408125722829,1,166.99000549316406
2022-01-07,0.0045408125722829,-0.01895487443066759,-0.007246415745145025,0.6317185924477264,0.0071880305987015,0.2998182876308064,-0.0020405417943516664,-0.00528813098025,-0.0032542295773593244,0.480584012315799,0.006855403257730998,0.0983550618200979,0.0030355936239956,1,167.75
2022-01-10,0.0030355936239956,-0.00041597983297138796,-0.006575272597978226,0.423884608100023,0.0071613678958574,0.10090807946154201,0.0004934924477127987,-0.0022852996520488,-0.002777421463245444,0.5000665436254722,0.005883784176183611,-0.06152290664112947,0.0119924571366455,1,168.25999450683594
2022-01-11,0.0119924571366455,0.004236962500504912,0.009736564878692174,1.5776233218818563,0.007601597269962,0.14528535328319925,0.01157464554801013,0.0093160875366565,-0.0022327151251700927,0.5693142693496938,0.011392345515843236,0.10481191860906436,0.0026391371424113,1,170.2899932861328
2022-01-12,0.0026391371424113,0.009888296695125911,0.012672253649118575,0.36633549352103395,0.0072041535398201,0.08060610207323138,0.012653754427819495,0.0115972007961142,-0.0010433513203160771,0.5831002648874095,0.00433410723530573,-0.15776529615397772,-0.003402771341298,0,170.74000549316406
2022-01-13,-0.003402771341298,0.018805229134037312,0.002117900563638074,-0.46889484867032666,0.0072570030379891,-0.0021409904720811612,0.008015087785560315,0.0078025561750891,-0.00021084169577079148,0.5582956959749729,0.005582962669233472,-0.008895592500565375,-0.0028838291505565,0,170.16000366210938
2022-01-14,-0.0028838291505565,0.011380587411197912,-0.007574287019469727,-0.4216482258152087,0.0068394196251649,-0.04849881601778039,0.0046629917785861825,0.0044363949689815,-0.00022554509468242223,0.5374930967044798,0.006365308202451317,0.13483434612743306,-0.0016516182679313,0,169.6699981689453
2022-01-18,-0.0016516182679313,0.006693375519271012,0.006277395686299574,-0.24180047615030756,0.0068305004780248,-0.04620170652369293,0.0025331087125773227,0.0025722741619397,3.906648969698168e-05,0.5254449453525227,0.005431242530611487,0.3502273479404716,0.0157557506051342,1,169.38999938964844
2022-01-19,0.0157557506051342,0.01045666898775971,0.014693631488264573,2.0918576021428654,0.0075319422263706,-0.00916321150906585,0.01695216502676339,0.0182236585691619,0.0012502982796296358,0.6147826153953969,0.011564420455537983,1.148957344874673,-0.0025020112544038,0,172.0800018310547
2022-01-20,-0.0025020112544038,0.00531552059094461,0.015203817286070473,-0.33035331284895825,0.0075737434954913,0.0513023429648376,0.013024992862315453,0.0155350184768672,0.002477752900705621,0.5954839809517196,0.005884123516101601,0.2598913416944324,-0.0032677719138099,0,171.64999389648438
2022-01-21,-0.0032677719138099,0.005450520018432709,0.024255749152469974,-0.44177722035041106,0.0073968773474059,0.019274390362603144,0.008975728363247434,0.0122458525614055,0.003241033561295792,0.5703732974219463,0.008065869738509174,0.38812174772522456,0.005479160681096,1,171.08999633789062
2022-01-24,0.005479160681096,0.01381350985008521,0.025194097261283074,0.7338262157973945,0.0074665643760658,0.09169560946273703,0.013604673977263832,0.0179422382523495,0.004279345179088123,0.6008033609539571,0.007498653114494227,0.856739782305858,0.0031920345769763,1,172.02999877929688
2022-01-25,0.0031920345769763,0.01865716269499281,0.025350538214263772,0.4268905177773638,0.0074774080098941,0.09470865772581982,0.015884611232158792,0.0213828836777249,0.005412300161627082,0.6178585501281489,0.007938319055811818,0.909766208253632,-0.0162985679043135,0,172.5800018310547
2022-01-26,-0.0162985679043135,-0.013397155814454886,-0.0029404868266952253,-1.952000964020899,0.008349672056893,0.10856825582907281,-0.00087682434806348,0.0054253130861021,0.0063076681511800015,0.5009406389800803,0.013251664344012688,0.8228564201272663,-0.0129821153205973,0,169.7899932861328
2022-01-27,-0.0129821153205973,-0.023877259880648385,-0.018561739289703824,-1.4641933985195785,0.0088663938341228,0.17067522017362013,-0.013476373277764382,-0.0067688711639344,0.006799129723953801,0.43186008994069025,0.01050116015955813,0.5460013669874004,-0.0029877523376664,0,167.60000610351562
2022-01-28,-0.0029877523376664,-0.023597240304504885,-0.018146720286072227,-0.34315677010460494,0.0087066687821885,0.17707356405496544,-0.01563725537320858,-0.0090484040298156,0.006693519619021204,0.41769744244072826,0.006523109257126201,-0.0666671119059693,0.0059070563312306,1,167.10000610351562
2022-01-31,0.0059070563312306,-0.023169344654370285,-0.009355834804285125,0.6815216529051129,0.0086674521727236,0.16083539043837436,-0.008967600701588885,-0.0024190496717279,0.006607807206401084,0.4557550409234768,0.004045408356213801,-0.1910672866466374,0.0008325368758188,1,168.08999633789062
2022-02-01,0.0008325368758188,-0.025528842355527787,-0.006871679660535024,0.10467034130687394,0.0079538947272366,0.0637235144467192,-0.008112944296198384,-0.0009110431359086,0.007260807688612925,0.46111875557932114,0.005825423593990488,-0.07833218328199798,0.0036194338899541,1,168.22999572753906
2022-02-02,0.0036194338899541,-0.0056108405612601865,-0.019007996375715125,0.4631527231025543,0.007814774067846,-0.06406215542386717,-0.004302087769710085,0.0031608488854147,0.007495181584149746,0.4849375591460877,0.005685805945866905,-0.15088392541296658,-0.0014224174555621,0,168.83999633789062
2022-02-03,-0.0014224174555621,0.005948857303775012,-0.017928402576873424,-0.1825276656465466,0.0077928869057939,-0.1210759355395934,-0.0055825011564250284,0.0017516149700723,0.007375288684105419,0.4760229410761178,0.01061689489989022,-0.013492829835663911,0.001540891086981,1,168.60000610351562
2022-02-04,0.001540891086981,0.010477500728422412,-0.013119739576082524,0.2125436166912505,0.0072497641235651,-0.1673320411135698,-0.004597964997071741,0.0031080570481149,0.007741617732541561,0.48702486207043294,0.0065734964250824274,-0.10367935357872293,0.0073753173535773,1,168.86000061035156
2022-02-07,0.0073753173535773,0.011945761750769113,-0.011223582903601221,1.0022670718348154,0.0073586347998798,-0.15100370290621712,0.002073546998597179,0.0101747913264102,0.008084480776962888,0.537324334658399,0.006525193147780264,-0.2721727839351341,0.0030522079460774,1,170.11000061035156
2022-02-08,0.0030522079460774,0.014165432821027713,-0.011363409534500123,0.4147633977345747,0.0073589134498089,-0.0748037656810191,0.004435604360334552,0.0128080749308469,0.008335497601007935,0.5567938214028749,0.004864336912049712,-0.4552800608749411,0.0033934142753984,1,170.6300048828125
2022-02-09,0.0033934142753984,0.013939413206472013,0.008328572645211776,0.49170264736564484,0.0069013544945894,-0.11688368279447481,0.007577019517079724,0.0156973384348258,0.008059253794452381,0.5781181713277752,0.005081450166878795,-0.24736446367382403,-0.0038037857675304,0,171.2100067138672
2022-02-10,-0.0038037857675304,0.011558044894503712,0.017506902198278673,-0.548474715965468,0.0069352071422922,-0.11005931099346855,0.0038048615569562824,0.0112340723070493,0.007401050776512541,0.5463898282707862,0.008970443252798846,-0.014757674243977226,0.0188756078655614,1,170.55999755859375
2022-02-11,0.0188756078655614,0.028892761673084112,0.03937026240150647,2.3402001480192953,0.008065809192234,0.11256160266185411,0.021834714820722138,0.0295690699757864,0.0075690863139459275,0.6498610851383017,0.020079341139156718,1.1835111255878341,0.0053364517771822,1,173.80999755859375
2022-02-14,0.0053364517771822,0.026853896096689013,0.03879965784745808,0.661791644818377,0.0080636433218294,0.09580697250543224,0.025773513931223502,0.0339143609713155,0.007936300683854425,0.6728575865551738,0.007554122025424736,0.1301857549253702,-0.0095452603702391,0,174.74000549316406
2022-02-15,-0.0095452603702391,0.014256427780372512,0.028421860601400173,-1.1349466076473165,0.008410316666813,0.142874790439532,0.014929582537225308,0.0233112615454984,0.008258384771207217,0.5974322701250956,0.005488773620244643,0.02951074632912709,0.0102317313073376,1,173.0800018310547
2022-02-16,0.0102317313073376,0.021094744812311713,0.03503415801878368,1.2817318806531803,0.0079827391842071,0.15669165965398468,0.024532294307962447,0.0327801092385097,0.008050322060485504,0.6435706920668725,0.007892055804618388,0.05627000339075572,0.0135755081689762,1,174.86000061035156
2022-02-17,0.0135755081689762,0.038474038748818315,0.05003208364332197,1.6104585656694215,0.0084295917065915,0.21547799995565553,0.03683468166996007,0.0456067387797172,0.008460420224011722,0.694242226320424,0.006431590350625882,0.4838007621294982,-0.0007337240197317,0,177.25
2022-02-18,-0.0007337240197317,0.018864706863525215,0.04775746853660927,-0.08764718416720518,0.0083713359043226,0.03787923874801935,0.03425016287159823,0.0435815181559003,0.00902233871386926,0.6885083749437072,0.0041779895752281065,0.010131634463230732,0.0020868588568963,1,177.1199951171875
2022-02-22,0.0020868588568963,0.015615113943239315,0.04246901003992827,0.25065396834411385,0.0083256565642373,0.03249315873118963,0.03476121639860584,0.0443328372338952,0.009250076910113147,0.6961990326222669,0.007042650072193181,0.1878739275945165,0.0044971001402729,1,177.49000549316406
2022-02-23,0.0044971001402729,0.029657474453751317,0.043913902234123774,0.538949487747571,0.008344195963647,-0.007861856548982527,0.0376979202938332,0.0475962870583635,0.009538774792694493,0.7127142872951435,0.005777098087854307,-0.04398744341231886,-0.0064710234538261,0,178.2899932861328
2022-02-24,-0.0064710234538261,0.012954719692587616,0.03404946450489927,-0.8654188534620153,0.0074773312690606,-0.06331259276845591,0.02880406650774394,0.0396003529142794,0.01049401606972955,0.6573899709993288,0.04137971015191842,1.5057838001529076,-0.0033362372759372,0,177.13999938964844
2022-02-25,-0.0033362372759372,-0.003957025752325786,0.03451701299649247,-0.49607225491274126,0.0067253051201665,-0.20217901954757045,0.022719387331884236,0.0347883640930338,0.011800868264202569,0.6303550985693225,0.005664117715743328,-0.10219011917826826,0.0103119939512437,1,176.5500030517578
2022-02-28,0.0103119939512437,0.007088692218649615,0.025953399082174772,1.5163137229894101,0.0068006994825013,-0.18762076205905087,0.029955218980146157,0.0440175561164731,0.013653348104057716,0.6749999669658036,0.013958994422047932,0.22032099949608686,0.0180004317657538,1,178.3800048828125
2022-03-01,0.0180004317657538,0.023002265127507117,0.038617379070746374,2.3858107548289977,0.0075447860771522,-0.09379085974303991,0.04458251250375603,0.0613083207239019,0.016011955034606062,0.73583331663955,0.015031361088725647,0.5868829268751306,-0.0104608643845172,0,181.6199951171875
2022-03-02,-0.0104608643845172,0.008044300602717016,0.03770177505646828,-1.2788311441278548,0.0081800200382603,-0.019675463771699597,0.030304913585304585,0.0488016689299077,0.017952700312994896,0.6584122940525009,0.010682765667256853,0.3770847243711928,0.0059357638448758,1,179.72999572753906
2022-03-03,0.0059357638448758,0.02045108790141892,0.03340580759400647,0.7237801296094328,0.008201059413,0.096789632276159,0.03289792517291381,0.0533601651685691,0.019810515150594288,0.6790038448676902,0.009955768923535491,0.036577988405452455,0.015803608419049,1,180.8000030517578
2022-03-04,0.015803608419049,0.03959093359640512,0.03563390784407927,1.8457580391627946,0.008562123574018,0.27312046383495914,0.04485036581973616,0.0680659019581137,0.02221900560867751,0.7267497609953125,0.014263911267745415,0.47145930453978324,0.0147534952702928,1,183.67999267578125
2022-03-07,0.0147534952702928,0.04403243491545422,0.05112112713410377,1.6681059351405805,0.0088444594311988,0.300522020412201,0.05511313730969024,0.0816987066574792,0.025196889705663583,0.7627712654637996,0.012982126073726449,0.7325998822899715,0.0269914293684263,1,186.41000366210935
2022-03-08,0.0269914293684263,0.05302343251812672,0.07602569764563377,2.6662247660926455,0.0101234635998008,0.3417827220386782,0.07745449595176523,0.1083934543159997,0.028714863115314015,0.8124986285912726,0.02631720896813039,1.614392113263066,-0.0301614952662056,0,191.5099945068359
2022-03-09,-0.0301614952662056,0.03332280163643832,0.04136710223915528,-2.3291952864427055,0.0129493200685075,0.5830425852185954,0.04099386375751431,0.0734178439843897,0.031147138667887653,0.6490344902018086,0.013292439583179366,0.40065200975457516,0.0031163668784777,1,185.82000732421875
2022-03-10,0.0031163668784777,0.030503404670040216,0.05095449257145907,0.2406377555798279,0.0129504485734945,0.5791189797949705,0.03981878147185913,0.0745633647257454,0.03341407548410058,0.656617973705469,0.01282188555744092,-0.06246967855072738,-0.007052696024243,0,186.3999938964844
2022-03-11,-0.007052696024243,0.007647100226748216,0.04723803382315327,-0.539339018404408,0.0130765544186064,0.5272559786788835,0.02834346029205519,0.0649854378292588,0.03563204216497584,0.6238304866190628,0.012642478708675587,-0.2547207421070439,-0.0151884750581415,0,185.08999633789065
2022-03-14,-0.0151884750581415,-0.022294870101686085,0.021737564813768075,-1.1449080372272347,0.0132661092107671,0.49993442945432554,0.01045935342402581,0.047425464290172,0.03658347140919971,0.5597260297065825,0.0073505009076175335,-0.3154799061344087,-0.018882610033681,0,182.3000030517578
2022-03-15,-0.018882610033681,-0.06816890950379338,-0.015145476985666727,-1.3426330769032342,0.0140638647732659,0.3892344882380607,-0.00958086172983077,0.0268971355750928,0.03683086876595976,0.4930392839423374,0.012633516537178797,-0.12697295501457984,0.0062412859954877,1,178.88999938964844
2022-03-16,0.0062412859954877,-0.03176612824210009,0.001556673394338173,0.44990953394079514,0.0138723132644462,0.07127734823571164,-0.005288282129460582,0.031942550549797,0.03742876655656646,0.5135394606746864,0.018054553075810355,-0.10817055048352042,0.004876733952655,1,180.00999450683594
2022-03-17,0.004876733952655,-0.030005761167922786,0.0004976435021173736,0.35452965443587026,0.0137555036416203,0.06216426122671104,-0.0020880605586426925,0.0356432088073895,0.03781021939386209,0.5296337959252899,0.007628972787156985,-0.4407070085093042,-0.0088287107078973,0,180.88999938964844
2022-03-18,-0.0088287107078973,-0.031781775851577085,-0.024134675624828926,-0.6468423775147845,0.0136489367654263,0.04377164874605399,-0.011418562523816442,0.0253378137887428,0.0371809290759062,0.497600476823832,0.010540989166089747,-0.2768468009519076,0.0076117550195462,1,179.3000030517578
2022-03-21,0.0076117550195462,-0.008981545773889387,-0.031276415875575524,0.5542220675951882,0.013734124757201,0.03527903615131156,-0.004838933577236097,0.0315582398839357,0.0365741533599242,0.5242978739309924,0.010903780272759619,-0.45015807266952257,-0.0072771899242425,0,180.6699981689453
2022-03-22,-0.0072771899242425,0.0026238743355491137,-0.06554503516824432,-0.5252796629085286,0.0138539342717895,-0.014926942548214583,-0.01256316521227935,0.0227227422520984,0.0357348502924375,0.49709616044592025,0.0077497735555215825,-0.4930280689774361,0.0135672095760514,1,179.36000061035156
2022-03-23,0.0135672095760514,0.009949797916112814,-0.021816330325987333,0.9597350768147246,0.0141364110823997,0.019037763415447495,-4.40094436008215e-05,0.0350933002248959,0.035138856110003,0.5446755511624048,0.011715554212721673,-0.33972247132551614,0.0072341375131086,1,181.80999755859375
2022-03-24,0.0072341375131086,0.012307201476566412,-0.01769855969135643,0.5134805195466003,0.0140884361484566,0.02420358538010481,0.0055596268514622625,0.0410863550524554,0.03533030488926081,0.5683697112631976,0.009501393479940045,-0.38818499510887083,-0.0041038605376913,0,183.1300048828125
2022-03-25,-0.0041038605376913,0.017032051646772413,-0.014749724204804731,-0.29097533331163583,0.0141038090445146,0.03332657238478265,-0.00015895460769349128,0.0354522589873489,0.035616875061445175,0.5508305832036143,0.009759835133465613,-0.5542899124084548,-0.018371517706821,0,182.3800048828125
2022-03-28,-0.018371517706821,-0.008951221079594788,-0.01793276685348423,-1.2563676396683578,0.014622724373632,0.06470012702957972,-0.018542787185945875,0.0155767774429191,0.03476418959827776,0.4801902310926214,0.01385008243802491,-0.4552762809520051,0.0004466880684897,1,179.05999755859375
2022-03-29,0.0004466880684897,-0.0012273430868625886,0.0013965312486864695,0.03188013364800043,0.0140114866964404,0.01137239585232619,-0.01743647179174274,0.0149402532169,0.03295127905641171,0.48191440827479715,0.014737073789456477,-0.37918194760896107,0.0080062833792575,1,179.13999938964844
2022-03-30,0.0080062833792575,-0.0067882692836564885,0.003161528632456269,0.5742630545247801,0.0139418395736479,-0.013763854744861526,-0.009769046412807304,0.0218031555253293,0.03188367503940759,0.5132129739679031,0.006866793003602775,-0.4863646722981668,0.0003875207880489,1,180.5800018310547
2022-03-31,0.0003875207880489,-0.01363488600871619,-0.0013276845321498313,0.027924382122495015,0.0138775062720806,-0.01497184457901013,-0.00934449169419186,0.0212087750657554,0.030841464569453247,0.51474745317957,0.007749843357734444,-0.3852118353778602,-0.0063862158789015,0,180.6499938964844
2022-04-01,-0.0063862158789015,-0.015917241349926385,0.0011148102968459687,-0.47574406222767895,0.0134236375941256,-0.04822608192171607,-0.014521396136351731,0.0138081237454776,0.028746965962285875,0.48755330092295524,0.008245186553360028,-0.1614991040461219,0.0048350616826839,1,179.5
2022-04-04,0.0048350616826839,0.007289338039578514,-0.0016618830400163317,0.3724706131655541,0.0129810554491579,-0.11226833540228598,-0.008100417152838367,0.017655050382505,0.025965801358051488,0.50869960134877,0.006819292348153177,-0.5129047719208715,-0.0062845490460992,0,180.3699951171875
2022-04-05,-0.0062845490460992,0.0005581009249896142,-0.0006692421618730319,-0.5653735518997864,0.0111157464387601,-0.2066690223826112,-0.010977762040620237,0.0104575104612231,0.02167319568675241,0.48093965579113385,0.014282597293718984,-0.1456460970027197,0.0023404756196963,1,179.24000549316406
2022-04-06,0.0023404756196963,-0.0051077068345715855,-0.011895976118228131,0.2545872585758627,0.0091932158458703,-0.34060237909731705,-0.006972615052567933,0.0120173744388063,0.019123329103738262,0.4920351961932253,0.008961374694055595,-0.24088318713437884,0.0037777415804509,1,179.66000366210938
2022-04-07,0.0037777415804509,-0.0017174860421695858,-0.015352372050885833,0.4100639368476116,0.0092125672144995,-0.33615110424891237,-0.0015419429258088228,0.0146417878873381,0.01620872374005433,0.5102873229692008,0.005988698308672261,-0.10764633206264063,0.0062464197486159,1,180.33999633789065
2022-04-08,0.0062464197486159,0.010915149585347814,-0.0050020917645786315,0.6729625409392075,0.0092819724258325,-0.3085352341533385,0.005722209744111534,0.0194084836710565,0.013608403786197876,0.5398753574792552,0.007163735289651127,-0.044797018133769795,0.0049472061408498,1,181.47000122070312
2022-04-11,0.0049472061408498,0.011027294043513713,0.01831663208309217,0.5662633027995827,0.0087365826398974,-0.32697439941494466,0.010690450164636794,0.022709658243835,0.011892076428782428,0.5625453677607237,0.012173061798222862,-0.08440022091561794,0.0076474353017589,1,182.3699951171875
2022-04-12,0.0076474353017589,0.024959278391371815,0.025517379316361367,0.9978617188980118,0.0076638227090266,-0.3105435832628207,0.017073937668617357,0.0287515497343785,0.011481576346877187,0.5958989296418777,0.00914182204235279,0.11827720991482216,0.0047771092877693,1,183.77000427246097
2022-04-13,0.0047771092877693,0.027395912059444815,0.022288205224873167,0.6267961128423933,0.0076214724212409,-0.1709677495862828,0.0206337385838148,0.0317809439147232,0.010921846799201163,0.6157313410892828,0.004386664421163416,-0.16068787583194166,-0.0033090194372707,0,184.6499938964844
2022-04-14,-0.0033090194372707,0.020309151041723216,0.01859166499955357,-0.4332590025725457,0.0076375087825593,-0.1709684602855589,0.0163772026564245,0.0266284894941268,0.010086104657709205,0.5939699140215461,0.008313403798695586,0.11883404168061107,0.0030924062818564,1,184.0399932861328
2022-04-18,0.0030924062818564,0.017155137574963713,0.02807028716031147,0.4236759125522613,0.0072989900776456,-0.21363803480692267,0.018032432070746993,0.0279720251200159,0.009763532807153474,0.60791468973361,0.009262806501346572,-0.11865660762084784,-0.0152282681121338,0,184.61000061035156
2022-04-19,-0.0152282681121338,-0.003020336678019887,0.00800695736549377,-1.8951619387210692,0.0080353387227745,-0.08026524168849802,0.002329180265229862,0.0109772230431296,0.00862794673463596,0.5147307918738321,0.012759828247574208,0.23590584584564933,0.0048830061930919,1,181.82000732421875
2022-04-20,0.0048830061930919,-0.005784765786686887,0.01917451260468487,0.6189498695918176,0.0078891788058896,0.029405181385207424,0.006306317629042133,0.0145043788777612,0.008146685661314823,0.5390060945133406,0.00749819422497755,-0.29993017801622024,-0.0035639435023602,0,182.7100067138672
2022-04-21,-0.0035639435023602,-0.014125818576816386,0.01327009348262837,-0.48447118735457595,0.0073563580154702,-0.03478519518509715,0.00265725326981803,0.0096136656574454,0.0069379764270807165,0.5186014020786293,0.008458796910761478,-0.027095056500810233,-0.0097696613524008,0,182.05999755859375
2022-04-22,-0.0097696613524008,-0.020586460491946488,-0.00027730945022333073,-1.308482153729985,0.0074664077951321,-0.0224027221831703,-0.00631357308420099,-0.0012077375359379,0.005138276432043565,0.46678225726855194,0.010372151460562135,-0.06825939609518483,-0.0181344325202295,0,180.2899932861328
2022-04-25,-0.0181344325202295,-0.04181329929403239,-0.024658161719068733,-2.1598266880800554,0.0083962443006711,0.15032959510193433,-0.02273565809403723,-0.0198618264680104,0.002940690151880254,0.38996833096011224,0.005817558664462552,0.29760680638873116,0.00152385538733,1,177.0500030517578
2022-04-26,0.00152385538733,-0.02506117579456859,-0.02808151247258853,0.20562722343325407,0.0074107667354884,-0.0777281467321197,-0.020775077842621937,-0.0187484370144076,0.0020696377128037735,0.3988464841533483,0.007782567255872293,-0.10051602153612771,-0.0075857232426336,0,177.32000732421875
2022-04-27,-0.0075857232426336,-0.037529905230294085,-0.04331467101698103,-1.0016397772734957,0.0075733047096854,-0.040038906960555454,-0.027326413658085396,-0.0262974067984586,0.001057915907325624,0.3700614528266585,0.006478005553616679,-0.11210293336836241,0.005383804789463,1,175.97999572753906
2022-04-28,0.005383804789463,-0.028582156938470885,-0.04270797551528732,0.7243535005473476,0.0074325654330307,0.010359394879944528,-0.021088165512571,-0.0214579455011283,-0.000377745957837905,0.40295899373444977,0.007234492919707702,-0.3537246338868433,-0.0001129833478409,0,176.92999267578125
2022-04-29,-0.0001129833478409,-0.018925478933910986,-0.03951193942585753,-0.015209617392243625,0.0074284148593059,-0.0050885160399316565,-0.02018501980554975,-0.0217903150442979,-0.0016383656824981996,0.40248270937813346,0.01079638439761897,-0.20964799302169868,-0.0187145229029449,0,176.91000366210938
2022-05-02,-0.0187145229029449,-0.01950556931662639,-0.06131886861065883,-2.2414487262675014,0.0083492977928202,-0.0055913699232342795,-0.036785523080297186,-0.0395423058778374,-0.0028620653692377207,0.3329417441202952,0.009618142728685854,0.4563810883851407,0.002645759356915,1,173.6300048828125
2022-05-03,0.002645759356915,-0.01838366534704139,-0.04344484114161003,0.31978192015083223,0.0082736364697137,0.11643460994302002,-0.03254849361315541,-0.0366748784921382,-0.004265211074396591,0.34990583232802774,0.007812054908151887,-0.2667790742937173,0.0097746167754347,1,174.08999633789062
2022-05-04,0.0097746167754347,-0.001023325328973087,-0.038553230559267224,1.1384355397970851,0.0085860081082649,0.13372014429636847,-0.0221109550729645,-0.0270305981267303,-0.00503088062933843,0.4099772963478756,0.015244641001407055,0.06814560670308012,-0.0038184194446891,0,175.8000030517578
2022-05-05,-0.0038184194446891,-0.010225549563125188,-0.03880770650159612,-0.4454785100819196,0.0085715008878586,0.15323584636960108,-0.02460892280760155,-0.0303995718488243,-0.0059367459643886455,0.39459217592339985,0.01684461180833156,0.2775094845658317,0.0016545049194706,1,175.1300048828125
2022-05-06,0.0016545049194706,-0.008458061295813687,-0.027383540229724727,0.19422291749569576,0.00851858751173,0.14675710404870457,-0.021653362224946907,-0.0286090296772254,-0.007109614510555251,0.40499993232642295,0.009691009953180691,-0.2271758902092903,-0.0145853476425463,0,175.4199981689453
2022-05-09,-0.0145853476425463,-0.004328886035415086,-0.023834455352041525,-1.6564161494053868,0.0088053643088315,0.054623338073231054,-0.03350419259269825,-0.0422850154851946,-0.009085215709369376,0.3484895598157432,0.00856091476473151,0.08570230205393448,-0.0084810656535207,0,172.8800048828125
2022-05-10,-0.0084810656535207,-0.015455711045850787,-0.03383937639289222,-0.9720123418640125,0.0087252653986437,0.05458650867526327,-0.03872414377319937,-0.0496402558876743,-0.011355857992026097,0.3207824757748601,0.016100862181230656,0.10753235466303468,0.008133958004822,1,171.4199981689453
2022-05-11,0.008133958004822,-0.017096369816463487,-0.018119695145436626,0.9288082295642325,0.008757413797505,0.019963373791262118,-0.02788867744477612,-0.0409427454945287,-0.013428573196164084,0.37231742239919036,0.006480791161380803,-0.06322295958926971,-0.0154527061706768,0,172.82000732421875
2022-05-12,-0.0154527061706768,-0.02873065654245119,-0.03895620610557642,-1.7229244120584344,0.0089688822460963,0.04636076731912664,-0.038880808410561345,-0.0546457844638728,-0.01640272735293158,0.32244606276624665,0.014691191319858816,0.16877046288207853,-0.0081426276988109,0,170.1699981689453
2022-05-13,-0.0081426276988109,-0.038527789160732684,-0.04698585045654642,-0.9035373490386815,0.0090119436761239,0.05791525457883173,-0.04255172559084964,-0.061059277845389,-0.01933008053720775,0.29991633704783266,0.009538483763206798,0.30036817370574154,0.0094932796520766,1,168.7899932861328
2022-05-16,0.0094932796520766,-0.014449161866109785,-0.018778047901524923,1.0104879803810831,0.0093947477222801,0.06693458587028234,-0.029507786189882944,-0.0507006429834642,-0.021837224958641266,0.3564146017975021,0.012265237164035749,-0.26385298180627725,-0.0062990940856839,0,170.39999389648438
2022-05-17,-0.0062990940856839,-0.012267190298272987,-0.027722901344123824,-0.6968998746829212,0.009038736143481,0.03592678623690082,-0.03215941336980625,-0.0548629264219915,-0.023457905533011303,0.33695235980006016,0.008208819315051323,-0.3315233579195246,0.0005313437048441,1,169.3300018310547
2022-05-18,0.0005313437048441,-0.019869804598250888,-0.03696617441471442,0.059864686713732254,0.0088757451848857,0.013512138414015773,-0.02795309970089037,-0.0520229241163915,-0.024761999043559135,0.3402157446395445,0.008263541319823124,-0.22618397352028874,0.0145902771602608,1,169.4199981689453
2022-05-19,0.0145902771602608,0.010173178732686713,-0.01855747780976453,1.491735969502341,0.0097807369792982,0.09051905364854784,-0.01078632708120832,-0.036590593172607,-0.02608563427480759,0.4245986688083576,0.009481733744920912,0.09027712657263898,0.000697767757192,1,171.91000366210938
2022-05-20,0.000697767757192,0.01901357418868961,-0.019514214972043125,0.07214716315432682,0.0096714510548313,0.07318148031203187,-0.0077377286022320205,-0.0343628363562856,-0.026832732153110883,0.42839267783036994,0.007847503999855244,-0.31304848636430327,0.0046395898938689,1,172.02999877929688
2022-05-23,0.0046395898938689,0.014159884430481913,-0.00028927743562792534,0.5135544719575132,0.0090342702618949,-0.03837010540797281,-0.0019086252580581046,-0.0285351875901254,-0.026677479643536284,0.4542301368357282,0.006364671016962127,-0.40003424648226116,0.007493711725538,1,172.8300018310547
2022-05-24,0.007493711725538,0.027952690241703812,0.015685499943430777,0.8122551407807793,0.0092258101541034,0.020696921301029736,0.006526000819621491,-0.0203281767681734,-0.026680063471710924,0.4942371692370379,0.006087391769770616,-0.2522237099235549,-0.0060482487965583,0,174.1300048828125
2022-05-25,-0.0060482487965583,0.021373097740301415,0.001503293142050474,-0.6593178846183313,0.0091734942091849,0.03354636913261433,0.0012958839240961378,-0.0255985761617929,-0.02685965309323879,0.4646128180596005,0.00826212109684491,-0.4820158317709504,-0.0018506096399272,0,173.0800018310547
2022-05-26,-0.0018506096399272,0.004932210940113412,0.015105389672800075,-0.20431919529004036,0.009057443855435,-0.07395077951632001,0.0006515813787438971,-0.0266055465454897,-0.02723937925194453,0.45564890136583286,0.006772390635257961,-0.2714848326454101,0.0005208853826908,1,172.75999450683594
2022-05-27,0.0005208853826908,0.004755328565612212,0.023768902754301772,0.057476831469777924,0.009062527793737,-0.06296089983210085,0.00235151233800695,-0.0252152260776949,-0.027502066965910843,0.45881174859299984,0.0050911475368157445,-0.5568655948093886,-0.0099422702551653,0,172.85000610351562
2022-05-31,-0.0099422702551653,-0.009826531583421987,0.004333352847059874,-1.1903022600837618,0.0083527273605829,-0.07543972911532648,-0.006847731342737947,-0.033969681229394,-0.02730895426873947,0.4100659837269642,0.011627939115701726,-0.24586093115159602,0.0063488366174163,1,171.13999938964844
2022-06-01,0.0063488366174163,-0.01097140669154369,0.016981283550160074,0.7494336315351785,0.0084715128201693,-0.08175946841899928,1.7391583697966246e-05,-0.0268898012032802,-0.026906724836421092,0.4501661126183186,0.006619052533984096,-0.15965522455768943,0.0122340400879811,1,172.22999572753906
2022-06-02,0.0122340400879811,0.007310882192995712,0.028683979933297073,1.4151342018928434,0.0086451448008374,-0.05759521904079834,0.012753111398696863,-0.0143536010555811,-0.02676537070011209,0.5186931564898574,0.005506116555614893,-0.29911178363717494,-0.010203900438868,0,174.35000610351562
2022-06-03,-0.010203900438868,-0.0010424086059450874,0.0038898023341682724,-1.147553054924748,0.008891876846197,-0.018279661666205205,0.0032146198122106413,-0.0233406666208782,-0.02647019482038615,0.4664254173294987,0.009966399365245699,-0.2793651456832935,-0.004413447852864,0,172.5800018310547
2022-06-06,-0.004413447852864,-0.005976741841499888,-0.0012214132758877278,-0.4953578127573332,0.0089096159164165,-0.016872982991144814,-0.00015707903339604715,-0.0263952887337402,-0.02624233182046065,0.44565967968531317,0.0072168865109184435,-0.4955269205240572,0.0064972678121684,1,171.82000732421875
2022-06-07,0.0064972678121684,0.010462796225833813,0.0006362646424117723,0.7681799472202043,0.0084580023673879,0.012603668509737487,0.006342750501179264,-0.0189994286776265,-0.025182453161395446,0.48224287199148447,0.006129279192955299,-0.45794853179181005,-0.0009256257836888,0,172.94000244140625
2022-06-08,-0.0009256257836888,0.003188333824728714,-0.007783072866815027,-0.11255261222635037,0.0082239387019051,-0.02922431016981586,0.005014006572094965,-0.0192082684859615,-0.024101430327995055,0.47739576981378967,0.004514404357029879,-0.24705772074143018,-0.0031883338247287,0,172.77999877929688
2022-06-09,-0.0031883338247287,-0.012234040087981086,-0.004923157894985427,-0.3960141265032958,0.0080510608368466,-0.06871879854843566,0.0019867269392170213,-0.0215627985200371,-0.023502831750268016,0.4602700462284549,0.005864219542998237,-0.2881101323653896,0.0133231352281609,1,172.22999572753906
2022-06-10,0.0133231352281609,0.011292995579047813,0.010250586973102674,1.7209679878014557,0.0077416519787688,-0.12935681491361906,0.014136515755209309,-0.007758781016084,-0.021590088150004516,0.5356188036483929,0.025667445283985797,1.455312370951566,-0.0267673588244725,0,174.5399932861328
2022-06-13,-0.0267673588244725,-0.011060915392560686,-0.017037657234060623,-2.735834488279513,0.0097839832559848,0.09813748962592506,-0.01297604182044791,-0.0327872633158461,-0.02007167235528673,0.41200297793999874,0.010180637922110762,0.9289617645262518,-0.0080354072032867,0,169.92999267578125
2022-06-14,-0.0080354072032867,-0.025593590408015787,-0.015130794182182026,-0.827936002446576,0.0097053482147676,0.1474752303438902,-0.020354753221515715,-0.0393327754009034,-0.01937234140807198,0.38385764535028016,0.008483078920622437,0.06827423676524247,0.0129665096766109,1,168.57000732421875
2022-06-15,0.0129665096766109,-0.011701454947716084,-0.008513121122987424,1.2897531354702454,0.0100534818020685,0.22246555652701794,-0.007984550503285774,-0.025729126413309,-0.017887398748704708,0.449385534449871,0.01616205678857048,0.2846101694915255,0.0111804468161364,1,170.77000427246094
2022-06-16,0.0111804468161364,0.002667325693149014,-0.009566714394832124,1.0815438771290276,0.0103374879674924,0.2839907904038814,0.0022169689931051963,-0.0140383371603346,-0.016219348361035002,0.499421336732515,0.015055915610388665,0.24736615545991292,-0.0082568101440456,0,172.69000244140625
2022-06-17,-0.0082568101440456,-0.018912619679057486,-0.007619624100009725,-0.8249679138465329,0.0100086439793119,0.29283052335086146,-0.005839447737345752,-0.0212079945021653,-0.015458817722994178,0.46571401750735847,0.007765526933361225,0.07115845978311319,-0.0037437854344901,0,171.27000427246094
2022-06-21,-0.0037437854344901,0.004110953710924913,-0.006949961681635825,-0.37299005247090317,0.0100372259519767,0.02588339425427688,-0.009151808805706872,-0.0237820913336893,-0.014765412762522412,0.4509415239807904,0.008439327200366862,-0.1832261728790604,0.0039772683354227,1,170.6300048828125
2022-06-22,0.0039772683354227,0.016123629249634314,-0.009469961158381524,0.39690235033980265,0.0100207729483527,0.03250009444330404,-0.004763861641974851,-0.0187509187379312,-0.014054008447716648,0.4701715183715145,0.007004827303390442,-0.05202741571344738,-0.0061481182984487,0,171.30999755859375
2022-06-23,-0.0061481182984487,-0.0029909987254252883,-0.014692453673141426,-0.6200240229877804,0.0099159356258844,-0.013681446775563821,-0.009750727955519822,-0.0234104230793756,-0.013794198601786212,0.4442951604501007,0.013097680361070316,-0.05364027672691862,-0.0009989609969459,0,170.25999450683594
2022-06-24,-0.0009989609969459,-0.01517040653850759,-0.012503080845358625,-0.10143792317118305,0.009848003248845,-0.047350451114105296,-0.009878535244543253,-0.0228520378173515,-0.013102940431669707,0.44007227590965026,0.0052325204821594435,-0.12028852577335092,-0.001117694441858,0,170.08999633789062
2022-06-27,-0.001117694441858,-0.008031290836319987,-0.026943910515377523,-0.11352302663241606,0.0098455306823087,-0.016297242397707246,-0.010160601857190598,-0.022286608663468,-0.012250479046428064,0.43509466433844357,0.005414939387848615,-0.1765144578243868,-0.0016493806069405,0,169.89999389648438
2022-06-28,-0.0016493806069405,-0.005936886008770388,-0.0018259322978455277,-0.16758995062570825,0.0098417631891556,-0.019473783270028355,-0.010861193305155257,-0.0222752316926516,-0.011539369712564196,0.4274221855812605,0.004126943916886825,-0.5678786983191499,-0.000766651706858,0,169.6199951171875
2022-06-29,-0.000766651706858,-0.010680806051051088,0.005442823198583172,-0.07976522993347429,0.00961135205775,-0.04085721657529462,-0.011143491871854977,-0.0213185834842752,-0.01028975541828725,0.42368681137440023,0.00902707374895084,-0.29927930724470464,-0.0060955876983352,0,169.49000549316406
2022-06-30,-0.0060955876983352,-0.010628275450937587,-0.013619274176362928,-0.6383946681034721,0.0095483060916593,-0.03707461888573049,-0.016070730217428785,-0.0257629404219837,-0.009850515176458519,0.3942833663841225,0.010210145744708313,0.3177441679329802,-0.0008313996785857,0,168.4600067138672
2022-07-01,-0.0008313996785857,-0.010460714132577388,-0.02563112067108503,-0.0921743298156646,0.0090198613892651,-0.08409236254842078,-0.015154135374661948,-0.0249497071278981,-0.009946299319602336,0.39031833761967627,0.010218547332884902,0.5746278517758028,-0.0214377996803844,0,168.32000732421875
2022-07-05,-0.0214377996803844,-0.030780819371103788,-0.038812110207423825,-2.1693878217456324,0.0098819581568104,0.0036998995460097994,-0.033829176900150304,-0.0437123606070083,-0.010229230142914991,0.3058530370471662,0.017723812861580045,0.8339508394969617,-0.0159690175874046,0,164.75
2022-07-06,-0.0159690175874046,-0.04510045635156788,-0.05103734236033833,-1.544691906026348,0.0103379952501235,0.0504210527555351,-0.04642881725034799,-0.0568748621403758,-0.010954656641265492,0.2613282438008706,0.019119317350346183,0.4719931495374077,0.00055489929127,1,162.13999938964844
2022-07-07,0.00055489929127,-0.04377890535343988,-0.054459711404491025,0.05473912488014934,0.0101371604402691,0.054707015137908765,-0.042885232762430184,-0.0547216413536161,-0.012366759971062069,0.2652998679628642,0.0060407800859770665,-0.4331298560586687,0.0004314382372538,1,162.22999572753906
2022-07-08,0.0004314382372538,-0.03725187941785089,-0.04788015486878853,0.042474086194629675,0.010157681445501,0.06382025754013143,-0.03950286698175577,-0.052655525564117,-0.013693594837738465,0.26859428310497835,0.009488653826030816,-0.43170681967932545,-0.0053749265251639,0,162.3000030517578
2022-07-11,-0.0053749265251639,-0.04179540626442908,-0.05225612039700653,-0.5285019010582614,0.0101701176748868,0.1275248294824871,-0.04158878604789272,-0.0561305479288127,-0.01517277935527861,0.2533881051610848,0.006566298746743223,-0.46297374390568957,-0.0037236489059839,0,161.42999267578125
2022-07-12,-0.0037236489059839,-0.024081255490028586,-0.054862074861132426,-0.39639373933818256,0.0093938136162314,-0.04939755186502004,-0.04124899586749373,-0.0578648840650245,-0.017330764845002844,0.24316395144103936,0.0055959328871349615,-0.28077057141882256,0.0047762659636861,1,160.8300018310547
2022-07-13,0.0047762659636861,-0.003335971938937886,-0.04843642829050583,0.6032040254881695,0.0079181599622461,-0.23407200616081647,-0.034260993409051824,-0.0516531774068721,-0.01800919697674286,0.2831407694521086,0.016398570886042723,0.16917151079395287,-0.0141466492616412,0,161.60000610351562
2022-07-14,-0.0141466492616412,-0.018037520491849087,-0.06181642584528903,-1.7140586572065597,0.0082533052192603,-0.18583657939607312,-0.0451905891975938,-0.0634026857871822,-0.01907406481706475,0.24247799810283469,0.0101048176228525,0.6336488650088881,-0.0020104758163567,0,159.3300018310547
2022-07-15,-0.0020104758163567,-0.020479434545459585,-0.05773131396331053,-0.2724662023384725,0.007378808083724,-0.27357358829241574,-0.04373872054425721,-0.0636236893302064,-0.020794493318046725,0.23730410158377624,0.005659983193356337,-0.07896943090336017,0.0009429497894323,1,159.00999450683594
2022-07-18,0.0009429497894323,-0.014161558230863387,-0.05595696449529253,0.1424885747689928,0.0066177220942875,-0.3492973920421074,-0.03892659148359323,-0.0608998790548387,-0.022863277015608308,0.24543214900408117,0.00867045483960344,-0.1971283037987317,0.0023846238326167,1,159.16000366210938
2022-07-19,0.0023846238326167,-0.008053285492262786,-0.03213454098229143,0.356363110005551,0.0066915563526751,-0.28766349578057615,-0.03320813488562425,-0.0569227977194856,-0.02452923290894249,0.2667491472944239,0.0033846891616971667,-0.4602537498373809,-0.0094465093392112,0,159.5399932861328
2022-07-20,-0.0094465093392112,-0.022276060795160084,-0.025612032734098025,-1.3849920144538796,0.0068206236863655,-0.13861001559878416,-0.038630613466385785,-0.0638661242500464,-0.026249546882964214,0.23814826804242756,0.011326301069129057,-0.3141675497342217,0.0140117966022655,1,158.0399932861328
2022-07-21,0.0140117966022655,0.005882385068746615,-0.012155135423102526,1.8118670433754038,0.0077333470209615,-0.062999996302742,-0.02178056555807752,-0.0492365526446199,-0.028067308949148106,0.3497689070631553,0.012728478391157956,-0.1573175814541744,0.0024926409954947,1,160.27000427246094
2022-07-22,0.0024926409954947,0.010385501880598015,-0.010093932664861627,0.31921477326347003,0.0078086642733084,0.058255504778958356,-0.016460687631975217,-0.0456464676736457,-0.02967423841086858,0.3676647629655244,0.01107860085630422,-0.17115567392930586,-0.0027423043036363,0,160.6699981689453
2022-07-25,-0.0027423043036363,0.006700247787529414,-0.007461310443334027,-0.35175507833324243,0.007796061727468,0.1780581922891047,-0.0161851085073221,-0.0468344060255183,-0.03115352062997745,0.35605590910315554,0.0055545117230223545,-0.45361768245849976,-0.0011865143173863,0,160.22999572753906
2022-07-26,-0.0011865143173863,0.003129109637526414,-0.004924175854736427,-0.1522107145973144,0.0077952089018524,0.16493211608926983,-0.014368191095563011,-0.0468158890891702,-0.03292070903198008,0.3509034593721968,0.004436433039570168,-0.5977119188078859,0.0101334672497858,1,160.0399932861328
2022-07-27,0.0101334672497858,0.022709086226523414,0.0004330254313632733,1.2166773742120471,0.0083288038921152,0.22112057124109774,-0.0018860973228328407,-0.0362903808665717,-0.03446929599062676,0.4274496616381873,0.016700762278785544,-0.1499395930955535,0.0121116800437174,1,161.6699981689453
2022-07-28,0.0121116800437174,0.020808969667975314,0.02669135473672187,1.35517795377281,0.0089373355063802,0.1556878906578547,0.012103931622376387,-0.0237604943864115,-0.03543551693480551,0.5036359698712389,0.005377594886981551,-0.1784537539537573,0.0028071459585694,1,163.63999938964844
2022-07-29,0.0028071459585694,0.021123474631050014,0.031508976511647975,0.3142959036248974,0.0089315384839366,0.14379850014379691,0.016319367812391235,-0.0204049110379174,-0.036134585262659114,0.5197072919713839,0.008592343751772522,0.11765534524047827,0.0056512328686964,1,164.10000610351562
2022-08-01,0.0056512328686964,0.029517011803382714,0.03621725959091207,0.6233109666491722,0.0090664743138992,0.16295568594013732,0.023121440050621563,-0.0143367112837768,-0.036611637551594134,0.5513353956259622,0.0060595043773668785,-0.27172769803594776,-0.0059559901489022,0,165.02999877929688
2022-08-02,-0.0059559901489022,0.024747535971866814,0.027876645609393173,-0.7634798239326794,0.0078011100780934,0.0007570260547600238,0.017266581829645345,-0.019269058163968,-0.03591550203870919,0.5129988572432047,0.014873528777908212,-0.04460107998424745,0.0024352760679877,1,164.0500030517578
2022-08-03,0.0024352760679877,0.017049344790068716,0.03975843101659207,0.35420941598121447,0.0068752437346749,-0.17452207739173342,0.01901709603035053,-0.0159859831870534,-0.03434984491797133,0.5274421388253291,0.008695700584417662,-0.21398661866394808,0.016404693683584,1,164.4499969482422
2022-08-04,0.016404693683584,0.021342358429935315,0.04215132809791057,2.1253690945901176,0.0077185152100594,-0.13637401163363572,0.03428860769359776,0.0009676052557945,-0.032216348696044395,0.6117627136468115,0.011784418509786683,-0.028978000227666056,-0.0113097814507426,0,167.1699981689453
2022-08-05,-0.0113097814507426,0.007225431020623315,0.02834890565167327,-1.3736482378015562,0.0082333898442903,-0.07816667205789041,0.021711886320659922,-0.0092404942936115,-0.030294627114240358,0.5400367425398662,0.0058684812154596675,0.04969280195463521,0.0084343482908361,1,165.2899932861328
2022-08-08,0.0084343482908361,0.010008546442763016,0.03952555824614567,1.0214362249000704,0.0082573420495844,-0.0892444225065937,0.028693464607983846,-8.276537347871308e-05,-0.027973571303312017,0.5795684284663271,0.005279290118924999,-0.3930869543458735,0.0030548677970775,1,166.69000244140625
2022-08-09,0.0030548677970775,0.019019404388742715,0.04376694036060948,0.3741052648916454,0.0081657973938493,0.04674813098458808,0.02981662926637909,0.0036460032229423,-0.025412899053766647,0.5932815209836932,0.0058612185731225005,-0.42619627470618404,-0.0025151110588634,0,167.1999969482422
2022-08-10,-0.0025151110588634,0.014069017261891616,0.031118362051960273,-0.3068961185120744,0.0081953172658469,0.19200388846060612,0.025593724636449,0.0018549703129277,-0.023146352940035864,0.5766020284655002,0.008154458689925264,-0.2403641214433696,-0.0026417069148636,0,166.77999877929688
2022-08-11,-0.0026417069148636,-0.004977383336555984,0.016364975093379273,-0.35705703598268723,0.0073985572293601,-0.041453307014580276,0.020688035691120574,-0.000211589510685,-0.020476016638770744,0.5588752720046434,0.008115944049760128,-0.10706036882463754,0.0091559768227203,1,166.33999633789062
2022-08-12,0.0091559768227203,0.015488374936906916,0.022713805957530173,1.2226509671564711,0.0074886268188332,-0.0904564267624931,0.02728386254425054,0.0095135881632964,-0.01729830967746626,0.6044171794610818,0.006612263314695922,0.05191369803295798,-0.0129505280899891,0,167.8699951171875
2022-08-15,-0.0129505280899891,-0.005896501443918286,0.004112044998844671,-1.5668355648310206,0.0082654034543732,0.0009762711463801033,0.012037500655822554,-0.0024392281507419,-0.014304537921947857,0.5224174358219833,0.004888042518713908,0.07524739869436736,-0.00175162996283,0,165.7100067138672
2022-08-16,-0.00175162996283,-0.010702999203825787,0.008316405184916872,-0.21085308793308583,0.0083073479264666,0.017334563397803482,0.008455612730808606,-0.0033258702937688,-0.011682698649149503,0.5123666366492935,0.003264469537536557,-0.12318786540223747,-0.0064893459471051,0,165.4199981689453
2022-08-17,-0.0064893459471051,-0.014677234092067486,-0.0006082168301759271,-0.799113586724006,0.0081206802823969,-0.00910727199800343,9.168355210769694e-06,-0.008880534911056,-0.008889621763056854,0.47598123215710303,0.0077882490523953464,0.12892501672376389,-0.0026198444873023,0,164.35000610351562
2022-08-18,-0.0026198444873023,-0.014655371664506187,-0.019632755001062225,-0.3420250084337079,0.0076598038818851,0.03531048614293075,-0.003713590920340265,-0.0103971164300469,-0.0067084379037959385,0.4617883710563111,0.008357798873109744,-0.24389910083280797,-0.0073475529581149,0,163.9199981689453
2022-08-19,-0.0073475529581149,-0.031158901445341385,-0.015670526508434528,-0.9324004556064169,0.0078802545772419,0.05229633788450938,-0.01162277382632488,-0.0164469402325604,-0.0048808959560020515,0.4238097314756346,0.006883052898072753,0.6530480158569638,-0.006659303367833,0,162.72000122070312
2022-08-22,-0.006659303367833,-0.02486767672318528,-0.030764178167103626,-0.8307425613828618,0.0080160854606364,-0.030164044031617876,-0.018603069454625927,-0.0217225535475502,-0.003178616109172916,0.3925209742492254,0.0047017725173575334,-0.10505707692662858,0.0069665512175815,1,161.63999938964844
2022-08-23,0.0069665512175815,-0.016149495542773784,-0.026852494746599623,0.8563108995990762,0.0081355395812937,-0.020681491457163026,-0.01256060013772117,-0.0134780547793097,-0.000929125009308418,0.4391746172631693,0.009338262417979441,-0.12703563784141014,0.0029445805046794,1,162.77000427246094
2022-08-24,0.0029445805046794,-0.006715569090989285,-0.02139280318305683,0.3747403690767916,0.0078576549196812,-0.03238957249503549,-0.010123120490853716,-0.0097670625852071,0.00035969918382483534,0.4582085341660408,0.007595745746793644,-0.35185438177323203,0.0030581063588208,1,163.25
2022-08-25,0.0030581063588208,-0.0010376182448661848,-0.01569298990937243,0.4132500609229694,0.0074001352885241,-0.03390016211447633,-0.0071244505078066475,-0.0061530490631417,0.0009783718061762148,0.4780796411480444,0.004580152671755725,-0.4051113581573129,-0.0122271532019299,0,163.75
2022-08-26,-0.0122271532019299,-0.005917218488681184,-0.03707611993402263,-1.5569459983324287,0.0078532930589923,-0.0034214019338238977,-0.01849427772956228,-0.0171560535147645,0.0013634400538207192,0.413134027746793,0.012734901264519361,0.4050140516107892,0.0006180465249853,1,161.75999450683594
2022-08-29,0.0006180465249853,0.0013601314041371162,-0.023507545319048223,0.08007939416617328,0.0077179220874572,-0.03719563303601914,-0.01694204300431926,-0.0152524467126288,0.001718714832291024,0.417417186350288,0.005683913045076778,-0.012700538969805497,-0.00837555613648,0,161.86000061035156
2022-08-30,-0.00837555613648,-0.013981975949924385,-0.030131471492698226,-1.0712481251345503,0.0078185024925276,-0.03896939909125052,-0.02409220142998846,-0.0221855917799028,0.001953678055323982,0.3773771271885547,0.006790831569333854,0.0290823948213208,-0.0077553096129762,0,160.50999450683594
2022-08-31,-0.0077553096129762,-0.024681866067579983,-0.031397435158569326,-0.9806714955726646,0.0079081625681875,0.006427827261769048,-0.030104073019327417,-0.0283947317943453,0.0017623965390836105,0.3446732543734579,0.00822510693941963,0.14007450124622944,-0.0088290234746503,0,159.27000427246094
2022-09-01,-0.0088290234746503,-0.03656899590105109,-0.03760661414591732,-1.2940332098087515,0.006822872402135,-0.07800707201722401,-0.03589959117858353,-0.0353534929071187,0.0005664329840211479,0.31181681917193954,0.006777678460276307,0.5192308878213627,0.008766173723188,1,157.8699951171875
2022-09-02,0.008766173723188,-0.015575668975933184,-0.021492887464614426,1.2542141006466176,0.00698937583198,-0.11000700222476534,-0.025616896417260712,-0.0255501228467722,6.852907264387476e-05,0.3754719245609546,0.005776706019576205,0.07741043348101284,-0.0058565782593561,0,159.25999450683594
2022-09-06,-0.0058565782593561,-0.022050293760274585,-0.020690162356137527,-0.8871588975249384,0.006601498644375,-0.14465337048381943,-0.02882307759300508,-0.0298442380305206,-0.0010514669510316432,0.3520115114500281,0.007200147643937178,-0.0061474677071488015,0.0101172860901148,1,158.3300018310547
2022-09-07,0.0101172860901148,-0.003557451533679784,-0.017539427483604222,1.4271331809685903,0.007089237518287,-0.0932742523184692,-0.016758247995977634,-0.018781416008934,-0.0020576506325455934,0.41962008275264323,0.012942303575292401,-0.1928525669615706,-0.0060203788974946,0,159.94000244140625
2022-09-08,-0.0060203788974946,-0.001822520818198184,-0.026504386885778226,-0.8431814606134599,0.007140075035704,-0.09712591589521935,-0.020311097970752028,-0.0233960107241405,-0.0031488697554894474,0.39327135242948197,0.007233576093782528,-0.07099373483869276,0.005269846503477,1,158.97999572753906
2022-09-09,0.005269846503477,0.012276349159929116,-0.024292646741122026,0.7177687060962437,0.0073419842056619,0.07608405564853604,-0.013152162246256491,-0.0170681069787184,-0.003968134278305113,0.42716576323746125,0.005193353729304397,-0.20381248910456773,0.0050553861933215,1,159.82000732421875
2022-09-12,0.0050553861933215,0.008565561630062616,-0.007010107345870626,0.7154376473567371,0.0070661450540088,0.010983702103632975,-0.00592863085485246,-0.0111340203040173,-0.0052364343353347165,0.458574837386998,0.006661221645422344,-0.07446124975777912,-0.0130967289066481,0,160.6300048828125
2022-09-13,-0.0130967289066481,0.0013254109827706157,-0.020724882777504026,-1.8503658742078346,0.0070779131247516,0.07216762526832321,-0.016681231001870894,-0.022823825978082,-0.006246799277989656,0.3979434872862342,0.005550680711990874,0.3139348891145979,-0.0038550345553118,0,158.5399932861328
2022-09-14,-0.0038550345553118,-0.012646909662655985,-0.016204361196335827,-0.5440092133589685,0.0070863405630743,-0.00040864129678652716,-0.018184121567741806,-0.0257645676854436,-0.007720842862926736,0.38206565273805543,0.007914899372952918,0.20447810925154908,-0.0188558017376182,0,157.92999267578125
2022-09-15,-0.0188558017376182,-0.025482332502779585,-0.027304853320977828,-2.3700796144717504,0.0079557672335074,0.11424140414834927,-0.03370921697784782,-0.0431171694430127,-0.009736150474022764,0.31633184808916154,0.018518585979458626,1.4240618649600472,0.0055337676270803,1,154.97999572753906
2022-09-16,0.0055337676270803,-0.025218411379176284,-0.012942062219247229,0.6766185865224016,0.0081785628377755,0.11394448812195179,-0.025893473483983343,-0.0370474899032749,-0.011450509893599636,0.35136758814291824,0.014245388044605326,0.27239570202079144,0.000769790767981,1,155.83999633789062
2022-09-19,0.000769790767981,-0.029504006804516782,-0.020938445174454225,0.09470816300166855,0.0081280297662139,0.15027779702918287,-0.023079357641436052,-0.0355502758677634,-0.01276553865851271,0.3563247995851293,0.007822428246956387,0.018221213428307514,-0.0057229320552936,0,155.9600067138672
2022-09-20,-0.0057229320552936,-0.022130209953162283,-0.020804798970391725,-0.7062579939133452,0.0081031749086238,0.14485368297144552,-0.02665138648739671,-0.0402990942358015,-0.014021397430416194,0.3358268772166502,0.004127164244664886,0.06955422494342889,0.0046322283209624,1,155.07000732421875
2022-09-21,0.0046322283209624,-0.013642947076888082,-0.026289856739544128,0.5803344699582583,0.0079819975561603,0.126392033393528,-0.01998531636584494,-0.0352413785136067,-0.015567177107171815,0.36752448693588496,0.020797263192721776,0.36484639999301516,-0.0005778441890031,0,155.7899932861328
2022-09-22,-0.0005778441890031,0.004635010471727019,-0.020847322031052627,-0.07313410777780559,0.0079011586599059,-0.006864023544015385,-0.018220008090965065,-0.0350936037090394,-0.01718673812578342,0.3651784446076143,0.007514439254191144,0.018726029837870195,-0.0174278164066748,0,155.6999969482422
2022-09-23,-0.0174278164066748,-0.018326573562028083,-0.04354498494120443,-2.058009036329492,0.0084682895453937,0.03542513683210902,-0.031903982307692126,-0.0510207649994218,-0.019746783730501427,0.3029328696991436,0.00888831226179021,0.5474679921772092,-0.0117014143217974,0,153.00999450683594
2022-09-26,-0.0117014143217974,-0.03079777865180648,-0.06030178545632332,-1.3863923998172816,0.0084401893167761,0.03840531586876894,-0.03996802440646826,-0.0611544224194097,-0.022068429543550483,0.270122183498124,0.016398834871404113,0.31219197605076476,0.0020477436877313,1,151.22999572753906
2022-09-27,0.0020477436877313,-0.023027102908781585,-0.045157312861943924,0.24143201936468503,0.0084816574583596,0.046707932878629954,-0.034838577758587265,-0.0583390223844518,-0.024348719379281736,0.28465362006583617,0.008116641032289247,0.11697176058977887,0.0205735578321778,1,151.5399932861328
2022-09-28,0.0205735578321778,-0.007085773397566178,-0.02072872047445433,2.0744733073614965,0.0099174849631327,0.24248158350770743,-0.012946715417082682,-0.0381853078776556,-0.025569635251492584,0.41262481059953,0.012605935588952356,0.3584467112460903,-0.0001939471718055,0,154.69000244140625
2022-09-29,-0.0001939471718055,-0.00670187638036858,-0.0020668659086416244,-0.019742041584381764,0.009824068649462,0.24337063364058587,-0.011684532991036802,-0.0379674746684128,-0.026593676366230223,0.4118691417298676,0.012091006549262328,-0.05041075710087417,6.462035224685361e-05,1,154.66000366210938
2022-09-30,6.462035224685361e-05,0.010790560378553075,-0.0075360131834750705,0.006680144551719546,0.0096734960967603,0.14231995078890147,-0.010609074376647397,-0.0372345711601213,-0.026910997558117766,0.41225533736175246,0.009504014865949657,0.031394399216234437,0.0240190059453634,1,154.6699981689453
2022-10-03,0.0240190059453634,0.04651098064571388,0.01571320199390733,2.18420008318592,0.0109967059017454,0.30289801437129515,0.013711914261317858,-0.0135548652330081,-0.02689795701394626,0.5357607005760328,0.020513792528230157,0.505543976596377,0.0142264445961119,1,158.42999267578125
2022-10-04,0.0142264445961119,0.05868968155409448,0.03566257864531283,1.2512820000110703,0.0113694951225911,0.34048034578255937,0.027457464633036218,0.0005204824851014,-0.02621712632897688,0.5915623503669838,0.013441217816606824,0.13972556822943072,-0.0055536594329764,0,160.6999969482422
2022-10-05,-0.0055536594329764,0.032562464288940274,0.02547669089137403,-0.4946011535165735,0.0112285614246759,0.1321984824193838,0.021809598117849487,-0.0049921702986506,-0.02622970900436672,0.562989526117253,0.010637613254570572,-0.25472192613074696,-0.0011269264553861,0,159.80999755859375
2022-10-06,-0.0011269264553861,0.03162948500535968,0.024927608624991028,-0.10112039222593847,0.0111444035231603,0.13439796898921363,0.020446688747203068,-0.005860300226709,-0.025779875875935332,0.5571287113969351,0.006201875981215717,-0.2023457953712431,-0.0110233861426891,0,159.6300048828125
2022-10-07,-0.0110233861426891,0.020541478510423723,0.031332038888976725,-0.9713727278495313,0.0113482557484326,0.1731286842854245,0.00988589403170131,-0.01605298396513,-0.02568495921185432,0.5023704487713839,0.00823412092444986,-0.3030209814240542,-0.0153182032171569,0,157.8800048828125
2022-10-10,-0.0153182032171569,-0.01879573065209658,0.027715249993617228,-1.3068837932307384,0.0117211670207409,0.06587983032996392,-0.003825050571251918,-0.0299681897741541,-0.026243522001726638,0.4386893248753083,0.007911056213839746,-0.16239064357945454,-0.0020602123309399,0,155.47999572753906
2022-10-11,-0.0020602123309399,-0.03508238757914838,0.023607293974946025,-0.18058573581768056,0.011408499799895,0.0034306428634987007,-0.004797669148211539,-0.030770932559324,-0.026098475260686094,0.43084742787003427,0.012180970256769735,-0.26647720518512585,0.0053350716717094,1,155.16000366210938
2022-10-12,0.0053350716717094,-0.024193656474462585,0.008368807814477627,0.4649048978548865,0.0114756194144779,0.022002639559780546,0.001148867511759431,-0.0246040246477998,-0.025723339450570593,0.4579153964906357,0.006602979312940742,-0.4391934821056648,-0.0069476110871142,0,155.99000549316406
2022-10-13,-0.0069476110871142,-0.03001434110619068,0.001615143899168928,-0.6452945108847108,0.0107665739750194,-0.033903074969934055,-0.00576028775554935,-0.030200180843026,-0.02458148954069106,0.42930505210346676,0.018139548719674253,0.037913330910881005,-0.0125371607930224,0,154.91000366210938
2022-10-14,-0.0125371607930224,-0.031528115756523985,-0.010986637246100326,-1.1365633694872317,0.0110307626742173,-0.027977257585083293,-0.0172454473727585,-0.0405782092557495,-0.02374220686194184,0.38322518972237823,0.00967443959257895,-0.1883350700689379,0.0028720806307473,1,152.97999572753906
2022-10-17,0.0028720806307473,-0.013337831908619785,-0.03213356256071643,0.2597344535511951,0.0110577576115877,-0.05659926251193925,-0.013614087139769958,-0.0363840170585987,-0.02308420023234381,0.39906156663658926,0.013101254926509267,-0.34908571843466196,0.0021486600903921,1,153.4199981689453
2022-10-18,0.0021486600903921,-0.009128959487287782,-0.04421134706643623,0.1950826489017846,0.0110141014718016,-0.034570568875061936,-0.011072761781756967,-0.032739027332397,-0.021908857106288537,0.41127086416929187,0.0065040650406504065,-0.3148203907660231,-0.0134889259883384,0,153.75
2022-10-19,-0.0134889259883384,-0.02795295714733558,-0.05214661362179823,-1.1919008728056444,0.0113171542165134,-0.013808857913549799,-0.023034568968014,-0.0438327688928494,-0.021288573028490854,0.36184860047748296,0.006262853132975682,0.24520443002087133,-0.0015834633753089,0,151.69000244140625
2022-10-20,-0.0015834633753089,-0.022588809435530283,-0.05260315054172103,-0.1399331736452025,0.0113158540899225,0.051017168151868963,-0.023243530614988954,-0.0434970586800246,-0.020735494158321544,0.3564738107532851,0.012941508712924895,-0.23750066455527963,0.0176705974145265,1,151.4499969482422
2022-10-21,0.0176705974145265,0.007618948772018618,-0.023909166984505424,1.5476269859097298,0.0114178659169214,0.035093062387145046,-0.006195598029540353,-0.0249435173933936,-0.018864798069600952,0.4546175335098754,0.016088198674885725,0.06978972980768794,-0.0032488658845126,0,154.14999389648438
2022-10-24,-0.0032488658845126,0.001498002256758718,-0.011839829651861127,-0.2927043046210602,0.011099481057235,0.003773228453079591,-0.010191231950531525,-0.026354678439272,-0.01632986796085112,0.441198484830427,0.006508298338584449,-0.2546582860314417,0.0022753535606352,1,153.64999389648438
2022-10-25,0.0022753535606352,0.001624695727001818,-0.0075042637602860274,0.20496924572320774,0.011100951035883,0.00788530633240958,-0.008721956462482205,-0.0226863636356416,-0.014087275779180453,0.4533621797701891,0.006233710747260552,-0.43556618426567395,0.0063434463543533,1,154.0
2022-10-26,0.0063434463543533,0.021457068069693518,-0.006495889077642126,0.6227909956541344,0.0101855139181815,-0.09999336199560405,-0.0025069494398389834,-0.0151621279750686,-0.01268698416307057,0.48703132113573383,0.0061298036806783735,-0.24062345289106646,-0.0015497241473593,0,154.97999572753906
2022-10-27,-0.0015497241473593,0.021490807297643116,-0.0010980021378872269,-0.15205242652456288,0.0101920382514182,-0.09931339071481415,-0.004077232010564691,-0.0154847287115111,-0.011454198124193793,0.4792465573733679,0.005622302483541877,-0.36154435379271377,-0.0102631741011786,0,154.74000549316406
2022-10-28,-0.0102631741011786,-0.006442964218061982,0.001175984553956573,-0.9822740868268471,0.0104483811991141,-0.0849094502301444,-0.013767053770985074,-0.0242012581621591,-0.010579857863266984,0.43046303920026807,0.0067902406716258065,-0.17271641753832645,-0.0081948861927748,0,153.16000366210938
2022-10-31,-0.0081948861927748,-0.011388984526324182,-0.009890982269565526,-0.9282146530034847,0.008828654197882,-0.20458856118077706,-0.019758385111820362,-0.0308301751900623,-0.01129496025273835,0.3961098643638888,0.0064511599230742496,0.12879892262623738,0.0101517261727974,1,151.91000366210938
2022-11-01,0.0101517261727974,-0.0035126119141619828,-0.0018879161871602282,1.1982905878573231,0.0084718400325165,-0.23683655525261704,-0.0074380304763246976,-0.0199183589080641,-0.012573853134559054,0.4542688688959945,0.007233158880418965,-0.11993546142405442,-0.0069969702028922,0,153.4600067138672
2022-11-02,-0.0069969702028922,-0.01685302847140748,0.004604039598285971,-0.8224913652763094,0.0085070439621474,-0.1647899133531172,-0.011987897379012496,-0.0254599310356033,-0.013635494566162087,0.42391743664445225,0.020736292898259755,0.3537249071190285,-0.0038132974339371,0,152.38999938964844
2022-11-03,-0.0038132974339371,-0.019116601757985283,0.0023742055396577706,-0.4482291471797684,0.0085074731483442,-0.16528245494365135,-0.013246859059934078,-0.0277464785544679,-0.014694272450676227,0.40800421324889713,0.009156178196445479,0.012952870234010483,0.0302345832528433,1,151.80999755859375
2022-11-04,0.0302345832528433,0.02138115559603662,0.014938191377974572,2.754052507908398,0.0109782159802775,0.05070974833961106,0.01750907034802596,0.0030334077774062,-0.014226568580532173,0.5531438912543137,0.012398558357968244,0.4131600993547817,-0.0039702607393793,0,156.47000122070312
2022-11-07,-0.0039702607393793,0.025605781049432116,0.01421679652310787,-0.3799372377885171,0.0104497805018766,0.18362099904009255,0.013355389107403878,-0.0001834340628352,-0.013360389963647967,0.5343724218147899,0.004876546267955879,-0.17413482145939485,0.0228363289406868,1,155.85000610351562
2022-11-08,0.0228363289406868,0.03829038381732151,0.03477777190315947,1.969240657469911,0.011596515059783,0.3688307398715527,0.03531899838447683,0.0232278007714595,-0.011678717025269014,0.615884163584711,0.024396359135153447,0.9969214510533693,-0.0050298947591616,0,159.4499969482422
2022-11-09,-0.0050298947591616,0.04025745926105212,0.02340443078964457,-0.4320765808148911,0.0116412112632332,0.36842025444225546,0.02923570664843226,0.0183370932970295,-0.010589035418225534,0.5911195403430753,0.011976106072296175,0.04860331752772917,0.0299901530039926,1,158.64999389648438
2022-11-10,0.0299901530039926,0.07406090969898182,0.05494430794099647,2.277235151617556,0.0131695459657252,0.5479973590381975,0.057630077927060076,0.0487729232722542,-0.008374529847114176,0.6758622948323189,0.011316313268137196,0.6837528076945227,0.0065845979471178,1,163.47999572753906
2022-11-11,0.0065845979471178,0.05041092439325631,0.07179207998929286,0.5188344867229429,0.0126911339080549,0.1560288056688519,0.060644134689579625,0.0547960547312876,-0.0055137060273316996,0.6912703032213049,0.007049122990514997,-0.21132172371520297,0.0021852662272774,1,164.55999755859375
2022-11-14,0.0021852662272774,0.05656645135991301,0.08217223240934507,0.17214582244861826,0.012694273937026,0.21478857232899085,0.05903958716394911,0.0563371182716656,-0.0025518110229670876,0.6964500736703332,0.006609335488611098,0.03942179684776814,0.0035106980811025,1,164.9199981689453
2022-11-15,0.0035106980811025,0.03724082050032872,0.07553120431765017,0.27665835733089955,0.0126896512903946,0.09426420135499369,0.058769719708147906,0.059079353899773,0.0002924471543352958,0.705036475946711,0.010090623377313066,0.5917726401872163,-0.0022987420952167,0,165.5
2022-11-16,-0.0022987420952167,0.039971973164273616,0.08022943242532567,-0.1895569588213284,0.0121269201062855,0.04172322210029211,0.051820212632784406,0.0559475449427231,0.003923990298311253,0.6912404270385888,0.005329487093237562,-0.3914655285368417,-0.0072939599616732,0,165.1199951171875
2022-11-17,-0.0072939599616732,0.0026878601986078145,0.07674876989758957,-0.5912407054315216,0.0123367012701699,-0.06324019808449322,0.0400454230428943,0.0476116150132788,0.007274866849803496,0.648111512985054,0.00433142216812017,-0.2336205748348299,-0.0069175073823137,0,163.9199981689453
2022-11-18,-0.0069175073823137,-0.010814245130823685,0.03959667926243257,-0.5706882837417191,0.0121213411583624,-0.044896914162324,0.030052386557491453,0.0399949551212254,0.00965248825543985,0.6095433584348942,0.0062043725491758295,-0.26008308247630985,-0.0056056352070885,0,162.7899932861328
2022-11-21,-0.0056056352070885,-0.018605146565189586,0.03796130479472337,-0.4597145382487589,0.0121937305451393,-0.039430643640574026,0.02163434494842833,0.0340162851672105,0.012119737634121108,0.5796296709438106,0.007536454064146485,-0.1844664513126557,0.0011730356909015,1,161.8800048828125
2022-11-22,0.0011730356909015,-0.020942808955390586,0.016298011544938075,0.0961677441705383,0.0121978081218304,-0.03875939198869083,0.02023541704935381,0.0347632952390204,0.014239731288375523,0.584217837859311,0.005429782458466006,-0.45075752705453764,0.0062125033172795,1,162.07000732421875
2022-11-23,0.0062125033172795,-0.012431563542894385,0.027540409621379176,0.5094010456855846,0.0121957019324888,0.005671829747410317,0.023982729473475715,0.0405275016871997,0.016157276619529926,0.6086688100390395,0.01030174095969623,-0.2839055758957839,0.0008581023409725,1,163.0800018310547
2022-11-25,0.0008581023409725,-0.004279501240248686,-0.0015916410416409268,0.07053876445591549,0.0121649754938476,-0.013919910400808089,0.022140540227323903,0.04032685757286,0.017792384344222922,0.6120742303546856,0.004104877857704174,-0.7483420620884718,-0.0079348936653714,0,163.22000122070312
2022-11-28,-0.0079348936653714,-0.005296887523306387,-0.016111132654130125,-0.6587559051581364,0.0120452714021085,-0.006275688082701958,0.011285031556046437,0.0313040120545121,0.019795586678132526,0.5634211302936845,0.0071017967547674175,-0.28627529708445154,0.0049282615630087,1,161.92999267578125
2022-11-29,0.0049282615630087,0.005237009246790813,-0.013368137318398827,0.4187132213085982,0.0117700165941894,-0.034748508619357854,0.012859113193430142,0.0355061366344168,0.022359500098274587,0.5854295329633598,0.00632949552227246,-0.5239306333179524,0.0127009210150128,1,162.72999572753906
2022-11-30,0.0127009210150128,0.016764894570902113,-0.004177914384488526,1.0709056575376272,0.011859981246356,-0.027695703367377145,0.022194787425409673,0.0474435064193773,0.024700496719965992,0.636708348596601,0.014622921532733858,-0.11661651457944278,0.0182178423963075,1,164.80999755859375
2022-12-01,0.0182178423963075,0.028770233649930112,0.01633867010703567,1.516007702253536,0.0120169853815563,-0.014654060251866885,0.03602378844896822,0.065069214574797,0.028035481858300404,0.6957471691088947,0.005779321031146513,0.5433640605765653,-0.0034616677176241,0,167.83999633789062
2022-12-02,-0.0034616677176241,0.024450463591333512,0.020170962351084773,-0.28837794270424927,0.0120039268092507,-0.013238718374595226,0.027543878492655723,0.0598337536352519,0.03142432729000677,0.6731946778526146,0.010223644445936528,-0.07051313646926194,-0.0173078053027201,0,167.25999450683594
2022-12-05,-0.0173078053027201,0.01507755195398481,0.00978066443067837,-1.5176918536495683,0.0114040312340745,-0.05323584223446831,0.007461435478643839,0.0401481113434822,0.03244459263029653,0.5740383452371233,0.01459939111500174,-0.005547399856398738,0.0027336344458788,1,164.38999938964844
2022-12-06,0.0027336344458788,0.012882924836854909,0.01811993408364567,0.24185289079685138,0.0113028810070125,-0.03968860905493665,0.007443977709402746,0.0412021271502099,0.03350871134051747,0.5843753373738886,0.006612450631558738,-0.3368269516122194,0.0089984935565378,1,164.83999633789062
2022-12-07,0.0089984935565378,0.009180497378379908,0.02594539194928197,0.8652792944102699,0.0103995248871299,-0.12314154035233649,0.014417646227764154,0.0486543487278672,0.03375010542000778,0.6174766078629087,0.007935982991032698,-0.09428691816523704,0.000841342527782,1,166.3300018310547
2022-12-08,0.000841342527782,-0.00819600249014559,0.02057423115978447,0.08192747042569569,0.010269358048166,-0.14542976278165087,0.012856177693124839,0.0479803504392727,0.03467834182158658,0.6205346148602708,0.005886920888766023,-0.3498600882908547,0.0035378943750204,1,166.47000122070312
2022-12-09,0.0035378943750204,-0.0011964403975010898,0.02325402319383237,0.44349136298435454,0.0079773692800083,-0.3354366944439694,0.015340102141223588,0.0500551763970228,0.034190587156549324,0.6338202599196829,0.008918892949536938,0.14969560468404697,-0.0082948418335018,0,167.05999755859375
2022-12-12,-0.0082948418335018,0.00781652307171721,0.022894075025701968,-1.0203168238631724,0.0081296727050873,-0.2871229008215648,0.006610250778060002,0.039941811398138,0.0331126775177526,0.5824528959733491,0.007061887249258703,-0.2493070163788339,0.0169368897336953,1,165.67999267578125
2022-12-13,0.0169368897336953,0.022019778359533712,0.034902703196388565,1.8955130478546134,0.0089352535730972,-0.20947114567041658,0.02268897498569446,0.0563684607561985,0.03293228595817732,0.6458413045059097,0.010503762811529092,0.43732898953442567,-0.0024359858905979,0,168.50999450683594
2022-12-14,-0.0024359858905979,0.010585298912398008,0.01976579629077787,-0.2722097776485584,0.0089489286962459,-0.13948677527366737,0.019396474387499394,0.0528214913207315,0.032789025441073205,0.6308984565724682,0.009934551506898407,0.2586640495614305,-0.0164946003829018,0,168.10000610351562
2022-12-15,-0.0164946003829018,-0.0067506439982857915,-0.014946646488431428,-1.6944599986706992,0.0097344289011495,-0.052089833123700746,0.002649925378004319,0.0348799051730104,0.03214479847774898,0.5405556147876074,0.006713036403861143,0.7721280263435317,0.00867101949516,1,165.35000610351562
2022-12-16,0.00867101949516,-0.0016175188781461913,-0.0028139592756473274,0.8890268063737868,0.0097533836246489,0.22263158220484836,0.010502431478508715,0.04295763785492,0.03211789043290558,0.5748839249771266,0.00683493875854253,0.1287931557984605,-0.0028218082489996,0,166.7899932861328
2022-12-19,-0.0028218082489996,0.0038555147063560084,0.011672037778073175,-0.29322215386219835,0.0096234483371462,0.1837436371976131,0.00657863688165958,0.0389221496900928,0.03213212721127512,0.5601725837182134,0.006733977079523682,-0.1686770245367386,0.01645829894144,1,166.32000732421875
2022-12-20,0.01645829894144,0.0033769239141007087,0.025396702273634372,1.6340966752247297,0.0100718024771555,0.12719828203648187,0.021057668976947386,0.0543710902915173,0.03262638568490295,0.6214382123035009,0.008871540003286759,0.5951176085194501,-0.0016573862871153,0,169.0800018310547
2022-12-21,-0.0016573862871153,0.004155523517583309,0.014740822429981273,-0.1639927552935388,0.0101064603991113,0.1293486340271086,0.017299539950213015,0.0508373931378554,0.0329675300838963,0.612122722363265,0.006101978788294882,-0.19084275974513198,-0.0121589801689325,0,168.8000030517578
2022-12-22,-0.0121589801689325,0.00849114373155261,0.0017404997332667715,-1.1544113720381415,0.0105326233467932,0.0819970492105031,0.003891892135190428,0.03674743372547,0.032728167094166594,0.5477037233860085,0.010194273232435854,0.13307493411019555,0.0029938350392547,1,166.75999450683594
2022-12-23,0.0029938350392547,0.0028139592756473097,0.001196440397501072,0.2840262759187803,0.0105406974392426,0.08072212115229327,0.005678942516745373,0.0382615822600978,0.03239864967423234,0.5599279655035753,0.006815732554635744,-0.4267413742026729,0.0083946773027696,1,167.25999450683594
2022-12-27,0.0083946773027696,0.01403044482741651,0.01788595953377247,0.80517919489575,0.0104258497437412,0.08337982171086811,0.012106026365409578,0.0449786204426728,0.032479397633183416,0.5933089019945075,0.016659735513716942,0.3186209220982039,-0.0045159890327506,0,168.6699981689453
2022-12-28,-0.0045159890327506,-0.006943843146774088,-0.0035669192326734265,-0.4300245143591882,0.0105017013727234,0.042683412084677075,0.005982239956587211,0.0384057648724092,0.03223071305634706,0.5682871631248584,0.0073848502610378815,-0.30555423882108235,0.005582639597805,1,167.91000366210938
2022-12-29,0.005582639597805,0.00029618273814621156,0.004451706255729474,0.5461730622771256,0.0102213748413912,0.011370394553765317,0.010391181194458055,0.0422724118868218,0.03155335407289939,0.5912486013005224,0.004915616233652041,-0.3562543890871661,0.0046677580293306,1,168.85000610351562
2022-12-30,0.0046677580293306,0.01712292093640931,0.025614064667961872,0.49367519864137593,0.0094551195648,-0.10230155835974719,0.01457206214079307,0.0448334830061298,0.029826783128133805,0.6100211929179782,0.006484265790404647,-0.4165375798072507,0.0083358168719463,1,169.63999938964844
2023-01-03,0.0083358168719463,0.02246490276910091,0.02527886204474817,0.8719305929311615,0.0095601839636385,-0.09302168867438387,0.021903465833989343,0.0510405235442591,0.028512534387473254,0.6418606793215205,0.012100970974939049,0.5828041906319712,0.0093678899395659,1,171.05999755859375
2023-01-04,0.0093678899395659,0.023438115405897207,0.03746856023331367,1.0801065136015944,0.0086731167913513,-0.16811415812337904,0.028976645757573725,0.058523785390577,0.02871507313098398,0.6743267734652423,0.007181272065351838,0.4688694731473573,-0.0125296308674875,0,172.6699981689453
2023-01-05,-0.0125296308674875,0.015424473571160308,0.00848063042438617,-1.347763796239552,0.0092966073895492,-0.11475226160060603,0.014447513286427056,0.0431859181583121,0.028329119540924763,0.5965546205013106,0.0070959810201142726,-0.09956739860635,0.0185346638111992,1,170.52000427246094
2023-01-06,0.0185346638111992,0.02837649778455451,0.028672680522700673,1.8693649421969172,0.009914952074268,-0.029978625368707656,0.03116164541665896,0.0601446830270524,0.028107171886404325,0.6593344836709889,0.015715910890642948,0.46760898238459947,0.0022426010679794,1,173.7100067138672
2023-01-09,0.0022426010679794,0.02595134082320331,0.04307426175961257,0.22629646309085852,0.0099100137816957,0.048110889955236935,0.031141573220079745,0.0600509153641997,0.028036249235729116,0.6661738145354716,0.006662770606858059,-0.06154729092490918,0.0036693044744913,1,174.10000610351562
2023-01-10,0.0036693044744913,0.02128482842574831,0.04374973119484917,0.37022685102630454,0.0099109626012258,0.03669162004846993,0.0325836720408305,0.0613627620262028,0.027870952025120133,0.6776121904870749,0.0052649544467440424,-0.18842644145918652,-0.0006870298860052,0,174.74000549316406
2023-01-11,-0.0006870298860052,0.011229908600177212,0.03466802400607437,-0.0713650527482004,0.0096269793063738,0.10997920793291716,0.02915604714081136,0.0578760052081103,0.0279063200834202,0.6729557463989488,0.006127546073470084,-0.37665859671518187,0.0115016032132319,1,174.6199951171875
2023-01-12,0.0115016032132319,0.03526114268089661,0.050685616252056864,1.24047298404595,0.0092719497813794,-0.0026523232762867277,0.0385731260679861,0.0669166433158319,0.027290824821506465,0.7091812002190858,0.01036006474964883,0.27929964849642785,0.0119303337025929,1,176.63999938964844
2023-01-13,0.0119303337025929,0.02865681257229031,0.057033310356844766,1.2643141630902197,0.0094362098051903,-0.04828487979484686,0.04775437736076074,0.0764316803721484,0.027370253592854832,0.7415383779063167,0.010852553709001499,0.3545870203547159,-0.0065665912906243,0,178.75999450683594
2023-01-17,-0.0065665912906243,0.01984762021368661,0.045798961036889865,-0.7658394825297056,0.0085743702700384,-0.13477715985867778,0.03717631561500631,0.0661506733497477,0.027935807343962393,0.6955436999783573,0.006475641528171322,0.2183336097749764,-0.0028758838411488,0,177.58999633789062
2023-01-18,-0.0028758838411488,0.013302431898046512,0.03458726032379477,-0.33434393302257526,0.0086015732815903,-0.13211525179941197,0.031099523738472308,0.059873150633519,0.02790577071621736,0.6758648898600177,0.012875529454038154,-0.0077459098334449195,0.0157439313774708,1,177.0800018310547
2023-01-19,0.0157439313774708,0.02973339316152251,0.04096330176169967,1.7618004978879003,0.0089362736566059,-0.07174687176387717,0.04333956281262899,0.0736816977228311,0.029081744804544618,0.7224586020802896,0.010784381833278749,0.20041807124645805,-0.0033409804213138,0,179.88999938964844
2023-01-20,-0.0033409804213138,0.01489080952697681,0.05015195220787337,-0.3901529847771416,0.0085632573674201,-0.0764340220416796,0.03678983977547919,0.0671146906444606,0.02924879248001555,0.6993419350886376,0.005633386153420751,0.053755289559311636,0.0018946378029897,1,179.2899932861328
2023-01-23,0.0018946378029897,0.004855113627373611,0.033511926199663866,0.22290720361445518,0.0084996705905777,-0.0992495116097849,0.035513475939077804,0.0665762898486549,0.029997498469449768,0.7051004319123956,0.010632987865003,-0.04696832579185517,0.0036119840879409,1,179.6300048828125
2023-01-24,0.0036119840879409,0.015033689005938811,0.03488130921962537,0.46891572350043564,0.0077028427645326,-0.10164332517236818,0.035226282561084156,0.0676932154632223,0.031362160572099285,0.7162874676677008,0.010927453039950638,-0.15845379637930068,0.004593393795208,1,180.27999877929688
2023-01-25,0.004593393795208,0.022502966642295612,0.03580539854034207,0.5964464984820727,0.0077012670992251,-0.10466761752667952,0.03587320893944171,0.0703736299508819,0.03330564080015441,0.7303540701364086,0.010656550870002043,0.22090988664981848,-0.009096515003608,0,181.11000061035156
2023-01-26,-0.009096515003608,-0.002337479738783191,0.027395913422739268,-1.1157021258865243,0.0081531752898472,-0.08763142187121975,0.023332462252283203,0.0588150715866987,0.03467358912500518,0.6606538741250739,0.010085237344863753,0.04254340669262313,-0.0013939615756237,0,179.47000122070312
2023-01-27,-0.0013939615756237,-0.0003904608930930906,0.014500348633883667,-0.17362546583224603,0.0080285548490365,-0.062441486392542433,0.01862245943864358,0.0555590989414116,0.036261363727561724,0.6504631683835719,0.008146449636886459,0.05439009838036046,-0.0025700149312909,0,179.22000122070312
2023-01-30,-0.0025700149312909,-0.004855113627373691,-1.3183898417423734e-16,-0.31685831579301255,0.0081109278286064,-0.04573621504840919,0.013154657239465078,0.0512078365448275,0.03755910218983316,0.6311707796070312,0.0043633855631330706,-0.27197311762422594,0.0036296165072691,1,178.75999450683594
2023-01-31,0.0036296165072691,-0.00483748120804549,0.010196207797893268,0.44798959450235104,0.0081020107426849,0.05182086540702224,0.014031190783685345,0.0532600749592635,0.038686072511497915,0.6470986109860121,0.006465657646906134,0.0063247821515370894,0.0125181345283875,1,179.41000366210938
2023-02-01,0.0125181345283875,0.003087259525134011,0.025590226167429567,1.5075046996172257,0.0083038776141567,0.0782482294364566,0.023735182305073887,0.0643096750814264,0.03963377783402322,0.6962192659746197,0.017063856861184504,0.3462435326938844,-0.0209702840085377,0,181.6699981689453
2023-02-02,-0.0209702840085377,-0.008786509479795689,-0.011123989218578934,-2.155284684748873,0.0097297049234037,0.19336388308978014,0.001015611269629621,0.04038126386142,0.03932571295452769,0.5569523484579725,0.018943199734725216,0.4730262807185883,-0.0252744964012274,0,177.89999389648438
2023-02-03,-0.0252744964012274,-0.032667044305399386,-0.03305750519849253,-2.292009459477608,0.0110272216795248,0.37350019858781525,-0.02477416138180823,0.0130435749230831,0.038778439626328876,0.444245662547232,0.013317176693093477,1.1194146903968867,0.0020732591842408,1,173.4600067138672
2023-02-06,0.0020732591842408,-0.028023770189867687,-0.03287888381724143,0.20280015989758107,0.0102231634594758,0.26041849656456884,-0.022780385867763105,0.0137547275685478,0.03738679914724585,0.45389536029900496,0.006788677280224111,0.37686249975020636,0.0009200023760844,1,173.82000732421875
2023-02-07,0.0009200023760844,-0.030733384321052392,-0.035570865529097925,0.0900869623723649,0.0102123809245745,0.260474868389307,-0.021847929814580214,0.013399356262469,0.03603456676257677,0.45839608650256947,0.010346034578462128,0.031243762669133757,0.0024685447555079,1,173.97999572753906
2023-02-08,0.0024685447555079,-0.04078297409393199,-0.037695714568798035,0.2421810653058202,0.0101929717436443,0.22749542048488447,-0.019339361983319796,0.0145814684810781,0.03458977463702473,0.47101502185587224,0.0066510156398866364,-0.37987421287952383,-0.0079438874640135,0,174.41000366210938
2023-02-09,-0.0079438874640135,-0.027756577549407788,-0.03654308702920353,-0.768027821285231,0.0103432287787701,0.06305677923393538,-0.026663671731250716,0.0052554649120827,0.03279353263235052,0.43591319093691344,0.015315316268675327,-0.19639605070470667,0.001905377935128,1,173.02999877929688
2023-02-10,0.001905377935128,-0.0005767032130523887,-0.03324374751845183,0.19100953486566147,0.0099753027327566,-0.09539292646318964,-0.023906845215502043,0.0059302111730771,0.03056783693475107,0.44653517022879924,0.006056690062713658,-0.541020935290919,-0.0050890977989504,0,173.36000061035156
2023-02-13,-0.0050890977989504,-0.007739060196243588,-0.035762830386111326,-0.5336661754391383,0.009536107089348,-0.06720584805782115,-0.027141687692198522,-6.611410064522344e-05,0.02783095261562285,0.4236266921124681,0.004812074401814847,-0.3695521705581435,0.0007534549847423,1,172.47999572753906
2023-02-14,0.0007534549847423,-0.007905607587585687,-0.038638991908638134,0.07945002404567791,0.0094833827150149,-0.07138376593507001,-0.025039111511903286,0.0001344290733914,0.02582005174005708,0.4282929994957874,0.012166101832460247,-0.1338402804106127,-0.0100146468474003,0,172.61000061035156
2023-02-15,-0.0100146468474003,-0.020388799190493887,-0.06117177328442593,-1.0352746596543028,0.009673420240716,-0.050971543529713004,-0.033063909908568126,-0.010247925305633,0.023596166113499573,0.3839982268635664,0.004856936239798269,-0.1307943172621575,-0.000819572636313,0,170.88999938964844
2023-02-16,-0.000819572636313,-0.013264484362793387,-0.04102106191220123,-0.0935566254541715,0.008760177404159,-0.15305195393728277,-0.0313513142187323,-0.0117867938612683,0.020197746246549686,0.3805483514121392,0.009604681637765374,-0.2596813812410984,0.0029823390721485,1,170.75
2023-02-17,0.0029823390721485,-0.012187523225772889,-0.01276422643882533,0.3371402070026371,0.0088459905113755,-0.11321082193051624,-0.026240258667599502,-0.0095712083576558,0.01711823728421491,0.4016376668936536,0.011386178972254682,-0.20966646044840553,-0.0037440046605545,0,171.25999450683594
2023-02-21,-0.0037440046605545,-0.010842430087376988,-0.01858149028362063,-0.425683638426725,0.0087952749943406,-0.07768705699990752,-0.027387875740869927,-0.0137618135314001,0.014009759769187724,0.3839710925669832,0.006798755686944228,-0.33006379989060974,-0.0056423768979153,0,170.6199951171875
2023-02-22,-0.0056423768979153,-0.01723826197003459,-0.02514386955762033,-0.6488751600897211,0.0086956278263682,-0.08306686678366981,-0.029923902838331018,-0.019672401254343,0.010567729288436967,0.35849824842394,0.008251851497431656,-0.3156436686579902,-0.0005305918526508,0,169.66000366210938
2023-02-23,-0.0005305918526508,-0.007754206975285088,-0.02814300616577903,-0.06218128330710214,0.0085329833099504,-0.11789386818588043,-0.027229165138360885,-0.0204765437928755,0.006941636306813992,0.35611313490012975,0.006192150771982932,-0.1410703311623781,-0.0072206822499255,0,169.57000732421875
2023-02-24,-0.0072206822499255,-0.014155316588897588,-0.027419800951691033,-0.8519032197248709,0.0084759419646958,-0.03244631088501204,-0.031137653389147917,-0.0278237821053364,0.003420373694368095,0.3245868332509015,0.0038609674661057307,0.09394654286623583,0.0039126704061281,1,168.35000610351562
2023-02-27,0.0039126704061281,-0.013224985254917988,-0.025412508480690932,0.45404966348940945,0.0086172741018216,-0.025855375863198526,-0.024473336179879148,-0.024068883164705,0.00041459965183343606,0.3577132687521141,0.0040233873609986206,-0.23069770695301395,0.0045456218517804,1,169.00999450683594
2023-02-28,0.0045456218517804,-0.00493535874258309,-0.01577778882996013,0.5178173971092428,0.0087784262891836,-0.0019156541629274937,-0.017482545995633657,-0.0198127462911964,-0.0023716630031006547,0.39499577550875686,0.009777380575124596,0.12901071304533684,0.0057555556009345,1,169.77999877929688
2023-03-01,0.0057555556009345,0.006462573756266711,-0.010775688213767932,0.6488838560680469,0.0088699318793515,0.020045022218493358,-0.009331781916659393,-0.014770398645073,-0.005489846781332908,0.4395823103382099,0.005973321066253046,0.09483291359616186,-0.0005857351538961,0,170.75999450683594
2023-03-02,-0.0005857351538961,0.006407430455021411,-0.001346776520263731,-0.07178089410443086,0.0081600426019205,-0.04370578196197916,-0.0067396685341612255,-0.0157868373005251,-0.009108557424227559,0.43605126250550347,0.0036329257229774327,-0.320879262553987,0.0106660010558637,1,170.66000366210938
2023-03-03,0.0106660010558637,0.02429411376081061,0.01013879717191297,1.4102139407151744,0.0075633921548489,-0.10766352738702967,0.005494133575010694,-0.0059404675215833,-0.011372121143997771,0.5131327252938511,0.0093919086578078,0.20533638229504292,-0.0050565936951402,0,172.49000549316406
2023-03-06,-0.0050565936951402,0.015324849659542311,0.0020998644046242706,-0.970627428625643,0.005209613437671,-0.3954453141313279,0.0009594039656974405,-0.0112438032432831,-0.012191510625338853,0.4795726939766757,0.00483627697628086,-0.18770769973702084,-0.0176350683906361,0,171.6199951171875
2023-03-07,-0.0176350683906361,-0.006855840582874188,-0.01179119932545733,-2.748987605979571,0.0064151138230949,-0.2692182389229232,-0.015044229034651442,-0.0285075864457855,-0.013668996931647803,0.38585904725607284,0.011564446712781475,0.6637071151437388,-0.0004745630282821,0,168.6199951171875
2023-03-08,-0.0004745630282821,-0.013085959212090789,-0.00662338545582413,-0.07421124493247504,0.0063947590249147,-0.279052070309447,-0.01394487020070876,-0.0291676357613287,-0.015438047123915388,0.383705720086396,0.006348594446738504,0.10323140735024605,0.0098011277000977,1,168.5399932861328
2023-03-09,0.0098011277000977,-0.0026990963580969893,0.00370833409692437,1.434032471078178,0.0068346623230426,-0.162423205801152,-0.0030050553694105837,-0.0199375509957744,-0.0169835320806343,0.45203795325060236,0.0055228390098211195,0.06163491396440679,0.0213336672477239,1,170.1999969482422
2023-03-10,0.0213336672477239,0.007968569833763211,0.03226268359457377,2.570979876691764,0.0082978740678341,0.09711011910367784,0.018242489884098826,0.0005961755320563,-0.017330168920814737,0.566480517792439,0.011272828946398444,1.429758976232073,0.0226888619465587,1,173.8699951171875
2023-03-13,0.0226888619465587,0.03571402547546211,0.05103887513500437,2.3390443904188754,0.009700056159471,0.8619531517116725,0.04023863539697115,0.0223872151301189,-0.017160889491515396,0.6516596506602186,0.009670534211181263,2.133225815302722,-0.0058078979813613,0,177.86000061035156
2023-03-14,-0.0058078979813613,0.04754119588473691,0.04068535530186267,-0.5971395948492322,0.0097261980807481,0.5161380372914108,0.03290061348269356,0.0155348292374519,-0.016812638136295188,0.6179079045115529,0.007804046879679924,0.45995293294766526,0.0077738384371423,1,176.8300018310547
2023-03-15,0.0077738384371423,0.05578959735016131,0.042703638138070474,0.7905383862853498,0.0098336002046285,0.5377593066940736,0.039261753572230856,0.0224537447481521,-0.016173027407488938,0.6444767121660917,0.014813979519608026,0.9872535759662282,0.0020180543660701,1,178.2100067138672
2023-03-16,0.0020180543660701,0.04800652401613371,0.04530742765803667,0.21363454657918748,0.0094462922705344,0.38211543219726707,0.039034382605647226,0.0236370745358867,-0.014818862905333074,0.6512887533246287,0.009968072499795774,0.4185763884312117,0.0287042767313048,1,178.57000732421875
2023-03-17,0.0287042767313048,0.05537713349971461,0.06334570333347776,2.583588975803666,0.0111102334775894,0.33892529420965034,0.0652561656254531,0.0521066986596369,-0.012343948235301272,0.7313582719011035,0.021983964696126426,1.8195552567489726,0.0003807952240648,1,183.77000427246097
2023-03-20,0.0003807952240648,0.03306906677722071,0.06878309225268277,0.034201225652273064,0.0111339642601227,0.14782472153541648,0.061790479120724016,0.0509046007825229,-0.010252378931873363,0.7322494449555684,0.009791056510142738,0.32811089771403523,-0.0190555245693378,0,183.83999633789065
2023-03-21,-0.0190555245693378,0.01982144018924421,0.06736263607398107,-1.5693587908489175,0.0121422358484576,0.24840515766296933,0.03882413088873578,0.0302841712895033,-0.00822079440138379,0.6220715619131257,0.015689981192359568,0.15996732273339287,0.0168773822476493,1,180.3699951171875
2023-03-22,0.0168773822476493,0.02892498399975121,0.08471458134991247,1.3652186051574682,0.0123624027565187,0.25715938204401856,0.05232966423026715,0.0467033908352673,-0.005346493200983016,0.6694582314376742,0.019952047609018322,0.2407157002426059,0.012460224063676,1,183.44000244140625
2023-03-23,0.012460224063676,0.03936715369735711,0.08737367771349078,1.0001771213535262,0.0124580174827572,0.3188261728484947,0.060604794579336985,0.0584983947353877,-0.0019860365092774224,0.6998247610860012,0.014213412897447427,0.13915098009590388,-0.0113161368911652,0,185.7400054931641
2023-03-24,-0.0113161368911652,-0.0006532599251128889,0.05472387357460168,-0.8915127820535038,0.0126931852453082,0.1424769129210286,0.044109548201508746,0.0455117527768795,0.00134296691164848,0.6420982549597346,0.01290503923083419,-0.08442702048871686,-0.0092998317455167,0,183.6499938964844
2023-03-27,-0.0092998317455167,-0.010333886894694388,0.02273517988252626,-0.7123166093884362,0.0130557558576391,0.17260623014566967,0.030653356148358523,0.0352078628005825,0.004419048000042114,0.598829603553174,0.008024135639273823,-0.322358973606249,0.0081557445730061,1,181.9499969482422
2023-03-28,0.0081557445730061,0.016877382247649512,0.036698822436893666,0.622902593474497,0.0130931299025648,0.07831292901693954,0.035088873643813696,0.0431297683813494,0.007768313371227187,0.6228203901603725,0.008177060510447413,-0.39138433913156534,-0.0049731154716589,0,183.44000244140625
2023-03-29,-0.0049731154716589,-0.004973115471658688,0.023951868528092467,-0.37587318119029417,0.0132308334846086,0.07024772976531413,0.02654518270027126,0.0373722193422048,0.010547062929518125,0.5992501652566572,0.005642901365173847,-0.5058657733054777,0.0089989641395777,1,182.52999877929688
2023-03-30,0.0089989641395777,-0.008434375395756985,0.03093277830160007,0.6789112870644212,0.0132549926787766,0.06397287506800109,0.031901624777727365,0.0459055507503053,0.013570989362086117,0.626826443171431,0.010261697604557257,-0.37839770017997276,-0.0052258772770236,0,184.17999267578125
2023-03-31,-0.0052258772770236,-0.002344115781615387,-0.0029973757067283295,-0.3929599107207977,0.0132987542353567,0.04770819761512102,0.023446785502920817,0.0400606799551352,0.01623327630468885,0.6009176623257688,0.008841802785690883,-0.2220398549896987,0.0071785825192108,1,183.22000122070312
2023-04-03,0.0071785825192108,0.014134298483112113,0.003800411588417671,0.5442957573106627,0.0131887533988503,0.010186889419610212,0.02711379190296936,0.0469296923114165,0.019292799458698218,0.623934806809714,0.009320396794678491,-0.1260665972450964,0.0184693456951082,1,184.5399932861328
2023-04-04,0.0184693456951082,0.02444789960521421,0.041325281852863674,1.4679231098561065,0.0125819571686685,-0.039041293999241944,0.04065344901945163,0.0654360492418576,0.023814460275663585,0.6763270980411304,0.018991340283910245,0.2760776006915555,-0.0007982432900846,0,187.97999572753903
2023-04-05,-0.0007982432900846,0.02862277178678851,0.02364965631512977,-0.06340213942820623,0.0125901633175722,-0.04842251002415621,0.034300485125153046,0.0636755746979101,0.02840092409818662,0.6719313913766904,0.011073853009518485,0.03318000773927765,-0.0071596603748995,0,187.8300018310547
2023-04-06,-0.0071596603748995,0.01246414727231131,0.004029771876554271,-0.5572595849710199,0.0128479806682407,-0.030706317264708183,0.02233640023989752,0.0554440961230672,0.03238434616570518,0.6323883145276612,0.007024492037144266,-0.4024799007428558,-0.0074274015300659,0,186.4900054931641
2023-04-10,-0.0074274015300659,0.01026262301926901,0.007918507237653569,-0.5952800493733525,0.0124771551438431,-0.06178015451471819,0.011654440879263062,0.0469655531366064,0.03490432190131365,0.5936418791716526,0.006320556237305122,-0.40427948970380845,0.0063006652922904,1,185.11000061035156
2023-04-11,0.0063006652922904,0.009384705792348609,0.02351900427546067,0.5415308654034786,0.0116349144523756,-0.11781545226330126,0.01571168094233464,0.0527422228491358,0.03645772969002947,0.6151699980509572,0.004670362480613043,-0.3986987008442543,0.0048732452945133,1,186.27999877929688
2023-04-12,0.0048732452945133,-0.0042113946082462895,0.020236504996967872,0.42424942932815135,0.0114867456680629,-0.08704619527182056,0.017798850827544083,0.0568779935151714,0.038395742592805204,0.6315212939067514,0.009028272981273249,-0.0028853899962512086,0.0134251505879818,1,187.19000244140625
2023-04-13,0.0134251505879818,0.010011999269820111,0.03863477105660857,1.1491996983423107,0.011682173783501,-0.07211896392193018,0.028337279714010993,0.0699168041799352,0.04043374220322726,0.6731075648692206,0.007484704616322229,0.4052315017480317,-0.0178690172198992,0,189.72000122070312
2023-04-14,-0.0178690172198992,-0.0006973575751795906,0.011766789697131668,-1.419006169710881,0.0125926282783816,-0.019874904582500963,0.007997020433625036,0.0504125945055684,0.042079066914004315,0.5795586594070069,0.01781502099884821,0.310080736902524,-0.0044637027644765,0,186.36000061035156
2023-04-17,-0.0044637027644765,0.002266341190409811,0.012528964209678771,-0.4060985720011689,0.0109916731361066,-0.11905614626179573,0.0030302270112546495,0.0448356237102109,0.04167909956564775,0.558894926307982,0.009863561603547318,-0.19668869791198873,0.0038732698004284,1,185.52999877929688
2023-04-18,0.0038732698004284,-0.00016105430145218862,0.009223651490896368,0.3515471241574535,0.0110177826364286,-0.053041371165474804,0.006267224670035034,0.0473815758358507,0.04085828312583417,0.5731137103118031,0.010469864198825656,-0.11532682090718283,-0.004789973842758,0,186.25
2023-04-19,-0.004789973842758,-0.00982427343872349,-0.014035668046969828,-0.4743374227211346,0.0100982414907922,-0.12087881262412026,0.00011061293508434668,0.0410254855933317,0.04091034744464106,0.5495330803038423,0.007013395810731416,-0.17514574923468718,0.0039305245569871,1,185.36000061035156
2023-04-20,0.0039305245569871,-0.01931889946971819,-0.00930690019989813,0.4161344598972974,0.0094453234129112,-0.19147552604883822,0.0033320230595194756,0.0437056107286404,0.04023950869823478,0.5653306021439725,0.006717179991396892,-0.32910939181962817,-0.0099368769044519,0,186.08999633789065
2023-04-21,-0.0099368769044519,-0.011386759154270891,-0.012084116729450527,-1.067739306662943,0.0093064635182422,-0.2609594031915422,-0.006189398940865934,0.0322464286874639,0.03867520389435142,0.5161924281210415,0.013351378317927409,0.24436044313919347,0.0030347260178608,1,184.25
2023-04-24,0.0030347260178608,-0.003888330371933591,-0.0016219891815238267,0.3384021072659512,0.0089678106391808,-0.1841268814915542,-0.0034806285687599336,0.0340189385100196,0.03763054502886498,0.5295936246555336,0.008495168476650857,-0.028913091148307868,0.0050734265105617,1,184.80999755859375
2023-04-25,0.0050734265105617,-0.002688173661800291,-0.0028492279632525265,0.5811808349603961,0.0087295144735931,-0.20768862831525592,0.0005629039225857162,0.0378393750508184,0.037255499861222896,0.5520248191037447,0.010336463897417564,-0.020293335898930898,-0.0054522226988369,0,185.75
2023-04-26,-0.0054522226988369,-0.0033504225178791914,-0.013174695956602726,-0.6284749440533759,0.008675322302704,-0.14090762133047108,-0.005225843890477641,0.0307840621858225,0.03619907680063972,0.5231587650474913,0.01272053033912867,-0.05997694516570373,5.4098929279614626e-05,1,184.7400054931641
2023-04-27,5.4098929279614626e-05,-0.0072268481455866765,-0.026545747615304913,0.006301388483969249,0.0085852394940008,-0.09105923442861852,-0.005766284503680953,0.029445199187447,0.035415700697245533,0.523424340368514,0.008714482329372617,0.019572765493450106,0.0002706158931134,1,184.75
2023-04-28,0.0002706158931134,0.0029806446519786227,-0.008406114502292311,0.032390422636892374,0.0083548120426552,-0.10225704680640568,-0.005663077440260151,0.0281300568660312,0.03398559737608564,0.5248501591265072,0.006547655269942258,-0.25131598501380514,-0.0045014682483947,0,184.8000030517578
2023-05-01,-0.0045014682483947,-0.0045555496142768775,-0.00844387998621051,-0.5402797783409704,0.0083317355726644,-0.07092869063686036,-0.010328683255197939,0.0220090054660917,0.032675180309007956,0.498205614230396,0.01255638171042107,-0.10633134025157298,0.0191128216996457,1,183.97000122070312
2023-05-02,0.0191128216996457,0.009483845574807123,0.006795671913006791,2.069421544536794,0.0092358281231308,0.05800020735051259,0.007960715575599847,0.0398517651779508,0.031639179096518255,0.5933047256145112,0.016638198837998167,0.5917397720262083,0.0084433303940006,1,187.52000427246097
2023-05-03,0.0084433303940006,0.023379398667644623,0.02002897614976539,0.9972754146626187,0.0084663978173542,-0.024082619418610007,0.016198670300904487,0.0465226987330714,0.029840649587927315,0.6273677482240614,0.012056549260891565,0.22465052175625133,0.0070083375794601,1,189.11000061035156
2023-05-04,0.0070083375794601,0.03033363731782511,0.02310678917223839,0.8156686999312718,0.0085921374450811,0.0008034663546800935,0.022628426979829284,0.0514645767864253,0.028198071797944202,0.6535101436721501,0.013390059961495676,0.5332442441563678,-0.0157716720128652,0,190.44000244140625
2023-05-05,-0.0157716720128652,0.01429134941184651,0.017271994063825093,-1.7142201135773356,0.0092004940835468,0.1012209534546078,0.00636429393001171,0.032970678732347,0.026438124805117313,0.5588982426304561,0.009655379781120153,0.31391814548680386,0.0012261535425393,1,187.4600067138672
2023-05-08,0.0012261535425393,0.02001897120278051,0.015463421588503591,0.1359113213788756,0.0090217174706233,0.08281370573289215,0.006901701440492145,0.0320383456990281,0.02496434778347778,0.5641430103785854,0.006286923439886448,-0.36069013559842833,0.0070611734943209,1,187.69000244140625
2023-05-09,0.0070611734943209,0.007967322997455707,0.01745116857226279,0.7803983890897667,0.0090481651333966,-0.020319021449111352,0.013292034973600306,0.0370694099528756,0.023465471116522307,0.5941917009381733,0.006665932061982875,-0.2571699144816184,-0.0014294640409974,0,189.02000427246097
2023-05-10,-0.0014294640409974,-0.001905471437542293,0.021473927230102288,-0.15872477422149092,0.0090059289610497,0.06372617438192929,0.011421690259122793,0.0334368128577173,0.021766512237793023,0.5853687442585876,0.009642342068501656,-0.014054714551828495,-0.0086197995462801,0,188.75
2023-05-11,-0.0086197995462801,-0.017533608563282493,0.012800028754542576,-0.9939029590904938,0.0086726772140491,0.009373659288249403,0.003437218350324926,0.0227337562977789,0.019230438730564403,0.5341231300178212,0.010420546664674889,-0.1071713775093378,-0.0017115440993107,0,187.1300048828125
2023-05-12,-0.0017115440993107,-0.0034734806497279938,0.010817868762118474,-0.22273712153454175,0.0076841439249958,-0.16481181823296664,0.0016004173696408104,0.0191856187123305,0.01755710265064714,0.5243578247764712,0.0071730440308492025,-0.2059717645239948,0.0021389727993926,1,186.80999755859375
2023-05-15,0.0021389727993926,-0.0025606613928746934,0.017458309809905776,0.28076489400781024,0.0076183769589552,-0.15555136992902796,0.0032932466177088625,0.0197301041524444,0.01638290458960756,0.5357829308086101,0.0045403881899047155,-0.3749677889971179,-0.0125781683307229,0,187.2100067138672
2023-05-16,-0.0125781683307229,-0.02220000321791849,-0.014232680220462826,-1.5524435712985352,0.0081021742517842,-0.10455057657168154,-0.008880809614973008,0.005532658858597,0.014542618701561816,0.46536174642814176,0.012765730906497717,0.06941028249304759,-0.0034678951337034,0,184.8699951171875
2023-05-17,-0.0034678951337034,-0.02423843431062449,-0.02614390574816683,-0.4297503117460403,0.0080695581571858,-0.1039727059711072,-0.01201268557140649,0.0003529195137813,0.012515955321085848,0.44801749124095147,0.005265164431408364,-0.16082039593900077,-0.0130577944134065,0,184.22999572753903
2023-05-18,-0.0130577944134065,-0.028676429177750894,-0.046210037741033425,-1.5391705316288986,0.0084836567131957,-0.02179494245989011,-0.02371719181166297,-0.0140486362009396,0.00990343733355803,0.3896182529815513,0.005169393204669516,-0.027071665225921082,0.0098501566522876,1,181.83999633789065
2023-05-19,0.0098501566522876,-0.01711472842615259,-0.020588209075880624,1.1508432384421596,0.0085590776599785,0.11386222636156296,-0.013891657944355323,-0.0057379651900496,0.008268556715896436,0.44797986343591867,0.013776948310311943,-0.05697555794681164,-0.0023442435084917,0,183.63999938964844
2023-05-22,-0.0023442435084917,-0.02159794473403689,-0.024158606126911626,-0.2745755544047996,0.0085376992630438,0.12067167443164672,-0.015777825632865172,-0.0090682284559214,0.006817157092866788,0.43722504070192336,0.005076101968784632,-0.4488420586991245,0.0012000108481294,1,183.2100067138672
2023-05-23,0.0012000108481294,-0.007819765555184594,-0.030019768773103125,0.142018951165219,0.0084496529391585,0.04288709136288693,-0.013981586875500777,-0.0084758095134079,0.005583848423931448,0.44457172438718584,0.006978132423301768,-0.26781350881191346,-0.0081011761113672,0,183.42999267578125
2023-05-24,-0.0081011761113672,-0.012453046532848394,-0.03669148084347293,-0.9475705620943059,0.008549417252328,0.05946534937788317,-0.02120324968130331,-0.0170199709764775,0.00427389925790389,0.4061567596346844,0.009727887020384731,-0.21640214657559276,-0.0096645790468163,0,181.9499969482422
2023-05-25,-0.0096645790468163,-0.009059831166258196,-0.03773626034400913,-1.1015138035319727,0.0087739064329717,0.034212808177933374,-0.029429527172771173,-0.0266835794811644,0.0028292100043059154,0.3658962865306428,0.0067147140708646285,-0.18433362254328722,0.0039876062500003,1,180.1999969482422
2023-05-26,0.0039876062500003,-0.014922381568545497,-0.032037109994698124,0.45073973611894574,0.0088468043317752,0.033616551131681494,-0.024532281649799908,-0.0230426392481793,0.0015271057909942432,0.3925745784061516,0.006688076089505972,-0.3099100668381316,0.0061714717783212,1,180.9199981689453
2023-05-30,0.0061714717783212,-0.006406666281732596,-0.02800461101576953,0.6895768956951654,0.0089496498749421,0.048250775672254775,-0.01798265002173844,-0.0168110332225216,0.0011930713843728569,0.43256718841929603,0.006756733536051981,-0.4077951925682588,0.0015370188425894,1,182.0399932861328
2023-05-31,0.0015370188425894,-0.006069658287272595,-0.013889423842457227,0.1997547902451554,0.0076945280796673,-0.08936755922739736,-0.015090703196582471,-0.0151369889068059,-4.6994896254592966e-05,0.44245085971551207,0.007404512892136457,0.06552330749950164,0.007867103377943,1,182.32000732421875
2023-06-01,0.007867103377943,0.009898621202037605,-0.0025544253308108274,1.0274806312391205,0.0076566926312328,-0.10441935336026698,-0.005875190169920943,-0.0077218288955347,-0.0018575521980278564,0.49150277204566,0.008108432399352482,-0.06207422852859157,-0.0148572754201644,0,183.7599945068359
2023-06-02,-0.0148572754201644,0.004705924828689506,-0.004353906337568728,-1.8704038769726048,0.0079433514884561,-0.0946619331834262,-0.01804187024001572,-0.0221029941319667,-0.004135740383292785,0.41712647874350794,0.014360623037290356,0.1615239935947863,0.0060023657211361,1,181.0500030517578
2023-06-05,0.0060023657211361,0.006720684299825305,-0.008201697268720227,0.7989093651218783,0.0075131998486717,-0.15074420469700833,-0.010702812646091301,-0.0158329136847948,-0.00518560156066461,0.4529816851563002,0.010102099176767791,-0.1987361082364124,0.0010974372841259,1,182.13999938964844
2023-06-06,0.0010974372841259,0.0016466498056300059,-0.004760016476102628,0.14611357341603418,0.0075108510350447,-0.16076593609833356,-0.008175470024289226,-0.0146127602190078,-0.006490351871894395,0.45955093356723886,0.006197157215740402,-0.30228654543207123,-0.0120832527588809,0,182.33999633789065
2023-06-07,-0.0120832527588809,-0.011973621795840293,-0.018043280083112928,-1.5921802793700777,0.0075891234902504,-0.013698642506150605,-0.01771817739123746,-0.0262583563124331,-0.008694224737371803,0.40254337818155167,0.015820184291281365,0.2561585227304215,0.0131247330730928,1,180.1499938964844
2023-06-08,0.0131247330730928,-0.006715992100690495,0.0031826291013470724,1.5723291107828377,0.0083473192622874,0.0901990799836252,-0.00305043687861436,-0.0132969549023118,-0.010277870017432189,0.4782873485001037,0.005916762063705883,-0.09531193846972297,-0.0026881301198417,0,182.52999877929688
2023-06-09,-0.0026881301198417,0.005453153199632205,0.010159078028321673,-0.3281600800458409,0.0081915207951747,0.031242392720410184,-0.004342763545042214,-0.0158936447915545,-0.011601262787622968,0.4652106204523875,0.005877785678380355,-0.36297217585470787,-0.0008792504640156,0,182.0399932861328
2023-06-12,-0.0008792504640156,-0.0014284629855194947,0.005292221314305773,-0.10733226771602937,0.0081918558391205,0.09032848907496893,-0.0038748194548975717,-0.0165139728614547,-0.012688318349347139,0.46078089407616085,0.004948367776069306,-0.279450835559669,-0.0073948331208413,0,181.8800048828125
2023-06-13,-0.0073948331208413,-0.009920733390486694,-0.008274083584856727,-0.8956850879610663,0.0082560636771065,0.0992181363449669,-0.009404482410623288,-0.0234768342090298,-0.014205951418649443,0.424335598003014,0.01251797159011818,-0.2398312021067116,0.0005537743402144,1,180.5399932861328
2023-06-14,0.0005537743402144,0.0027162937086086057,-0.009257328087231727,0.0703830830686004,0.0078680034472865,0.03674732100411493,-0.007704237428026111,-0.022523519796793,-0.014934340070500984,0.42797195883497774,0.010075328445351209,0.030031618202824184,0.007005982383036,1,180.63999938964844
2023-06-15,0.007005982383036,-0.003402456981448195,-0.010118449082138728,0.8700354431711709,0.0080525252597757,-0.03531600903820209,-9.066711622794604e-05,-0.0150042310687619,-0.014914916244978649,0.47345952658229445,0.010279865528726133,0.025446721355129487,-0.0015404017609149,0,181.91000366210935
2023-06-16,-0.0015404017609149,-0.0022547286225213952,0.0031984245771107724,-0.20508965088941425,0.0075108702669034,-0.08309208330060569,-0.0015721209753000026,-0.0158595731254942,-0.014309949121363408,0.4646860708209362,0.00666184783653361,0.33622116575178906,-0.0104046810434885,0,181.6300048828125
2023-06-20,-0.0104046810434885,-0.011780159201994295,-0.013208622187513827,-1.3928546084208335,0.0074700410082894,-0.08811371257097178,-0.010849012819615478,-0.0253342602566165,-0.014644121701067991,0.4097793593997563,0.0048400284683588314,0.16187454567598425,-0.0014474699268161,0,179.75
2023-06-21,-0.0014474699268161,-0.005832796007969095,-0.015753529398455826,-0.19390910537007014,0.0074646826102036,-0.09585452557704299,-0.011267731821385189,-0.0261505064506946,-0.015052380819658762,0.4026928947718806,0.009805529293958195,0.012285991975477861,-0.0099664806970392,0,179.49000549316406
2023-06-22,-0.0099664806970392,-0.016353051045222694,-0.013636757336614127,-1.293803868357878,0.0077032392163805,-0.020941047116956102,-0.019528290049830876,-0.0349106625522545,-0.015688746902453143,0.3571546702981864,0.007652920820273865,0.1856518958864819,0.0027534519339434,1,177.7100067138672
2023-06-23,0.0027534519339434,-0.020605581494315295,-0.024008038475763528,0.3622192809791376,0.0076016161439567,-0.05599598899383773,-0.01580675443325858,-0.0313037999065092,-0.015745937642893337,0.3780063237928275,0.010437714041554084,-0.18318689433785962,0.0017380933759117,1,178.1999969482422
2023-06-26,0.0017380933759117,-0.017327086357488693,-0.019581814980010128,0.23666655107850604,0.0073440601047807,-0.02220916567521447,-0.013634318581780791,-0.0284345529029073,-0.01500481474562898,0.3914550817898649,0.0036972924901641883,-0.5004840751297004,-0.0046041185904783,0,178.50999450683594
2023-06-27,-0.0046041185904783,-0.011526523904478494,-0.023306683106472825,-0.6289119094693223,0.0073207686500376,-0.019982803051034725,-0.01728827741308281,-0.031983905174175,-0.014954159417582713,0.3687430438168655,0.010467671702378993,-0.21434760466409453,-0.0023100760234936,0,177.69000244140625
2023-06-28,-0.0023100760234936,-0.012389130001155995,-0.018221926009125127,-0.3238678133381586,0.0071327743244482,-0.04446381756428719,-0.018263581947204337,-0.0333486078197062,-0.015365657823330992,0.35757183318458985,0.00558441730584938,-0.09172048579260228,-0.0010723394318449,0,177.27999877929688
2023-06-29,-0.0010723394318449,-0.0034949887359616945,-0.019848039781184428,-0.1510024932712363,0.0071014683838281,-0.07811919319249083,-0.017893553849681783,-0.0334190823474686,-0.01580839689897562,0.3522461081937756,0.010390262774464771,0.07607138685021164,0.0066412216886671,1,177.08999633789062
2023-06-30,0.0066412216886671,0.00039278101876200587,-0.02021280047555333,0.9458258155819088,0.0070216117801576,-0.0763001383936237,-0.00984212320589496,-0.0262247750161062,-0.01654549460663224,0.4109267883030755,0.006787409132659363,0.013818045168578985,0.0011212477777403,1,178.27000427246094
2023-07-03,0.0011212477777403,-0.00022406457940939454,-0.017551150936898127,0.17810987991957392,0.0062952587371717,-0.14280947495599483,-0.008020534963240965,-0.0243201015868747,-0.01643135487994185,0.4205087648580424,0.004930742522577827,-0.3303629597639217,-0.0035362776439635,0,178.47000122070312
2023-07-05,-0.0035362776439635,0.0008437763671054056,-0.010682747537373128,-0.5779942229339146,0.0061181885625314,-0.16426964776438113,-0.010339587748783092,-0.0270824055598347,-0.016917740271095716,0.39851806393167266,0.008940600374674323,-0.07313348495150052,-0.002984649764026,0,177.83999633789062
2023-07-06,-0.002984649764026,0.0001692026265730051,-0.012219927374583028,-0.4888237059635421,0.0061057795021271,-0.14398252006950318,-0.011906067154028949,-0.0291852324259123,-0.017487371086385206,0.38049103778187743,0.006429414050788163,-0.15917863891120765,0.0074730048154887,1,177.30999755859375
2023-07-07,0.0074730048154887,0.008714546873906605,0.005219558137944873,1.2739862980843235,0.0058658439472432,-0.17399562594670426,-0.004075355097378798,-0.0211410341693524,-0.017135512369655492,0.4479744880661154,0.007277137244796026,-0.1201688241936234,0.0007833887164984,1,178.63999938964844
2023-07-10,0.0007833887164984,0.002856713901737905,0.0032494949204998733,0.15850592130368077,0.0049423309240133,-0.2961258641527502,-0.002251887753931313,-0.0197336379784537,-0.017521206013779045,0.454707935129101,0.003691708617383685,-0.4233035389415566,0.0037406077556986,1,178.77999877929688
2023-07-11,0.0037406077556986,0.005476073879696205,0.005252009300286773,0.7425530715748758,0.005037495498827,-0.19979532070984918,0.002211605752940375,-0.0154877734583734,-0.01766032154259145,0.4869602906701215,0.003232108336128723,-0.5037127350995418,0.0134505552157077,1,179.4499969482422
2023-07-12,0.0134505552157077,0.022462906739367405,0.02330668310647277,2.260740565730828,0.0059496235081532,-0.02755146440083822,0.01578297491156189,-0.0018362690579963,-0.017345480683107595,0.5832404104191561,0.004673360577894477,0.2198587195629098,0.0007144446386032,1,181.8800048828125
2023-07-13,0.0007144446386032,0.026162001141996606,0.026331203768569574,0.1255660068089067,0.0056897934143154,-0.06812989032223993,0.016091858323220062,-0.0009079451651377,-0.016730577407057745,0.5876978647692546,0.0036261107809413442,-0.2138045632638249,-0.0031917364290745,0,182.0099945068359
2023-07-14,-0.0031917364290745,0.015497259897433405,0.02421180677133997,-0.5554693106776952,0.0057460175885873,-0.020427812218259733,0.012630634331095889,-0.0034254025962996,-0.015855768513265978,0.5589705149569003,0.005842460460702246,-0.05245846594959391,0.0007163001287566,1,181.42999267578125
2023-07-17,0.0007163001287566,0.015430171309691605,0.018286885211429474,0.12970001040994966,0.0055227453451434,0.11743738532562453,0.013455231822834802,-0.0018834361338241,-0.01513502271735312,0.5641136707663661,0.005452773223598243,-0.25304119840081307,0.0113911519159545,1,181.55999755859375
2023-07-18,0.0113911519159545,0.023080715469947506,0.02855678934964367,1.8753254564041777,0.0060742266773237,0.20580289922603545,0.02449093540459137,0.0103066238202845,-0.013845228975798762,0.6370435243678824,0.010400721028470814,0.4891486292529672,0.0001633431137892,1,183.63999938964844
2023-07-19,0.0001633431137892,0.009793503368029005,0.03225641010739637,0.029677257063277177,0.0055039828458851,-0.07490232981253464,0.02353910950119526,0.0108932258633107,-0.012355056607506909,0.637984295653026,0.005281217566142275,-0.268639721486279,-0.0050762515407074,0,183.6699981689453
2023-07-20,-0.0050762515407074,0.004002807188718405,0.030164808330714974,-0.8985267228332753,0.0056495276230636,-0.007076845909816609,0.017435179084255525,0.0063230067716725,-0.010921749651495727,0.5871734371141946,0.007113948849073835,-0.05492671876425337,-0.0030692385170081,0,182.7400054931641
2023-07-21,-0.0030692385170081,0.004125305100784805,0.019622564998218173,-0.5972545140813323,0.0051389122135461,-0.10565672062108356,0.013056598672644382,0.0039954456750518,-0.00894436994879133,0.5583367174246505,0.00428155708335162,-0.2395796667549941,-0.0042906650791518,0,182.17999267578125
2023-07-24,-0.0042906650791518,-0.0008816601071235954,0.014548511202567973,-0.8142286912709022,0.00526960683792,-0.04583562909450545,0.007822545551121118,0.0005073958932233,-0.007258370722295515,0.5200288864071464,0.0066151983937052135,-0.12677716832019503,0.0055524167407637,1,181.3999938964844
2023-07-25,0.0055524167407637,-0.006720395282314396,0.016360320187633073,1.033972010461301,0.0053699874702474,-0.11593890786219185,0.012337210391241415,0.0066021795887982,-0.005665138793255142,0.5619410662602874,0.007510526230377502,-0.1897342432916984,0.0048672507195617,1,182.41000366210935
2023-07-26,0.0048672507195617,-0.0020164876765418963,0.007777015691487074,0.9255518995464813,0.0052587550432846,-0.04455460881093365,0.01569537058816865,0.0119055069919304,-0.003731299468307747,0.5954632248015423,0.007255874571257586,0.20660080232370182,-0.0158367154149907,0,183.3000030517578
2023-07-27,-0.0158367154149907,-0.012776951550825196,-0.008774144362106825,-2.4348289383155906,0.0065042414954812,0.1512894403645928,-0.0011321862828719525,-0.0032462764638254,-0.0021164864378663273,0.47009823874550977,0.007316218151125613,0.46290241472921245,0.0079497075742812,1,180.4199981689453
2023-07-28,0.0079497075742812,-0.0017580054595358972,0.002367299641248874,1.1914044009430647,0.0066725517951659,0.2984366180798239,0.005512468850284315,0.005043463617853,-0.0004664340293736302,0.5240535376106773,0.005608733471008835,-0.24009808387143505,0.002690787072192,1,181.86000061035156
2023-07-31,0.002690787072192,0.005223446691807903,0.0043417865846842735,0.4098923726861461,0.0065646185474457,0.24575110617490803,0.007085813849370798,0.0079609115459388,0.000868940545615704,0.5411737595559628,0.004277481509126561,0.10066823710398531,-0.0104187669555817,0,182.3500061035156
2023-08-01,-0.0104187669555817,-0.010747737004537496,-0.01746813228685193,-1.4769082102332374,0.0070544444694612,0.3136798751480505,-0.0038996868480888043,-0.0023340753782539,0.0015717407666311356,0.47082503423614486,0.006594272399053424,0.223484982176261,-0.0047769939185,0,180.4600067138672
2023-08-02,-0.0047769939185,-0.020391981642599196,-0.022408469319141127,-0.6730403216439745,0.0070976340716581,0.3496795369317949,-0.009128014559916192,-0.0066448237441717,0.0025060662247318177,0.4426294201385672,0.007683683614287052,0.23475112452392155,-0.0003342029183236,0,179.60000610351562
2023-08-03,-0.0003342029183236,-0.004889469145932097,-0.017666420696757328,-0.04737842609005233,0.0070539050345062,0.08450847641602421,-0.010068074066434556,-0.006573447314527,0.0035301687523734415,0.44064633157543126,0.0037317488804710862,-0.09262245672817226,0.003613876354074,1,179.5399932861328
2023-08-04,0.003613876354074,-0.009225300366139296,-0.010983305825675227,0.5231442072049258,0.0069079926802255,0.03528498425897131,-0.006908471872179231,-0.0026192219715535,0.004319088199968402,0.4684259177871066,0.005105711507188106,0.04112443471861282,-0.0022779889325187,0,180.19000244140625
2023-08-07,-0.0022779889325187,-0.014194076370849996,-0.008970629679042127,-0.3285403553885497,0.0069336655152291,0.05621757991208742,-0.009441114854622516,-0.0046495496204839,0.004837234117015976,0.4531388726747308,0.004894813828004119,-0.12847732792818212,-0.0063612702400246,0,179.77999877929688
2023-08-08,-0.0063612702400246,-0.010136579655292896,-0.020884316659830426,-0.904178233346157,0.0070354162546946,-0.0026973370970561072,-0.015502639747888838,-0.010790272273914,0.004786571974929599,0.4127999891080881,0.0048701025535153085,0.15355782810155882,-0.0047695633496728,0,178.63999938964844
2023-08-09,-0.0047695633496728,-0.010129149086465696,-0.030521130729064927,-0.7554102908391266,0.0063138712928767,-0.11042592092921222,-0.01908157047013538,-0.0151557458364783,0.004002192756780598,0.3852608984148288,0.006412055980078349,-0.11061999017545343,-0.0010691758408616,0,177.7899932861328
2023-08-10,-0.0010691758408616,-0.010864122009003696,-0.01575359115493583,-0.16973955735784127,0.0062989196949983,-0.10703083410035608,-0.018936262769989273,-0.0157239948753487,0.00327427033814387,0.37917207738724384,0.006531551927049244,0.12143916703672564,0.0,0,177.60000610351562
2023-08-11,0.0,-0.014477998363077695,-0.023703298729217028,0.0,0.0062869265495515,-0.08990544133780498,-0.0178973516738572,-0.0152087778604334,0.0027375690494328975,0.37917207738724384,0.004898620986985868,0.0005229873263052909,-0.0030452205303896,0,177.60000610351562
2023-08-14,-0.0030452205303896,-0.015245229960948598,-0.02943930633179863,-0.4843646984670443,0.0062870406122233,-0.09325873905880722,-0.01966376991454591,-0.0174730767284271,0.002234634525266621,0.36039603831790623,0.005647803082506392,0.7193505895224797,-0.0026580037072091,0,177.05999755859375
2023-08-15,-0.0026580037072091,-0.011541963428133097,-0.021678543083426028,-0.4797642681023592,0.0055402285745924,-0.21252298740738895,-0.02035406859442716,-0.0195958867282573,0.0007739345837756151,0.3444105074929273,0.006229066580996011,0.3726145059758972,-0.0057927751891949,0,176.58999633789062
2023-08-16,-0.0057927751891949,-0.012565175267655196,-0.022694324354120925,-1.038099736029276,0.0055801721049966,-0.11620433072619929,-0.023819284029935706,-0.0245471228088339,-0.0007455983989347326,0.31206099539875326,0.007917066307809488,0.15958784902411582,-0.0015390561619561,0,175.57000732421875
2023-08-17,-0.0015390561619561,-0.013035055588749697,-0.023899177597753424,-0.27770888341395605,0.0055419767024952,-0.12017028778826255,-0.023300373650830528,-0.025284751700915,-0.0020317178347880605,0.303923049358341,0.009298373385260218,0.3674125588618591,0.000171113589552,1,175.3000030517578
2023-08-18,0.000171113589552,-0.012863941999197697,-0.027341940362275427,0.030782351283149153,0.0055588212861982,-0.11581259262608079,-0.02126554631346469,-0.0245951245249221,-0.0034019219400279743,0.3060882452320385,0.005475340472551629,0.05530788814377696,0.0027339296425673,1,175.3300018310547
2023-08-21,0.0027339296425673,-0.0070847918262407945,-0.022330021787189427,0.4862516819886469,0.0056224579653611,-0.10570675264449769,-0.01705246444861501,-0.0211929324864808,-0.0042122981014884875,0.3413892622003313,0.005574175195653766,-0.2891118207299008,0.0016481975934526,1,175.80999755859375
2023-08-22,0.0016481975934526,-0.002778590525579096,-0.014320553953712227,0.30371981353857913,0.0054267042187659,-0.020490915545817945,-0.013691238718483868,-0.0189294475136039,-0.005310921894594256,0.3624914315833319,0.00533788988544211,-0.019145327032016546,0.0101133281445836,1,176.10000610351562
2023-08-23,0.0101133281445836,0.013127512808199404,0.0005623375405441732,1.7221814745932091,0.0058723939920283,0.052367898611951125,-0.002153998450591861,-0.008516429744494,-0.006376165544605961,0.4744245619795852,0.006464634889145399,0.30382687811282905,-0.0002248455933195,0,177.88999938964844
2023-08-24,-0.0002248455933195,0.014441723376836003,0.0014066677880862732,-0.0467740204248097,0.0048070615114419,-0.13260885610046225,-0.0016587317817963274,-0.0084420097891755,-0.006794548340654738,0.4724287056605344,0.0060725431205556684,-0.07792289050084056,-0.0012941233726573,0,177.85000610351562
2023-08-25,-0.0012941233726573,0.012976486414626703,0.00011254441542897313,-0.29730787970731126,0.0043528054955399,-0.21695530915028216,-0.0017619296794110085,-0.009390795027724,-0.007642330597412483,0.4604316829268004,0.009852494359350764,0.003957519081626337,0.0028672388757646,1,177.6199951171875
2023-08-28,0.0028672388757646,0.013109795647824003,0.006025003821583173,0.6574375679608742,0.0043612336980646,-0.2243190211588355,0.0022929201782140324,-0.0061273588268295,-0.008401016145605733,0.491279942034023,0.006848937221473355,-0.219113412794107,0.0097206923776326,1,178.1300048828125
2023-08-29,0.0097206923776326,0.021182290432004,0.018403699906424875,2.1903838727002047,0.0044378944251673,-0.18221184603709006,0.012251435419569039,0.0037780210911712,-0.008370859286443655,0.5795900150821313,0.011008011564341922,0.2344232794836556,0.0024987503158226,1,179.8699951171875
2023-08-30,0.0024987503158226,0.013567712603243003,0.026695225411442373,0.5761621948543408,0.0043368869706113,-0.26147888297369537,0.014578411273733676,0.0062253325955004,-0.008233053833410997,0.5989792381625727,0.0032720251370600023,0.07206528286885616,-0.0016651113471639,0,180.32000732421875
2023-08-31,-0.0016651113471639,0.012127446849398604,0.026569170226234576,-0.38228452624692616,0.0043556859690637,-0.09389843281676835,0.012753668578019194,0.0044918336406794,-0.008157793147212211,0.5797820247388048,0.003055232966917439,-0.221295037858675,0.0004997991755412,1,180.02000427246094
2023-09-01,0.0004997991755412,0.013921369397597102,0.026897855812223773,0.1167831110633171,0.0042797213654483,-0.016790120800592945,0.013282771102314486,0.0047249037803725,-0.008445685218383958,0.5840883944426821,0.008938985091864077,-0.1905260920862677,-0.0081951746224915,0,180.11000061035156
2023-09-05,-0.0081951746224915,0.0028589558993410025,0.01596875154716497,-1.768580713119947,0.0046337577706784,0.06248783979054795,0.005335063141341303,-0.0035242622736411,-0.008812311178424515,0.4948785369693588,0.00447829743893388,0.12585005524112658,-0.0045445560630184,0,178.63999938964844
2023-09-06,-0.0045445560630184,-0.011406292541309999,0.009775997890693972,-1.0041882068044763,0.00452560190632,0.019763309522486727,0.0010047782582138793,-0.0079672703639126,-0.00896304275164217,0.45375361696425914,0.007366572260614932,0.02324559518180469,0.0010678794784509,1,177.8300018310547
2023-09-07,0.0010678794784509,-0.012837163378681698,0.0007305492245612709,0.2424886649301244,0.0044038325616524,0.015436323679808295,0.0020094350216615575,-0.0069438960671372,-0.008935376031269926,0.4649849828254897,0.002640159585569859,-0.47564735143314796,0.0003369702787594,1,178.02000427246094
2023-09-08,0.0003369702787594,-0.010835081752758397,0.0012923650966401709,0.07665390948216819,0.0043959959907562,0.009254574819856698,0.002211754526415763,-0.0066978652584707,-0.00888995738140852,0.4686998476997451,0.006457823132574181,-0.45841567628958735,0.0018513951035425,1,178.0800018310547
2023-09-11,0.0018513951035425,-0.009483485824757098,0.004437883572839971,0.4195827751542496,0.0044124668913348,0.031017329062167587,0.0038401596668888394,-0.0050036861728593,-0.008810013979399733,0.48968828209750986,0.004540176003341692,-0.3851218180833288,-0.0051699926635786,0,178.41000366210938
2023-09-12,-0.0051699926635786,-0.006458303865844197,-0.003599347966503229,-1.1438826595863971,0.0045196879419852,-0.024617132430834854,-0.0014570916236237314,-0.010048407997405,-0.008603852975883397,0.4377677467693721,0.0036621436496006485,-0.22611576405705158,-0.002312682045193,0,177.49000549316406
2023-09-13,-0.002312682045193,-0.004226429848018796,-0.015632722389328828,-0.5128854445892773,0.0045091590521642,-0.0036332966301869662,-0.0039010342353161137,-0.0121820402116592,-0.008313436978609867,0.416569851529439,0.0040095251102638795,-0.30295248588968093,0.0005080950731221,1,177.0800018310547
2023-09-14,0.0005080950731221,-0.004786214253347597,-0.017623377632029327,0.11850304626640745,0.0042876119148857,-0.026390796003173067,-0.003843071493521854,-0.0116061248330821,-0.007793002404951732,0.42317247815775694,0.005813618501675952,0.11629250242548683,0.0065821068949775,1,177.1699981689453
2023-09-15,0.0065821068949775,0.0014589223628705033,-0.00937615938988793,1.4726196698897918,0.0044696584118492,0.01675670797878248,0.00187912608638196,-0.0051932790580149,-0.007059140130031172,0.5020665234201037,0.004317619649391796,0.036247173590620685,0.0058703831363188,1,178.33999633789062
2023-09-18,0.0058703831363188,0.005477910395646803,-0.004005575429110329,1.2753008328994582,0.0046031359698654,0.0432114468450826,0.0066298630301746845,0.0005800716055479,-0.006009946303813796,0.560202038672419,0.005741673353037038,-0.0586864525269849,-0.0009480950413542,0,179.38999938964844
2023-09-19,-0.0009480950413542,0.009699808017871202,0.003241504152026972,-0.20566712664045986,0.0046098521277619,0.01994920599254857,0.004714678272923464,-0.0004171872202164,-0.0051077839351978405,0.5490256574506166,0.003459408062518635,-0.2125464700471481,0.0007251297423292,1,179.22000122070312
2023-09-20,0.0007251297423292,0.012737619805393403,0.008511189957374573,0.1573897025918025,0.0046072248081557,0.021748125283900466,0.0045283840382187805,0.0003190602182971,-0.0041903483135041775,0.5563157103053693,0.007471403915744444,0.6847261191246576,-0.0072748111459232,0,179.35000610351562
2023-09-21,-0.0072748111459232,0.004954713586348104,0.00016849933300047172,-1.6471358015667443,0.0044166432051343,0.030093976043081172,-0.002797536502439011,-0.0065072120115346,-0.003720082575893846,0.47383128289324133,0.0044931369730179535,0.37223187255400325,0.0031961900557462,1,178.0500030517578
2023-09-22,0.0031961900557462,0.0015687967471168032,0.003027719109987272,0.7147835600234484,0.0044715494794555,0.00042308996170414837,0.00017914902312944828,-0.0029495421623992,-0.0031281307839545747,0.5082581076814244,0.0024633437097430046,-0.3297887934889132,-0.0051638989324708,0,178.6199951171875
2023-09-25,-0.0051638989324708,-0.009465485321672797,-0.003987574926026028,-1.1173539746135528,0.0046215425458676,0.003998703519231039,-0.004994649188231127,-0.0076717197530571,-0.0026905087119802884,0.45635669189666606,0.006021425675828266,0.03452110240685857,-0.0080230849379646,0,177.6999969482422
2023-09-26,-0.0080230849379646,-0.016540475218283196,-0.006840667200412028,-1.6367656856104171,0.0049017919965572,0.06332955173055344,-0.012434221078485228,-0.0150205578120625,-0.0026189007241642637,0.39013564710353904,0.0055593132194539,0.3014308109136712,-0.012443751217319,0,176.27999877929688
2023-09-27,-0.012443751217319,-0.029709356177931398,-0.01697173637253803,-2.5041494138992615,0.0049692526924512,0.0785782980797114,-0.02306813522617166,-0.0261632342239494,-0.0031681830733347738,0.31464903381057413,0.009305056399672633,0.920773966578716,-0.0050097152043379,0,174.10000610351562
2023-09-28,-0.0050097152043379,-0.027444260236346097,-0.022489546649998027,-1.017341469765666,0.0049243202535446,0.11494635741010972,-0.026012573357421725,-0.0298966633247061,-0.003987823519111755,0.2904920535275835,0.010506217804751444,0.7175137964055094,-0.0103285055180993,0,173.22999572753906
2023-09-29,-0.0103285055180993,-0.040968955810191596,-0.03940015906307483,-1.9627606929861436,0.0052622337277325,0.17682556167829366,-0.033692560762869556,-0.0386491852778219,-0.005129448779640389,0.24846231192374701,0.016097955998617675,0.6982736156351792,-0.0105542058560987,0,171.4499969482422
2023-10-02,-0.0105542058560987,-0.046359262733819497,-0.055824748055492326,-1.9147940845955906,0.0055119273351671,0.19265965431729004,-0.041010748120041345,-0.0474035751552964,-0.00666621343536733,0.2146421492643765,0.005658748885384319,0.9467531005023162,-0.0028924210000569,0,169.64999389648438
2023-10-03,-0.0028924210000569,-0.04122859879591179,-0.05776907401419503,-0.5381986517687922,0.0053742628127197,0.09638736537461057,-0.04121156052682893,-0.0488474805146405,-0.007964134394452427,0.2064057785054244,0.007862389467142098,0.6985244367240435,-0.0001182635075601,0,169.16000366210938
2023-10-04,-0.0001182635075601,-0.028903111086152893,-0.058612467264084325,-0.021955240835331822,0.0053865730030974,0.0839804969628839,-0.03895816673413544,-0.0475386108874957,-0.008928273313765889,0.20605813776181392,0.00538018011938735,0.4485617381124063,-0.0018344684108627,0,169.13999938964844
2023-10-05,-0.0018344684108627,-0.025727864292677694,-0.053172124529023826,-0.34456701537231915,0.0053239814869699,0.08116069078521426,-0.03820845994354036,-0.0477323877802414,-0.009902278654002394,0.20042461475875556,0.00414616442960572,-0.020066962512661823,0.0051398519222737,1,168.8300018310547
2023-10-06,0.0051398519222737,-0.010259506852304695,-0.05122846266249633,0.9230201142433128,0.0055685156184135,0.058203779331743366,-0.03093915577685448,-0.041666359830453,-0.011069690946184152,0.26145037628750883,0.010194435819976498,0.3361233030519546,0.0182184785369434,1,169.6999969482422
2023-10-09,0.0182184785369434,0.018513177540737405,-0.027846085193082126,2.5326843034627458,0.0071933475925265,0.30505123800011535,-0.011544899361056226,-0.023049483898251,-0.011638955102521331,0.4295884324539842,0.010299726327157888,0.3127079757158997,-0.0016795054754092,0,172.82000732421875
2023-10-10,-0.0016795054754092,0.0197260930653851,-0.021502505730526724,-0.23508866714759347,0.0071441362775466,0.3293239513032371,-0.011801908466230839,-0.0236048589097629,-0.011943911392515272,0.42001666147115096,0.00521653719145239,-0.25471256569407763,0.00727650782611,1,172.52999877929688
2023-10-11,0.00727650782611,0.0271208643990552,-0.0017822466870977263,0.9835599420151572,0.0073981335709968,0.37343976712887894,-0.0036462807526042814,-0.0157311274024069,-0.012129072653967787,0.47477241825217026,0.00500610167205745,-0.10943748883361049,-0.0030543103873241,0,173.7899932861328
2023-10-12,-0.0030543103873241,0.025901022422593803,0.00017315812991607407,-0.4125008097437773,0.007404374282856,0.39075883358680463,-0.005570234630687217,-0.0180276101709797,-0.012527154731401424,0.45530073395457793,0.005713899721588298,-0.26001943595677035,0.0316423193817758,1,173.25999450683594
2023-10-13,0.0316423193817758,0.0524034898820959,0.04214398302979117,3.0656907674363083,0.0103214321933183,0.8535338500601948,0.02625464004382528,0.0136226690038154,-0.012308807723851456,0.6279826377714041,0.013308756128409326,1.1732256153079068,-0.0048768004743516,0,178.8300018310547
2023-10-16,-0.0048768004743516,0.029308210870800905,0.04782138841153827,-0.4740767372001308,0.0102869432133576,0.43006341359691547,0.021681197170827896,0.0089465250132818,-0.012464428427194418,0.5961904242463365,0.004439247668674735,-0.048835460354154314,0.0018525567250013,1,177.9600067138672
2023-10-17,0.0018525567250013,0.0328402730712114,0.052566366136596474,0.1798922226650933,0.0102981479552355,0.44148257468179675,0.023849002716591405,0.0109881966696951,-0.012561233163066565,0.6043717661675062,0.006450217054121589,-0.0869969799108059,0.0143671137834947,1,178.2899932861328
2023-10-18,0.0143671137834947,0.03993087902859611,0.06705174342765127,1.3295369176871017,0.010806103683445,0.4606526875654966,0.03821182227752039,0.0253587058634721,-0.012380052064763225,0.6620269578619378,0.012550474560416764,0.5056138214327819,0.012199301049654,1,180.8699951171875
2023-10-19,0.012199301049654,0.05518449046557421,0.08108551288816797,1.113841745818917,0.0109524545075161,0.4791870439174426,0.04943683706802412,0.0373206301397088,-0.011545437038560813,0.7022374265212399,0.014255204564785722,0.40564802810750855,0.0027271753020748,1,183.08999633789065
2023-10-20,0.0027271753020748,0.026269346385873207,0.07867283626796907,0.2490821732735936,0.0109488979730366,0.06079251095836269,0.05080602081016663,0.0394479297619202,-0.010808932213282718,0.7105890986109747,0.011656405209082255,0.27918272852696435,-0.003382778876821,0,183.58999633789065
2023-10-23,-0.003382778876821,0.027763367983403807,0.05707157885420467,-0.3103446568574955,0.0109000712661675,0.05960255054327046,0.04568030295136974,0.0353081022166703,-0.009919093536929435,0.684935064189589,0.0046455202440605645,-0.06970445319695251,-0.0001093368636913,0,182.97000122070312
2023-10-24,-0.0001093368636913,0.02580147439471121,0.05864174746592257,-0.01023844047155551,0.0106790544902869,0.036987867790125195,0.0435769574001124,0.0345053579697596,-0.008692793920012432,0.684076918066773,0.009401482642220287,-0.35103151935784205,0.004199991317574,1,182.9499969482422
2023-10-25,0.004199991317574,0.015634351928790508,0.05556523095738657,0.41416236264762174,0.0101409294913344,-0.06155541456905034,0.045101741095103565,0.0380224058210253,-0.006773824017037966,0.699674562656875,0.012301381181192388,-0.003173203967542615,0.0015772080037924,1,183.72000122070312
2023-10-26,0.0015772080037924,0.005012258882928907,0.060196749348503074,0.15798189037053556,0.0099834734227649,-0.08847159183233666,0.043551717186322156,0.0386702715262093,-0.004677722799665718,0.7055703085668027,0.008803926005858383,-0.23282816236873827,0.0115626934248151,1,184.0099945068359
2023-10-27,0.0115626934248151,0.013847777005669207,0.04011712339154237,1.1998021296072956,0.009637166945686,-0.11980484525300583,0.051305847999655804,0.0494643246823856,-0.001751653261297892,0.7453056018426345,0.015525111385475139,0.38488739712992426,-0.0056565149769637,0,186.1499938964844
2023-10-30,-0.0056565149769637,0.011574040905526509,0.039337408888930274,-0.6081476094504762,0.0093012204423116,-0.14668260278430834,0.04083495756521956,0.0423964534043838,0.0015002338534217952,0.6956955875934879,0.005240417010903223,-0.12312140899019863,-0.0054715039881709,0,185.1000061035156
2023-10-31,-0.0054715039881709,0.006211873781046908,0.03201334817575807,-0.5805864662117891,0.0094240984015204,-0.11751565552062126,0.030828530947403697,0.0357426375865451,0.004767142634890975,0.650818867571045,0.014721097114332417,0.018802463976269612,-0.0031556165767177,0,184.08999633789065
2023-11-01,-0.0031556165767177,-0.001143734113244792,0.014490617815545673,-0.3314094128038971,0.009521807331963,-0.06105181580253072,0.023463055238624228,0.0316192039004327,0.007969167641236341,0.6258521149695079,0.01269686611520166,-0.0831118021768571,0.0033185604405965,1,183.5099945068359
2023-11-02,0.0033185604405965,0.0005976183235593081,0.005609877206488173,0.352190549908095,0.0094226277265602,-0.05617741165372636,0.022505433492844642,0.0343238887300606,0.011558330009890039,0.641431820933303,0.004236361068771626,-0.25727358510602794,0.0036323164276059,1,184.1199951171875
2023-11-03,0.0036323164276059,-0.007332758673649893,0.006515018332019273,0.3855193556162959,0.0094218782395484,-0.022339418560552438,0.02194420756560855,0.0372789144164273,0.015005424696665104,0.6582637924473363,0.0060609078298590755,-0.1310220758939713,-0.0078230810507058,0,184.7899932861328
2023-11-06,-0.0078230810507058,-0.009499324747391992,0.0020747161581344733,-0.8514671314220045,0.0091877663411866,-0.01219776499532177,0.01103680678851166,0.0285342165305125,0.017306402323353787,0.5937521457172071,0.004854100681872383,-0.14871531082019496,-0.0041537457140317,0,183.3500061035156
2023-11-07,-0.0041537457140317,-0.008181566473252792,-0.001969692692205926,-0.4480954839654008,0.0092697781224513,-0.016375070854969476,0.004060998657074157,0.0237585370931897,0.019617870291208428,0.5624231428199916,0.004929042743496889,-0.30426788317580955,-0.0100176534706271,0,182.58999633789065
2023-11-08,-0.0100176534706271,-0.01504360336716219,-0.016187337480407026,-1.03992820327335,0.0096330241252183,0.011680218825890876,-0.007851207549585812,0.0134517942221666,0.021471579599606327,0.4950583776314904,0.008297836834363092,-0.30877568574390246,0.0039750574137907,1,180.77000427246097
2023-11-09,0.0039750574137907,-0.01438710639396799,-0.013789488070408727,0.4154481223056326,0.0095681198213874,0.01544071346648801,-0.006144137643215489,0.0173548766535341,0.02364428805704799,0.5195740869391955,0.007658820582827039,-0.3365780116364522,-0.0109696999532455,0,181.4900054931641
2023-11-10,-0.0109696999532455,-0.02898912277481939,-0.03632188144846933,-1.5388557606902948,0.0071284783366082,-0.24341217797887027,-0.017169847155171652,0.0063133259404971,0.023893419455738307,0.45425737296552476,0.007464745021980516,-0.17476897306656658,0.0055552613869156,1,179.50999450683594
2023-11-13,0.0055552613869156,-0.01561078033719799,-0.025110105084590027,0.780244521743182,0.0071198979705802,-0.2250675837647973,-0.012384198436700146,0.0118738372422192,0.024562219073977154,0.48918413348490897,0.008974545268883282,-0.40602576325617734,0.0088796361866049,1,180.5099945068359
2023-11-14,0.0088796361866049,-0.0025773984365613893,-0.010758964909814227,1.208297518749336,0.0073488822486335,-0.20722134321267205,-0.004618384698974994,0.0205007688048869,0.025235701682379652,0.5402047427625584,0.006204727174989125,-0.2407266422526132,-0.0026390807860946,0,182.1199951171875
2023-11-15,-0.0026390807860946,0.0048011742479711125,-0.010242429119191125,-0.3949495683795382,0.0066820703132368,-0.30633721805556324,-0.007450670080456527,0.0173767330900127,0.0250137725371109,0.523419516927224,0.004789667034303461,-0.4255982814982602,0.0112228645793535,1,181.63999938964844
2023-11-16,0.0112228645793535,0.012048981413533912,-0.002338124980434125,1.7022778125537334,0.0065928513528101,-0.31095643910381965,0.0035867973056259964,0.0282058500652115,0.02453106480244771,0.5830123230266803,0.008274833971684393,-0.004344749837592143,-0.0001089082776975,0,183.69000244140625
2023-11-17,-0.0001089082776975,0.02290977308908191,-0.006079349685737525,-0.01658859009362564,0.0065652522054511,-0.07901070951771849,0.003455574404682138,0.0274508965072532,0.023912690022980687,0.5822472234778622,0.003702335391460179,-0.382903965688594,-0.001634716238304,0,183.6699981689453
2023-11-20,-0.001634716238304,0.01571979546386231,0.0001090151266642744,-0.25037474123715814,0.0065290780940062,-0.08298150886646116,0.0017070972310229697,0.0252037673933534,0.023456627418614984,0.5701627795950622,0.00681681863601051,-0.29909507794190704,0.0107400195935418,1,183.3699951171875
2023-11-21,0.0107400195935418,0.017580178870799212,0.015002780434237774,1.5459311673772842,0.0069472818843303,-0.05464781591484558,0.011860121975100653,0.0353638449303849,0.023228233275372157,0.6254201557067818,0.005664892141316388,-0.05217539881017097,-0.0042713618891717,0,185.3500061035156
2023-11-22,-0.0042713618891717,0.015947897767722114,0.020749072015693173,-0.6121415832273778,0.0069777352269583,0.04424750112787712,0.007316356208686161,0.0300900534341387,0.022608286944895584,0.5926818114477834,0.007856507192366085,-0.4168202134574883,0.0051881153396818,1,184.55999755859375
2023-11-24,0.0051881153396818,0.009913148528050413,0.021962129941584276,0.7347874400502079,0.0070607022614966,0.07096336374808243,0.012138930977614976,0.0344839421825818,0.02207701978559795,0.6187956013696349,0.0031802302948644007,-0.6593002354842755,0.0067152202241083,1,185.52000427246097
2023-11-27,0.0067152202241083,0.01673727702985621,0.03964705011893807,0.9973191361420876,0.0067332712075341,0.025592162619966663,0.018786232351641015,0.0404759170228855,0.021289730840962307,0.6502388956238063,0.004658191123170867,-0.06882865468988952,0.0132437658546178,1,186.77000427246097
2023-11-28,0.0132437658546178,0.03161575912277801,0.04733555458664027,1.8434427219478884,0.0071842567696509,0.10034780809960986,0.0311985554241404,0.0531892031587736,0.021325328297796542,0.7028233254782674,0.009933370382484787,0.5811645059975881,0.0014783465644931,1,189.2599945068359
2023-11-29,0.0014783465644931,0.022354086093729308,0.03993426496452847,0.2107351598672112,0.0070151870500615,0.009774350150432376,0.03119310039553822,0.0535372734262566,0.021668272433308378,0.7081371553567156,0.005117659887424363,0.23455394207627323,-0.0041766604910127,0,189.5399932861328
2023-11-30,-0.0041766604910127,0.022448787491888313,0.038396685259610375,-0.5920862364905587,0.0070541421732226,0.010950106843994778,0.02543347195578611,0.0480509934720081,0.022056546947979205,0.6716461838995506,0.005086128285389223,0.12213484889313508,0.0171240372669509,1,188.75
2023-12-01,0.0171240372669509,0.034384709419157417,0.044297857947207774,2.173574826926614,0.0078782828429992,0.11579309695028894,0.04091332997341025,0.0645021219089542,0.022661629221470747,0.7328296932501948,0.019321866367461776,1.3217750733553006,-0.0218504175807455,0,192.0099945068359
2023-12-04,-0.0218504175807455,0.00581907161430361,0.022556348644159775,-2.297878838197406,0.0095089511324654,0.4122334953366338,0.017568859194783643,0.0404286326372642,0.022465087483681367,0.5837182810024245,0.016608167602681623,1.3971048536163035,-0.0037866060778629,0,187.86000061035156
2023-12-05,-0.0037866060778629,-0.011211300318177088,0.020404458804600872,-0.4046646600485224,0.0093573925566143,0.30248581817726405,0.012680805028373836,0.0354125790729151,0.02244712641107527,0.5626258241956315,0.008442435920829425,-0.08000128292150022,0.0036801154063575,1,187.1499938964844
2023-12-06,0.0036801154063575,-0.009009531476312688,0.01334455461741657,0.39601312371157243,0.0092929127496235,0.32468495612558645,0.014972781172536274,0.0379024349206661,0.02259139769407481,0.5785636374475732,0.005110768380448149,-0.2384509396800587,0.0016489674559858,1,187.83999633789065
2023-12-07,0.0016489674559858,-0.003183903529314188,0.019264883962574073,0.1853816792414905,0.0088949860780889,0.26095928599994944,0.014624811113978916,0.0380036546395125,0.02304186066558489,0.5858650982647035,0.007068838023914469,-0.23062030409195422,-0.0134301735146684,0,188.1499938964844
2023-12-08,-0.0134301735146684,-0.03373811431093349,0.0006465951082238706,-1.4105753404917256,0.0095210607538245,0.20851979340715165,-2.9618303169394537e-05,0.0227558268964488,0.022786120085831252,0.5089745431767226,0.010127154110071084,0.035766067072790175,-0.0111043205602532,0,185.63999938964844
2023-12-11,-0.0111043205602532,-0.02299201729044119,-0.017172945676137627,-1.1651830022837177,0.0095301086082522,0.00222500625905675,-0.012157695729268711,0.0101104468377885,0.02254220382219474,0.45630092636821573,0.007516776024509654,0.11269579436383892,-0.0005447904909059,0,183.58999633789065
2023-12-12,-0.0005447904909059,-0.019750201703484186,-0.030961502021661327,-0.05747772856061996,0.0094782884527409,0.012919827333859546,-0.013486630600504779,0.0080251239687556,0.02180584190395196,0.45383383992046267,0.00392392609487359,-0.33811768832671485,0.022311764488914,1,183.4900054931641
2023-12-13,0.022311764488914,-0.001118552620927686,-0.01012808409724043,2.12486754638474,0.0105003083730444,0.1299264994680831,0.007279630364323537,0.0286811756735662,0.02124687590624852,0.5599260313269645,0.0228108440436805,0.35823635521925823,0.0058454350891876,1,187.6300048828125
2023-12-14,0.0058454350891876,0.0030779150122741137,-0.00010598851704012816,0.5569156541804321,0.0104960868765484,0.18000037149057557,0.011260321442144288,0.0324940325901911,0.020997275081223288,0.583098159455569,0.009219549263785444,0.13269898442402095,-0.0092087827575075,0,188.72999572753903
2023-12-15,-0.0092087827575075,0.007299305769435015,-0.026438808541498528,-0.8739761980300901,0.0105366516596948,0.10666783167645977,0.001102826017708361,0.0209998455291051,0.019875100733203865,0.535353829944391,0.01144384700346758,0.034928591319568714,0.0045351876568232,1,187.0
2023-12-18,0.0045351876568232,0.022938813986511413,-5.320330392982655e-05,0.4292836948510063,0.0105645467349913,0.10854421174627249,0.004529376494141234,0.0236120476600159,0.018996628284255968,0.5546488146123086,0.00665424519236471,-0.3359101210495298,0.0067908306061817,1,187.8500061035156
2023-12-19,0.0067908306061817,0.030274435083599012,0.010524233380114774,0.6396449246567776,0.0106165629467404,0.12009283107124014,0.00981897306029918,0.0287582680015109,0.018755138739189547,0.582747937449844,0.008406896298003102,-0.25609876543209875,-0.0054608663623586,0,189.1300048828125
2023-12-20,-0.0054608663623586,0.0025018042323264123,0.0013832516113986733,-0.5203031732419544,0.0104955469103379,-0.00045345932113038945,0.0035827342248669724,0.0214255392509535,0.01777910721019693,0.5525370559439778,0.004625254373983104,-0.25287528005974613,0.0070457557204403,1,188.1000061035156
2023-12-21,0.0070457557204403,0.003702124863579112,0.006780039875853174,0.6699776677718684,0.0105164038435374,0.0019356706197235507,0.009367371385468346,0.0269033948408714,0.017373281475636437,0.5826257626226954,0.0045926999462885445,-0.4259525367120127,0.0044246140313629,1,189.42999267578125
2023-12-22,0.0044246140313629,0.01733552165244951,0.024634827421884473,0.4212741495724215,0.0105029326766281,-0.003200161128575796,0.012561924337942827,0.0295583689592117,0.016785585367909084,0.6008803597690204,0.009512784558526038,-0.13378617749036625,0.0075918421515082,1,190.27000427246097
2023-12-26,0.0075918421515082,0.02039217614713451,0.04333099013364588,0.7210632950848608,0.0105286764743929,-0.0033953430751166858,0.01893632460756348,0.0359592310329872,0.016706545850134535,0.6308905193440789,0.006989419925660759,-0.45047407853996746,0.0045275772625214,1,191.72000122070312
2023-12-27,0.0045275772625214,0.018128922803474213,0.04840335788707317,0.4446060264117644,0.0101833465890277,-0.04080570707167619,0.02265514954690574,0.0390174981517146,0.01599986917589802,0.6479926923376271,0.008515496239852099,-0.2677873279458294,-0.0058324131605247,0,192.58999633789065
2023-12-28,-0.0058324131605247,0.017757376005308113,0.02025918023763447,-0.5667444209573881,0.0102910817378178,-0.019481135596536303,0.01618724939400737,0.0315082330419262,0.015076929627935609,0.6088805001712967,0.00757297194859684,-0.21156885214696264,-0.0015680697977631,0,191.47000122070312
2023-12-29,-0.0015680697977631,0.00914355048710471,0.01284567535068377,-0.15305663027542432,0.0102450301887698,-0.025804795898396904,0.013943909129609931,0.0287503307437884,0.014602801477340721,0.5984604046920515,0.004707819768293257,-0.3994619987812944,-0.0023566846852945,0,191.1699981689453
2024-01-02,-0.0023566846852945,0.002362251770447311,0.019697773422896768,-0.24824104201850375,0.0094935336483112,-0.09610639803138887,0.011903347539161637,0.0254866230754068,0.0134234910570048,0.5823613362783512,0.007288167894042304,-0.15669024433254308,-0.0083717551598921,0,190.72000122070312
2024-01-03,-0.0083717551598921,-0.013601345540952988,0.006790830606181469,-1.0101302301084363,0.0082877978604733,-0.21283573670154143,0.003129334516532949,0.0163318425177525,0.013161321822557026,0.5282852730700864,0.008988510042579214,0.301471698595166,0.0010041086074332,1,189.1300048828125
2024-01-04,0.0010041086074332,-0.01712481419604119,0.0010041086074329701,0.12198535443945613,0.0082313865631432,-0.19168158608955588,0.003559564466778775,0.0166590302170285,0.01305300274549226,0.5338556007579829,0.0055989727318067235,-0.32307843213886955,0.0001584428568191,1,189.32000732421875
2024-01-05,0.0001584428568191,-0.011133958178697388,0.00662341782661067,0.01932441419061571,0.0081991027130873,-0.20328077047944026,0.003317038569057988,0.0161216756699289,0.012762304046119999,0.5347896714431165,0.011513031980518887,0.13193188952850665,-0.0078469782930157,0,189.3500061035156
2024-01-08,-0.0078469782930157,-0.01741286667394999,-0.00826931618684533,-0.9346554258615417,0.0083955841649157,-0.180521285909083,-0.004451307561817651,0.0077305420785404,0.012236317251870243,0.48333192167676065,0.008676238490322959,-0.06266495739386169,0.0003193058065587,1,187.8699951171875
2024-01-09,0.0003193058065587,-0.014736876182096788,-0.012374624411649528,0.04101480150474513,0.0077851359715043,-0.17995382331749632,-0.004737247321725082,0.0076286238734418,0.012424730215101487,0.48549320755099507,0.005587203175010585,-0.3129205406146135,-0.0022906686849215,0,187.92999267578125
2024-01-10,-0.0022906686849215,-0.008655789707126188,-0.022257135248079228,-0.31281853811075083,0.0073226756277165,-0.11645098601640891,-0.00804148349850198,0.0051776053857101,0.013326251717495241,0.47030886770055447,0.006559977213541667,-0.2801078391968632,0.0019713628783626,1,187.5
2024-01-11,0.0019713628783626,-0.007688535436196787,-0.02481334963223803,0.2694820176635951,0.0073153782039124,-0.11128238872079144,-0.007234267670189605,0.0068620963749476,0.014199084019606456,0.48522812440370594,0.01059246045076415,0.07641216953519248,0.0097464174657847,1,187.8699951171875
2024-01-12,0.0097464174657847,0.0018994391727688124,-0.009234519005928631,1.6849764216319378,0.0057843049556415,-0.29451975928918817,0.0019383125801968454,0.0161112747052268,0.01414554363983922,0.5527013297597836,0.01012070054818566,0.11007239178796269,-0.0095334814649172,0,189.7100067138672
2024-01-16,-0.0095334814649172,0.0002129360008673118,-0.01719993067308273,-1.5734022767250382,0.0060591506736349,-0.27829314141647465,-0.007353316495992381,0.0059960595808928,0.01344826542890587,0.4856405176135039,0.009153324395628874,0.08625726386126376,-0.0110770755332533,0,187.91000366210935
2024-01-17,-0.0110770755332533,-0.011183445338944688,-0.02592032152104153,-1.7816256084172772,0.0062173980217391,-0.2013757955549581,-0.017987384810481084,-0.005269137129984,0.012951206006699412,0.4221983319677874,0.01060052335085773,0.43003449673645977,0.0081991767942437,1,185.83999633789065
2024-01-18,0.0081991767942437,-0.0006935998597794885,-0.009349389566905732,1.2774399943726324,0.0064184437862934,-0.12348380392551606,-0.009777007378187454,0.0026434392965041,0.012543080464942458,0.4766214055518866,0.0058706883353368275,-0.2204857904868387,0.0029842685447011,1,187.3699951171875
2024-01-19,0.0029842685447011,0.0003193058065590112,-0.007369229629637829,0.47695740474020365,0.0062568869149366,-0.14469399386756232,-0.006502469722050421,0.0051473794984564,0.011726097816516567,0.49535703257196373,0.004576175405036301,-0.04593990273747872,-0.003785111631635,0,187.92999267578125
2024-01-22,-0.003785111631635,-0.013212223290860688,-0.01131278411809193,-0.6109636936903962,0.006195313519813,0.07105582560453327,-0.010025584226325643,0.0008542791897835,0.010990045038291596,0.47227374055284727,0.004860529843964579,-0.2565348012720482,0.0038915513093621,1,187.22000122070312
2024-01-23,0.0038915513093621,0.00021280948341861243,0.0004257454842858696,0.6444682283824911,0.0060383912471981,-0.003426128108536708,-0.005776509292697148,0.0039860169077971,0.009819247173036727,0.4981672146633364,0.0046288647582532726,-0.15079574993556166,-0.0082810842658062,0,187.9499969482422
2024-01-24,-0.0082810842658062,0.0030088007508657123,-0.00817464458807903,-1.3417508294193994,0.0061718495597201,-0.00732596849353051,-0.01296544802162476,-0.0048157804715362,0.008256719619139652,0.44791302981406034,0.01099778894900175,0.03469177648386057,0.0039621270789886,1,186.3999938964844
2024-01-25,0.0039621270789886,-0.0012282489643893873,-0.0019218488241689296,0.6653894433817675,0.0059545986465483,-0.07226753948295728,-0.007843832812186839,-0.0016782725829001,0.006214304192416087,0.47513572841175616,0.00630540066062713,-0.21019294319027026,-0.0006949345993065,0,187.13999938964844
2024-01-26,-0.0006949345993065,-0.004907452108396987,-0.00458814630183803,-0.1197675632085868,0.0058023606783767,-0.07264415079563669,-0.007064357450502508,-0.0030631768252547,0.004029647495555899,0.47074417633399157,0.003315386311900711,-0.13442271063710887,0.0070336909422522,1,187.0099945068359
2024-01-29,0.0070336909422522,0.005911350465490213,-0.007300872825370529,1.1716930388082172,0.0060030150468475,-0.031039344877465402,0.0007785097323201325,0.0033093940957292,0.002528915578019486,0.5193238184439884,0.007168219782303192,-0.03340593190728791,0.001379574176667,1,188.3300018310547
2024-01-30,0.001379574176667,0.0033993733327951133,0.0036121828162136715,0.22916448000357512,0.0060200174854562,-0.0030428239889930264,0.0028475643317734667,0.0039510548588218,0.001100357189164125,0.5285037495857354,0.009809672514129841,-0.14822057432851654,-0.0007426235867569,0,188.58999633789065
2024-01-31,-0.0007426235867569,0.010937834011844413,0.013946634762710072,-0.1236232041782558,0.006007153686828,-0.026685010919088148,0.0027082867019482615,0.0026976140778845,-1.0643797608178573e-05,0.5227148197255775,0.012364032203697105,0.3286328026282537,0.0103469577000935,1,188.4499969482422
2024-02-01,0.0103469577000935,0.017322664632949313,0.01609441566855987,1.6721425109038492,0.0061878444167421,0.03917069546391749,0.012792239027834384,0.0124002104043528,-0.00038707704144513855,0.5903642530804493,0.012446799388718718,0.7083684807586026,-0.0094982669201154,0,190.41000366210935
2024-02-02,-0.0094982669201154,0.008519332312140413,0.0036118802037433707,-1.4473417297933224,0.0065625599846912,0.1310155208288737,0.003407479256216696,0.0022712042676172,-0.001132416303535777,0.5177815481475823,0.0054079264639794655,0.19071071681836704,-0.005529246178959,0,188.61000061035156
2024-02-05,-0.005529246178959,-0.004043604809070789,0.0018677456564193708,-0.8290801015036813,0.0066691338616507,0.11096404216961187,-0.0016525993005721683,-0.0034904248019907,-0.0018408677181219746,0.48098661134294624,0.005971159205856407,-0.10296563741732778,0.0052110917695982,1,187.57000732421875
2024-02-06,0.0052110917695982,-0.00021208721613958856,0.0031872861166554706,0.7959233525111618,0.0065472281384345,0.08757626605769686,0.0033818792807688907,0.0012915276063557,-0.0020833061843925638,0.5158972183236225,0.005887035759139211,-0.18798658686871472,-0.0002652330017039,0,188.5500030517578
2024-02-07,-0.0002652330017039,0.00026530336891341164,0.011203137380757771,-0.040506690754237074,0.0065478812701123,0.09001394195556589,0.0029636684238972715,0.0007092584675196,-0.0022477483754922423,0.5139974666798983,0.005888597402395557,0.03160183512021719,-0.0009022539588233,0,188.5
2024-02-08,-0.0009022539588233,-0.010983908290003388,0.0063387563429458706,-0.138213829773598,0.0065279571537902,0.054964655563717324,0.0018379306437587514,-0.0003588031717705,-0.00219270377806291,0.5071597540985828,0.003769932820980045,-0.36010718572222744,-0.0038836838223869,0,188.3300018310547
2024-02-09,-0.0038836838223869,-0.005369325192274887,0.0031500071198654702,-0.5905459657358095,0.006576429351351,0.0021134079828837304,-0.0019736757537722562,-0.0040580577692071,-0.0020885040452306436,0.47776786141024735,0.003358234873749944,-0.25615125789768245,-0.0026153866387208,0,187.6000061035156
2024-02-12,-0.0026153866387208,-0.0024554656520366872,-0.00649907046110753,-0.4236361375185329,0.0061736627428447,-0.07429317345916409,-0.0038915838100511825,-0.0064030700357106,-0.002521298068402733,0.4585572304090998,0.004863468863988978,-0.1921555164571085,-0.013884637194949,0,187.11000061035156
2024-02-13,-0.013884637194949,-0.021551194616583887,-0.02176328183272353,-2.1146547833519627,0.0065659119891618,0.002853703938865193,-0.0167419785080536,-0.0196640999595829,-0.002971876544770491,0.3734189618044042,0.005690148261549852,0.5943735475054124,-0.0005962900909107,0,184.52999877929688
2024-02-14,-0.0005962900909107,-0.021882251705790685,-0.02161694833687733,-0.09752456822680321,0.006114255123119,-0.06622388664446,-0.0169562064757256,-0.0194577282558454,-0.0025446697253963535,0.3702624983918069,0.0059646790718863385,0.19299870802020003,0.0067013085143279,1,184.4199981689453
2024-02-15,0.0067013085143279,-0.014278689232639485,-0.02526259752264293,1.1146721552565872,0.0060119098541448,-0.07905188215669856,-0.009895161824106581,-0.012633758255272,-0.0027659661134580293,0.42886992106403427,0.0049552846644327,0.043150166464587025,0.0036558786728409,1,185.66000366210935
2024-02-16,0.0036558786728409,-0.006739126737411687,-0.012108451929686627,0.60588112489695,0.0060339867386737,-0.08248284649569992,-0.005847349083354155,-0.0089320766171222,-0.0031028711042754287,0.45862470552136037,0.009820767774065603,0.0843960753130002,0.0060458967511151,1,186.33999633789065
2024-02-20,0.0060458967511151,0.0019221566524242131,-0.0005333089996125279,0.9838329124103132,0.0061452475058017,-0.004602654570972864,0.0001147043569885172,-0.0028827888699406,-0.0029971494408297383,0.5047954784900688,0.003360563709981442,-0.08844379365724186,5.331114505738622e-05,1,187.47000122070312
2024-02-21,5.331114505738622e-05,0.0158601049924306,-0.005691089624153342,0.008769592011762741,0.0060790906790053,-0.07414374590461847,0.0002934279180420046,-0.0027585547483577,-0.0030510873921785198,0.5051974232744221,0.005013799893527205,-0.051772357883374864,0.0004266309391015,1,187.47999572753903
2024-02-22,0.0004266309391015,0.016883026022442797,-0.004999225683347942,0.07396399807961435,0.0057680892079722,-0.05661620396536782,0.00041068990475443635,-0.0025367484227407,-0.00294622834125835,0.5086354469309939,0.0031456405713926826,-0.24512590496395903,0.0056356020239861,1,187.55999755859375
2024-02-23,0.0056356020239861,0.015817319532101,0.0015386302994614583,0.965728536803344,0.0058355964530576,-0.02932735276555154,0.005667584509658544,0.002564054284103,-0.003086039833996246,0.5529570796813176,0.009118789133916871,0.11241460104246603,-0.0022291722929283,0,188.6199951171875
2024-02-26,-0.0022291722929283,0.0099322685663318,0.003193141828920059,-0.38035985692181573,0.005860692847475,-0.02871963408338407,0.003110050855893436,-0.0001689564596842,-0.003268841053661209,0.5324629928568188,0.004410211713674737,-0.26467470707880936,-0.001063248105826,0,188.1999969482422
2024-02-27,-0.001063248105826,0.002823123709390699,0.004745280361814859,-0.18824838642284097,0.0056481127197433,-0.08089743913309555,0.0021321961620469386,-0.0012707227257591,-0.0033956786348532386,0.5225315954687965,0.004468065627077793,-0.15119685942509342,0.0018068578078276,1,188.0
2024-02-28,0.0018068578078276,0.004576670372160913,0.02043677536459146,0.3195287029857011,0.005654758996435,-0.06980183467829626,0.004011441795912029,0.000576930823835,-0.003420788677401476,0.5382974936275041,0.002601707033512937,-0.527575783428601,0.005137049487701,1,188.33999633789065
2024-02-29,0.005137049487701,0.009287088920760411,0.02617011494320316,0.8903920350708421,0.0057694243494578,0.00023147032534698297,0.008951090189510862,0.0054833807486987,-0.0034369450358202602,0.5808234227109168,0.0036448283255231372,0.1556838786266994,0.0187342049464241,1,189.30999755859375
2024-03-01,0.0187342049464241,0.02238569184319841,0.038203011375299356,2.7701211971477187,0.0067629549803503,0.15891409468638007,0.02735220502178222,0.023949665883303,-0.003311950002975683,0.693155837579803,0.020529791423135175,1.2047919824550442,0.0160455752403637,1,192.88999938964844
2024-03-04,0.0160455752403637,0.040660439376490415,0.050592707942822154,2.2450028652800578,0.0071472404282932,0.21952141398648672,0.041916363980152374,0.0397525678350329,-0.002076746483617775,0.754821774516162,0.012499347058329432,0.9309438963613128,0.0060020930123128,1,196.0099945068359
2024-03-05,0.0060020930123128,0.04772578049462921,0.05054890420401986,0.8602162402050137,0.0069774235032837,0.235354860906674,0.0455156567924307,0.045004250669497,-0.0004891424816176881,0.7733722976470304,0.007556191869345808,0.47929156980301,0.0081818391635687,1,197.19000244140625
2024-03-06,0.0081818391635687,0.05410076185037031,0.058677432222531176,1.1573964580020342,0.007069175913751,0.2501285940227884,0.051245640258791726,0.0525429604992023,0.0012340790684195468,0.7961730572506069,0.009355669398886133,0.534058075170943,0.0056677512615818,1,198.80999755859375
2024-03-07,0.0056677512615818,0.054631463624251114,0.06391855254501147,0.802238882038138,0.0070649171817533,0.22454455658427142,0.05403277114159925,0.0574427330572498,0.003235157396441757,0.8104951949284867,0.006001785203508152,0.21363583848420076,0.0084170251169512,1,199.94000244140625
2024-03-08,0.0084170251169512,0.04431428379477821,0.06669997563797658,1.1846685239006818,0.0071049622296345,0.05057068253121577,0.059228683482298955,0.0652641652338161,0.005697996896831814,0.8297613924101224,0.014134831297415534,0.8278314303687764,0.0018333385345244,1,201.6300048828125
2024-03-11,0.0018333385345244,0.03010204708893891,0.07076248646542926,0.26538296659951427,0.0069082750789016,-0.03343463142020908,0.05717374073034476,0.0661588536707404,0.008499182862968357,0.8337464988460885,0.004702955189317619,-0.02965344955180249,-0.0110009160939685,0,202.0
2024-03-12,-0.0110009160939685,0.013099037982657609,0.06082481847728677,-1.4595071950440541,0.0075374181993234,0.08025809179794763,0.04214968350087766,0.0535690986660319,0.010957557581165567,0.7246321753842644,0.007357731969077475,0.2113572281760001,0.0069829660287375,1,199.7899932861328
2024-03-13,0.0069829660287375,0.01190016484782641,0.06600092669819667,1.092086958914005,0.0063941483521436,-0.09548886176312743,0.04491218155437785,0.0598318669081202,0.014278410776634276,0.747202723120846,0.007505315813472046,-0.2207944086414294,-0.0041838797895552,0,201.19000244140625
2024-03-14,-0.0041838797895552,0.0020485337966894097,0.05667999742094047,-0.6351912441792623,0.0065868033098618,-0.06767437743309068,0.0362627662156616,0.0543372095790022,0.01744195000786042,0.709620188373351,0.005640153972486668,-0.09694638966006908,-0.003199519647615,0,200.3500061035156
2024-03-15,-0.003199519647615,-0.009568010967876791,0.034746272826901375,-0.4737013312484285,0.0067542973526858,-0.049354924856052196,0.029212861191379395,0.0498002330024494,0.02000302618375649,0.6814948938882679,0.0053076837562398786,-0.3939248840341164,0.0016010012977577,1,199.7100067138672
2024-03-18,0.0016010012977577,-0.009800348204643492,0.020301698884295373,0.23649258018518599,0.0067697739037057,-0.02004859007697779,0.027238269895009992,0.0502997070659953,0.022449939655521556,0.6881500932200224,0.003199517040214742,-0.04580956176459294,-0.0011504677080451,0,200.02999877929688
2024-03-19,-0.0011504677080451,5.010018127991119e-05,0.013149138163937472,-0.16866825046365128,0.0068208907419303,-0.0950627175572426,0.022818913037189404,0.0479420561786429,0.024562650163411748,0.6771972940405238,0.0043543298493450445,-0.37975297988242274,0.0118414720111667,1,199.8000030517578
2024-03-20,0.0118414720111667,0.004908606163709111,0.01680877101153547,1.6816010993019033,0.0070417841758563,0.1012857049986311,0.0311228636897589,0.0588355706960184,0.026876241408412493,0.7258274727622874,0.017509193160367035,0.24605566584646588,-0.0010391759354036,0,202.17999267578125
2024-03-21,-0.0010391759354036,0.00805331001786071,0.01010184381455007,-0.14665301819835835,0.0070859498711308,0.0757797884326794,0.026280763316586467,0.0561826280818526,0.029136144643921558,0.7155841547261371,0.01643804547885202,-0.05676378095342549,-0.0080533100178607,0,201.97000122070312
2024-03-22,-0.0080533100178607,0.00319951964761501,-0.00636849132026183,-1.0686348983143552,0.0075360724514648,0.11574484479397884,0.015024006340980698,0.0463048309207968,0.03081781749436563,0.6404884150378831,0.010681304339680208,-0.11823333137909153,0.0031893153617758,1,200.3500061035156
2024-03-25,0.0031893153617758,0.00478783371163311,-0.0050125144930104285,0.4290017555789168,0.0074342711196414,0.09815648578336744,0.014978007391124377,0.0482107333454763,0.03274231137261063,0.6558539576472032,0.00487584308052767,-0.4842602090543343,0.0032287432792986,1,200.9900054931641
2024-03-26,0.0032287432792986,0.009167044698976811,0.00921714488025667,0.4384685259362941,0.0073636831113568,0.07957793050250372,0.01476552727743154,0.0502936680507932,0.035011182207462355,0.6712231364039535,0.00838121001652769,-0.26742301045883643,0.0072145724506207,1,201.63999938964844
2024-03-27,0.0072145724506207,0.004540145138430811,0.00944875130213987,0.9752894878711951,0.0073973651314219,0.050495861089403515,0.0183309855296461,0.056227092190213,0.03721393849255894,0.7032775972880481,0.004431284438394689,-0.2461504192594155,0.0128175282024101,1,203.1000061035156
2024-03-28,0.0128175282024101,0.018396849276244513,0.02645015929410517,1.6719093465152766,0.0076664014284778,0.08191584302788324,0.02724147314224541,0.067644846501733,0.039331914078485575,0.7503210756713168,0.010596966369991068,0.13081936284487572,0.0101563288270648,1,205.72000122070312
2024-04-01,0.0101563288270648,0.03660648812117001,0.03980600776878497,1.4466295078149138,0.0070206841296951,-0.06838951258616455,0.03387379637706322,0.0762589526283328,0.04099645082387915,0.7803770960756039,0.011740940984568383,0.6793803147909507,0.0146643119619138,1,207.82000732421875
2024-04-02,0.0146643119619138,0.04808148472130801,0.05286931843294107,2.12561051307101,0.0068988706405706,-0.07201788453158087,0.045277675773526496,0.0895667313702683,0.04237061273117404,0.8153681885696478,0.012660620117941779,0.6358467281176201,0.008734121015037,1,210.88999938964844
2024-04-03,0.008734121015037,0.053586862457046414,0.06275390715602316,1.2523202103013984,0.0069743512427504,-0.05287189341512333,0.05039933546244298,0.0962340600947752,0.04363552325759357,0.8326693754144915,0.011892444833927443,0.3768433620874201,-0.0057512117823675,0,212.7400054931641
2024-04-04,-0.0057512117823675,0.04062107822405821,0.04516122336248897,-0.7982068812079676,0.0072051643725044,-0.02598232688299862,0.04110884518122843,0.0873063145951668,0.044373332939935395,0.780713704641947,0.011488240481742448,0.4679552360306418,0.0169693993046899,1,211.52000427246097
2024-04-05,0.0169693993046899,0.04477294932633801,0.06316979860258247,2.1663742976605556,0.0078330874415446,0.021742406084766852,0.054980174884136375,0.1026566406108153,0.04519181199960953,0.8171677388850185,0.016361458968333215,0.5501930110594033,0.0062091685195614,1,215.13999938964844
2024-04-08,0.0062091685195614,0.04082578901883461,0.07743227714000457,0.7983056017478504,0.0077779342973001,0.1078598828285251,0.057700029657162026,0.1061976048756739,0.04585191817970524,0.8285309274975614,0.010162587729404319,0.21940539321970287,0.0054820013282546,1,216.47999572753903
2024-04-09,0.0054820013282546,0.03164347838517541,0.07972496310648337,0.7047848845759132,0.0077782617763621,0.12746885419477394,0.05945854768144474,0.1088040967693818,0.04657619611067054,0.8381511669472395,0.011071822862050298,0.49208202974939796,-0.0095089230354046,0,217.6699981689453
2024-04-10,-0.0095089230354046,0.013400434334733813,0.06698729679178017,-1.2453847600856258,0.0076353295304102,0.09477272719048457,0.045407154290467315,0.0952664939957885,0.047693704314814456,0.7587871589091434,0.014377840057233374,0.48739885296893415,0.0192468328744955,1,215.61000061035156
2024-04-11,0.0192468328744955,0.038398478991596804,0.07901955721565497,2.3018480026158783,0.0083614699374689,0.16048288493973462,0.06093626377087177,0.113021860788799,0.04909399253900526,0.8002232228712348,0.01797086848680381,0.23704324211270067,-0.01332774609336,0,219.8000030517578
2024-04-12,-0.01332774609336,0.008101333593546907,0.05287428291988488,-1.468410922195448,0.0090763054754683,0.15871366727377567,0.04272784048011135,0.0951319095163301,0.05025670841596597,0.709114793587168,0.04181839684150312,1.9626348338846542,0.0185461080043557,1,216.88999938964844
2024-04-15,0.0185461080043557,0.020438273078341205,0.06126406209717577,1.9590666208861967,0.0094668082272599,0.2171365642090919,0.05685085555124647,0.1122017329578582,0.052373404549822755,0.7516065320700899,0.02656707489596654,0.21865511618370137,0.0012212692273934,1,220.9499969482422
2024-04-16,0.0012212692273934,0.016177540977480004,0.04782101936265536,0.12890099641823405,0.0094744746846708,0.21807094657876358,0.05280691324718296,0.1099170072364598,0.054245553738939245,0.7541783050036065,0.014510472363051427,-0.026672511770215013,-0.0073955324112901,0,221.22000122070312
2024-04-17,-0.0073955324112901,0.018290931601594507,0.031691365936328264,-0.7556635492297653,0.0097868058064045,0.2817790990454756,0.04015136560247369,0.0982102553079899,0.05581773155860614,0.7066143606620513,0.014754726027634972,0.012064555120627984,0.0034096367107846,1,219.58999633789065
2024-04-18,0.0034096367107846,0.0024537354378836073,0.040852214429480366,0.3535293599462456,0.0096445644890796,0.15345322786618842,0.03923420564765384,0.0984682865155305,0.05699781680199978,0.7155050499006756,0.009757688985237186,-0.42141337787310706,0.0031266420969038,1,220.33999633789065
2024-04-19,0.0031266420969038,0.018908123628147408,0.027009457221694264,0.3267862590135783,0.0095678505771379,0.05415695879762539,0.03782376623705341,0.0983457406921425,0.05831623482138015,0.7237977848151422,0.01031533634297986,-0.23062210785989157,-0.0250127166271575,0,221.02999877929688
2024-04-22,-0.0250127166271575,-0.024650701003365794,-0.0042124279250246345,-2.207807512483127,0.0113292107603283,0.19672972012949064,0.008583067464956991,0.068321673722215,0.05923022920403498,0.5797809713064325,0.008442766908113738,0.1537696798799777,-0.0024616906480957,0,215.57000732421875
2024-04-23,-0.0024616906480957,-0.028333660878854895,-0.012156119901374935,-0.21571523451331376,0.011411760757879,0.2044742466136542,0.002807304659065876,0.0628044772930478,0.05982921380332362,0.5679669138656999,0.009254118095679791,-0.10226264483767344,-0.0018618228395408,0,215.0399932861328
2024-04-24,-0.0018618228395408,-0.022799951307105593,-0.004509019705511137,-0.16229438360262796,0.0114718870623361,0.17217887932637632,-0.002082873510450481,0.0579486094075899,0.060156781885503774,0.5587140664317355,0.009271363673233439,-0.5196546191963287,0.0059457569557404,1,214.63999938964844
2024-04-25,0.0059457569557404,-0.020263831062149795,-0.017810095624266234,0.5192091172594767,0.0114515650016388,0.18735947222969385,0.0008853611582659231,0.060974581738523,0.0600360669784592,0.5821720524999126,0.01255097599503836,-0.4485530412427068,0.0032366836371748,1,215.9199981689453
2024-04-26,0.0032366836371748,-0.020153789521878792,-0.0012456658937314373,0.2884750699376071,0.0112199769563271,0.17267476805468807,0.001599800859799638,0.0610565262530307,0.059361758401101916,0.5948559119349136,0.0071092631319133685,-0.47029744803109685,-0.0020332837588085,0,216.6199951171875
2024-04-29,-0.0020332837588085,0.002825643346470207,-0.021825057656895634,-0.18289116933144087,0.0111174517951915,-0.01869141369302796,-0.0023628301017534835,0.0557447347440358,0.05824518833005787,0.5828781592855647,0.009112782345485874,-0.4411907269341554,-0.0201385041179373,0,216.17999267578125
2024-04-30,-0.0201385041179373,-0.014851170123371393,-0.04318483100222634,-1.7164087787971334,0.0117329300378261,0.02814370952574996,-0.0224738455078031,0.0321225831035803,0.0558516295042204,0.48076086729092665,0.010997318566821786,-0.00998194422380183,0.0090213374183556,1,211.8699951171875
2024-05-01,0.0090213374183556,-0.0039680098654749935,-0.02676796117258063,0.7681620627570824,0.011744054875577,0.023724764004561028,-0.013854220575662619,0.0388119560539601,0.05340607618922877,0.5210185416609676,0.014453418938813736,-0.08275935242575094,-0.0030918623251211,0,213.7899932861328
2024-05-02,-0.0030918623251211,-0.013005629146336496,-0.03326946020848633,-0.2645444481392756,0.0116874965506489,0.020602559473428927,-0.01726344978058848,0.0330300360990825,0.05117697705294666,0.5064818581846229,0.010416183408449426,-0.4289158257171367,-0.000797944909942,0,213.1300048828125
2024-05-03,-0.000797944909942,-0.017040257693453294,-0.037194047215332135,-0.07243467955096236,0.0110160618489462,-0.01817428932114784,-0.01755353464326758,0.0296707565564382,0.04806805547675164,0.5025921192673999,0.011833156152449323,-0.1943469981886521,0.0104634279333738,1,212.9600067138672
2024-05-06,0.0104634279333738,-0.0045435460012709945,-0.0017179026548008337,0.9348789065988475,0.0111922815452543,0.006730836475959956,-0.006926602777981799,0.0378336521822102,0.04507245394489723,0.5514722582979612,0.006691461253842661,-0.3546211034795079,-0.0046109404994196,0,215.1999969482422
2024-05-07,-0.0046109404994196,0.010984017617246706,-0.003867152506124734,-0.4137055857591341,0.0111454634845181,-0.05006989314809274,-0.010705277888297768,0.0304740849923546,0.04162496974890639,0.5268311257228918,0.004901674805375829,-0.4465887294036216,-0.0029453952906236,0,214.2100067138672
2024-05-08,-0.0029453952906236,-0.0009827150917324935,-0.004950724957207534,-0.2684750778693962,0.0109708331737832,-0.06583941491978174,-0.013152258876837363,0.0249209719298011,0.03858065354976259,0.511177798408783,0.00608672647538479,-0.5439709789495197,0.0156554198611632,1,213.5800018310547
2024-05-09,0.0156554198611632,0.017764567094551806,0.004758937948215266,1.4691724908712258,0.0106559440490745,-0.0882612026539702,0.0030792757710675148,0.0382419359528192,0.035054717040906125,0.5826174838029449,0.011569460899484352,-0.19468769869186875,0.0080797838943197,1,216.9499969482422
2024-05-10,0.0080797838943197,0.026642295898813506,0.009602038205360167,0.777835293551463,0.0103875254328314,-0.0570563623129009,0.010791484621790285,0.0437276900549213,0.03258456955190403,0.614319493114411,0.006949861578347864,0.02460324282822479,-0.0112653199553876,0,218.7100067138672
2024-05-13,-0.0112653199553876,0.004913548010052105,0.00037000200878106564,-1.1530735916930186,0.0097698187145602,-0.12709319587276158,0.0005528597941383545,0.0297388853690243,0.029169898710689868,0.5515205818387421,0.006982310853560144,-0.3936346686960167,0.0084264427207498,1,216.2599945068359
2024-05-14,0.0084264427207498,0.017950931230221505,0.028934948847468167,0.8435517451292206,0.0099892422360634,-0.10373918052495346,0.0097507105991697,0.0362735961835059,0.02626676595117039,0.5855966178852374,0.006419410237892834,-0.3999612645764552,0.0127570324481877,1,218.08999633789065
2024-05-15,0.0127570324481877,0.03365335896903281,0.03267064387730027,1.2395732883113917,0.0102914709186465,-0.061924399393854634,0.02240695577435092,0.0472194522830437,0.024268708627769975,0.6317063356239777,0.016026115055925622,0.2138789828833363,-0.0039009421414324,0,220.88999938964844
2024-05-16,-0.0039009421414324,0.014096996966437205,0.031861564060988966,-0.37855408335326457,0.0103048476108817,-0.0329484123204733,0.018499444065835428,0.0410476358011857,0.022138639217453404,0.6092823548927143,0.005362871800789807,-0.43021841163961383,0.0163631628294417,1,220.02999877929688
2024-05-17,0.0163631628294417,0.022380375901559203,0.04902267180037266,1.4974648499699135,0.0109272433538393,0.0519582767327853,0.034672607932012045,0.0558526663434499,0.02047029973449299,0.6635683128029534,0.009746972632012003,0.3720877872288064,0.0040158632080744,1,223.66000366210935
2024-05-20,0.0040158632080744,0.03766155906502121,0.04257510707507327,0.44000243133715616,0.0091269114033536,-0.06580544941416977,0.0366803639531278,0.0578112376856904,0.020383210165171306,0.6756025602505769,0.011756320886846883,-0.17579598030462074,-0.0014706294501548,0,224.55999755859375
2024-05-21,-0.0014706294501548,0.027764486894116605,0.04571541812433807,-0.16153966620893218,0.0091038287045407,-0.08863670642865784,0.03296570172519329,0.054049205567902,0.020410652364833082,0.6661926955495414,0.006734200572611199,-0.4226179528513161,-0.0185448675645655,0,224.22999572753903
2024-05-22,-0.0185448675645655,-0.003537413118636595,0.030115945850396165,-1.8207515065517328,0.0101852820101119,-0.010318146878518841,0.012710068151303018,0.0327092646515722,0.019748195588474404,0.5611153125532758,0.01590114029482856,0.2556511069505707,-0.0201461480391864,0,220.11000061035156
2024-05-23,-0.0201461480391864,-0.019782619016390595,-0.005685622049953435,-1.8026109427915908,0.0111760932772256,0.08454716646405158,-0.0074423328787507625,0.0107342534235826,0.01831287682765237,0.47512161690598026,0.016549193608511197,0.31793651923208466,0.0009266841017383,1,215.72000122070312
2024-05-24,0.0009266841017383,-0.03521909774409399,-0.012838721842534834,0.08309361522391773,0.0111522900916166,0.02059501472512104,-0.006362104552806525,0.010197408083005,0.01666554054720204,0.4790387068344257,0.006808082776811173,-0.40954754499109214,0.0104582937944146,1,215.9199981689453
2024-05-28,0.0104582937944146,-0.028776667157753795,0.008884891907267366,0.9182609460722261,0.0113892394521938,0.24787443954029498,0.0036200170371083157,0.0190556370155818,0.015379944318012484,0.5225884654400781,0.006324715195848878,-0.4560819396417568,-0.0093473628703688,0,218.19000244140625
2024-05-29,-0.0093473628703688,-0.036653400577967794,-0.008888913683851233,-0.8827067857516144,0.0105894313052206,0.16318437537592612,-0.0066975157835306755,0.0080556947202356,0.014852686606742882,0.4836511251098243,0.004811290374270795,-0.37077131258457374,0.0018949634848047,1,216.16000366210935
2024-05-30,0.0018949634848047,-0.01621356952859759,-0.019750982647234235,0.18178842914515897,0.0104240049474852,0.023438029220624212,-0.0054487176151988325,0.0083904824721417,0.013915019097010317,0.4918857623133879,0.005079146730968189,-0.5117842037817315,-0.0058814360935925,0,216.57000732421875
2024-05-31,-0.0058814360935925,-0.0019488575830036914,-0.021731476599394332,-0.5603997662469942,0.0104950723534033,-0.060935508225407276,-0.011773336024559745,0.0012537885835818,0.013182324544589896,0.4670397221004336,0.015373956202810929,-0.1015721527672816,0.0088782519267913,1,215.3000030517578
2024-06-03,0.0088782519267913,0.006002710242049309,-0.029216387502044736,0.8333564405724659,0.0106536069016188,-0.044715765632089344,-0.003934369434993744,0.0087519322260036,0.012736411408755588,0.5075388113357148,0.010496335628731368,0.007460555028733884,-0.00901759641821,0,217.22000122070312
2024-06-04,-0.00901759641821,-0.013473179970575292,-0.04224984712832913,-0.8481203797717536,0.0106324486868678,-0.06644787551465758,-0.012891954253964145,-0.001687101377176,0.011351191923797632,0.46859273038529947,0.009476510913893624,-0.09090834087554567,0.0117759932192947,1,215.27000427246097
2024-06-05,0.0117759932192947,0.007650176119088208,-0.02900322445887963,1.0818064333182178,0.0108854900993464,0.027957950298977963,-0.0020250603003625772,0.0085641686557434,0.010610716296436395,0.5204187818885702,0.009870577003852595,-0.09453568347749064,0.0073641743967564,1,217.82000732421875
2024-06-06,0.0073641743967564,0.013119387031039906,-0.0030941824975577303,0.6730817934828768,0.0109409799344747,0.049594660554552084,0.004005829638028597,0.0143477415854186,0.010300649301128617,0.550242703977056,0.008522057966572233,-0.1326949339496284,-0.0363355128406583,0,219.42999267578125
2024-06-07,-0.0363355128406583,-0.01733468971602589,-0.019283547299029632,-2.7344357709698235,0.0132881207985994,0.2661295083201958,-0.030633958514691067,-0.0226156124081374,0.008271742317553565,0.41505621542005927,0.01724957017953883,0.9309946242943892,0.0091264084806261,1,211.6000061035156
2024-06-10,0.0091264084806261,-0.01708653316219109,-0.011083822920141831,0.6847139821586471,0.0133287894192754,0.25110580316701103,-0.020586790591775976,-0.0143668103227029,0.0063507212372919675,0.45104275151498086,0.005900579775408662,-0.3079654647629273,0.0028525382508944,1,213.5399932861328
2024-06-11,0.0028525382508944,-0.005216398493086693,-0.018689578463662034,0.21708877976133228,0.0131399616969172,0.23583589104421865,-0.017313484273789065,-0.0121284972667576,0.005276338816148085,0.4622455372647949,0.005323368770206273,-0.3377887592283877,0.0026581839081537,1,214.1499938964844
2024-06-12,0.0026581839081537,-0.014334207804227693,-0.006684031685139534,0.20453126714899983,0.0129964672160234,0.19392577618565365,-0.013935415116797223,-0.0098489348513713,0.004144231856689107,0.47306679944548863,0.010944514205270223,-0.032267041194823376,-0.0081835430171976,0,214.72000122070312
2024-06-13,-0.0081835430171976,-0.02988192521818169,-0.016762538187141834,-0.6449590744315279,0.0126884686821573,0.1597195825372384,-0.02019014410353489,-0.0179396448752844,0.002296873433867752,0.44355576580632095,0.01267789919498205,-0.012815827015810521,0.0128762895266324,1,212.97000122070312
2024-06-14,0.0128762895266324,0.019329877149109005,0.001995187433083065,0.9835074860883462,0.0130922130322003,-0.014743075365461045,-0.006509542251472467,-0.0055986822627663,0.0009168281200910844,0.4968648767649812,0.004913538124445734,0.16467767074340878,-0.0052051757004507,0,215.72999572753903
2024-06-17,-0.0052051757004507,0.004998292968032206,-0.012088240194158936,-0.41771916776132945,0.0124609453005153,-0.06511049814509551,-0.009603535690649307,-0.0107129312480325,-0.0011201529865685345,0.47689854048311053,0.007641765924161645,-0.3251150421531157,0.0039992641040523,1,214.61000061035156
2024-06-18,0.0039992641040523,0.006145018821190107,0.0009286203281033654,0.3209548449343788,0.0124605195003988,-0.05170808044880415,-0.0035447268461434017,-0.0066560934558127,-0.0031224347880880465,0.4937220429523599,0.00830746059674633,-0.13542020766850338,0.0124070609422332,1,215.47000122070312
2024-06-20,0.0124070609422332,0.015893895855269607,0.0015596880510418652,0.9636603104235574,0.0128749319734668,-0.00935140608108942,0.01031339677727574,0.0056997201292466,-0.004566579699671336,0.5432085755234735,0.011872073492862378,0.24482638509452515,-0.0156145125771135,0,218.16000366210935
2024-06-21,-0.0156145125771135,0.00846292629535371,-0.021418998922828034,-1.230993020270236,0.0126844850620564,-0.0003139559391041047,-0.0041105228289183265,-0.0098060507009603,-0.005719036100492625,0.4797536123911799,0.01694757151660512,0.5142537744896678,0.0039497558204108,1,214.77999877929688
2024-06-24,0.0039497558204108,-0.0004636074108678922,0.018866269738241067,0.33153009964586133,0.0119137171093361,-0.09001502801441508,-0.00014836250536139775,-0.0055049126179507,-0.00535734494170681,0.49570765523985955,0.0034318298771371363,-0.17512521805635906,-0.0049745904122726,0,215.6300048828125
2024-06-25,-0.0049745904122726,-0.00023302212268979175,0.004765270845342366,-0.4158663150991794,0.0119619941112235,-0.04004119890255575,-0.0047960678110536125,-0.0102271101647012,-0.005457215529386161,0.4759221568467186,0.005546245595390048,-0.3164318274522152,-0.009271011435783,0,214.55999755859375
2024-06-26,-0.009271011435783,-0.013503297662525093,-0.007358278841335035,-0.7830514026912729,0.0118395949536894,-0.049831353073965134,-0.01269543773664874,-0.018603044763878,-0.005983571081335293,0.44085658789941057,0.0046570960797660405,-0.16745212268379228,0.0112731442499241,1,212.5800018310547
2024-06-27,0.0112731442499241,-0.014637214354834194,0.001256681500435364,0.9395134243106665,0.0119989176931616,-0.06804030360009095,-0.0012310774366969914,-0.0069057648651681,-0.005681682019007206,0.4901020652338027,0.00488396216070239,-0.12259333616530743,9.297215668006984e-05,1,214.9900054931641
2024-06-28,9.297215668006984e-05,0.0010702703789593757,0.009533196674313035,0.007755075678006286,0.0119885556944006,-0.054864613285529606,-0.0007761327654841858,-0.0063930113246388,-0.0056212413887791746,0.4905028795441022,0.0046043917011658955,-0.30826173454887296,0.0026012036358742,1,215.0099945068359
2024-07-01,0.0026012036358742,-0.0002782818055772243,-0.0007418892164451655,0.21798565080722906,0.0119329122180364,0.0016111771434674793,0.001763584741052122,-0.0033656938957847,-0.005120248644457148,0.5023064464689575,0.007004659533015959,-0.32501697276892505,-4.643502198142268e-05,0,215.57000732421875
2024-07-02,-4.643502198142268e-05,0.004649873584713953,0.004416851462024112,-0.003951449210264685,0.0117513903154312,-0.017606077534739528,0.0021035858808601616,-0.0029076584039872,-0.005000724830699466,0.5020825448256229,0.006773087448520345,-0.11545681568407551,0.0112099336370619,1,215.55999755859375
2024-07-03,0.0112099336370619,0.025130818657558854,0.01162752099503371,0.9468405427640674,0.0118393046460994,-2.4520060959543066e-05,0.012759990279592105,0.0081068705637989,-0.004594494016799233,0.5540512553825869,0.006468203250509205,-0.08772316071180442,0.0133966607346945,1,217.9900054931641
2024-07-05,0.0133966607346945,0.02725433514232925,0.012617120787495011,1.123422818877365,0.0119248608000341,-0.0061719644239002225,0.025677894952574956,0.0211467116218116,-0.004417744940260038,0.6074360345620637,0.007694731383696571,0.06929404957430219,-0.0124796220872563,0,220.92999267578125
2024-07-08,-0.0124796220872563,0.014681740898392883,0.015752011277352207,-1.0258556352484165,0.0121650860593404,0.014724906772735746,0.013249010449245098,0.0081515340089523,-0.005030823013617014,0.5422813783598863,0.012053666962718585,0.035861063533873194,0.0016943111880905,1,218.19000244140625
2024-07-09,0.0016943111880905,0.013774848450609183,0.013496566645031911,0.19437530024434901,0.0087167000434756,-0.26952449794271915,0.013329613618079944,0.0096147951731791,-0.003665952711711551,0.5493113438634718,0.009242263159937618,-0.24618091078503257,0.0036536533844153,1,218.55999755859375
2024-07-10,0.0036536533844153,0.017474936857005904,0.022124810441719808,0.42718019953924846,0.0085529558447608,-0.27217498396512396,0.015668409422256994,0.0130538768535994,-0.0025741989653342845,0.5648728327252445,0.007066024103961899,0.05979945409703791,0.0175780011601844,1,219.36000061035156
2024-07-11,0.0175780011601844,0.023843004380128402,0.048973823037687214,1.8918304956668428,0.0092915307161218,-0.21519624725739228,0.03150657468133301,0.0303459358096381,-0.0011251880503557743,0.6315004203207294,0.011959678248355518,0.6922676150045792,-0.0006272936376368,0,223.25
2024-07-12,-0.0006272936376368,0.009819050007797106,0.037073385150126315,-0.06737985049327407,0.0093098104707047,-0.2192939920373681,0.028865509223985144,0.0286326026899998,-0.00022637218557453043,0.6277747619085777,0.007888460857967832,-0.05348271321675713,0.0032219172131206,1,223.11000061035156
2024-07-15,0.0032219172131206,0.02552058930817401,0.04020233020656684,0.35787829420877737,0.0090028293563985,-0.25994528008405715,0.029607606928889356,0.0309976449314958,0.001350065785501231,0.6395525338535718,0.011481892706097101,0.04655833218203931,0.0197298778200488,1,223.8300018310547
2024-07-16,0.0197298778200488,0.043556155940132305,0.057331004390741444,2.069449365105464,0.0095338780222068,0.09374854872318927,0.04709853326721885,0.0500745746576307,0.0028421789314569956,0.7023746690351348,0.013097333752283322,0.9543743352325638,-0.0046540195707981,0,228.2899932861328
2024-07-17,-0.0046540195707981,0.03524848298491891,0.05272341984192477,-0.4893714367270966,0.0095101986375095,0.1119195293560491,0.039228893193378946,0.0438285603438762,0.004426038556687217,0.6723802016254468,0.013114446963737418,0.46067710826429265,-0.0064016331545465,0,227.22999572753903
2024-07-18,-0.0064016331545465,0.011268848670188007,0.03511185305031637,-0.658173017741665,0.0097263682678939,0.04679934502262495,0.030168632044178946,0.036160517632272,0.005816412383090386,0.6325843619501957,0.012179998294216326,-0.07494536182612921,-0.0181006622306462,0,225.77999877929688
2024-07-19,-0.0181006622306462,-0.006204519922821393,0.0036145300849756666,-1.7353232465686415,0.0104307150073842,0.12040036048066338,0.010866351173733612,0.016872179744528,0.005941268659126919,0.5369844652401927,0.005727637388458984,0.4446475441741913,0.0003156824791686,1,221.72999572753903
2024-07-22,0.0003156824791686,-0.009110754656773393,0.016409834651400564,0.03256985325690064,0.0096924747151483,0.07660318011688783,0.009569991491964969,0.0164269018818328,0.006791911851237398,0.5382833998005995,0.006853039907786704,-0.08382170068634798,0.0035105070964616,1,221.8000030517578
2024-07-23,0.0035105070964616,-0.025330125380360592,0.018226030559771667,0.36237920060594786,0.0096873857290693,0.016101287063348346,0.011520380557368792,0.0194752924241653,0.007864311999737694,0.5533191188364325,0.003998559539612078,-0.23687669460616323,-0.0035105070964615,0,222.5800018310547
2024-07-24,-0.0035105070964615,-0.02418661290602399,0.011061870078894868,-0.3641371337642993,0.0096406182477775,0.013713657857114425,0.006320139934159352,0.0156152116086877,0.009236694472930518,0.5345717885170008,0.014156895159806103,0.14678487554613895,-0.0157684006136557,0,221.8000030517578
2024-07-25,-0.0157684006136557,-0.033553380365133195,-0.022284531694945233,-1.5572790853838108,0.0101256099575558,0.041047354846697415,-0.010713896987712282,-0.0004632965674052,0.010361613681921567,0.4599161220967288,0.0079695425263696,0.5724384609013324,0.0104794243898432,1,218.3300018310547
2024-07-26,0.0104794243898432,-0.004973293744643791,-0.011177813667465234,1.0389982501762414,0.0100860847340846,-0.03303994721892267,-0.0015680176681595265,0.0098314939050627,0.011417414280538996,0.508875081529276,0.006073500014661937,0.006913701634516434,-0.0014060442276131,0,220.6300048828125
2024-07-29,-0.0014060442276131,-0.006695020451425491,-0.015805775108198934,-0.13919790977975563,0.010101044116523,0.04215325944943138,-0.004167351828309681,0.0084652430730778,0.012685459674956823,0.5022663277181012,0.011347131067951752,-0.2619499449836217,0.0099359361835447,1,220.32000732421875
2024-07-30,0.0099359361835447,-0.0002695913643423909,-0.02559971674470303,0.9660320663668024,0.0102853068024059,0.06172161303976953,0.0041992235346023634,0.01830311295387,0.014044911695534346,0.5472086018943638,0.011504572665112855,-0.22553181481437934,0.0179486801762796,1,222.52000427246097
2024-07-31,0.0179486801762796,0.02118959590839871,-0.0029970169976253312,1.6461450903294508,0.0109034618404672,0.13099197170065624,0.0198569469382496,0.0364711684112715,0.016290737169462943,0.6156678677495573,0.013065577903306907,0.12603440925747234,-0.0034488837098833,0,226.5500030517578
2024-08-01,-0.0034488837098833,0.03350911281217111,-4.426755296213286e-05,-0.3199882177331225,0.0107781584406953,0.06444535053935829,0.01456896939825555,0.0327883107768865,0.01795771596428475,0.5968582922847705,0.011161820546452119,0.09256081619615597,-0.0019064443892985,0,225.77000427246097
2024-08-02,-0.0019064443892985,0.02112324403302941,0.01614995028838557,-0.18250186990895662,0.0104461635941021,0.03570055869158639,0.011634177129497067,0.0307165592633005,0.018862927494155635,0.5862250885252118,0.026138277648751398,0.6185718937512612,-0.0127731657626246,0,225.33999633789065
2024-08-05,-0.0127731657626246,0.00975612249801791,0.00306110204659237,-1.2204125072608842,0.0104662691398443,0.036157155548293796,-0.002166300057338845,0.0174141864635738,0.019622995817878186,0.519885205309763,0.012855091088072548,0.2731596049915148,-0.00803289128685,0,222.47999572753903
2024-08-06,-0.00803289128685,-0.00821270497237679,-0.008482296336719233,-0.753885946689283,0.0106553137409269,0.03597432197496042,-0.010624483366916184,0.008814655538318,0.019647887559808508,0.4832326048096065,0.009198000939587432,0.9037652328193151,-0.0006798590470787,0,220.6999969482422
2024-08-07,-0.0006798590470787,-0.026841244195735088,-0.005651648287336433,-0.06394719648052791,0.0106315692398762,-0.024936355496003815,-0.01156054005128397,0.0077025036593166,0.01948833943922068,0.4801605962735414,0.008886834858116916,-0.2978374620803945,0.0155662288057779,1,220.5500030517578
2024-08-08,0.0155662288057779,-0.00782613168007389,0.025682981132097167,1.4871081051087356,0.010467449375269,-0.028827658002609113,0.003775165292921359,0.0229673035302716,0.01911995723838178,0.5510597223397081,0.007722850631498236,-0.1427843690345062,0.0024522519879112,1,224.0099945068359
2024-08-09,0.0024522519879112,-0.003467435302864191,0.017655808730165166,0.23404375429737306,0.0104777501765563,0.0030237495487848154,0.005912907207953842,0.0246928206854726,0.01866952232439778,0.561302358409138,0.00650156515386127,-0.39529484652594093,0.0169993545119223,1,224.55999755859375
2024-08-12,0.0169993545119223,0.02630508497168271,0.03606120746970057,1.5298166553459616,0.0111120208114599,0.06169836290156838,0.022110464594957926,0.0411358424736361,0.018613817720981585,0.6256815358709581,0.011251661591983155,-0.2419346594103876,-0.0015335341694868,0,228.41000366210935
2024-08-13,-0.0015335341694868,0.03280444208904591,0.024591737116669073,-0.15023821928133108,0.0102073505451709,-0.042041295699757675,0.020596744756392768,0.0383326091217638,0.017377935464221395,0.616819427610979,0.005612552806276278,-0.053296159221310035,-0.0081891913335011,0,228.05999755859375
2024-08-14,-0.0081891913335011,0.02529510980262351,-0.0015461343931116277,-0.7934309696808532,0.0103212398386656,-0.02918942577607786,0.012506362510205937,0.0290227956632791,0.016312424064304887,0.5705691690367285,0.009416399879575639,-0.21535533450640998,0.0031339290416113,1,226.1999969482422
2024-08-15,0.0031339290416113,0.012862810038456912,0.005036678358382972,0.3060198151422065,0.0102409350196979,-0.02163988068633771,0.01542765738054276,0.0311606907122292,0.015493997250648484,0.5834101688011513,0.010488761378526768,-0.2413762346895617,0.0221408117352881,1,226.91000366210935
2024-08-16,0.0221408117352881,0.03255136978583381,0.029083934482969573,2.1293693827834717,0.0103978257198129,-0.0076280170262342795,0.035782950354708576,0.0528900596493913,0.01651611400711328,0.6614205366356879,0.01297473897302766,0.6761865403253977,-0.0016393656726292,0,231.9900054931641
2024-08-19,-0.0016393656726292,0.013912649601282315,0.04021773457296497,-0.15723468037771632,0.0104262346493219,-0.06171570174083407,0.031826643880427684,0.0500045348169172,0.017617194752916232,0.6515910962357085,0.008807880837428781,-0.27313668092771903,0.0036632708025022,1,231.61000061035156
2024-08-20,0.0036632708025022,0.019109454573271314,0.051913896662317174,0.35131439882624627,0.0104273289530441,0.021550980041267653,0.033339283849535904,0.0518685593302638,0.01793145365740889,0.6636326492919147,0.012389183260965664,0.23660731625711495,-0.0013345079227064,0,232.4600067138672
2024-08-21,-0.0013345079227064,0.025964137984066014,0.05125924778668947,-0.12861304220039194,0.0103761477053556,0.005319890589530196,0.029592721907348112,0.0486995653005505,0.018557671384668017,0.6547445794370129,0.01029506548561085,-0.2650664206515041,-0.012047289256478,0,232.1499938964844
2024-08-22,-0.012047289256478,0.010782919685976715,0.02364572972443357,-1.1970497000087854,0.0100641512682302,-0.01726246198493242,0.014779020122524337,0.0347185583090698,0.01964914310520327,0.5797591374305101,0.009242753721529513,-0.18358388182116847,0.0114871943432589,1,229.3699951171875
2024-08-23,0.0114871943432589,0.00012930229394750997,0.03268067207978127,1.1363552730690452,0.0101088054198354,-0.02779622468828047,0.023923334657271592,0.0450419459828705,0.02062518804952118,0.6239687250466674,0.009525003940965695,-0.22777072278733412,0.0031842629268951,1,232.02000427246097
2024-08-26,0.0031842629268951,0.00495293089347181,0.01886558049475407,0.3163046754016234,0.0100670751162686,-0.03444767407730054,0.024377124476260895,0.0465093015643514,0.02160549719362992,0.6355000434215058,0.0061866406401034635,-0.5459486717694733,0.0027030152296242,1,232.7599945068359
2024-08-27,0.0027030152296242,0.0039926753205938095,0.02310212989386507,0.2723686283139049,0.0099241063347023,-0.048259973441702075,0.02469875566048706,0.047678126464596,0.022425489127579912,0.6454681542482946,0.008140853941699121,-0.3585937533891602,-0.007051666972008,0,233.38999938964844
2024-08-28,-0.007051666972008,-0.001724483728707791,0.02423965425535817,-0.7483993936954004,0.009422331219683,-0.09192395027109079,0.016338158821788455,0.0387178418556878,0.02201991811450199,0.5995066891071162,0.005566379913363244,-0.2701180918475803,0.0051646207163568,1,231.75
2024-08-29,0.0051646207163568,0.015487426244127009,0.026270345930103675,0.5495082612098431,0.009398622515676,-0.06612865156896974,0.019994867491827707,0.0424628377589007,0.02202753267016133,0.6207844683816165,0.007254786278369181,-0.1770922944574167,-0.0071515197828322,0,232.9499969482422
2024-08-30,-0.0071515197828322,-0.003151287881964091,-0.0030219855880166315,-0.7471157059954873,0.0095721716535235,-0.05308577463158226,0.01140888095076792,0.033819348838404,0.022157673627078767,0.5752537911588133,0.009987451362567219,-0.10888085645502776,-0.0043329502735323,0,231.2899932861328
2024-09-03,-0.0043329502735323,-0.01066850108239149,-0.005715570188919731,-0.47651575241650207,0.0090929843379974,-0.09676005860898473,0.005319275515677267,0.0279243032257261,0.022485421557697283,0.5491255281735138,0.008771501465815026,0.0157074691587602,0.0006077417877377,1,230.2899932861328
2024-09-04,0.0006077417877377,-0.01276377452427799,-0.00877109920368423,0.06901697632552925,0.0088056855007845,-0.11269738515466554,0.0037985782401629108,0.0271920518399473,0.02330494793168314,0.5521921033967795,0.00729068580124041,-0.1952475736183098,0.0082977849059199,1,230.42999267578125
2024-09-05,0.0082977849059199,0.002585677353649911,0.00086119362494207,0.9342303285459324,0.0088819476871778,-0.05735136240767602,0.009567788141059607,0.0341107726539605,0.024310387872113592,0.5930693115096269,0.006713998354270524,-0.16768882733942903,-0.0074301658514056,0,232.3500061035156
2024-09-06,-0.0074301658514056,-0.01000910921411249,0.005478317030014469,-0.8639828257343064,0.0085998999402455,-0.08498294022324093,0.0006551814032476287,0.0248090839677425,0.02413808773829884,0.5450683825933398,0.013614878043487457,0.08662944091695435,0.0041970561043253,1,230.6300048828125
2024-09-09,0.0041970561043253,0.0013394666730450113,-0.0018118212089191302,0.4869333921979382,0.0086193639039222,-0.09953935053500351,0.00333146912013374,0.0276024215487488,0.02419036298133803,0.5663830541661198,0.005310862241468618,-0.38470874312439585,0.0043944278678481,1,231.6000061035156
2024-09-10,0.0043944278678481,0.010066844814425411,-0.0006016562679661301,0.5593111431784835,0.0078568573529131,-0.1359429356893117,0.006832087712212755,0.0305176916948377,0.023524879939459176,0.5882302097689728,0.006964192287771628,-0.23302429261499247,-0.0015918222264343,0,232.6199951171875
2024-09-11,-0.0015918222264343,0.007867280800253411,-0.00489649372402463,-0.20257800845336368,0.0078578234557023,-0.10764205069528698,0.004319983704673468,0.0273602975812965,0.02294120823090018,0.5768760154994255,0.007664149749394388,-0.1724102238291888,0.0174147634461192,1,232.25
2024-09-12,0.0174147634461192,0.01698425934045271,0.01956993669410257,2.081476608970344,0.0083665429489183,-0.058028346530744845,0.01972968357982573,0.0434907861512661,0.02330137383862918,0.6557792920217151,0.008589678684757346,0.7042389730836922,0.0098945708274604,1,236.3300018310547
2024-09-13,0.0098945708274604,0.034308996019318715,0.024299886805206172,1.1584230131860966,0.0085414142457742,-0.006800741273465416,0.02726103980084765,0.0519449305006522,0.024028839548504655,0.6914670630082596,0.005111451559160861,0.2559437519952896,-8.375168155593023e-05,0,238.67999267578125
2024-09-16,-8.375168155593023e-05,0.030028188233437482,0.03136765490648244,-0.011639954076706236,0.0071951900328828,-0.16522957922583326,0.02570275693591496,0.0502155076684719,0.023898493561413492,0.690810990942801,0.00515375726416425,-0.1545753999108569,-0.0055462634787813,0,238.66000366210935
2024-09-17,-0.0055462634787813,0.02008749688680808,0.03015434170123344,-0.7562156521882688,0.007334235231355,-0.06651795980034259,0.01877526127989377,0.0426495996948538,0.0234343523270939,0.6471442476503455,0.008384619212393302,-0.0578538760412336,-0.0077403447317757,0,237.33999633789065
2024-09-18,-0.0077403447317757,0.013938974381466684,0.02180625518172004,-1.021988209940501,0.007573810202983,-0.036144010401913174,0.010258715181392986,0.0330717857799464,0.022581414300848035,0.5913374836941627,0.02118801898333092,0.9507965695443634,0.0154212364194876,1,235.5099945068359
2024-09-19,0.0154212364194876,0.011945447354835085,0.02892970669528774,1.8715168777691384,0.008239966522701,-0.015128880230473651,0.02441646452039125,0.0473063447281516,0.02234431112787405,0.6553517163476897,0.008905819706148645,0.06808467109122751,0.0126305576825315,1,239.1699981689453
2024-09-20,0.0126305576825315,0.014681434209906185,0.048990430229224835,1.5889989139980587,0.0079487516141543,-0.06938694396107936,0.0345925241784853,0.0588600761210161,0.023456144690201075,0.697707872780407,0.008917896049856757,0.33003634763430956,0.001938526716101,1,242.2100067138672
2024-09-23,0.001938526716101,0.016703712607563113,0.04673190084100054,0.2525184188176619,0.0076767735406294,0.0669313118271666,0.034245397976416056,0.0591024996461584,0.02403404619288363,0.7037691681355046,0.0035850107229023274,-0.06731627830627718,0.0138724051716508,1,242.67999267578125
2024-09-24,0.0138724051716508,0.03612238125799522,0.05620987814480324,1.711465574424425,0.0081055706751894,0.10516917163180439,0.0457269486278117,0.0718165765387191,0.02494879561547303,0.7436904732544757,0.01235424251000395,0.3794209468417227,-0.0013827232563759,0,246.07000732421875
2024-09-25,-0.0013827232563759,0.042480002733395014,0.056418977114861636,-0.1694734921021681,0.0081589352955701,0.07725637121942208,0.04155097497031327,0.0687119004764691,0.026077384745312404,0.7330204006974194,0.006836804475563801,0.18722370400820876,0.0050739895820529,1,245.72999572753903
2024-09-26,0.0050739895820529,0.03213275589596031,0.04407820325079534,0.6463233404152439,0.007850543628508,-0.04726025198283812,0.04348118770811995,0.0723061920466318,0.02762388500919921,0.7473706650040361,0.008826596135284385,0.11208333004288118,-0.0079674870876455,0,246.97999572753903
2024-09-27,-0.0079674870876455,0.011534711125783316,0.026216145335689445,-0.9696741067730733,0.0082166647866468,0.03370506281960406,0.032567491737252874,0.062022256500634,0.028525752552818417,0.6851812933320766,0.010448116537240143,0.2870766967668563,-0.0080315409050221,0,245.02000427246097
2024-09-30,-0.0080315409050221,0.001564643504660214,0.018268356112223272,-0.9707694876254311,0.0082733759222983,0.07771525088129483,0.02177353043634526,0.0515822954713833,0.029173553774003436,0.6288302916831092,0.006500460161791128,0.05915329906797506,0.0104365981433151,1,243.05999755859375
2024-10-01,0.0104365981433151,-0.0018711635236754853,0.034251217734319675,1.258601263313978,0.0082922196628302,0.023027248187733385,0.029179145670471814,0.060429960786793,0.030364796301777464,0.667180896196254,0.007817263809185314,0.5735665158458318,0.0002035664766649,1,245.61000061035156
2024-10-02,0.0002035664766649,-0.00028487379063468516,0.04219512894276027,0.024527821825601998,0.008299411097826,0.01721741834773116,0.02611443007009884,0.0585362148924296,0.031596656154729175,0.6679055020909428,0.008466994219846945,-0.0067385690858555725,-0.00069224543445,0,245.66000366210935
2024-10-03,-0.00069224543445,-0.006051108807137585,0.026081647088822667,-0.0838871614336422,0.0082521022599816,0.05115042352167842,0.02259806859445573,0.0556485108841395,0.032320071105855996,0.6626235688072257,0.009043142983533457,-0.17602582932865962,-0.001998025038998,0,245.4900054931641
2024-10-04,-0.001998025038998,-8.164675849008443e-05,0.011453064367293169,-0.25023998354302107,0.0079844356233923,-0.028263190635682833,0.01751158236821048,0.0511304161217211,0.03304024675106332,0.6467471052022191,0.010775507712850765,-0.1340271928681509,-0.0033935140367649,0,245.0
2024-10-07,-0.0033935140367649,0.004556380109767114,0.006121023614427269,-0.41868661199312307,0.00810514102806,-0.020334491726028636,0.011424447263619433,0.0454577304503731,0.03364886351998875,0.6196635526205331,0.004136502327063775,-0.44082500466705554,-0.0073992324943445,0,244.1699981689453
2024-10-08,-0.0073992324943445,-0.013279450527892485,-0.015150614051568033,-0.8814039105245159,0.0083948260337775,0.012373812455455102,0.001945004460193152,0.0357948855582862,0.03378417073532902,0.5644581293996442,0.014069350464241915,0.08823441776521612,-0.0054610705017173,0,242.3699951171875
2024-10-09,-0.0054610705017173,-0.018944087506274687,-0.01922896129690943,-0.640460334873116,0.0085267895673808,0.02739694020149952,-0.005321033567928681,0.0285247766154405,0.03402686829176127,0.5273549137379544,0.004978207562953463,-0.4132088879521624,0.0073160647670896,1,241.0500030517578
2024-10-10,0.0073160647670896,-0.010935777304735085,-0.016986886111872733,0.9346617372971686,0.007827500019682,-0.05145382678529076,0.0006428946415337246,0.0346405932315666,0.03397585569446515,0.5683299557672385,0.0062186381685132635,-0.2915672303097536,0.0108542868688607,1,242.82000732421875
2024-10-11,0.0108542868688607,0.0019165346031236145,0.0018348878446334677,1.3765152312316393,0.0078853372796673,-0.012411440006437902,0.010150063068124899,0.0441790716594729,0.03368708257859421,0.6212683862521861,0.0059070230212713,-0.1335593656627908,-0.0016308312397319,0,245.47000122070312
2024-10-14,-0.0016308312397319,0.0036792174001566147,0.008235597509923667,-0.20621923620500784,0.0079082401319276,-0.024293333755789015,0.007175645521858326,0.0407306627645785,0.03331595376825658,0.6091255773700349,0.006528771598716701,-0.4094157161449806,0.0034623584364339,1,245.07000732421875
2024-10-15,0.0034623584364339,0.014540808330935014,0.001261357803042467,0.4466834829239804,0.0077512569163502,-0.07666259131968056,0.008890136828587757,0.0422653096926424,0.03308107755812584,0.6258603275472001,0.008214070785220195,-0.15323518859611596,0.0049891427128232,1,245.9199981689453
2024-10-16,0.0049891427128232,0.024991021545475514,0.006046934039200767,0.6701027521541155,0.0074453398330108,-0.12682964975552846,0.01152103988008661,0.0451350965683722,0.03323119872254021,0.649261593055033,0.00699978057965754,-0.1484889005240526,0.0059704521617615,1,247.1499938964844
2024-10-17,0.0059704521617615,0.023645408940147414,0.012709631635412267,0.8712766298946107,0.0068525333480868,-0.12455658500717692,0.015612250914993308,0.048902687946872,0.032778687931232176,0.6755575664883949,0.00579174843392281,-0.1826015826217957,0.0105622079795937,1,248.6300048828125
2024-10-18,0.0105622079795937,0.023353330050880416,0.025269864654003965,1.5772667369425277,0.0066965261691045,-0.1507622398889904,0.024500444132163793,0.0576075782701641,0.03231539266539296,0.7164019822904375,0.0058502853333385636,0.23610221323141878,-0.000199021080524,0,251.27000427246097
2024-10-21,-0.000199021080524,0.024785140210088315,0.028464357610244868,-0.02965221020606259,0.0067118464067582,-0.15128444574403488,0.022516361976610538,0.055029347731602,0.031797032266692726,0.7145670695999913,0.00959319978663703,0.41808189972062926,0.0107295555236377,1,251.22000122070312
2024-10-22,0.0107295555236377,0.03205233729729212,0.04659314562822706,1.6650387861218559,0.0064440273782622,-0.16864742740375194,0.03189596978407464,0.0641293435806893,0.031237038170969234,0.7516875222216116,0.005592085259335013,-0.10022102521938392,-0.0121237524316151,0,253.92999267578125
2024-10-23,-0.0121237524316151,0.014939442152853817,0.03993046369832926,-1.7037755514206208,0.0071158154731744,-0.04425914293063826,0.018397464540278498,0.0492999732333991,0.030344251403915834,0.649046117900678,0.011878645455974253,0.25640563198089494,0.0076638171342995,1,250.8699951171875
2024-10-24,0.0076638171342995,0.016632807125391814,0.04027821606553916,1.0620528323369702,0.007216041331424,0.05304724032298069,0.025021397223704743,0.0550249031266226,0.029271102031804608,0.6788338668447312,0.007594989733213122,-0.06517746058848572,0.0020548662166116,1,252.8000030517578
2024-10-25,0.0020548662166116,0.008125465362409719,0.031478795413290066,0.2982786559929788,0.006889082323946,0.028754633369445948,0.02540440687308493,0.0548697460053003,0.028735334990482864,0.686553272694448,0.0070266805930518745,-0.2843671958904287,3.945329776617785e-05,1,253.32000732421875
2024-10-28,3.945329776617785e-05,0.008363939740699895,0.03314907995078815,0.006053430130375019,0.0065175110501744,-0.028954082797264524,0.0233178174035827,0.0530398276542361,0.02904475007194307,0.6867091349671264,0.002684277147022675,-0.3327382391616128,0.0108359370369524,1,253.3300018310547
2024-10-29,0.0108359370369524,0.008470321254014595,0.04052265855130664,1.655593243594567,0.006545047872644,0.015676608501474565,0.03228171104375086,0.0623504895688993,0.02912846193385099,0.727069968104482,0.008044097180058591,0.49123956611153674,0.0054907892079315,1,256.0899963378906
2024-10-30,0.0054907892079315,0.026084862893561198,0.041024305046414945,0.8355329672215999,0.006571600910243,-0.0764795777775591,0.03549432949943972,0.0659851000177092,0.029445618048926203,0.7451342450279003,0.006990243856189431,0.07672568296429172,-0.0156164717872707,0,257.5
2024-10-31,-0.0156164717872707,0.002804573971990996,0.019437381097382744,-2.0312428188555653,0.0076881363676989,0.06542299504564197,0.017807901761467477,0.047614775783452,0.02928536315192609,0.6200664660403589,0.013411736140374251,0.6163556151625706,-0.0041108137059421,0,253.5099945068359
2024-11-01,-0.0041108137059421,-0.0033611059505627046,0.0047643594118469456,-0.5301189012697719,0.007754512612351,0.12562344993277574,0.012114752898170832,0.0413289737673022,0.028864534170139455,0.5921669417335635,0.009585289964132448,0.049073734179010176,0.0014248987496042,1,252.47000122070312
2024-11-04,0.0014248987496042,-0.001975660498724682,0.006388279241975146,0.1858047154427478,0.0076687975663527,0.1766451191743652,0.01180162279698413,0.0410267476106643,0.028884243862834946,0.5988947603420881,0.005181337456418975,-0.26187704663817657,0.0022519104403699,1,252.8300018310547
2024-11-05,0.0022519104403699,-0.010559687095307182,-0.002089365841292653,0.3059356676174798,0.0073607319404991,0.12462614234868674,0.011849474142918665,0.0416032723093708,0.029405360112140233,0.609868462371082,0.006235208638955949,-0.015499205692239615,-0.0308579766940856,0,253.3999938964844
2024-11-06,-0.0308579766940856,-0.04690845299732428,-0.020823590103763154,-2.9834509456640617,0.0103430481198065,0.5739008288962031,-0.01980732531994229,0.0089313099523399,0.029319373644230318,0.43623833560785513,0.009768047151335463,1.1959100982656308,0.0159486453918613,1,245.6999969482422
2024-11-07,0.0159486453918613,-0.015343335818192281,-0.012538761846201351,1.4777107683833723,0.0107928058271574,0.4038260133499356,-0.005404264780077342,0.0236465613996605,0.029208677607404088,0.5128572570676725,0.008491930413808213,0.2877486223130543,-0.0067924425881974,0,249.6499938964844
2024-11-08,-0.0067924425881974,-0.01802496470044758,-0.021386070651010353,-0.634865954318014,0.0106990184967376,0.37971514543631524,-0.012626848318506688,0.0154671039997351,0.02845322689846075,0.48263475471233186,0.006331695764270677,-0.08819537485980122,-0.0237514011511919,0,247.9600067138672
2024-11-11,-0.0237514011511919,-0.04320126460124368,-0.04517692509996843,-1.9799203167344366,0.0119961399206035,0.5642791215714533,-0.03523922788883851,-0.0092479486575882,0.02694064682415953,0.3960717069983595,0.006896828996261561,0.6050485386081124,-0.0086688210689802,0,242.13999938964844
2024-11-12,-0.0086688210689802,-0.054121996110593776,-0.06468168320590104,-0.7172491554050461,0.0120862060326648,0.641984266016524,-0.042446663694961,-0.018583329989458,0.02492115352820523,0.3703813724284104,0.009456380935648092,0.3552722099399541,-0.0101323849976972,0,240.0500030517578
2024-11-13,-0.0101323849976972,-0.03339640441420538,-0.08030485741152973,-0.8338769132898527,0.0121509359909275,0.17479256116569442,-0.0502967258641597,-0.0290488390394155,0.022373184765608123,0.34266597450176617,0.016327924938291778,0.10421244797628049,-0.0026125515313784,0,237.6300048828125
2024-11-14,-0.0026125515313784,-0.051957601337445085,-0.06730093715563742,-0.21759174190379035,0.012006666744428,0.11246944832605266,-0.050570055142618676,-0.0319508332946679,0.019610948600054412,0.3357343291289112,0.007847772893382959,0.06060781104585855,-0.001773641415401,0,237.0099945068359
2024-11-15,-0.001773641415401,-0.046938800164648686,-0.06496376486509634,-0.15268128664206015,0.0116166260738885,0.08576558470580276,-0.04945762529892764,-0.0341365264160842,0.016118270253508316,0.3308519425305904,0.0065514310653445595,-0.059772307624931686,0.0188416228259249,1,236.58999633789065
2024-11-18,0.0188416228259249,-0.0043457761875318815,-0.047547040788775634,1.4956154656159473,0.012597905851532,0.0501632971031758,-0.029402954121747923,-0.0165276044457294,0.013265391369873925,0.4270000610554169,0.004355232766631346,-0.16980720868450405,0.008919428494708,1,241.08999633789065
2024-11-19,0.008919428494708,0.013242473376156319,-0.040879522734437526,0.713133290517373,0.0125073792141116,0.03484742691863074,-0.018597226941268266,-0.0085761720425703,0.010210950257930618,0.4666172954387513,0.005262071035136177,-0.14087693467878049,0.0056162450322957,1,243.25
2024-11-20,0.0056162450322957,0.02899110340614922,-0.00440530100805623,0.4532439054310352,0.0123912201907153,0.01977495395969564,-0.011824034423851033,-0.0039967354257103,0.007920956662386569,0.49067074753939743,0.006949604451659284,-0.12586135752714755,0.008304918886222,1,244.6199951171875
2024-11-21,0.008304918886222,0.03990857382374962,-0.012049027513695531,0.668870764220742,0.0124163281316347,0.03411949343866105,-0.0023458814470591234,0.0034653192808322,0.00582486517102776,0.5250195699068239,0.004540643398034409,-0.0030275293951982363,0.0128098133323722,1,246.66000366210935
2024-11-22,0.0128098133323722,0.05449202857152282,0.0075532284068740695,1.0012961982526165,0.0127932307690041,0.10128626742667879,0.011227759022200882,0.0154801236713631,0.004205150235664146,0.5733243298363224,0.010126476210299145,-0.04097183565762064,-0.029901483187306,0,249.83999633789065
2024-11-25,-0.029901483187306,0.005748922558291916,0.0014031463707599688,-2.082397372776964,0.0143591629427726,0.1398055448260409,-0.016402098914074025,-0.0147407110207665,0.0016890925564940762,0.45738462564982074,0.012042222947852593,0.3155332100709116,0.0019364331609546,1,242.47999572753903
2024-11-26,0.0019364331609546,-0.0012340727754614842,0.012008400600694772,0.13763567967288565,0.0140692672536428,0.12487732344190694,-0.01186213507918254,-0.0132808169548981,-0.0014357124912214303,0.4648273434218559,0.006215248099622959,-0.37883253069321354,0.0022202481870022,1,242.9499969482422
2024-11-27,0.0022202481870022,-0.004630069620754984,0.02436103378539417,0.15871791655118828,0.0139886424623407,0.12891565536236227,-0.006836157359077599,-0.0117282210961819,-0.004925736849315632,0.4737585642286848,0.008131733060372575,-0.13253482546121553,0.0085875674425342,1,243.4900054931641
2024-11-29,0.0085875674425342,-0.004347421064442785,0.03556115275930677,0.6192497290917036,0.0138676967289597,0.11689193310115242,0.0033500731690327503,-0.003724031433031,-0.007050484961565351,0.5081352543180736,0.0043975807124033445,-0.6449438084413839,-0.0087929483026941,0,245.58999633789065
2024-12-02,-0.0087929483026941,-0.025950182699509085,0.028541845872013666,-0.6302370822304902,0.0139518104386602,0.09056193002186363,-0.003595702147544445,-0.0125443748764968,-0.00898096560626982,0.4739956940200078,0.005915225217568116,-0.3682859669334493,0.0020107532444556,1,243.44000244140625
2024-12-03,0.0020107532444556,0.005962053732252512,0.011710976290544371,0.14404092197734467,0.0139595971537301,-0.027826537705222698,0.000231653463637262,-0.0106571734917551,-0.010886305105108796,0.48252865544461854,0.007707086789127319,-0.5251068169289315,0.0030290874860776,1,243.92999267578125
2024-12-04,0.0030290874860776,0.007054708057375512,0.005820635281913971,0.21678889181802266,0.0139725216577069,-0.006876377723996296,0.005064963117781589,-0.0075431162966889,-0.012544541773060525,0.4958307204157864,0.003964528662943647,-0.3789555602720759,-0.0074252082091734,0,244.6699981689453
2024-12-05,-0.0074252082091734,-0.0025907483388000873,-0.007220817959555129,-0.6044642497454552,0.0122839493192529,-0.12186265734341706,-0.001787946005643253,-0.0146556045711172,-0.012890706452585832,0.46438655137444834,0.009182290128978306,-0.3065672104775268,0.0003705001517975,1,242.86000061035156
2024-12-06,0.0003705001517975,-0.010807815629536787,-0.01515523669397963,0.03177907106450167,0.0116586212053052,-0.15929649795710654,-4.116783119908876e-05,-0.0139680199607223,-0.013927425491424894,0.46619921587929786,0.0058448165745308795,-0.4689207573432689,0.0098708740029185,1,242.9499969482422
2024-12-09,0.0098708740029185,0.007856006676075814,-0.018094176023433328,0.833412749323736,0.0118439200875294,-0.15108364325893342,0.010418819107082984,-0.0042143092215371,-0.014482240484744335,0.5136648378497304,0.007539966167727516,-0.28496305300971136,0.0130784159809939,1,245.36000061035156
2024-12-10,0.0130784159809939,0.018923669412614114,0.02488572314486657,1.2036419157001637,0.0108657033378454,-0.22163202718625663,0.022362499838134025,0.0084418690887273,-0.01361613982477905,0.5689824981275313,0.004143363749428079,-0.25592041778738106,0.0094886523605948,1,248.58999633789065
2024-12-11,0.0094886523605948,0.025383234287131316,0.03243794234450677,0.8830300549003037,0.0107455599137745,-0.23095056303974204,0.02979921025006066,0.0176144571410947,-0.01183216396719422,0.6045274146386742,0.009124933156157136,0.7561370015414624,-0.0147722977478215,0,250.9600067138672
2024-12-12,-0.0147722977478215,0.018036144748483213,0.015445396409683069,-1.3342657961041553,0.0110714805033257,-0.09870350197772892,0.012693480002045768,0.0025607266131424,-0.010005745656506915,0.5312656284193782,0.005540320214896786,0.59362149448334,-0.0121652762233744,0,247.27999877929688
2024-12-13,-0.0121652762233744,0.005500368373311316,-0.0053074472562255285,-1.0597797936704072,0.0114790603633247,-0.01540155039077784,-0.0010407314786899477,-0.0094654305635445,-0.008433476068874346,0.4803313296254942,0.006836130070171327,0.05038260233220382,0.0024122979128055,1,244.2899932861328
2024-12-16,0.0024122979128055,-0.0019582077168016844,0.005897798959274073,0.21060523690145944,0.0114541212189049,-0.03291130518812957,-0.0003224784082284163,-0.0070634194530705,-0.006743115554012413,0.4907075478624398,0.005104540897890738,-0.45616679742213206,-0.0038460111534536,0,244.8800048828125
2024-12-17,-0.0038460111534536,-0.018882634851249185,4.1034561364872244e-05,-0.3570182612024918,0.010772589448225,-0.008569522535746388,-0.00473883978075936,-0.0108564811734089,-0.006146769950614583,0.47445357960830997,0.005411196650847951,-0.262049097694665,-0.0193714996395325,0,243.94000244140625
2024-12-18,-0.0193714996395325,-0.047742786851376486,-0.022359552564245228,-1.690848371605593,0.0114566746284516,0.06617753941007165,-0.023037804590576524,-0.0295885265871716,-0.006705194968010031,0.40289931967861975,0.0204380151379997,0.3220509784097554,0.0014200879312812,1,239.2599945068359
2024-12-19,0.0014200879312812,-0.03155040117227379,-0.013514256423790628,0.12489155543268539,0.0113705680609175,0.027014233326966286,-0.020645709024320478,-0.0280951621062032,-0.007606494555163823,0.40986280363602723,0.005509212398135286,0.3216797915658469,0.0103799974396683,1,239.6000061035156
2024-12-20,0.0103799974396683,-0.009005127509231084,-0.003504759135919827,0.9050218520116229,0.0114693334935464,-0.0008473576643412972,-0.009503988877064927,-0.0178968857670868,-0.008473428257935955,0.45975164616799347,0.007393674100761957,0.5290326515022643,-0.0047199166802106,0,242.1000061035156
2024-12-23,-0.0047199166802106,-0.016137342102247185,-0.01809554981904893,-0.42810887488366556,0.0110250381552898,-0.037461019960824626,-0.012373988648828983,-0.0221636131878466,-0.00991227896643232,0.4414260670501248,0.0042330853421337,-0.0508117832392766,0.0019900326568706,1,240.9600067138672
2024-12-24,0.0019900326568706,-0.010301298291922986,-0.029183933143172226,0.225182489823828,0.0088374218547255,-0.17963810862748109,-0.010195665020615969,-0.0199270027468359,-0.009831577193913477,0.4513424482318695,0.0034791100455462045,-0.5776549645167368,0.0067284927019149,1,241.44000244140625
2024-12-26,0.0067284927019149,0.015798694049524414,-0.03194409280185213,0.7507056346964647,0.0089628909001535,-0.21767081715884795,-0.0035378305455974835,-0.0130820022374708,-0.009578057235328008,0.48479207670040275,0.005595098405281762,-0.1875275482575508,-0.0068942144537037,0,243.07000732421875
2024-12-27,-0.0068942144537037,0.0074843916645395145,-0.02406600950773433,-0.7595777444775597,0.0090763776372168,-0.20176568236605585,-0.009959895853352278,-0.0194047613057403,-0.009539881680377893,0.4542366831235136,0.0037282266745636483,-0.1567677852157482,-0.0031947790408759,0,241.3999938964844
2024-12-30,-0.0031947790408759,-0.006090384816004686,-0.01509551232523583,-0.36142132757861845,0.0088394867626647,-0.22929377128683814,-0.01211302177733187,-0.0218968402106011,-0.009903783174540437,0.44045251036911864,0.006233636577161291,-0.3763074746605546,0.0062142878317398,1,240.6300048828125
2024-12-31,0.0062142878317398,0.004843819695945714,-0.011293522406301527,0.7076389679951486,0.0087817207824858,-0.2034747944820181,-0.005687518335658123,-0.0150678585358104,-0.00943399622666996,0.4739430887553791,0.00607112373955724,-0.5443911938392281,0.0134962289170307,1,242.1300048828125
2025-01-02,0.0134962289170307,0.016350015956105815,0.006048717664182772,1.4513618531188508,0.0092990103660424,0.052231127913179964,0.007514679285502419,-0.0012135918275592,-0.008663170167655942,0.53910267524717,0.0059082265465751505,0.10088846755880865,-0.0078951246098437,0,245.4199981689453
2025-01-03,-0.0078951246098437,0.001726398644347215,0.01752509269387157,-0.8354491209014742,0.0094501561044491,0.05436473674886022,-0.00016628743822056334,-0.0082253246965254,-0.008060377597846724,0.4999787460339226,0.005996166910054864,-0.14269626345008402,-0.0012328556129919,0,243.4900054931641
2025-01-06,-0.0012328556129919,0.007387757485059014,0.014872149149598475,-0.1325265691792867,0.0093027052660214,0.024935898202005813,-0.0014658328952003594,-0.0088271715116726,-0.0073721449490468105,0.4939776172953881,0.007154859233139035,-0.33242580609641637,0.0056176267350635,1,243.19000244140625
2025-01-07,0.0056176267350635,0.016200163260998414,0.010109778444993674,0.5985551443157486,0.0093853119272501,0.06174851314793517,0.003827547685308614,-0.002573514126882,-0.006376654861635078,0.5221823273320028,0.008014420728793232,-0.10824231605077994,0.0053016031219844,1,244.55999755859375
2025-01-08,0.0053016031219844,0.015287478551243015,0.020131298247188675,0.5766047186897038,0.0091945191396143,0.047006545454255644,0.009060029823941114,0.003339024949369,-0.005669637787129811,0.5479316635125293,0.007890679397178028,0.08907512498369408,0.0095129183749497,1,245.86000061035156
2025-01-10,0.0095129183749497,0.011304168009162015,0.027654183965267774,1.0615583107618476,0.0089612772831316,-0.03631925007247161,0.01878438094649258,0.0133527178115368,-0.005331513945973199,0.5908547232297282,0.006002941839861592,1.0049848898562836,-0.0100011003036753,0,248.2100067138672
2025-01-13,-0.0100011003036753,0.009198192315330414,0.010924590959677575,-1.120444888527155,0.0089260082366228,-0.05546446662182991,0.009727899972891656,0.0041171715914613,-0.005556673616308849,0.5335161342131688,0.006673717559162462,0.3975253912065373,0.0052356930079882,1,245.7400054931641
2025-01-14,0.0052356930079882,0.015666740936310514,0.023054498421369474,0.6222786944329504,0.0084137429978367,-0.09555954346223128,0.015080525192516871,0.0102526085248181,-0.004756190812332917,0.5576595076853063,0.006153054370654978,-0.15022667307552662,0.0074610904075508,1,247.02999877929688
2025-01-15,0.0074610904075508,0.017510204608797812,0.03371036786979617,0.9252733798998095,0.0080636605025411,-0.1408212571892904,0.021718925108668526,0.0182039733399632,-0.0034402335929437644,0.5904004511055888,0.007594018613662509,0.09950474632545347,0.0068871946090514,1,248.8800048828125
2025-01-16,0.0068871946090514,0.019095796095864814,0.03438327464710777,0.8431574961122665,0.0081683370435627,-0.11160802217816113,0.027573508818399626,0.0253976406968823,-0.002117481720620984,0.6186613271636957,0.004469254149678009,0.5223138643301226,-0.0053214033326847,0,250.6000061035156
2025-01-17,-0.0053214033326847,0.0042614743882304126,0.01556564239739237,-0.6471870261033159,0.0082223578626485,-0.08245693076298577,0.02100417520768624,0.0202528129887452,-0.0007359051384762116,0.5850469522857221,0.0066594601582904605,0.32758725322039206,0.015366546556984,1,249.27000427246097
2025-01-21,0.015366546556984,0.029629121248889716,0.038827313564220076,2.1076294526431054,0.0072909146993146,-0.183183063914228,0.03387785423519755,0.0360745496359394,0.002124714628273905,0.6452850656888753,0.0060443201113403915,0.22802086711427672,0.0051225102130685,1,253.1300048828125
2025-01-22,0.0051225102130685,0.029515938453970013,0.04518267939028047,0.7016599087470391,0.0073005599282647,-0.1323053330554803,0.03604975165346657,0.0406517703191588,0.004441889647044173,0.6630271212680762,0.00353729482526548,-0.14519390857617842,-0.0014158718257654,0,254.42999267578125
2025-01-23,-0.0014158718257654,0.020638976220653815,0.03814918082945157,-0.19807696300892977,0.0071480893298105,-0.11354287205445657,0.03206860332592575,0.0388037845697719,0.006525904597951548,0.6532827042821876,0.006769732405758498,0.09463098756341859,0.00619944922233,1,254.07000732421875
2025-01-24,0.00619944922233,0.019951230833932417,0.03904702692979717,0.8869194473506132,0.0069898672769538,-0.14427291140460818,0.035397479586232856,0.044606915540669,0.008894589890364069,0.6758036167445873,0.0057109593143912256,0.2187015988060832,-0.0104593136838803,0,255.6499938964844
2025-01-27,-0.0104593136838803,0.014813320482736817,0.019074794870967172,-1.3748309319143153,0.0076077090215862,-0.07475335558604801,0.02223345887552864,0.0328222008435035,0.01035843806132375,0.6046018194686171,0.009249362769604842,-0.06346230548006482,0.0086191658238017,1,252.9900054931641
2025-01-28,0.0086191658238017,0.008065939749554515,0.03769506099844418,1.1227854449558197,0.0076765920528484,0.052898349444419734,0.028565864715751618,0.0404773851855122,0.0115807075447254,0.6383823579166648,0.0053295738278334006,-0.1437502358621232,-0.0038478030414185,0,255.17999267578125
2025-01-29,-0.0038478030414185,-0.0009043735049324847,0.028611564949037473,-0.5123407290320676,0.0075102423511945,0.028721416574911895,0.02197937226542268,0.0350828615740417,0.012821676898989276,0.6131383853389862,0.0059795605456691905,-0.09603241137713292,0.0150319705398159,1,254.1999969482422
2025-01-30,0.0150319705398159,0.015543468860648816,0.036182445081302576,1.9101623450722476,0.0078694727590012,0.10091975574259138,0.03383754631160812,0.0489623685406835,0.01462978616228039,0.6685843598303995,0.007130387230891241,0.923917433334198,0.0019744486005825,1,258.04998779296875
2025-01-31,0.0019744486005825,0.011318468238901317,0.031269699072833675,0.25154020274748345,0.0078494355137521,0.12297347041658013,0.03248270265788353,0.0491615845716142,0.016154151416575724,0.6752248576904055,0.00823795213074214,0.26762127390201895,0.0053230786552232,1,258.55999755859375
2025-02-03,0.0053230786552232,0.027100860578004815,0.04191418106074157,0.7102706185443657,0.0074944373542191,-0.01488906411190305,0.034992829885309606,0.0531501805181409,0.017543455479632097,0.6931413436959954,0.007194066389174372,0.5710908697925936,0.0098002374860446,1,259.94000244140625
2025-02-04,0.0098002374860446,0.028281932240247713,0.036347871989802175,1.3621485030674838,0.0071946909341933,-0.06277539764227669,0.04124520850739805,0.0618657102744814,0.019803694267791494,0.7236025878053371,0.004533342633928571,0.29916513894567465,0.0061903426424298,1,262.5
2025-02-05,0.0061903426424298,0.038320077924096016,0.037415704419163476,0.8700827950358271,0.0071146592919067,-0.05267247590550561,0.04337763257871073,0.0667755703940921,0.022425186322571955,0.741217413303891,0.007950537792437491,0.5795675499270696,-0.0026537744373774,0,264.1300048828125
2025-02-06,-0.0026537744373774,0.020634332946902714,0.03617780180755147,-0.36540795607823856,0.0072624976912358,-0.0771303346937866,0.03674839815968902,0.0625090436967733,0.02484753830612285,0.7199959267111012,0.008465288874956355,0.06347359068190861,0.0017825701444091,1,263.42999267578125
2025-02-07,0.0017825701444091,0.020442454490729314,0.031760922729630575,0.24537429796759436,0.0072646978887924,-0.07449422623260593,0.0349242588685942,0.0631988689326385,0.02732046313703651,0.7256749508088496,0.011708967068421706,0.09591993104108809,0.0167963868025065,1,263.8999938964844
2025-02-10,0.0167963868025065,0.031915762638012615,0.059016623216017375,2.168272337292334,0.0077464378037868,0.033624999136971034,0.04831005852296431,0.0789567634193636,0.029234389813620032,0.7728592723068567,0.005291252575066398,0.578109907804738,-0.0036582855898708,0,268.3699951171875
2025-02-11,-0.0036582855898708,0.018457239562097213,0.046739171802344874,-0.5037673710450988,0.0072618549754055,0.00933522257266084,0.04008407650054155,0.0729083880001226,0.03155928663961616,0.7426987136137676,0.006170738644275013,-0.139558984224748,0.0010466070727148,1,267.3900146484375
2025-02-12,0.0010466070727148,0.013313503992382212,0.05163358191647817,0.1435394960845462,0.0072914222305639,0.024844891568915672,0.03701039771282211,0.071951813573981,0.03369437369020023,0.7457516691001124,0.007770711950994019,0.0906758937898724,0.0098145108301508,1,267.6700134277344
2025-02-13,0.0098145108301508,0.025781789259910412,0.04641612220681307,1.3319385046107082,0.0073685915649832,0.01460845541822775,0.042908915078425,0.080385185571815,0.03593436584111642,0.7730894391182471,0.008027869658294795,-0.03532462669749925,-0.0149834669265494,0,270.30999755859375
2025-02-14,-0.0149834669265494,0.009015752188951912,0.029458206679681173,-1.7674796882198216,0.0084773064304012,0.16691795862282865,0.024298708716180485,0.0623774508031364,0.03717542720978573,0.6572075078460408,0.01787517028542169,0.3168078980875739,0.0164252691444779,1,266.2900085449219
2025-02-18,0.0164252691444779,0.008644634530923314,0.04056039716893587,1.8794323797855266,0.0087394839639574,0.128193911230418,0.036987990352290834,0.0776694738928288,0.03923042881790506,0.7087787722764748,0.0052087314315708445,-0.06578767922550499,0.0005539429240083,1,270.70001220703125
2025-02-19,0.0005539429240083,0.012856863044802415,0.031314102606899576,0.06629451352254954,0.0083557883537358,0.15064103896803793,0.03405294642295965,0.0760236602406924,0.04058855396420413,0.710374769717818,0.007716434523881286,0.056118108878796535,0.0005166991544363,1,270.8500061035156
2025-02-20,0.0005166991544363,0.012326955126523913,0.025640459118906073,0.06174123627342697,0.008368785363287,0.14775761143101152,0.031327205559308596,0.0741789115659293,0.041550058774393994,0.7119613055947056,0.00616252618302214,-0.17829654772635128,-0.0009229691054979,0,270.989990234375
2025-02-21,-0.0009229691054979,0.0015894751908752127,0.02737126445078557,-0.11046460475560918,0.0083553379613304,0.133912483497713,0.02711763036224864,0.0708287509033238,0.04255707355121441,0.7045385670416887,0.0073871613804397124,-0.0172066534230082,0.0054148811569904,1,270.739990234375
2025-02-24,0.0054148811569904,0.02198782327441501,0.03100357546336687,0.649092424471928,0.0083422344073661,-0.01593336564438752,0.029460675324274137,0.0743610128113791,0.04361539839582673,0.7228366639466473,0.007126859785844422,-0.40119306799417953,-0.0132760725409756,0,272.2099914550781
2025-02-25,-0.0132760725409756,-0.007713518411038489,0.0009311161198847732,-1.5430903929148712,0.0086035611406389,-0.015552728728499221,0.012890183320167135,0.0585183659828423,0.04504751197519741,0.6215921222497987,0.019469810750567477,0.09692050868521451,0.0015251697060953,1,268.6199951171875
2025-02-26,0.0015251697060953,-0.006742291628951489,0.006114571415850874,0.17932067721407147,0.0085052640319586,0.017888877972354278,0.011794171001280692,0.058626401881336,0.04628632208239525,0.6280005596461099,0.00899521585375883,-0.2164869410900695,-0.0153572805066707,0,269.0299987792969
2025-02-27,-0.0153572805066707,-0.022616271290058488,-0.010289316163534627,-1.6481193540066879,0.0093180633243194,0.11343079309893467,-0.005631887475051773,0.0410469172568969,0.04694318345891002,0.5311333103973483,0.008379576801709804,-0.010232782066658785,-0.0062855326956685,0,264.92999267578125
2025-02-28,-0.0062855326956685,-0.027978834880229085,-0.02638935968935393,-0.7007502128310702,0.0089697192816747,0.07353159419615785,-0.012829468969033373,0.0329830612772407,0.04640791920564036,0.497662871752161,0.00816649821933454,0.22418446670642833,0.0130942847759344,1,263.2699890136719
2025-03-03,0.0130942847759344,-0.02029943126128509,0.0016883920131298726,1.3976239532434696,0.009368961332944,0.12307577028419536,-0.0013497119227699425,0.0448058952050938,0.04621798809744537,0.5600715743200435,0.006785625046335831,-0.1724855959408349,0.0086600294003389,1,266.739990234375
2025-03-04,0.0086600294003389,0.001636670680029411,-0.006076847731009128,0.9145919858906456,0.0094687352764256,0.1005600031944971,0.005619369544505941,0.0518233818476284,0.04594582572932193,0.5961932479073515,0.006987307291575692,-0.07650545736461123,0.002079148169378,1,269.05999755859375
2025-03-05,0.002079148169378,0.0021906491433121116,-0.004551642485639428,0.2241040193811098,0.0092776032090804,0.09080719589888453,0.00637333701410478,0.0515165707734464,0.04485734279614473,0.6046318209289874,0.008530592508716558,-0.2268043517695102,-0.0050941606421311,0,269.6199951171875
2025-03-06,-0.0050941606421311,0.01245376900785171,-0.010162502282206828,-0.5471672246321481,0.0093100617376266,-0.0008587177844043836,0.00049046138512516,0.0438409292824578,0.04332921658974764,0.5730797363300946,0.005032641578809413,-0.29577440543237443,0.0005218196474086,1,268.25
2025-03-07,0.0005218196474086,0.01926112135092881,-0.008717713529300328,0.056257587145862584,0.009275542622467,0.03409508493951452,8.762390195151411e-05,0.0422532703851643,0.042161952088456855,0.5755177477371619,0.010059918559152862,0.18554214128831892,-0.00879449562306,0,268.3900146484375
2025-03-10,-0.00879449562306,-0.002627659048065589,-0.02292709030935073,-0.9235227970258671,0.0095227704734328,0.016416882835022628,-0.009064177714225274,0.0311188599219213,0.04055059543962902,0.5216702828975522,0.010524686900601874,-0.12920681553137547,0.0116593063906575,1,266.0400085449219
2025-03-11,0.0116593063906575,0.00037161794225301116,0.002008288622282372,1.2787092004786005,0.0091180280757295,-0.037038441825410384,0.002409578577765594,0.0409745590689191,0.038472278513010716,0.57810891695701,0.004792720045216265,-0.0051161647101970464,0.0043373733176007,1,269.1600036621094
2025-03-12,0.0043373733176007,0.0026298430904757113,0.004820492233787772,0.47570965464388243,0.0091176903290888,-0.017236443118744837,0.006215988585885088,0.0432996048704174,0.036854528953220944,0.5972975353477359,0.010616749074555216,-0.14700848252806686,0.0176003457428398,1,270.3299865722656
2025-03-13,0.0176003457428398,0.025324349475446612,0.037778118483298276,1.7805891682957524,0.0098845629616435,0.061707563301653945,0.02266267058694192,0.0590672781819881,0.03559786490901473,0.6646805147481863,0.013811718980506819,0.5787632418099107,0.0003996778676249,1,275.1300048828125
2025-03-14,0.0003996778676249,0.025202207695662913,0.04446332904659167,0.04127368089488748,0.0096836012431934,0.04399296486849291,0.022134963787394487,0.0566751293492869,0.03379217694883274,0.666059348320367,0.005958378829554818,0.4924889780275248,0.0053989324346434,1,275.239990234375
2025-03-17,0.0053989324346434,0.03939563575336631,0.03676797670530067,0.6018982213257934,0.0089698428128783,-0.05806373912897422,0.025680037412668943,0.0595805288079669,0.03305172193934247,0.684959348500205,0.005059060603851679,-0.025352928318576495,0.0116043640108771,1,276.7300109863281
2025-03-18,0.0116043640108771,0.03934069337358591,0.03971231131583887,1.3466102454819868,0.0086174630334285,-0.05489838791277801,0.03587409435475914,0.0691200555584055,0.0320945966163535,0.7217262492170304,0.004429169424996095,0.08102719268057901,0.0040992943996915,1,279.9599914550781
2025-03-19,0.0040992943996915,0.03910261445567671,0.041732457546152374,0.475032749119885,0.0086294985078112,-0.05354336500331536,0.03815859572310412,0.0704360183036534,0.031091032442944977,0.7336450226643149,0.008608777894203407,-0.0032752658117156663,-0.001281406080539,0,281.1099853515625
2025-03-20,-0.001281406080539,0.02022086263229791,0.04554521210774447,-0.14807861294126487,0.0086535526980339,-0.12453866381209444,0.034963912789490556,0.0660159087869817,0.030002974609808497,0.7232027893542405,0.005235979414792966,-0.3319326246993395,-0.0080824766049421,0,280.75
2025-03-21,-0.0080824766049421,0.011738708159730911,0.036940915855393774,-0.9066237977326446,0.008914917769813,-0.07937991807755485,0.025168113321341487,0.0547169355418782,0.028823391828686873,0.6597171681855158,0.010305559330057553,0.06372544284008663,-0.0044624907831339,0,278.489990234375
2025-03-24,-0.0044624907831339,0.0018772849419536114,0.04127292069531987,-0.4983267396717911,0.0089549494897123,-0.001660377274907976,0.019657611300172104,0.0475300987963387,0.027335143863268296,0.6271856717289362,0.008043321862319657,-0.11803697921978085,0.0043907117900746,1,277.25
2025-03-25,0.0043907117900746,-0.005336367278848888,0.03400432609473697,0.5270463872298551,0.0083307881364145,-0.03326673939904856,0.022292802674529634,0.0497392599994901,0.02684794146369307,0.645697412622595,0.006068885100721596,-0.4131596938404941,-0.000826322512426,0,278.4700012207031
2025-03-26,-0.000826322512426,-0.010261984190966389,0.028840630264710274,-0.09894361705993103,0.0083514484004106,-0.032220888287878724,0.019724520298507454,0.0463084437297103,0.026069710889585096,0.6392527487628793,0.004456549302386391,-0.5624403762483102,0.0133166711213895,1,278.239990234375
2025-03-27,0.0133166711213895,0.004336093010962111,0.02455695564325997,1.727494993148275,0.0077086597496416,-0.10919133231915035,0.03017793919033286,0.057555924667225,0.026575977251473537,0.6928001541029117,0.008795300831973876,0.0029854207810371403,0.0073847882287821,1,281.9700012207031
2025-03-28,0.0073847882287821,0.01980335784468631,0.031542066004417176,0.9936206802965084,0.0074322006125903,-0.1663186577270921,0.033887230517282804,0.0625905680915805,0.027762541916623418,0.7180536749997279,0.006266384961535561,0.14480077280067216,0.014261049112946,1,284.05999755859375
2025-03-31,0.014261049112946,0.03852689774076621,0.04040418268271977,1.8981499124290546,0.0075131310859932,-0.16100798841752295,0.044668761553614905,0.0748340814594074,0.02887548763392833,0.7596003208107629,0.008815188504869637,0.6072359145683781,-0.0019801896396476,0,288.1400146484375
2025-04-01,-0.0019801896396476,0.03215599631104401,0.026819629032195074,-0.26290559074917963,0.0075319419187885,-0.09589083344157845,0.039115458784554774,0.0696514209134747,0.029386495861237316,0.7431249755566566,0.011197277666974351,0.7622165265622856,0.0020495598046479,1,287.57000732421875
2025-04-02,0.0020495598046479,0.03503187862811791,0.024769894437151472,0.2721062982054137,0.0075322027390218,-0.09809623697711178,0.03777119599897841,0.0690600491431994,0.030150049707345916,0.7491888443728382,0.005795437973732813,0.19852732691654196,-0.0060565822044141,0,288.1600036621094
2025-04-03,-0.0060565822044141,0.015658625302314308,0.01999471831327637,-0.7977940079532662,0.0075916616871468,-0.0151774843221274,0.028140923761529404,0.0600885100015213,0.031073158845880133,0.6969367770578749,0.02318268214359499,1.0607365252506593,-0.0236702047321448,0,286.4200134277344
2025-04-04,-0.0236702047321448,-0.015396367658612593,0.004406990186073673,-2.442536620555189,0.0096908290065942,0.30389766258162343,0.0020526858550592667,0.0333286613773861,0.03121190728174028,0.5405886828692996,0.021485806304151325,1.0465206523848112,-0.0217199866857037,0,279.7200012207031
2025-04-07,-0.0217199866857037,-0.051377403457262286,-0.012850505716496128,-2.0076357302718177,0.0108186890471226,0.4399707556403458,-0.020822442730760414,0.009779384887022,0.0312525827319059,0.44430281649772363,0.027620577663174724,0.7804533068097597,0.0054290299021522,1,273.7099914550781
2025-04-08,0.0054290299021522,-0.04396818391546249,-0.011812187604418526,0.5123768356941285,0.0105957754604526,0.406778699928811,-0.016554501327919347,0.0136153464848419,0.03067770186909069,0.4695294165180131,0.014825642837451542,0.11510175706053194,0.0363234921961587,1,275.20001220703125
2025-04-09,0.0363234921961587,-0.009694251523951689,0.02533762710416617,2.751354917297738,0.0132020380096342,0.7527459718043563,0.017089310768681244,0.0487770832593803,0.0311553490486991,0.6023490739521835,0.016924754676659968,1.0704174952247278,0.0241300928868144,1,285.3800048828125
2025-04-10,0.0241300928868144,0.020492423567276808,0.03615104886959107,1.766167856167393,0.0136624006617225,0.799658786804722,0.03874279757437477,0.0713877589468406,0.031427376872019686,0.6643210362400598,0.019257650924217554,0.5813368800446075,0.0189067995005809,1,292.3500061035156
2025-04-11,0.0189067995005809,0.0630694278000025,0.047673060141389875,1.3414403351600381,0.0140944021176501,0.45440623377622846,0.05431900587345706,0.0886548402029967,0.03256683616463296,0.7040814118995675,0.008256944636504527,0.6302353080379963,-0.0057223182906535,0,297.92999267578125
2025-04-14,-0.0057223182906535,0.07906709619505271,0.027689692737790372,-0.40147706809055234,0.0142531634941671,0.3174575433386684,0.04469851636594857,0.0794712468787145,0.03328494294576512,0.6777431411697191,0.006920256952167358,-0.05298515879087884,0.0052187380190257,1,296.2300109863281
2025-04-15,0.0052187380190257,0.07885680431192621,0.034888620396463677,0.3693161690416521,0.0141308138026232,0.3336271474763397,0.04687523863105792,0.0821351353415311,0.03368108768775602,0.6891605924917467,0.006481270346205108,-0.3922909972161083,0.032022570753676,1,297.7799987792969
2025-04-16,0.032022570753676,0.07455588286944351,0.06486163134549178,2.059998347258142,0.0155449497308083,0.17746591241930654,0.07595589766827855,0.1137086134910709,0.035087605267657196,0.7490260089559745,0.013855041951124036,0.5236456151401747,-0.0044003594906631,0,307.4700012207031
2025-04-17,-0.0044003594906631,0.04602543049196601,0.06651785405924278,-0.281690351149071,0.0156212645293428,0.14337625693472633,0.06649755705636574,0.105455977938339,0.03652931094329204,0.7279900691485693,0.014373428611874859,0.28260552435350017,0.0304667251965626,1,306.1199951171875
2025-04-21,0.0304667251965626,0.0575853561879477,0.12065478398795018,1.8611340473988607,0.0163699789594109,0.16145252723498982,0.09243026410775487,0.1353767273693099,0.03931277324748206,0.775599033171907,0.007794896807959345,0.37567298738534816,-0.01429739087994,0,315.5899963378906
2025-04-22,-0.01429739087994,0.04901028359866121,0.12807737979371386,-0.8485347906797173,0.0168495046248924,0.18215893838499886,0.07064806019413483,0.1154701732255154,0.04186446947211886,0.7121011314341859,0.023368004479299133,1.1784655059656637,-0.0242707980646061,0,311.1099853515625
2025-04-23,-0.0242707980646061,0.019520747515029406,0.09837755182695558,-1.3378583857867974,0.0181415300172689,0.283827688246884,0.04046735520801826,0.0859753218589222,0.04373800525611471,0.6209389053774639,0.013667031055166517,0.4784974769027479,0.0144513514097526,1,303.6499938964844
2025-04-24,0.0144513514097526,0.0019495281711060086,0.07650541104054948,0.7925291730731985,0.0182344724973523,0.17301585486723536,0.05024521902783775,0.098586453821831,0.04602852164253646,0.6495643029260583,0.012302426249930906,-0.3820695911004346,-0.0109008789559565,0,308.07000732421875
2025-04-25,-0.0109008789559565,-0.004550991294187392,0.04147443919777857,-0.5904417588199693,0.0184622425380998,0.18186607130431343,0.03484404547614947,0.0838112662454391,0.04731845439257376,0.6119571535073282,0.014307699256303683,-0.39463068513984123,0.0141416374596136,1,304.7300109863281
2025-04-28,0.0141416374596136,-0.020876079031136394,0.03670927715681127,0.7606670471532034,0.0185911004197417,0.135682609356923,0.04514407024768295,0.0962246189800696,0.04887416977860415,0.6410390997336698,0.019865997946602584,-0.4688666218177956,-0.0097866589704954,0,309.07000732421875
2025-04-29,-0.0097866589704954,-0.016365347121691794,0.032644936476969366,-0.5237747237074566,0.0186848630289413,0.10892654976559113,0.03183913074905399,0.0824946753622973,0.0490924826396828,0.6070580172502557,0.009638672909113136,-0.6038842135537028,-0.0075103532440418,0,306.05999755859375
2025-04-30,-0.0075103532440418,0.00039509769887250724,0.01991584521390187,-0.3994179102973615,0.018803246049859,0.036475205341567785,0.02132963498913907,0.0718877602951965,0.04950226016558812,0.5817899075116851,0.00865788253590163,-0.5075313382163105,-0.0209910665037978,0,303.7699890136719
2025-05-01,-0.0209910665037978,-0.03504732021467789,-0.033097792043571925,-1.0743048489552105,0.0195392085628322,0.07155326624717828,-0.0014468678496596956,0.047654778647002,0.04917279302997479,0.5178301694657352,0.008807890783467488,-0.12529717288047848,0.0017466735903771,1,297.4599914550781
2025-05-02,0.0017466735903771,-0.022399767668344294,-0.02695075896253173,0.08977440200307837,0.0194562542484795,0.05384024764751061,-0.001638325110522351,0.0474948142177902,0.04921376747935757,0.5224892348764585,0.012819676432571241,-0.47470666976170706,0.0294304005776794,1,297.9800109863281
2025-05-05,0.0294304005776794,-0.0071110045502784935,-0.027987083581414926,1.5174221747331011,0.0193949983516327,0.04324100853316626,0.02352358008290126,0.0760470329049416,0.05131630950582111,0.5946757532328316,0.009678053875935228,-0.43843822395705345,0.0276385157477369,1,306.8800048828125
2025-05-06,0.0276385157477369,0.030314170167953805,0.013948823046261969,1.4545446365690624,0.0190014902622238,0.01694565450076202,0.044928165395446654,0.1028556195156246,0.05543678124347973,0.6497715080183991,0.01337644565026342,-0.2603198669192306,-0.0151065929631357,0,315.4800109863281
2025-05-07,-0.0151065929631357,0.022717930448859905,0.023113028147732376,-0.7691473794363171,0.019640700036197,0.044537734820753405,0.023237279713741132,0.0831300104566051,0.05853259251814946,0.6013548876256644,0.010233381153207965,-0.4822506276356595,-0.019890788928179,0,310.75
2025-05-08,-0.019890788928179,0.02381820802447871,-0.011229112190199226,-1.0414633746223916,0.0190988847163165,-0.02253539825319706,-8.36876753516872e-05,0.0591700094346525,0.059258656329197024,0.5447912253117518,0.024390319647657872,-0.18107905104146782,0.0072284856935388,1,304.6300048828125
2025-05-09,0.0072284856935388,0.02930002012764041,0.006900252459296075,0.3909134212120886,0.0184912701925806,-0.04959762776405496,0.00478091568293875,0.063753799200438,0.058692280672365316,0.5608546865721893,0.008343102558816009,-0.5033259009317265,-0.0285955517409961,0,306.8399963378906
2025-05-12,-0.0285955517409961,-0.02872593219103509,-0.03583693674131363,-1.4820002146412063,0.0192952412951702,-0.005143442379003993,-0.023585996841238323,0.0312690497655336,0.056180110515941406,0.4882331172244928,0.008886930731371832,0.058329637080076546,0.0042499487599532,1,298.19000244140625
2025-05-13,0.0042499487599532,-0.05211449917881879,-0.021800329010865024,0.22057915099599698,0.0192672278443502,0.013985091614350909,-0.01994573264497354,0.0333226051853364,0.054352437007463505,0.498500381247666,0.010218385246473831,-0.2404857548403856,-0.0212622766256428,0,299.4599914550781
2025-05-14,-0.0212622766256428,-0.05827018284132589,-0.035552252392466024,-1.0721954210205142,0.0198305982368451,0.00966860653123991,-0.039838061585479784,0.0099040702954435,0.05180598177330453,0.45024398375494323,0.009687530025971587,0.07113340136202106,0.0158378697194074,1,293.1600036621094
2025-05-15,0.0158378697194074,-0.022541524193739493,0.0012766838307391726,0.8460108830723345,0.0187206453679311,-0.019804263652225873,-0.022969287313459822,0.0240351043800273,0.048109431037474115,0.4897583868749404,0.013933635332765483,0.003271967223837713,-0.0121606896022099,0,297.8399963378906
2025-05-16,-0.0121606896022099,-0.041930699489488195,-0.012630679361847828,-0.6447248706168245,0.0188618279772199,0.020039606840420277,-0.03289424861439623,0.0098527565390989,0.044200962606467886,0.46223564989642774,0.009516000155989801,0.06982670513302436,0.0127984208167456,1,294.239990234375
2025-05-19,0.0127984208167456,-0.000536726931746492,-0.02926265912278163,0.725692648958973,0.0176361450472253,-0.08598473699109366,-0.017602270893295784,0.0207835220155003,0.03907357658868005,0.4944462425746863,0.00704618862040333,-0.0902144372446757,0.0184509744839862,1,298.0299987792969
2025-05-20,0.0184509744839862,0.013664298792286509,-0.03845020038653233,1.0231013328979288,0.0180343568038602,-0.0639879826226023,0.0019356415793699163,0.0371257659433804,0.03512214048852447,0.5380788418306336,0.01772186942742294,0.09907355736439571,0.007351594562024,1,303.5799865722656
2025-05-21,0.007351594562024,0.04227816997995331,-0.015992012861372626,0.4254917163406604,0.0172778794032693,-0.12872626448721392,0.00896730108393024,0.0421679204305197,0.03290554541353541,0.5547806121910898,0.009122941470555658,0.12427522532822866,-0.0089009899253181,0,305.82000732421875
2025-05-22,-0.0089009899253181,0.017539310335227813,-0.005002213858511727,-0.5216566915765809,0.01706292676591,-0.08855029137301051,0.0008452456415194015,0.0306301823191136,0.029759782351269415,0.5298214697545328,0.010491217147112233,-0.11661023460233033,0.0216697929051216,1,303.1099853515625
2025-05-23,0.0216697929051216,0.05136979284255931,0.009439093353071071,1.2315667286847882,0.0175953055570632,-0.06714738474374404,0.021923100072465757,0.0507337340135491,0.028192565506191647,0.5797138651741625,0.008974975881507264,0.1998564435785486,-0.0170944333593,0,309.75
2025-05-27,-0.0170944333593,0.021476938666513713,0.020940211734767178,-0.9638236940820537,0.017736058435024,0.005665262308240049,0.005360275872906518,0.0308782750314697,0.025381944931539335,0.5316749988652321,0.007027962720648605,-0.13922246495916057,-0.0022685891736125,0,304.5
2025-05-28,-0.0022685891736125,0.0007573750089150131,0.014421673801201473,-0.12879770024876316,0.017613584475739,-0.023331706957862464,0.0034548333057773015,0.0266598292846012,0.023125102604147685,0.5255113600966618,0.006352630562820849,-0.21576190904644776,0.005907233361944,1,303.80999755859375
2025-05-29,0.005907233361944,-0.0006869861911649863,0.041591183788788275,0.33596729553768495,0.0175827630855855,0.017645897115042386,0.009093388071154335,0.0309552619521391,0.02166486683930513,0.54047721750857,0.007951386766908044,-0.15910446517753563,-0.0065986657130021,0,305.6099853515625
2025-05-30,-0.0065986657130021,0.0016153380211510141,0.019154648356378777,-0.389336081464333,0.0169485080555181,-0.0067056907622962125,0.001441492341113391,0.0226230288682631,0.021151047454238014,0.5207260932354015,0.008300358903196655,-0.1324882177201856,0.026233913208447,1,303.6000061035156
2025-06-02,0.026233913208447,0.00617945832447641,0.05754925116703568,1.4685819019750181,0.0178634321811854,0.015238531848886572,0.02574486993255453,0.047623253960816,0.02132926487821485,0.5861224218238433,0.009625565087273299,0.20742154051682182,-0.0088949946420193,0,311.6700134277344
2025-06-03,-0.0088949946420193,0.014378897041757108,0.03585583570827078,-0.5288693686651353,0.0168188879315704,-0.05171219449990261,0.016321832460745523,0.0362268584300758,0.019585357052830155,0.5580755794245469,0.007801636831241875,-0.1740171552534029,0.0064213132412345,1,308.9100036621094
2025-06-04,0.0064213132412345,0.023068799456604106,0.02382617446551908,0.4107525099101924,0.0156330468744755,-0.1124437563513262,0.023640180991786892,0.0405531017353672,0.016522329874931074,0.5739071814169714,0.010099757832362591,-0.3263952419358115,-0.0050626726440741,0,310.8999938964844
2025-06-05,-0.0050626726440741,0.012098893450586005,0.01141190725942098,-0.33078928285022624,0.0153048266874062,-0.12955508682516292,0.018709065801387075,0.0331642174313925,0.014189676047139166,0.5569547426234132,0.01470927006129068,-0.036270159368477106,-0.0135068823249481,0,309.3299865722656
2025-06-06,-0.0135068823249481,0.00519067683864001,0.006806014859790981,-0.9043601903256486,0.0149352906833332,-0.11878434170076924,0.004950978439179892,0.0174721715484548,0.012459506361914396,0.513755377025688,0.013434714600938508,-0.2931972217999306,0.0047074374937491,1,305.17999267578125
2025-06-09,0.0047074374937491,-0.01633579887605789,-0.010156340551581523,0.3163086378927378,0.0148824184034627,-0.16687799676382686,0.009729450075478535,0.0205956322182794,0.010761478871383456,0.5274517040744213,0.00831644326389793,-0.3509648946258551,0.0002934679226739,1,306.6199951171875
2025-06-10,0.0002934679226739,-0.00714733631136469,0.0072315607303923765,0.022097975737820172,0.0132803079411313,-0.21039322010089034,0.008610879325078778,0.0193581731750966,0.010655540278535769,0.5283458723102588,0.008900952242789823,-0.3369251411859905,0.0053976969783305,1,306.7099914550781
2025-06-11,0.0053976969783305,-0.00817095257426869,0.014897846882335378,0.4059730321191071,0.0132957032888502,-0.14951299029503617,0.012586315297591385,0.0234989403627126,0.010776982564606463,0.5454318915799503,0.008982680084095786,-0.12876786139865504,0.0123437023226924,1,308.3699951171875
2025-06-12,0.0123437023226924,0.009235422392497812,0.021334315843083776,0.998440702427654,0.0123629798872175,-0.1922169300100236,0.021968108142049025,0.0345195936989891,0.012281680276460705,0.5829690892918074,0.006246035012125898,0.10323937962039009,0.0130154940916994,1,312.20001220703125
2025-06-13,0.0130154940916994,0.035757798809145314,0.040948475647785275,1.064589567794289,0.0122258328330852,-0.18141313133406745,0.03223936153845537,0.0461221444200319,0.013449189595798439,0.6191381513241034,0.008093829995992934,0.5643245495692968,-0.0143617343038023,0,316.2900085449219
2025-06-16,-0.0143617343038023,0.01668862701159391,0.000352828135535976,-1.1602171252341382,0.0123784884668928,-0.1682475165452484,0.014616560283982007,0.0294783845469793,0.01464772490884414,0.5613254841343358,0.010327799195940412,0.2189161395107031,0.0005130624809404,1,311.7799987792969
2025-06-17,0.0005130624809404,0.01690822156986041,0.009760885258495677,0.04217824251666767,0.0121641502899902,-0.08404606701055295,0.012844837257129163,0.027819743549248,0.014784995431948111,0.5628849229870754,0.00923256030092989,-0.20594846731785688,-0.0054001823384026,0,311.94000244140625
2025-06-18,-0.0054001823384026,0.006110342253127309,-0.0020606103211414234,-0.4633806537794157,0.011653879579041,-0.12348528499323808,0.006298725674985639,0.0198279384372528,0.013444529359999402,0.5411332669323363,0.01005616430271674,-0.08090845962815774,-0.0004191069541604,0,310.260009765625
2025-06-20,-0.0004191069541604,-0.006652467023725491,0.002582955368772277,-0.03624471620832334,0.0115632566068804,-0.06468693532082515,0.005174497231990295,0.017065119171694,0.011829410686848618,0.539396196012764,0.005288152138188645,-0.1218235539050978,0.0030584905042089,1,310.1300048828125
2025-06-23,0.0030584905042089,-0.01660947061121599,0.019148328197929276,0.26952119675768477,0.0113478662940142,-0.071812411559814,0.006952945538952001,0.0184637900476496,0.011431362865259587,0.5507449080947302,0.007586524273532396,0.2483280310785756,-0.01584423839127,0,311.0799865722656
2025-06-24,-0.01584423839127,-0.01809197469868369,-0.0014033476870898218,-1.4543159925151812,0.0108946325783491,-0.11987375457935623,-0.008304335790896554,0.0015465382586376,0.00993336404005607,0.4845620719686961,0.009144608807090516,0.19175735490706725,0.0030327025232496,1,306.19000244140625
2025-06-25,0.0030327025232496,-0.015572334656374491,0.001335886913485879,0.297444459534871,0.0101958615332489,-0.16181062464847973,-0.005714113577922511,0.0039849362214729,0.009754789776105,0.49694343524148044,0.007293534351354392,-0.3237338465022872,-0.0011076604529502,0,307.1199951171875
2025-06-26,-0.0011076604529502,-0.011279812770922092,-0.005169470517794822,-0.10877549941543167,0.0101829957931966,-0.12621408826719993,-0.007292090897724517,0.0021822074284154,0.00954389326333449,0.4922876766619696,0.00788843287490648,-0.31130839229700336,-0.018289975504647,0,306.7799987792969
2025-06-27,-0.018289975504647,-0.029150681321408693,-0.03580314834513422,-1.67550323462251,0.0109161087407675,-0.05596588297866123,-0.024590849895932944,-0.0162021842862168,0.00860015062276287,0.422566652165176,0.00819988942671592,0.32399790370897197,0.0119133012797551,1,301.2200012207031
2025-06-30,0.0119133012797551,-0.020295870545862488,-0.036905341157078525,1.0662088619195074,0.0111735155326954,-0.015364188896970554,-0.013097550319551713,-0.004240095942398,0.00897500495618564,0.4745965788897641,0.009743139951879474,-0.1790047458197851,0.0088834358471799,1,304.8299865722656
2025-07-01,0.0088834358471799,0.004431803692587406,-0.013660171006096324,0.9243760387650156,0.0096101970135967,-0.11789618011579017,-0.0036268886174606637,0.0045512306087947,0.008207888322987467,0.5103935918328517,0.0053325141067522884,-0.044010086658218484,0.0055123753094295,1,307.54998779296875
2025-07-02,0.0055123753094295,0.006911476478767306,-0.008660858177607225,0.5802380263167758,0.0095001965735008,-0.06823013018365576,0.0018254847782768716,0.0105225093468534,0.008681177211719016,0.5318617905410364,0.007890064483124494,-0.14400171273766293,-0.0068462938820206,0,309.25
2025-07-03,-0.0068462938820206,0.001172843049696907,-0.010106969721225222,-0.7210058186344929,0.0094954766037627,-0.06751639727605907,-0.004403534841074634,0.0038882625475998,0.008328472105765039,0.5024159462081315,0.004623342319494804,-0.45078676529144746,0.0007485003525817,1,307.1400146484375
2025-07-07,0.0007485003525817,0.020211318906925606,-0.008939362414483122,0.07928394817602304,0.0094407552827706,-0.13515378905003184,-0.0033414467508384184,0.0043957088654025,0.0077630955867658,0.505628679597688,0.010345813600214459,-0.22063396904098942,-0.0104983269629637,0,307.3699951171875
2025-07-08,-0.0104983269629637,-0.0022003093357931946,-0.022496179881655726,-1.136009703536118,0.0092414060639491,-0.17291867211287748,-0.013586841737196221,-0.0058395663299308,0.007853986275800917,0.460897515096397,0.012098971426392748,0.22884827841371114,0.0044613161776255,1,304.1600036621094
2025-07-09,0.0044613161776255,-0.006622429005347594,-0.0021906253127602247,0.48310172943861157,0.0092347344374233,-0.03906918616155186,-0.008999544915695405,-0.0014459609085138,0.007622180159885916,0.48181356098259764,0.007560872092367019,0.08505866642201076,0.0022233161319651,1,305.5199890136719
2025-07-10,0.0022233161319651,-0.009911488182811994,-0.0030000117040447248,0.24035828192023076,0.0092500084216069,-0.026335050012729067,-0.0067116318393052226,0.0009643955767693,0.0077278941968166315,0.4924180225796937,0.005519276205200108,-0.2808804338960933,0.0095557730188639,1,306.20001220703125
2025-07-11,0.0095557730188639,0.006490578718072505,0.007663421767769375,1.013901035249996,0.0094247591102496,-0.007447492786731402,0.0027002697775375885,0.0103717710902418,0.007650841975345379,0.5365741970448155,0.005693244750688556,-0.06306774868762888,-0.0036620144241214,0,309.1400146484375
2025-07-14,-0.0036620144241214,0.0020800639413694057,0.022291382848294978,-0.40676872189881763,0.0090026942264069,-0.04640106042820136,-0.00028559527388711024,0.0063996120666684,0.006687117149609456,0.5179246146559692,0.005356948943769425,-0.393462775011032,-0.0041643640755145,0,308.010009765625
2025-07-15,-0.0041643640755145,0.008414026828818606,0.006213717493025376,-0.4940561395678741,0.0084289289050367,-0.08791704999111427,-0.0028931481400536452,0.0016105545110458,0.004516770336798537,0.4968584289879567,0.00961751893780167,-0.1040727911997058,0.0049756967893918,1,306.7300109863281
2025-07-16,0.0049756967893918,0.008928407440584906,0.002305978435237277,0.6237494608334904,0.0079770758963751,-0.136187840545972,0.002654167883931763,0.0059313262912066,0.0032684833038605365,0.5218913850672584,0.017387871218319178,0.894774380370621,-0.0021758989541098,0,308.260009765625
2025-07-17,-0.0021758989541098,0.004529192354510006,-0.005382295828302023,-0.2726498729658032,0.0079805610413129,-0.13723742967938535,0.0011831494721768658,0.0036983919009691,0.002512270037823061,0.5099265513516328,0.008290316138063395,-0.2825533983204169,0.0025975477973482,1,307.5899963378906
2025-07-18,0.0025975477973482,-0.0024290328670056936,0.004061545851066776,0.3274359021913843,0.0079329962901562,-0.15828126773776963,0.004092731593344686,0.0067747782512409,0.0026711145031796946,0.5239602096734306,0.0034047399172950814,-0.38530670982006243,0.0152531921274327,1,308.3900146484375
2025-07-21,0.0152531921274327,0.016486173684548407,0.018566237625917775,1.7610435300256564,0.0086614509337032,-0.037904574355392295,0.01902807230243598,0.0220901944319081,0.0030049438408046303,0.597502208515625,0.00542909392431898,0.19799792558244933,0.0094401831613078,1,313.1300048828125
2025-07-22,0.0094401831613078,0.030090720921370707,0.03850474775018928,1.063529880740683,0.0088762745008474,0.05307265025611829,0.027853841666827004,0.031012591266398,0.0030731505507131107,0.6354996209605311,0.008288500685221469,0.48361492847023,-0.012478717461642,0,316.1000061035156
2025-07-23,-0.012478717461642,0.012636306670336907,0.02156471411092178,-1.4559636413223347,0.0085707617329706,0.07442399248893716,0.01411961481609735,0.0178722459929181,0.003700383191485024,0.5603135704100713,0.011339541643913875,0.15219203236952294,-0.0061370703288567,0,312.17999267578125
2025-07-24,-0.0061370703288567,0.008675135295590006,0.01320432765009998,-0.7055038714198406,0.0086988471324838,0.0900044605200756,0.007399525010735553,0.0108483327801747,0.003423475675554233,0.527562377584476,0.006220365308022768,-0.16340761330802156,-0.0092930394906785,0,310.2699890136719
2025-07-25,-0.0092930394906785,-0.0032154519924366947,-0.005644484859442422,-1.0363156811379,0.0089673828735994,0.13039040302171023,-0.0020193614356669846,0.0009801212737724,0.003005552005251877,0.4819742784312823,0.006863973303373026,0.004756207528599177,-0.0064946630675782,0,307.3999938964844
2025-07-28,-0.0064946630675782,-0.024963307187447596,-0.008477133502899222,-0.8084542974483407,0.0080334325490962,-0.07250729576534021,-0.009153827858955658,-0.0062926101501382,0.002887650766854044,0.4527596824499891,0.008283942074457854,0.015845409781484854,0.0027466136773079,1,305.4100036621094
2025-07-29,0.0027466136773079,-0.031656876671447495,-0.0015661557500768223,0.36093252124327413,0.0076097705683236,-0.1426841781879199,-0.006657430365153605,-0.0041045516510686,0.0025699882317773426,0.4674340880492815,0.006661252391581633,-0.36267854625301255,-0.0174244246984347,0,306.25
2025-07-30,-0.0174244246984347,-0.0366025839082402,-0.023966277237903323,-2.1044228168223262,0.0082799067559748,-0.03393572077460971,-0.022771512793879595,-0.0217347056076814,0.0010609670100412139,0.3955059079592448,0.012260774010412034,0.4607184213353708,0.0066234182282512,1,300.9599914550781
2025-07-31,0.0066234182282512,-0.023842095351132297,-0.015166960055542323,0.7951223944484219,0.0083300612264177,-0.04239480248928118,-0.015271837796229384,-0.0155492535264119,-0.0002817180830511079,0.43114592248860817,0.00577634027382617,-0.028829101604740726,0.0200963978265726,1,302.9599914550781
2025-08-01,0.0200963978265726,0.005547341966118802,0.002331889973682076,2.1280305315899724,0.009443660477727,0.053112219121344006,0.004396275684779502,0.0040739391390577,-0.0003209256680108963,0.5240682111277387,0.006793619376446601,0.33424337054512887,0.0058063397939676,1,309.1099853515625
2025-08-04,0.0058063397939676,0.017848344827664602,-0.007114962359783023,0.6097087934725048,0.0095231360546704,0.18543798014981783,0.009664416697194539,0.0095870476316218,-7.662849585787779e-05,0.5473730626634442,0.0044064041074612145,-0.20760138376718684,0.0008037680984962,1,310.9100036621094
2025-08-05,0.0008037680984962,0.015905499248852904,-0.015751377422594623,0.08774739290462265,0.0091600225589592,0.20371862419724884,0.0093290682994342,0.0098708867625638,0.000536810521114317,0.5506640075084893,0.006491801612990704,-0.2554220431337457,-0.0021233597342562,0,311.1600036621094
2025-08-06,-0.0021233597342562,0.031206564213031404,-0.005396019695208823,-0.23199507772188374,0.0091526068359161,0.10539974732342938,0.006375325427491653,0.0076797861304619,0.001296197025117074,0.539511514867155,0.004508837025714574,-0.19689636637340502,0.0084025866801711,1,310.5
2025-08-07,0.0084025866801711,0.032985732664951306,0.009143637313818977,0.9029315586117249,0.0093058954469265,0.11714610421038318,0.013730277069541502,0.0156143421313247,0.0018585467006368983,0.57620429552554,0.007792547519978917,0.15513047517686496,-0.0002236048562566,0,313.1199951171875
2025-08-08,-0.0002236048562566,0.0126657299821221,0.01821307194824088,-0.024589046355395803,0.0090936774458328,-0.03706010320041053,0.012862556721860161,0.0147790087708177,0.0018921146173673797,0.5748861257253737,0.00808177248986208,0.9959091830610471,-0.0144790179929437,0,313.04998779296875
2025-08-11,-0.0144790179929437,-0.0076196278047892,0.01022871702287538,-1.4979405435808297,0.0096659497301085,0.01499649638713918,-0.0017842379378574065,1.2580913871283762e-06,0.0017886874732933045,0.4962926605499019,0.006579156893887049,0.013268939613225506,-0.000907878502829,0,308.54998779296875
2025-08-12,-0.000907878502829,-0.0093312744061144,0.00657422484273848,-0.09439502588696479,0.0096178638047746,0.049982545661702016,-0.0029384588794907117,-0.0012085492131408,0.0017350079157658627,0.49178749865763705,0.00843418495531952,-0.05565255835830363,0.0030446433804474,1,308.2699890136719
2025-08-13,0.0030446433804474,-0.0041632712914108,0.02704329292162058,0.3178941343572668,0.0095775387193073,0.04642741581815879,-5.1758079960993584e-05,0.0019967757916494,0.002048639905278371,0.5079367000677998,0.006274061301437902,-0.5095094522807041,-0.0063588816359785,0,309.2099914550781
2025-08-14,-0.0063588816359785,-0.0189247396075604,0.014060993057390881,-0.6571634134285897,0.0096762563253523,0.039798521328554104,-0.006335509651031617,-0.0042474598512297,0.0021013630054029786,0.4741074502708686,0.005923538890866558,-0.3926569081009528,0.0005856467855486,1,307.25
2025-08-15,0.0005856467855486,-0.0181154879657552,-0.005449757983633123,0.060640614881864584,0.00965766568643,0.06201982024946906,-0.005599033619718501,-0.0034399881068071,0.00217120214672617,0.4775486821808153,0.003675649447788962,-0.37601337538314905,-0.0015624875893944,0,307.42999267578125
2025-08-18,-0.0015624875893944,-0.0051989575622059005,-0.012818585366995122,-0.1745456546188622,0.0089517415532701,-0.07388908454734766,-0.00615823652797194,-0.0048423343515561,0.0013240560266039036,0.4687401709408825,0.004104934730464028,-0.3427582757677313,-0.0054883127211995,0,306.95001220703125
2025-08-19,-0.0054883127211995,-0.0097793917805764,-0.01911066618669082,-0.6342603954712301,0.0086530906870228,-0.10031054060807731,-0.009861830949003175,-0.0102948857878754,-0.0004373680890287224,0.438268155931653,0.007501584260938649,-0.43638440692286096,0.0100712891656241,1,305.2699890136719
2025-08-20,0.0100712891656241,-0.0027527459953996993,-0.00691601728681052,1.1643447296016833,0.0086497485749512,-0.09687145847667245,0.000780511219992439,-0.000389696400114,-0.0011692949722611479,0.502348088592779,0.00346999408175101,-0.2530558058591681,-0.003475929162816,0,308.3599853515625
2025-08-21,-0.003475929162816,0.00013020647776280014,-0.018794533129797623,-0.40509474821329217,0.00858053375944,-0.11323827408761888,-0.0022095852370825897,-0.0038956976300421,-0.0016898462522915159,0.48185033581603626,0.0036447495396641607,-0.43939614723282716,0.0106495189827534,1,307.2900085449219
2025-08-22,0.0106495189827534,0.0101940786749676,-0.007921409290787622,1.2295718084408047,0.0086611606655636,-0.10318280350774522,0.007952797024851584,0.0066247939702941,-0.00131752504529703,0.5435268788353065,0.014778789800812315,-0.0010842626106302156,-0.0024177572824804,0,310.5799865722656
2025-08-25,-0.0024177572824804,0.0093388089818816,0.004139851419675678,-0.28329012322245367,0.008534562571325,-0.04660310839656712,0.004798085991241712,0.0043482577489022,-0.00044768023407981694,0.5280946201380069,0.003776209407940441,-0.5112037954099518,0.0072358055476428,1,309.8299865722656
2025-08-26,0.0072358055476428,0.022062927250723896,0.012283535470147476,0.836608202705796,0.0086489775312272,-0.0004753394994194693,0.011139096198553688,0.0119180802882122,0.0007704025020762728,0.5677455921115642,0.006088163221720756,0.3647220772100104,0.0020166939883499,1,312.0799865722656
2025-08-27,0.0020166939883499,0.0140083320734497,0.011255586078049976,0.2692153476415587,0.007491006757293,-0.13396248545464085,0.011255387382049745,0.0138997203040985,0.0026149011961207336,0.5784267428287737,0.006843448264891532,-0.46764673263422507,0.0073916523509603,1,312.7099914550781
2025-08-28,0.0073916523509603,0.024875913587226,0.025006120064988778,0.9831493960864375,0.0075183409361627,-0.12379099634783353,0.01677356769296172,0.021217255594629,0.004370381019787928,0.6160521316983048,0.006380278880853574,0.1796635635163799,0.009603638858147,1,315.0299987792969
2025-08-29,0.009603638858147,0.0238300334626196,0.03402411213758717,1.482026396577674,0.006480072743862,-0.2518239767071302,0.02510309128511768,0.0305500871977846,0.005313607927802,0.6589991956637127,0.01084661115480923,0.8877164358500311,0.0233674025091434,1,318.07000732421875
2025-09-02,0.0233674025091434,0.0496151932542434,0.05895400223612498,2.8872182905456265,0.0080933965352261,-0.05169169859755429,0.046862697197890914,0.0538591614601871,0.006683268284392474,0.7372836328377659,0.017445324663675366,1.3695361129124803,0.0078014813491287,1,325.5899963378906
2025-09-03,0.0078014813491287,0.0501808690557293,0.07224379630645317,0.9542116449068229,0.0081758395957225,-0.05470449354232121,0.052189478520121686,0.0609412884925598,0.008317712875011152,0.7576050665234795,0.008289148227220258,0.705086001632667,-0.0044286747373555,0,328.1400146484375
2025-09-04,-0.0044286747373555,0.0437355003300239,0.057743832403473576,-0.5359925768824206,0.008262567297321,0.10299824376434241,0.04482793444432529,0.0548547866376558,0.009596654016207129,0.7233421724730443,0.006764796714201562,0.21471827817257205,0.0132576680069797,1,326.69000244140625
2025-09-05,0.0132576680069797,0.0496015159860433,0.07447742957326928,1.5576354116608815,0.0085114063969843,0.13208571801326863,0.055745106189923024,0.0672834797447391,0.010929128145767075,0.758682320805372,0.007581966041922055,0.6238792693897768,0.0113237113655559,1,331.04998779296875
2025-09-08,0.0113237113655559,0.051321588493452204,0.07515162195607177,1.303600213977729,0.0086864908766802,0.3404928030951728,0.06407426298910994,0.0774896927375484,0.012607606644627456,0.7843358234484501,0.007287504892273371,0.8939990081005125,-0.002272485609217,0,334.82000732421875
2025-09-09,-0.002272485609217,0.0256817003750918,0.07529689362933517,-0.2934210549042477,0.0077447939445197,-0.043072471389375866,0.057372746119951565,0.0727764100241707,0.0145678654577992,0.7666424497809899,0.013350869567362214,1.0818757554434009,0.0035857690781288,1,334.05999755859375
2025-09-10,0.0035857690781288,0.021465988104091897,0.07164685715982118,0.4680853739113596,0.0076605022886441,-0.06303172916308408,0.05665757053506446,0.0745299648845901,0.016914083472165498,0.7752629878766761,0.030752243805640008,0.13684120367726837,-0.0014924929949519,0,335.260009765625
2025-09-11,-0.0014924929949519,0.024402169846495497,0.06813767017651937,-0.19225958211947708,0.0077629056429781,-0.06047293006677312,0.050850579025545746,0.0710592936521209,0.01923081647375091,0.7626217177660922,0.006542007341138307,-0.15321648331157933,0.0019696315993883,1,334.760009765625
2025-09-12,0.0019696315993883,0.0131141334389041,0.06271564942494738,0.266370753182754,0.0073943237981422,-0.1312453602541992,0.04828745945943412,0.0713768256217466,0.02202579641105218,0.7679993595383113,0.003458361503999211,-0.11876036313335347,0.0103510782764184,1,335.4200134277344
2025-09-15,0.0103510782764184,0.012141500349766599,0.06346308884321877,1.3889676001492848,0.0074523540184133,-0.14207542214544555,0.05400981179664953,0.0803317355886233,0.02497312975398769,0.7945091299545686,0.008999403263438526,-0.05160927368015866,0.0020044005996876,1,338.9100036621094
2025-09-16,0.0020044005996876,0.0164183865586712,0.04210008693376297,0.2733803653265776,0.0073319113364018,-0.05331098684814728,0.05079128036682606,0.080280286770966,0.028063619250671357,0.799320670293124,0.00665511290084146,0.06254248335176826,-0.0077450875713346,0,339.5899963378906
2025-09-17,-0.0077450875713346,0.005087529909207799,0.026553518013299672,-1.030248453600371,0.0075176891013698,-0.018642796763602032,0.03759540234730419,0.0697127584047615,0.030953641452920566,0.7285383272153652,0.016974808439866824,0.37554249130474937,-0.0040143562164694,0,336.9700012207031
2025-09-18,-0.0040143562164694,0.002565666687690299,0.026967836534185774,-0.5233900800531891,0.00766991268933,-0.011979142594914283,0.029119321528117578,0.0633949549545285,0.03330579137851175,0.6944156330496526,0.00747872535052206,0.19873882961941836,0.0105513652969732,1,335.6199951171875
2025-09-19,0.0105513652969732,0.011147400385275199,0.024261533824179275,1.3941507374808746,0.0075683102359783,0.023529729368872543,0.03497517204981018,0.0724333399346551,0.03619233475007655,0.7302901723417716,0.008609037946780035,0.1570017541211035,0.0171583803676831,1,339.17999267578125
2025-09-22,0.0171583803676831,0.0179547024765399,0.030096202826306477,2.1564279088460068,0.0079568532281078,0.06769662424087497,0.047378634738382476,0.0885214831872529,0.0392817335434259,0.7768157227155709,0.009360994350378425,-0.05753091116606435,0.0040780484982401,1,345.04998779296875
2025-09-23,0.0040780484982401,0.0200283503750924,0.03644673693376358,0.5257302385754236,0.0077569220847757,0.057967251494680294,0.045844339568606625,0.0903245218579055,0.042530404006055234,0.7863495177159616,0.009900111875474607,0.3264566924588801,-0.0091043690037547,0,346.4599914550781
2025-09-24,-0.0091043690037547,0.018669068942672302,0.02375659885188008,-1.082900488123238,0.0084073920952177,0.118347936693177,0.0315021157469611,0.0779603075473532,0.045039356770247174,0.7132772659068575,0.013660642618474281,-0.08633422981004324,0.0041565384898878,1,343.32000732421875
2025-09-25,0.0041565384898878,0.026839963649029498,0.02940563033671978,0.4957649738312558,0.0083840906665233,0.09311422517062407,0.03083689582912788,0.0799755229328416,0.04766867319411405,0.7257751011270329,0.009746150403372008,-0.11771511697101456,0.0057556747202155,1,344.75
2025-09-26,0.0057556747202155,0.0220442730722718,0.03319167345754698,0.6879652644424975,0.0083662286712683,0.10542887519288624,0.031895154653501345,0.0835516419848397,0.05005982158011402,0.742590204810646,0.00847898288114673,-0.18933555826819592,0.0163619249989319,1,346.739990234375
2025-09-29,0.0163619249989319,0.021247817703520598,0.03920252018006047,1.8805803872166764,0.0087004656169727,0.09345558696974177,0.04357761737113804,0.0984010905035153,0.05253415962531127,0.7836549781999957,0.004397627618867771,0.08904974873971505,0.0085037445382532,1,352.4599914550781
2025-09-30,0.0085037445382532,0.0256735137435337,0.045701864118626076,1.1145278372178118,0.0076299077100497,-0.01637432648386239,0.04785459431412691,0.1048657495993249,0.054407506150712326,0.8015923663296004,0.013221965822407391,-0.051653145721311855,0.0015741326049985,1,355.4700012207031
2025-10-01,0.0015741326049985,0.036352015352286896,0.05502108429495917,0.20683948960615536,0.0076104065427536,-0.09479581104792789,0.04520880997101168,0.1038663136701377,0.05612036861873837,0.8048344070619726,0.006123058964850398,0.11136404993916393,-0.0034889043060359,0,356.0299987792969
2025-10-02,-0.0034889043060359,0.028706572556363195,0.055546536205392676,-0.461627491422757,0.0075578347712415,-0.09855044847987449,0.037290015182926864,0.097122882907183,0.057681908481211686,0.7746500147024717,0.02049104922955998,0.13529783647091875,0.0080008455959522,1,354.7900085449219
2025-10-03,0.0080008455959522,0.030951743432099898,0.052996016504371676,1.0943705964622397,0.0073109106017801,-0.12614023725079648,0.04157387530717501,0.102705448711113,0.0586915386927398,0.7937922679458056,0.006542967116722137,0.02176188935528134,0.0186703577121424,1,357.6400146484375
2025-10-06,0.0186703577121424,0.0332601761453104,0.05450799384883097,2.372711774860446,0.0078687845316739,-0.09559041112424749,0.05665477926013392,0.1195529626892654,0.059525764387468705,0.830468456723774,0.010785423522471025,0.2140618874185356,0.0051461978380271,1,364.3800048828125
2025-10-07,0.0051461978380271,0.0299026294450843,0.05557614318861797,0.6666441543099814,0.0077195574351863,0.011749778443390424,0.057170837838204654,0.1211370785580515,0.06050700457331071,0.8390666968991541,0.007426421526182314,0.21657530381325052,0.0163564577146157,1,366.260009765625
2025-10-08,0.0163564577146157,0.0446849545547015,0.08103696990698837,2.007552454129415,0.008147462190077,0.07056858845928127,0.06889073503615833,0.135036030318273,0.061882186002741646,0.8630910621832761,0.008246058084551658,0.9155080955162691,-0.018625225753276,0,372.2999877929687
2025-10-09,-0.018625225753276,0.0295486331074614,0.05825520566382457,-1.9292852851754085,0.0096539510752463,0.27734349419502835,0.044567688375005896,0.1097290254614799,0.0623811532863352,0.7296664034455952,0.02843229854331027,1.1213214068271364,0.0100470588599546,1,365.4299926757813
2025-10-10,0.0100470588599546,0.0315948463714638,0.06254658980356367,1.0340278911207716,0.0097164292629135,0.329031333052779,0.05005781023276714,0.116448553230999,0.06322579800012629,0.7518554729700526,0.01319352834202705,0.4571254765676289,0.024010471634505,1,369.1199951171875
2025-10-13,0.024010471634505,0.036934960293826403,0.07019513643913677,2.2714318179760316,0.0105706327808244,0.3433628457196738,0.0696144739737136,0.1388273544932382,0.0647082497513265,0.7957451161556074,0.008675180012870832,0.08906153264716998,0.0071158116764839,1,378.0899963378906
2025-10-14,0.0071158116764839,0.03890457413228321,0.06880720357736747,0.6748559227166924,0.0105441938596887,0.365906523556325,0.07101122890317935,0.1421518804813528,0.06642381485675797,0.8068209223097633,0.01176504342497636,0.06335627021272794,0.0171839108316424,1,380.7900085449219
2025-10-15,0.0171839108316424,0.0397320272493099,0.08441698180401137,1.661971982188639,0.010339470830918,0.26904189178204496,0.08190311283541782,0.1566588012567737,0.06909647225751914,0.8309519761123733,0.008183002420987056,0.17597859770676672,0.0231179851694318,1,387.3900146484375
2025-10-16,0.0231179851694318,0.0814752381720177,0.11102387127947907,2.1811778460420825,0.0105988538309158,0.09787730933216832,0.09788015084804935,0.1776654796639585,0.07267216622349859,0.8573031011367658,0.016319841143867607,0.8221711929548539,-0.0189963492671914,0,396.4500122070313
2025-10-17,-0.0189963492671914,0.052431830044871695,0.08402667641633546,-1.5558480028272446,0.0122096433794765,0.2565977736367939,0.06984269617880574,0.1503202401806091,0.07522371680364581,0.7531931728509802,0.03100336219789958,1.9814830793324458,0.0357550747494029,1,388.989990234375
2025-10-20,0.0357550747494029,0.06417643315976959,0.10111139345359596,2.6178626838088297,0.0136581169709717,0.2920813024314055,0.0999984812009144,0.1858747951055578,0.0780694840695495,0.8022755937255536,0.022572183365266178,0.5756563085699447,-0.066427122202817,0,403.1499938964844
2025-10-21,-0.066427122202817,-0.009366500719531295,0.029538073412751872,-3.0885490305255705,0.0215075498385445,1.0397528843593808,0.02499864768984944,0.1051937766770356,0.07823925345455884,0.576395417587917,0.035097076382933974,1.283134717709936,0.0001060503248209,1,377.239990234375
2025-10-22,0.0001060503248209,-0.0264443612263528,0.013287666022957074,0.00497793699238291,0.021304071341838,1.0604605100420308,0.020399604528339332,0.100859608461735,0.07885146522629904,0.576593653286918,0.025286282272553175,0.2414804577486629,0.0039943702532297,1,377.2799987792969
2025-10-23,0.0039943702532297,-0.0455679761425549,0.035907262029462775,0.18749103688129407,0.0213043264343279,1.0100594624850192,0.019789247264280937,0.100795829081739,0.07943463027754882,0.5844969290837448,0.009503962676694228,-0.44416824102615093,-0.0033584660498819,0,378.7900085449219
2025-10-24,-0.0033584660498819,-0.0299300929252454,0.02250173711962627,-0.157098513882328,0.0213780892440364,0.7509183994654074,0.012176274619051373,0.0926424627503214,0.07949819626186638,0.5747791701325571,0.010489488160412916,-0.4633935770511527,-0.0282343960684557,0,377.5199890136719
2025-10-27,-0.0282343960684557,-0.093919563743104,-0.029743130583334425,-1.2631631666451926,0.0223521369321137,0.6365460172599084,-0.01791780568989351,0.0585729968807572,0.07788635514808817,0.5006046255391582,0.017029508279600578,-0.058022690179467706,-0.0071918297104921,0,367.010009765625
2025-10-28,-0.0071918297104921,-0.034684271250779095,-0.044050771970310425,-0.32123427962955114,0.0223881141165437,0.04094210101148321,-0.0261164168626206,0.0475168853041598,0.07560790985876342,0.483780159097905,0.014215908135374003,-0.24218747847973154,-0.0037944582730187,0,364.3800048828125
2025-10-29,-0.0037944582730187,-0.038584779848618696,-0.06502914107497153,-0.16927427337407797,0.0224160363969388,0.05219495547393649,-0.030707614096189273,0.0400973292050563,0.07304807541144975,0.4747637675891181,0.024022041930311638,-0.26140433184768164,0.0194514742074939,1,363.0
2025-10-30,0.0194514742074939,-0.023127675894354497,-0.06869565203690942,0.8546273072901732,0.0227601833472535,0.06833620942738472,-0.013688910673146908,0.0567860232731425,0.0714530483423721,0.5241132095267713,0.01583223536124244,-0.4193457722466424,-0.0054453497658757,0,370.1300048828125
2025-10-31,-0.0054453497658757,-0.025214559610348297,-0.05514465253559373,-0.23908486685098995,0.022775802741499,0.06538065593736353,-0.02041295624841465,0.0474088082541262,0.06923505668551888,0.5095776757192827,0.014017178448746684,-0.5628507377108373,0.0017912982604373,1,368.1199951171875
2025-11-03,0.0017912982604373,0.004811134718544706,-0.08910842902455932,0.07991965419770615,0.0224137388783736,0.0027559757014281594,-0.019230823780592862,0.0458230286836923,0.06632942188808344,0.5143405659288476,0.00894839146345268,-0.7080677653982452,-0.0176724375041694,0,368.7799987792969
2025-11-04,-0.0176724375041694,-0.005669473075132592,-0.04035374432591173,-0.7768642828556942,0.0227484232370767,0.016093768267276598,-0.035906040267094076,0.0244532130203945,0.06260723104645383,0.46657727890072204,0.012005893955629574,-0.5305930482409087,0.0114980132662479,1,362.3200073242187
2025-11-05,0.0114980132662479,0.009622998464134006,-0.028961781384484735,0.5091258717153331,0.0225838322211148,0.0074855260405854995,-0.024005068236732856,0.0331204259476598,0.05853052339235787,0.49907009859875456,0.006684707488884078,-0.645872241884687,-0.0012012407765741,0,366.510009765625
2025-11-06,-0.0012012407765741,-0.011029716519933994,-0.034157392414288536,-0.05412938621113249,0.0221920265618502,-0.02496275081509225,-0.025259832811016236,0.0287853216723742,0.05544570368865509,0.49565564324092326,0.009506325017410869,-0.6904335888383409,0.0061003762797749,1,366.0700073242187
2025-11-07,0.0061003762797749,0.0005160095257166052,-0.024698550084631732,0.2758326633281713,0.022116221502444,-0.028959736196397468,-0.019189606560539692,0.0319899701726167,0.05218090782427609,0.5138891792599459,0.0108604165689628,-0.4880361712970871,0.0269740263306077,1,368.30999755859375
2025-11-10,0.0269740263306077,0.025698737595887006,0.03050987231443167,1.2098399393224288,0.0222955330320096,-0.005273812058105731,0.007587939051229082,0.0566345967082656,0.048677297292006205,0.5862991669715327,0.010254254539729632,-0.3697613596765672,0.0039300815092205,1,378.3800048828125
2025-11-11,0.0039300815092205,0.04730125660927691,0.04163178353414427,0.17660391685326568,0.0222536486123684,-0.021749842595766622,0.011679559209477374,0.0575892800384241,0.045379705867360176,0.5958909658469809,0.009292649655595706,-0.48716481290185965,0.0159823610212774,1,379.8699951171875
2025-11-12,0.0159823610212774,0.0517856043643064,0.061408602828440365,0.719730244121837,0.0222060433777907,-0.01672828772483026,0.028170168693785996,0.0711773922954139,0.041828896530100135,0.6334801975534863,0.020777712418920756,-0.21903895286433994,-0.0081159438712029,0,385.989990234375
2025-11-13,-0.0081159438712029,0.04487090126967761,0.033841184749743576,-0.37625292035977276,0.0215704475155766,-0.028009116001246226,0.021707299024800064,0.0592161648208408,0.03671194855105986,0.6027012002173133,0.01820461595213234,-0.20104165329228751,-0.0182127611982625,0,382.8699951171875
2025-11-14,-0.0182127611982625,0.020557763791640205,0.02107377331735677,-0.8456048327828524,0.0215381470069477,-0.026138031554459706,0.005014894577489473,0.0375214038435592,0.03234430598139104,0.5401100762153672,0.019443551773426528,-0.13250379508184795,-0.0115301972752757,0,375.9599914550781
2025-11-17,-0.0115301972752757,-0.017946459814243195,0.007752277781643769,-0.584423796642521,0.019729171436064,-0.1151065369130706,-0.0023059999574484946,0.0235466510251796,0.02591240498742664,0.5048899543732085,0.01867348999160551,-0.19217377329376994,0.0072386702324458,1,371.6499938964844
2025-11-18,0.0072386702324458,-0.014637871091017897,0.03266338551825897,0.5440607305047754,0.0133048937859011,-0.40212528661451297,0.005332156191020925,0.0286997348952601,0.023243639985389253,0.5257534070442873,0.010471519604170674,-0.4471949498952372,0.0016281258445646,1,374.3500061035156
2025-11-19,0.0016281258445646,-0.028992106267730695,0.022793498096575666,0.12230330161325188,0.0133121986331413,-0.40051460736785505,0.007284089509019901,0.0281326883879301,0.02069783400338676,0.5305661998000629,0.019042070650604082,-0.1660464141302136,-0.0002933685939356,0,374.9599914550781
2025-11-20,-0.0002933685939356,-0.0211695309904634,0.02370137027921417,-0.02210144748507553,0.0132737276204965,-0.38463364698802904,0.00752182470708989,0.025576361535377,0.017919747627835214,0.529522735301712,0.01557955513618932,-0.19225692172737774,-0.0015485295000223,0,374.8500061035156
2025-11-21,-0.0015485295000223,-0.004505299292223196,0.01605246449941697,-0.11678606909928273,0.0132595395321154,-0.3843695315182786,0.006402418665510034,0.0218172320850844,0.015316749178737599,0.5236736301404847,0.011462336470598404,0.014674975026473192,0.0157200294295932,1,374.2699890136719
2025-11-24,0.0157200294295932,0.022744927412645707,0.004798467598402471,1.3110008454839375,0.0119908613970347,-0.392226813178988,0.020538298086672027,0.0356721561418482,0.014829289683248037,0.5753228745580101,0.016017875177169703,-0.18173037174786033,-0.0003157406112367,0,380.2000122070313
2025-11-25,-0.0003157406112367,0.015190516568963204,0.0005526454779452704,-0.02671726687893877,0.0118178484598512,-0.11176679423218616,0.018070940438506863,0.0330663523297211,0.014729240660533494,0.5739662863619859,0.011734349643874592,-0.11969417979935915,0.0079665217395295,1,380.0799865722656
2025-11-26,0.0079665217395295,0.021528912463928105,-0.0074631938038026285,0.6750590741493274,0.0118012216183724,-0.11350319030000477,0.023455970426817838,0.0387232852541843,0.014917412442275735,0.5997114154331777,0.008665711439057722,-0.19437931303689548,0.0123477827353176,1,383.1199951171875
2025-11-28,0.0123477827353176,0.034170063793181306,0.013000532802717872,1.0860514132993022,0.0113694274360423,-0.14346385875160605,0.03372093697546343,0.0486570750298989,0.014448907359985164,0.636728341000957,0.007760157078822337,-0.3487660371604696,0.0048094819130788,1,387.8800048828125
2025-12-01,0.0048094819130788,0.040528075206282405,0.03602277591405917,0.42826600924580094,0.0112301275591508,-0.15305297503350268,0.035719365587049176,0.050839324402198,0.014598509323593412,0.650405898501443,0.006773610387267625,0.013968821894345673,-0.0064608773045491,0,389.75
2025-12-02,-0.0064608773045491,0.018347168472140102,0.041092095884785775,-0.5656900950121633,0.0114212310972321,-0.047505369376004025,0.026531431097667167,0.0417019484297622,0.014778424578654414,0.6168348022713169,0.01567505288011424,-0.26764929149797567,-0.0009300505859088,0,387.239990234375
2025-12-03,-0.0009300505859088,0.017732858497468,0.03292337506643117,-0.0890783175571484,0.0104408189491469,-0.1165211684159333,0.022249425150789027,0.0384752412815357,0.015872658601254086,0.6119561991266399,0.011114604673997995,-0.27530578837418396,0.0006459865002764,1,386.8800048828125
2025-12-04,0.0006459865002764,0.010412323258214902,0.031941235722142976,0.06288907883651212,0.0102718391209978,-0.12959526961120915,0.020130956015859423,0.0367080415745106,0.016249958361614025,0.614238042768564,0.006716105883610516,-0.37475411444636064,-0.0017839435807102,0,387.1300048828125
2025-12-05,-0.0017839435807102,-0.003719403057812898,0.030450660735368378,-0.1734608638057198,0.0102844154097391,-0.09543242457958745,0.015587027804830273,0.0325547111626312,0.016707266726787795,0.6036865970719455,0.014387738131320204,-0.13548277904713546,-0.0026429393579943,0,386.44000244140625
2025-12-08,-0.0026429393579943,-0.011171824328885997,0.029356250877396378,-0.2561390116907385,0.0103183788386963,-0.0811877439193972,0.010634221428712638,0.0277050330432318,0.01689118699185399,0.5876172099250018,0.008380417093612126,-0.3635394227530855,0.0051240516088217,1,385.4200134277344
2025-12-09,0.0051240516088217,0.0004131045844848018,0.018760273056624876,0.5975928234753722,0.0085744865191355,-0.2492502387756168,0.014626162553738041,0.031063361740916,0.016200251672799926,0.6093552254756959,0.007589061661657735,-0.38645890774112346,0.0042501034686068,1,387.3999938964844
2025-12-10,0.0042501034686068,0.0055932586390004015,0.02332611713646837,0.49533912086231524,0.0085801893886515,-0.17820724308675306,0.01772414807377453,0.0336072818003079,0.015606521429795128,0.6270007059021122,0.013520138621425924,-0.11299028427491908,0.0107122489785418,1,389.0499877929687
2025-12-11,0.0107122489785418,0.015659521117265804,0.026071844375480675,1.3106230764569662,0.0081734017742923,-0.20429032444792206,0.027710316316373378,0.0426775267216456,0.014563647136402347,0.6680109075477642,0.014215228554346497,0.12023495773680759,0.0055789875076315,1,393.239990234375
2025-12-12,0.0055789875076315,0.023022452205607502,0.019303049147794574,0.7021008153177007,0.0079461344950967,-0.22736157783242616,0.031765197080621276,0.046255484198959,0.014044171250724435,0.6874425389223896,0.022557185344586086,0.6658242690857614,0.0009099271544497,1,395.44000244140625
2025-12-15,0.0009099271544497,0.0265753187180515,0.015403494389165474,0.1412260308868336,0.0064430554957594,-0.37557482658065855,0.0300384239189226,0.0450975955793287,0.014620009613924179,0.6906333665307349,0.011723052738663729,0.14738455485878665,0.0002274295635392,1,395.7999877929687
2025-12-16,0.0002274295635392,0.021678696672769,0.022091801257253775,0.04086575779972959,0.0055652843794984,-0.35094837841560855,0.027033307339087206,0.0435987352789297,0.016129396993717293,0.6914816215657517,0.010406918499437735,-0.04971845058749724,0.0085515594385759,1,395.8900146484375
2025-12-17,0.0085515594385759,0.025980152642738102,0.031573411281738475,1.5207163929613343,0.0056233755867675,-0.3446093865707439,0.03251350598730007,0.0507316597142134,0.017644470141330526,0.7224350230442166,0.0068371632845929,0.0654074965384368,-0.0018048314286413,0,399.2900085449219
2025-12-18,-0.0018048314286413,0.013463072235555002,0.02912259335282077,-0.3151919804628804,0.0057261337232971,-0.29941854304685755,0.027515054766573593,0.0473888659413012,0.019341625295448805,0.70627503719818,0.01545526143189833,0.2008371044625621,0.0011283535131123,1,398.5700073242187
2025-12-19,0.0011283535131123,0.009012438241035802,0.032034890446643274,0.19826564608580238,0.0056911196437127,-0.283787652068499,0.025480209775384857,0.0467234715245157,0.020715428290696725,0.7106315565223987,0.008671223373121723,0.006878354527050101,0.0228192545592986,1,399.0199890136719
2025-12-22,0.0228192545592986,0.030921765645884704,0.05749708436393618,3.2241522519242833,0.0070775983192727,0.09848476765890579,0.04459149061814264,0.0686906878482167,0.023070451412363413,0.7819256908888392,0.006858848486429685,0.43781169071776693,0.0131652977573308,1,408.2300109863281
2025-12-23,0.0131652977573308,0.0438596338396763,0.06553833051244527,1.913060836121467,0.0068817977498416,0.2365581487970354,0.05392569506587129,0.0808415692528944,0.025538682957474412,0.8113309418143245,0.01610096563740302,0.31499315258278204,-0.0041426515087481,0,413.6400146484375
2025-12-24,-0.0041426515087481,0.0311654228923523,0.05714557553509038,-0.5863491710783874,0.0070651613630307,0.2563915132497818,0.04532718172081748,0.0746244630260039,0.028026900876104044,0.7757254303551406,0.009224912917515487,-0.3176352054082163,0.011609088487159,1,411.9299926757813
2025-12-26,0.011609088487159,0.0445793428081526,0.05804241504370757,1.6084724890615518,0.0072174616389816,0.260442383595924,0.053041169165107704,0.0855102855081582,0.030833662817564278,0.8020415088438194,0.00887846689479072,0.05709527348387278,-0.0445040796176014,0,416.739990234375
2025-12-29,-0.0445040796176014,-0.0010530903225611024,0.00795934791847467,-3.4649213055421173,0.0128441819288702,1.2568813753651953,0.005841769155023577,0.0381435891353833,0.03211421614305743,0.5431823559244655,0.02114907943872463,0.9535300699868832,0.0007273032894686,1,398.6000061035156
2025-12-30,0.0007273032894686,-0.0231450415923911,0.007776724053493571,0.056736602585275145,0.0128189432628692,0.8111996025491433,0.005414131345796763,0.0383634382457252,0.03277187566065365,0.5457067753590001,0.013136428694494192,-0.033851731976669686,-0.0064889992538243,0,398.8900146484375
2025-12-31,-0.0064889992538243,-0.042799338603546205,0.0010602952361300723,-0.506169114215493,0.0128198245834923,0.8628598295826666,-0.002229391185400013,0.0320148217396888,0.03432072725190105,0.5182677127354922,0.011455700267189556,-0.041868613248447595,0.0049585453282255,1,396.30999755859375
2026-01-02,0.0049585453282255,-0.0336981417665726,-0.002532718874220328,0.38627087836033785,0.0128369639183616,0.8169385324350193,0.001293469075806024,0.0360095745961546,0.03467125931860071,0.5373948081138651,0.01398515451765194,-0.03640491691191772,0.0259729381799143,1,398.2799987792969
2026-01-05,0.0259729381799143,-0.019334292073817302,0.02524505073433527,1.8613384135534692,0.0139539043468885,0.9333534481878352,0.02485416231466528,0.0615317812094388,0.03578813478391507,0.6231228656533482,0.008733748994344438,0.20845719991096923,0.0107551050021617,1,408.760009765625
2026-01-06,0.0107551050021617,0.0359248925459458,0.03487180222338467,0.7669896940615502,0.0140224895920161,0.09173863074123756,0.03247504017765085,0.0710971044092426,0.037407261898501964,0.6523818011431143,0.007672233612293654,0.03873123970216419,-0.0096059436175434,0,413.1799926757813
2026-01-07,-0.0096059436175434,0.025591645638933798,0.002446604046542669,-0.6734698333263112,0.0142633613893276,0.11267840857383615,0.019571522177973668,0.0591162211017905,0.038785605583944616,0.6070267425477575,0.010165441317666108,-0.0707064324806509,0.0055073227334385,1,409.2300109863281
2026-01-08,0.0055073227334385,0.037587967626196594,-0.005211370977349631,0.38602838284501534,0.0142666264403921,0.11285660326138958,0.022134759540286146,0.0625189203282246,0.039509624744688,0.6231690107079296,0.01273426055629818,-0.24379211427504277,0.0072159037912949,1,411.489990234375
2026-01-09,0.0072159037912949,0.039845326089266,0.006147184322693369,0.5047671614683967,0.0142955095777297,0.11362076489767503,0.026296891555523977,0.067452425999603,0.04010100272417372,0.6439384483723362,0.008420442352098635,0.1917214349444718,0.0185496167367822,1,414.4700012207031
2026-01-12,0.0185496167367822,0.0324220046461339,0.013087712572316567,1.2690357374719152,0.0146170956333629,0.04752729200284955,0.04177283296862665,0.0841304810811972,0.04065919821682096,0.6916050767376745,0.009994555362953036,0.7078115419698152,-0.0014220515093612,0,422.2300109863281
2026-01-13,-0.0014220515093612,0.020244848134611,0.05616974068055677,-0.09706898618136268,0.0146499058587493,0.04474357157593678,0.0369421289200578,0.0797343581756651,0.041267712114440025,0.6839805795532412,0.014349044714335108,0.3634290552966388,0.0101703332395237,1,421.6300048828125
2026-01-14,0.0101703332395237,0.040021124991678106,0.06561277063061187,0.6909345407016916,0.0147196769598391,0.03199214813788087,0.04367385467406731,0.087551000315509,0.042041050894337406,0.7088136324646622,0.009437923159670542,0.4548074290507691,-0.0061465119926862,0,425.94000244140625
2026-01-15,-0.0061465119926862,0.028367290265553402,0.06595525789174998,-0.4134501070461601,0.0148663935210929,0.04203986718280661,0.033803150495302726,0.0778842531675996,0.04263974495645262,0.6742599367700839,0.005362221164751746,0.11046489206172483,-0.0048305320875177,0,423.3299865722656
2026-01-16,-0.0048305320875177,0.0163208543867408,0.05616618047600677,-0.32373948908107275,0.0149210468615647,0.04375760657105188,0.026065073694950838,0.0694784186506106,0.042310518181195356,0.6476837616702034,0.01841956630979388,0.5682241423704049,0.0371379446256479,1,421.2900085449219
2026-01-20,0.0371379446256479,0.0349091822756065,0.06733118692174037,2.2191259578214533,0.016735392822004,0.14491915779809061,0.05989757771713836,0.1059723226260731,0.04347094085088199,0.735433761006469,0.009240007418082294,0.5403143287667964,0.0144638716786628,1,437.2300109863281
2026-01-21,0.0144638716786628,0.0507951054636305,0.07103995359824147,0.8581951540257624,0.0168538258586212,0.15043919197307765,0.06955998273532876,0.1177013190039486,0.04501041273580708,0.7610468852744046,0.02454917605635983,1.5411810901237697,0.0182942197796942,1,443.6000061035156
2026-01-22,0.0182942197796942,0.058918992003801005,0.09894011699547907,1.0997324551768222,0.0166351549357091,0.13013043568117388,0.08361636870218483,0.1335683349593424,0.04609746373339085,0.7892917379147504,0.020850424421897624,0.23938779990510417,0.0136516950992266,1,451.7900085449219
2026-01-23,0.0136516950992266,0.07871719909571379,0.10708448936126716,0.820021880306025,0.0166479644349635,0.11983881035725652,0.09269800403451843,0.1445765052958524,0.047477437562606806,0.8078391446269996,0.011572025748839941,0.3499826956643861,0.0145228782453749,1,458.0
2026-01-26,0.0145228782453749,0.09807060942860639,0.11439146381534716,0.8734984903785643,0.0166261057178025,0.11427206630051412,0.10174747699423328,0.1564172101531653,0.049620928843042034,0.8256689145601709,0.019195208077077402,0.9718687145097116,0.0242358666607314,1,464.7000122070313
2026-01-27,0.0242358666607314,0.0851685314636899,0.12007771373929638,1.4187375601664007,0.017082698972098,0.020752793423369997,0.12088805046852714,0.1794965419026966,0.052287551294414536,0.8510013456751537,0.026338957921830396,0.5582138579381835,0.0380405444269928,1,476.1000061035156
2026-01-28,0.0380405444269928,0.1087452042120199,0.15954030967565036,2.7747283576538315,0.0137096463234181,-0.18655583376606244,0.15134307487197496,0.218486412262453,0.058317402393673445,0.8811248047076053,0.029581860552883046,1.277077249082173,0.0027058077398472,1,494.55999755859375
2026-01-29,0.0027058077398472,0.0931567921721729,0.15207578417597387,0.19836992582666627,0.0136402114815101,-0.18003700390971655,0.14157193708064084,0.2146093885318567,0.06397971873589992,0.8829743306473107,0.08306110697392835,2.126421856879458,-0.1084123374496471,0,495.8999938964844
2026-01-30,-0.1084123374496471,-0.028907240376700796,0.04980995871901296,-3.6301795936877443,0.0298641801739389,0.7938637657838301,0.018581492039427997,0.0859182566961353,0.06610837246010037,0.5393591520177214,0.08823465263185053,2.3050392846381045,-0.0408735157638602,0,444.9500122070313
2026-02-02,-0.0408735157638602,-0.0843036343859359,0.013766975042670465,-1.2919521316467983,0.0316370202600002,0.9028521048151805,-0.025430348187845578,0.0397491808267747,0.06688031880884338,0.47040717426713896,0.04268023968798393,0.4993340987370838,0.0616473514724485,1,427.1300048828125
2026-02-03,0.0616473514724485,-0.04689214957421879,0.038276381889471064,1.8187218214600813,0.033895976143816,0.9842283821297761,0.031183617274305915,0.1016092783105894,0.06829594638289294,0.5622598281121514,0.023531229479701803,0.006159962731051127,-0.0007046601942605,0,454.2900085449219
2026-02-04,-0.0007046601942605,-0.0856373541954721,0.023107850016547766,-0.020789246018001733,0.0338954185087003,1.472377310770003,0.02570880194045323,0.0966253574237798,0.06913907275550857,0.5610251699294844,0.038306528188375,-0.16248501737572996,-0.0269927561976506,0,453.9700012207031
2026-02-05,-0.0269927561976506,-0.1153359181329699,-0.022179125960797033,-0.7824116834810159,0.0344994288397606,1.529244424584331,-0.005276614274015475,0.0639450590336684,0.06958886691616639,0.5150124072647678,0.023875232362610816,-0.3998655310760393,0.0302695154414894,1,441.8800048828125
2026-02-06,0.0302695154414894,0.023345934758166605,-0.00556130561853423,0.8647656712711755,0.0350031418303114,0.17207777432501015,0.020244247811954174,0.0926824617600091,0.0710008550436898,0.558785166472219,0.015149506050884332,-0.5739137895358403,0.0250856143248933,1,455.4599914550781
2026-02-09,0.0250856143248933,0.0893050648469201,0.005001430460984169,0.7108913610721871,0.035287549826261,0.11538790746599781,0.04003891566208806,0.1157847275194306,0.07282978619037817,0.5925286094219985,0.014367367134052234,-0.5839417277507315,-0.0099631886620211,0,467.0299987792969
2026-02-10,-0.0099631886620211,0.017694524712450505,-0.029197624861768336,-0.28201557103769387,0.0353285055337935,0.0422625205982996,0.02514303260419301,0.1005540655452424,0.07356147439199878,0.5736226771125577,0.01563583711453655,-0.728772954299954,0.0112470912224942,1,462.3999938964844
2026-02-11,0.0112470912224942,0.029646276129205205,-0.055991078066266936,0.3183485939148247,0.0353294829551011,0.042308503906883566,0.031478369488041405,0.1087927186611919,0.07495489140652012,0.5895539575358592,0.012381536614175919,-0.6095811711798627,-0.0353456520919691,0,467.6300048828125
2026-02-12,-0.0353456520919691,0.021293380234886708,-0.09404253789808323,-0.9699822379160755,0.0364394838485973,0.05623440949841996,-0.007129925277860018,0.0671668298379278,0.07483028948836057,0.5240728399976411,0.04058576115930961,-0.28909910674182737,0.0245742289144127,1,451.3900146484375
2026-02-13,0.0245742289144127,0.015598093707810005,0.038944028465976555,0.669877452271466,0.0366846634874554,0.04803916360696148,0.013193263508490117,0.0898320952822004,0.07564088168956551,0.5604306601344429,0.01640654623233045,-0.5697551364259805,-0.0316663836009557,0,462.6199951171875
2026-02-17,-0.0316663836009557,-0.041153904218038995,0.04815116062888106,-0.8439257961702861,0.0375227108172981,0.06334134849378792,-0.02127234945101843,0.0528200156660711,0.07570274026235002,0.5068835572464776,0.013029888841665248,-0.6111547546402125,0.0222407597592578,1,448.2000122070313
2026-02-18,0.0222407597592578,-0.008949955796760091,0.008744568915690365,0.6018344679722628,0.0369549451599087,0.04603760055911299,-0.001555585718929775,0.0729115267953179,0.07458313297077002,0.5399721365462785,0.011324959533976435,-0.6304637659320786,0.0027891563109147,1,458.2799987792969
2026-02-19,0.0027891563109147,-0.01740789070833959,0.012238385420865564,0.07569851804991504,0.0368455867138053,0.04291327333125605,-0.000504587527862808,0.0722371743206027,0.07277848496427519,0.5441550613637726,0.011924473442946752,-0.6783698013126522,0.0195226903950525,1,459.55999755859375
2026-02-20,0.0195226903950525,0.03746045177868201,0.058753832013568666,0.529420281478843,0.0368755997418899,0.01196822367475403,0.017338063518666263,0.0891472778595235,0.0705854001888917,0.5737019958622345,0.021936748082476,-0.4473676591785962,0.0266570237173222,1,468.6199951171875
2026-02-23,0.0266570237173222,0.03954324658159151,0.05514134028940146,0.7164282045345384,0.0372082276334182,0.014272017137129778,0.042188397626540294,0.1137110787727043,0.06862740106208087,0.6115879652639669,0.014232891707300865,-0.3213684920918862,-0.0139558354944712,0,481.2799987792969
2026-02-24,-0.0139558354944712,0.05725379468807601,0.016099890470036963,-0.37447294287063715,0.0372679408757505,-0.006789753085487349,0.026643242569031278,0.0939444400739244,0.06555461012579333,0.5822292733056248,0.012410220665868605,-0.4272589146295104,-0.0025104111690772,0,474.6099853515625
2026-02-25,-0.0025104111690772,0.03250262375974101,0.02355266796298086,-0.06808799107590528,0.0368701018991523,-0.002295856762586923,0.024366099631966075,0.087183195715065,0.06132289628255738,0.5769084436345704,0.014004487970013847,-0.4586381139779837,0.008539325114314,1,473.4200134277344
2026-02-26,0.008539325114314,0.038252792563140306,0.020844901854800663,0.23831737703504235,0.0358317350608402,-0.02751623039253248,0.035063589362937894,0.0923906217469205,0.05538503428496244,0.5906536107519337,0.07495597135765446,-0.44606372885725964,0.0130459471081734,1,477.4800109863281
2026-02-27,0.0130459471081734,0.03177604927626121,0.06923650105494317,0.36265097226612275,0.0359738373970219,-0.02445417433695629,0.050038252338847705,0.1022992923825341,0.0497706059062899,0.6116371635240699,0.009901826449450904,-0.1466479009924383,0.0128371467606806,1,483.75
2026-03-02,0.0128371467606806,0.017956172319619608,0.05749941890121106,0.4991783768416576,0.0257165521509611,-0.3088476988389516,0.05842963254123456,0.1117726220253044,0.05039823890417372,0.6318934364369972,0.01810203085140306,0.21832845184701255,-0.0456379633321948,0,490.0
2026-03-03,-0.0456379633321948,-0.013725955518103995,0.04352783916997195,-1.7432364536226144,0.0261800189167423,-0.2975190391112509,0.006751632784649687,0.0588657597615076,0.05176463119579133,0.5281354115868718,0.03048237511157097,0.46738595631455304,0.007787713327779,1,468.1400146484375
2026-03-04,0.007787713327779,-0.0034278310212477944,0.02907479273849315,0.34589207432131913,0.0225148649128761,-0.3893462791489124,0.012715801638179248,0.063620623730801,0.05026565400705474,0.5417040596253238,0.014900379315782687,-0.309405724050674,-0.0120905654471962,0,471.7999877929687
2026-03-05,-0.0120905654471962,-0.024057721582757992,0.01419507098038225,-0.5319936026901673,0.0227269000718374,-0.3657326380302699,-0.0007588604881957352,0.0476681997574443,0.04846383753705319,0.5169059128900695,0.0145024128350727,-0.1553593817486495,0.0157084766981486,1,466.1300048828125
2026-03-06,0.0157084766981486,-0.021395191992782787,0.01038085728347835,0.7166829489914175,0.0219183067216194,-0.39071535572588345,0.011631936866715032,0.0611415424109557,0.04894033466122538,0.5460357698500145,0.017718704901322473,-0.22071467547050527,-0.0020718179527898,0,473.510009765625
2026-03-09,-0.0020718179527898,-0.03630415670625319,-0.01834798438663365,-0.09860991788367532,0.0210102391042837,-0.1830071550435859,0.007700683904143348,0.0561576371265301,0.04808665310680316,0.5413674804303199,0.01669731900882886,-0.33455873763762245,0.0112165375097201,1,472.5299987792969
2026-03-10,0.0112165375097201,0.020550344135661713,0.0068243886175576515,0.5492031876939997,0.0204232928013696,-0.21989006706527758,0.017891780529508263,0.0649321678245907,0.046213544695892894,0.5632381092984684,0.01485792140200259,-0.26775922582030454,-0.0033958635686846,0,477.8599853515625
2026-03-11,-0.0033958635686846,0.009366767239198113,0.005938936217950252,-0.16738601040249865,0.0202876187831878,-0.09892336189032847,0.012947903726968345,0.0585147897615573,0.04498443194060964,0.5545817696439145,0.009071072175381101,-0.4264530417910334,-0.0198496325466451,0,476.239990234375
2026-03-12,-0.0198496325466451,0.0016077001397492123,-0.022450021443008845,-0.9595253258239702,0.0206869292684898,-0.08976018713064515,-0.0068812865499182675,0.0345706375343775,0.0417391430882339,0.5061767300568963,0.018034575955484914,-0.09508022203634703,-0.0130213725695528,0,466.8800048828125
2026-03-13,-0.0130213725695528,-0.02712214912795219,-0.048517341120735046,-0.6769519359579064,0.019235298516618,-0.12240946525102614,-0.020713477646791198,0.018390416729229,0.03993100434186947,0.4772299821894002,0.0214391219540945,-0.07645646722732435,-0.0008900836759417,0,460.8399963378906
2026-03-16,-0.0008900836759417,-0.025940414851104092,-0.062244571557357346,-0.04831955161199731,0.0184207768128523,-0.12324763552564444,-0.02135701819161667,0.014609046269931,0.036750955282065956,0.47524320855559865,0.012792355460229193,-0.28538059994196374,-0.0025225710564997,0,460.4299926757813
2026-03-17,-0.0025225710564997,-0.039679523417323885,-0.019129179281662245,-0.14932579897901552,0.0168930692067095,-0.17285281217842396,-0.024969688304486037,0.0093397778481723,0.035188102093971274,0.4692904442648491,0.011627139733991328,-0.38507124514568203,-0.0321484286975835,0,459.2699890136719
2026-03-18,-0.0321484286975835,-0.06843208854622279,-0.05906532130702474,-1.817319502997748,0.0176900256914391,-0.12803834296715533,-0.054457878365590774,-0.0241361644654837,0.03206807312581139,0.40145849197613936,0.012748983753784334,0.4374978731593293,-0.0420884864707606,0,444.739990234375
2026-03-19,-0.0420884864707606,-0.09067094247033827,-0.08906324233058914,-2.122064155734703,0.0198337483610097,-0.041242510979126346,-0.09022245728207583,-0.0648993683003947,0.02783437466045746,0.33556398648362434,0.026898996557763923,1.1773581709499363,-0.0310340547268587,0,426.4100036621094
2026-03-20,-0.0310340547268587,-0.10868362462764418,-0.13580577375559644,-1.5568485653141892,0.0199338942902232,0.03631842640766192,-0.11279469090093425,-0.0936386230688982,0.0215914711460512,0.2981058655712714,0.04199522266802386,0.8739764300359469,-0.0228533744859261,0,413.3800048828125
2026-03-23,-0.0228533744859261,-0.13064691543762857,-0.15658733028873276,-1.2245163355412936,0.0186631846571682,0.013159480014261593,-0.12559269007600754,-0.1138276415735485,0.013454883518164706,0.274455914300334,0.03687752099140887,1.3762921001113013,0.000222716351182,1,404.0400085449219
2026-03-24,0.000222716351182,-0.1279016280299469,-0.16758115144727084,0.011894641292011149,0.0187240914386871,0.10838896174357493,-0.11867651134625298,-0.1132280414673212,0.006182145317895182,0.27505271451669855,0.020018301635970986,0.1167275286417595,0.0296455328393158,1,404.1300048828125
2026-03-25,0.0296455328393158,-0.06610766649304758,-0.13453975503927046,1.4448326815657606,0.0205183155236972,0.1598804818936368,-0.08646728162931401,-0.0863074804704977,0.00017492658511608639,0.35254656754511077,0.020202271227948175,-0.004831064734240775,-0.0383188482659118,0,416.2900085449219
2026-03-26,-0.0383188482659118,-0.06233802828819879,-0.15300897075853714,-1.792577784348447,0.021376393593899,0.07777880432938833,-0.11333502073031758,-0.1198458387007976,-0.007343041760646374,0.3070539737587279,0.027730593413919317,-0.012673147833966114,0.0344920916538754,1,400.6400146484375
2026-03-27,0.0344920916538754,0.0031881180925353164,-0.10549550653510895,1.4993685344167877,0.0230044120989186,0.1540350201516505,-0.0751519605552145,-0.0885077012607048,-0.014441010994096115,0.3839644876277724,0.031323824094536046,0.039684094853059904,-0.0002894695055481,0,414.7000122070313
2026-03-30,-0.0002894695055481,0.025752023072913313,-0.10489489236471534,-0.012824964373794092,0.0225707843789093,0.20937475535507066,-0.06757802343561692,-0.0884208804433568,-0.022353459626228256,0.3835730992766277,0.017945879401752983,-0.15620796125709457,0.0371934926501502,1,414.5799865722656
2026-03-31,0.0371934926501502,0.06272279937188151,-0.06517882865806544,1.6195040322356276,0.0229659771817961,0.22654694659013241,-0.028108249015419497,-0.0542519718877137,-0.026899829992187096,0.4610157758873041,0.025517699152388672,-0.04428271393382577,0.0173484639016693,1,430.2900085449219
2026-04-01,0.0173484639016693,0.05042573043423501,-0.015681936058812646,0.7437502091412639,0.023325659191007,0.13682135183404887,-0.007290782185117055,-0.0377265062315387,-0.030659253989215318,0.4938396394959559,0.014686383829461795,-0.08316520814007045,-0.0193957017234031,0,437.8200073242187
2026-04-02,-0.0193957017234031,0.06934887697674372,0.007010848688544853,-0.8246564839688929,0.0235197347022069,0.10026673109722428,-0.022289409146323807,-0.0556215774688673,-0.03409206020100486,0.4601353477564845,0.024452155074296204,-0.294971993633113,-0.004107092256447,0,429.4100036621094
2026-04-06,-0.004107092256447,0.030749693066421318,0.03393781115895655,-0.17815081352640752,0.0230540190928637,0.0021564121583195206,-0.021186469742344758,-0.0584925830958475,-0.03811360611625647,0.45316492494299365,0.011177361972449616,-0.641705024549155,0.0096805812739327,1,427.6499938964844
2026-04-07,0.0096805812739327,0.040719743845902115,0.06647176691881536,0.4157660520807455,0.0232837222411142,0.03158675614619266,-0.0070377333556152786,-0.0482364211792574,-0.0414906882241044,0.4734679907468628,0.023922527571548342,-0.5170978668802999,0.0062793133633793,1,431.80999755859375
2026-04-08,0.0062793133633793,0.00980556455913122,0.07252836393101265,0.27143285433753667,0.0231339473576428,0.007313870187933391,0.004219970051579784,-0.0409657092094736,-0.04499579833961331,0.48688272171309355,0.02101121880758742,-0.3559519295287237,0.0077484337814141,1,434.5299987792969
2026-04-09,0.0077484337814141,0.00020553443887601913,0.050631264873110954,0.33252296874410764,0.0233019505710503,-0.0010164180039911042,0.01653367869541732,-0.0318738096015003,-0.0476201520042524,0.5038006165666912,0.011509233638815744,-0.5502881294658402,-0.0017827733092611,0,437.9100036621094
2026-04-10,-0.0017827733092611,0.017818462853018018,0.08716733982976166,-0.07747303216008386,0.0230115339435447,-0.02160741883770112,0.018239001465416047,-0.0311379797702997,-0.048492525983245716,0.4997060721371776,0.009951286928202952,-0.5792855197131155,-0.0040574034758216,0,437.1300048828125
2026-04-13,-0.0040574034758216,0.017868151633643418,0.04861784470006465,-0.17718628513069282,0.0228990831475972,-0.006720561158659821,0.017134436595597352,-0.0324645657277933,-0.04876346777659113,0.48997436411984263,0.010542990840520414,-0.6149271752027923,0.022103259292038,1,435.3599853515625
2026-04-14,0.022103259292038,0.03029082965174872,0.07101057349765075,0.9377821057659443,0.0235697174814238,0.012283054974972618,0.04173345705959553,-0.0108469359231425,-0.05047394093605462,0.54269714526203,0.013839905890477613,-0.39361846929931776,-0.0104568847295005,0,445.0899963378906
2026-04-15,-0.0104568847295005,0.01355463155886892,0.023360196118000054,-0.44213237250238324,0.0236510271128001,0.02235155752554574,0.03317118569994747,-0.0217161191995233,-0.05312508290897222,0.515394848644679,0.009399228559176881,-0.5498596078502465,-0.0008631178955779,0,440.4599914550781
2026-04-16,-0.0008631178955779,0.00494307988187692,0.005148614320752856,-0.038244837163905226,0.0225682199110654,-0.031487950236083084,0.032844312790623,-0.0219427564897181,-0.05304484771021589,0.5131132079781106,0.010907149738695528,-0.6092163326989608,0.0132054745496078,1,440.0799865722656
2026-04-17,0.0132054745496078,0.01993132774074582,0.03774979059376375,0.6441399605480862,0.0205009397932268,-0.1091015556145567,0.044182142623942745,-0.0085870886822476,-0.05053642382121737,0.5464042920402798,0.00757967604406032,-0.2332224985088025,-0.008648499628928,0,445.9299926757813
2026-04-20,-0.008648499628928,0.01534023158763942,0.03320838322128276,-0.4514832531257794,0.0191557484558981,-0.16347094193995648,0.03172250030209771,-0.017133529684653,-0.04735384754373895,0.521211676734102,0.0076229402670988326,-0.27762715910447255,-0.0287287475717103,0,442.0899963378906
2026-04-21,-0.0287287475717103,-0.03549177527610888,-0.005200945624360246,-1.4643827483111198,0.0196183324372288,-0.16764668678397343,-0.0004734883299868102,-0.0438676223371044,-0.04341469035635137,0.4485899582724401,0.026864092809468502,-0.08525641767886716,0.0131588507180819,1,429.5700073242187
2026-04-22,0.0131588507180819,-0.011876039828526485,0.0016785917303423527,0.6668564660837154,0.0197326582065862,-0.16567436532569246,0.009111375182965875,-0.029830797677885,-0.03859055979206483,0.4837921859502536,0.007788481763493332,-0.46883328170167016,-0.0097426630762592,0,435.260009765625
2026-04-23,-0.0097426630762592,-0.020755585009207787,-0.01581250512733095,-0.5138984587262093,0.0189583426663862,-0.15995400873018106,-0.0023780815718103354,-0.0378919155051186,-0.03559849004647209,0.4603206895196192,0.016402206718780565,-0.4597739830867267,0.0051140155497514,1,431.0400085449219
2026-04-24,0.0051140155497514,-0.028847044009064186,-0.008915716268318446,0.31088907472084476,0.0164496470464374,-0.19761497705231468,-0.0010329758799793032,-0.0314726142018821,-0.03047111424795712,0.47469400596454975,0.010686681783756492,-0.3206377457113402,-0.0077855325127164,0,433.25
2026-04-27,-0.0077855325127164,-0.027984076892852587,-0.012643845305213248,-0.5203397252948739,0.0149624027039342,-0.21890795661773055,-0.010513076767221291,-0.0380591610664595,-0.027838755270500948,0.45485912481626606,0.007629855701531447,-0.2551286767285055,-0.0187373662546426,0,429.8900146484375
2026-04-28,-0.0187373662546426,-0.017992695575784888,-0.05348447085189385,-1.1972214878140313,0.0156507099524705,-0.20224055726719803,-0.02969936542346483,-0.0541924284692689,-0.025242756907495445,0.41094078730673816,0.009765104125113461,-0.025300736507872457,-0.0107230688646178,0,421.9100036621094
2026-04-29,-0.0107230688646178,-0.04187461515848459,-0.05375065498701115,-0.8069847838938723,0.0132878203884796,-0.32660768511945826,-0.03862452584476286,-0.0629866993375971,-0.025340955898881634,0.38817957604521713,0.01200261067456488,-0.1419180975013281,0.0148622944365537,1,417.4100036621094
2026-04-30,0.0148622944365537,-0.01726965764567169,-0.03802524265487955,1.1334455014477123,0.0131124914409829,-0.3083524403094684,-0.022635825283288828,-0.0474760045001399,-0.025415479571932353,0.4349881951989101,0.006420245473236756,-0.05832067560120735,-0.0011336522597224,0,423.6600036621094
2026-05-01,-0.0011336522597224,-0.023517325455145486,-0.052364369464209755,-0.09120797594576742,0.0124293105725367,-0.24440259797376074,-0.023041128881365756,-0.046996224661638,-0.024520065775996747,0.4322529537296832,0.016186980060666063,-0.14368592401597757,-0.020218142966322,0,423.1799926757813
2026-05-04,-0.020218142966322,-0.03594993590875109,-0.06393401280160375,-1.5363045155296295,0.0131602444449966,-0.1204457796383025,-0.041162895535554175,-0.0637975108734714,-0.023606319814416965,0.3861156145131226,0.01827780070036412,0.04128360711149104,0.0085476705738079,1,414.7099914550781
2026-05-05,0.0085476705738079,-0.008664899080300586,-0.026657594656085547,0.6519081340179472,0.0131117716251299,-0.16222512173895487,-0.0314158484529334,-0.0530669456382849,-0.022353346532430263,0.4144074440691092,0.007770100856778821,-0.3749840274020414,0.0298881277965776,1,418.2699890136719
2026-05-06,0.0298881277965776,0.03194629758089482,-0.009928317577589853,2.0180361153300175,0.0148105019377663,0.11459227358362312,-0.0016170375721515072,-0.0224055702540383,-0.02082220296641868,0.5024353985847526,0.008330231132986355,0.04468730800022347,0.0016692975079798,1,430.9599914550781
2026-05-07,0.0016692975079798,0.018753300652320913,0.0014836430066491508,0.11358748398059097,0.014696139481926,0.12077399997329508,0.0007731477346726884,-0.0189144587129742,-0.019672396778641965,0.5069639566744693,0.016609556962070057,0.014729219949801031,0.0048298583279887,1,431.6799926757813
2026-05-08,0.0048298583279887,0.024716811240032013,0.0011994857848864502,0.3275548416825179,0.0147451898533377,0.18632403360473382,0.006010252634024111,-0.0122019274912713,-0.01810337427239017,0.5206035755074291,0.010374161684703747,-0.19408504433745444,0.0020266811021026,1,433.7699890136719
2026-05-11,0.0020266811021026,0.046961635308456616,0.011011699399705449,0.13760543558263985,0.0147282052741693,0.11914374658662386,0.008134183259741173,-0.007979540732285,-0.015983709569219684,0.5265427836405108,0.008811727007077564,-0.1660052533687152,-0.0039650602843981,0,434.6499938964844
2026-05-12,-0.0039650602843981,0.03444890445025062,0.02578400536994995,-0.2876391492110315,0.0137848422068898,0.05133330575022366,0.005562834916484545,-0.0093243976406367,-0.014804875478873214,0.5131609474515835,0.01646918671248568,0.013206410630841159,-0.0056287113305207,0,432.9299926757813
2026-05-13,-0.0056287113305207,-0.001067934676847686,0.030878362904047052,-0.41207862760991676,0.0136593139109582,-0.07772781987034538,0.0010766562326700393,-0.0131850373542188,-0.014246355159813318,0.4940571321723843,0.008687549905632985,-0.35292478677460803,-0.0076716482577585,0,430.5
2026-05-14,-0.0076716482577585,-0.010408880442585986,0.008344420209734853,-0.5584831313227918,0.0137365800818153,-0.06529329701115116,-0.005085095102518023,-0.018720607760487,-0.013705204928429526,0.46862022613136817,0.010393021067423054,-0.371053345668074,-0.0234942313978381,0,427.2099914550781
2026-05-15,-0.0234942313978381,-0.03873297016841279,-0.014016158928380849,-1.6642514179721768,0.0141169964730839,-0.04260327513596596,-0.024935632067059395,-0.0393509294793439,-0.014783944410607264,0.4014976386648817,0.012293620210799387,0.4680021360400295,0.002728150184872,1,417.2900085449219
2026-05-18,0.002728150184872,-0.038031501085643384,0.008930134222813151,0.19320967190157634,0.0141201532926455,-0.04128486602439041,-0.01956168407554685,-0.0342774750165517,-0.015009400083603852,0.4119221344687656,0.011638733366231354,-0.09716797266624422,-0.0167005742799365,0,418.4299926757813
2026-05-19,-0.0167005742799365,-0.05076701508118178,-0.01631811063093125,-1.2670852810025353,0.0131803080110936,-0.04385499570637441,-0.03375403234664064,-0.0475886258494953,-0.014317879676593814,0.3697595483290679,0.01115430458782655,-0.10141236474095594,0.0142359599032742,1,411.5
2026-05-20,0.0142359599032742,-0.03090234384738689,-0.03197027852423465,1.0745601804469587,0.0132481736828856,-0.030099625116804862,-0.0178407646101681,-0.0312218697816981,-0.013624170795704882,0.42383070872603085,0.018950655912254432,-0.011093700724511768,-0.0009827627438162,0,417.3999938964844
2026-05-21,-0.0009827627438162,-0.024213458333444585,-0.03462233877603065,-0.07486991695498327,0.0131262699864767,-0.04442955173002172,-0.01718090689354453,-0.0295042642311524,-0.01253878503586725,0.42112679304096945,0.015515962906127589,-0.2274256546386817,-0.007631102906283,0,416.989990234375
2026-05-22,-0.007631102906283,-0.008350329841889485,-0.04708330001030235,-0.5829908105332562,0.013089576659541,-0.0727789240085045,-0.022413915804630712,-0.0344974138525241,-0.01236054629177652,0.39988506810302576,0.008892737447800862,-0.08436165429037779,0.0004348594550149,1,413.8200073242187
2026-05-26,0.0004348594550149,-0.010643620571746585,-0.04867512165739005,0.03335572211988805,0.0130370271538993,-0.07670781728059195,-0.02014964367170787,-0.0319616316699363,-0.01205488973080604,0.40173032354349864,0.0108212825756718,-0.1484806047350985,-0.0133985635356978,0,414.0
2026-05-27,-0.0133985635356978,-0.007341609827507886,-0.05810862490868975,-1.0529586863719818,0.0127246811381206,-0.03456875761852518,-0.03165282215139423,-0.0425197484468603,-0.011222138654453762,0.3647554985051672,0.01211782987434084,0.11666715831082297,0.0104231002021168,1,408.489990234375
2026-05-28,0.0104231002021168,-0.011154469528665285,-0.04205681337605225,0.8138961965760444,0.0128064245120759,-0.0333441560613269,-0.02096842010905734,-0.0303739814829372,-0.009607005092652443,0.4101680367391398,0.02204619120992881,0.20355835518214782,0.0104834279874444,1,412.7699890136719
2026-05-29,0.0104834279874444,0.0003117212025953147,-0.02390173713084935,0.8343995002009966,0.0125640391502141,-0.04283249063456995,-0.009882892409431562,-0.0188823838970728,-0.009089320261864153,0.4529712084547283,0.016158469579142323,0.28050690505251596,-0.0141482968401824,0,417.1199951171875
2026-06-01,-0.0141482968401824,-0.006205472731304085,-0.014555802573193648,-1.0954463530238687,0.0129155542862756,-0.013294728912302545,-0.022409712100601494,-0.0319758873227889,-0.009785464668171873,0.40982546689573385,0.01062586931240394,0.02136544133438023,0.0016763707549161,1,411.260009765625
2026-06-02,0.0016763707549161,-0.004963961431402885,-0.01560758200314955,0.13804139837697263,0.0121439711175495,-0.06850150926338228,-0.020448209605093106,-0.0302864795498694,-0.010043644492559234,0.4168687065799561,0.008010651038190271,-0.34712031381387154,-0.009953528184734,0,411.9500122070313
2026-06-03,-0.009953528184734,-0.0015189260804390845,-0.00886053590794705,-0.8201334575167768,0.0121364737574194,-0.04622570690113781,-0.028949161288899516,-0.0400637619471232,-0.011445951349958516,0.38742605842434935,0.0077230341388052634,-0.14536004125614088,0.008301422193564,1,407.8699951171875
2026-06-04,0.008301422193564,-0.0036406040889918855,-0.014795073617657252,0.8308974457431194,0.0099909107147869,-0.21985166856167326,-0.01855411159106881,-0.03238695719026,-0.014094353812634908,0.4239390051089129,0.013032765567011304,-0.19562157773465294,-0.0372298427684921,0,411.2699890136719
2026-06-05,-0.0372298427684921,-0.051353874844928385,-0.05104215364233315,-2.9519070016948654,0.0126121326813874,0.0038278718012811908,-0.05040586489416597,-0.0668683340030315,-0.01733632138221952,0.3302318398645843,0.022208732106427667,0.909326978838968,0.00259605899033,1,396.239990234375
2026-06-08,0.00259605899033,-0.03460951901441599,-0.040814991745720154,0.2070742939959798,0.0125368482018362,-0.029321705909425955,-0.04375519357307939,-0.0642942012450963,-0.021478817488967517,0.34098234622696366,0.007425711200474614,0.31157601388197076,-0.016471383961975,0,397.2699890136719
2026-06-09,-0.016471383961975,-0.05275727373130708,-0.05772123516271005,-1.2950034504626373,0.0127191815250304,0.04736592354453584,-0.054384158337695415,-0.0785420388749785,-0.025547246009347546,0.3074912612510808,0.030016917505936512,0.5082932243230078,-0.0423393762083383,0,390.7799987792969
2026-06-10,-0.0423393762083383,-0.08514312175491139,-0.08666204783535054,-2.792172947792618,0.0151635937314736,0.24942335266070415,-0.08714059467261398,-0.1150722894403908,-0.030598024848919048,0.24326262590728276,0.0257888942506163,1.0805632765569526,0.0308606980699624,1,374.5799865722656
2026-06-11,0.0308606980699624,-0.06258384587851298,-0.06622444996750494,1.7738033177653068,0.0173980383060968,0.7413866265812072,-0.053434191409420816,-0.0854369965850421,-0.03380938217414908,0.3493327487514773,0.03968209329474347,0.770335364421203,0.0005693171392701,1,386.3200073242187
2026-06-12,0.0005693171392701,-0.02478468597075078,-0.07613856081567925,0.032645650258225245,0.0174392954273183,0.3827396101735181,-0.04815255869612651,-0.0826889625570318,-0.03628354961336677,0.3511681075850311,0.014021790216642904,0.03107699404495068,0.0255667280827467,1,386.5400085449219
2026-06-15,0.0255667280827467,-0.0018140168783340807,-0.03642353589275016,1.4095857363397124,0.0181377602111214,0.4467559883563772,-0.02100321292805113,-0.0574639436935896,-0.037242952425398435,0.4299565902429516,0.012230503726677007,0.4232482951612464,0.0027198311858468,1,396.5499877929687
2026-06-16,0.0027198311858468,0.017377198269487717,-0.035380075461819455,0.14995513462108354,0.0181376329174686,0.42600629464836937,-0.015809939950691985,-0.053546274334464,-0.038342527440158536,0.43788773259943936,0.00789674846541028,-0.18647025785938975,-0.022971384282331,0,397.6300048828125
2026-06-17,-0.022971384282331,0.03674519019549502,-0.04839793155941645,-1.2452839695369142,0.018446703598757,0.21651265032701117,-0.03542682000277837,-0.0731332478182354,-0.03909130856776022,0.3891379034524038,0.03849722526425073,0.7158402415524476,-0.0038158427778742,0,388.6000061035156
2026-06-18,-0.0038158427778742,0.0020686493476584243,-0.06051519653085465,-0.21196407499633052,0.0180023090136395,0.034732117317556765,-0.035475771876980075,-0.0745703408987457,-0.04053249040497853,0.3816385387444452,0.017823915022512942,-0.02929437936844892,-0.0065568876173955,0,387.1199951171875
2026-06-22,-0.0065568876173955,-0.005057555409007175,-0.02984224137975805,-0.36426934517440324,0.0180001081734073,0.03215799333329139,-0.037896028692646966,-0.0782686754232044,-0.04196287296860146,0.3685626179918052,0.009802618501703466,-0.022474685723696375,-0.0190841690616802,0,384.5899963378906
2026-06-23,-0.0190841690616802,-0.04970845255343408,-0.05152246943176825,-1.0428557099478208,0.0182999132858323,0.008940082613479117,-0.05175368693946047,-0.0930923655967553,-0.043594874124921024,0.3332309961694789,0.008427840066929678,-0.08863756891086916,-0.0306788862225216,0,377.3200073242187
2026-06-24,-0.0306788862225216,-0.08310716996180248,-0.06572997169231486,-1.6019814721975398,0.0191505874162436,0.05584821919068661,-0.07481358923990698,-0.1175471537093047,-0.04618913980188022,0.28680193391071457,0.020714872906951988,0.5007069695240485,0.0096276900320629,1,365.9200134277344
2026-06-25,0.0096276900320629,-0.05050809564740857,-0.013762905451913653,0.49668135417225157,0.019384037574972,0.0508130881594564,-0.06123114581425862,-0.105748100889409,-0.04742057097086272,0.31855292481361486,0.011476264954303496,0.0604694240659045,0.0112235589829235,1,369.4599914550781
2026-06-26,0.0112235589829235,-0.03546869388661088,-0.03340004453895255,0.5779857652485668,0.019418400344335,0.07866164999293113,-0.045891084530120814,-0.0927196931093001,-0.04908098836506236,0.3549813954248162,0.012499032108513471,-0.343649152810397,-0.0136082680123765,0,373.6300048828125
2026-06-29,-0.0136082680123765,-0.04252007428159187,-0.04757762969059915,-0.710464972577859,0.0191540308637597,0.06410643087451917,-0.05291723625640164,-0.1018638478597063,-0.05168145116465861,0.33184556924515846,0.011449349868256426,-0.40415944623236155,-0.0005427206271181,0,368.5799865722656
2026-06-30,-0.0005427206271181,-0.023978625847029773,-0.07368707840046396,-0.028417852201952604,0.0190978763370727,0.04360474493932043,-0.04818746338864419,-0.0989457135550648,-0.05332799076920147,0.33092577227411224,0.012405604935301542,-0.36571985012991615,0.0060083029747585,1,368.3800048828125
2026-07-01,0.0060083029747585,0.012708563350250328,-0.07039860661155226,0.3128043191888353,0.0192078644896568,0.0029908781474043966,-0.03730880911136578,-0.0903342560014816,-0.055080432221644715,0.3523853073419211,0.020426355098613524,0.0507298491119319,0.0201147344306885,1,370.6000061035156
2026-07-02,0.0201147344306885,0.023195607748875927,-0.02731248789853275,1.006512961365457,0.0199845756615001,0.03098106285676483,-0.013939597429440714,-0.0695015469632418,-0.05634740974179342,0.42030167188968315,0.010525428866676286,-0.13211155250977147,0.0105228128756334,1,378.1300048828125
2026-07-06,0.0105228128756334,0.022494861641585828,-0.012973832245025149,0.5245326031744115,0.0200613132757631,0.033108439419710534,0.0002918841025353707,-0.0571931029163351,-0.05746821296110605,0.45311166695199306,0.009420893563748528,-0.551580316367462,-0.0122168252247673,0,382.1300048828125
2026-07-07,-0.0122168252247673,0.023886304429195024,-0.01863376985239695,-0.6573610735755205,0.0185846496177778,-0.02972644505127109,-0.00942321848579421,-0.0661735801893374,-0.05729021996335715,0.4231901433043996,0.02140458634367245,-0.4252862588586882,-0.008085737106823,0,377.489990234375
2026-07-08,-0.008085737106823,0.016343287949490127,-0.007635337897539746,-0.43503787999088006,0.0185862828933253,-0.026787975517167606,-0.014449620190732726,-0.0709911734084699,-0.05737053566828276,0.40435051886806506,0.017412174659155715,-0.07579696592102214,0.0099119380907838,1,374.4500122070313
2026-07-09,0.0099119380907838,0.020246923065515426,0.03295548641576565,0.5354095474142798,0.0185128153553719,-0.03618565378046967,-0.00297911453099544,-0.0593234765633359,-0.05651271989737283,0.4374426183597106,0.0059230796915673255,-0.41458105163878767,-0.0030985151880659,0,378.1799926757813
2026-07-10,-0.0030985151880659,-0.0029663265532389746,0.020229281195636852,-0.1953440644865764,0.0158618343291348,-0.20629616571282416,-0.006381895001069837,-0.0601343210500681,-0.05409767170965163,0.42938442863664783,0.010211865696432815,-0.2911995000432005,-0.0265557161325313,0,377.010009765625
2026-07-13,-0.0265557161325313,-0.04004485556140368,-0.017549993919817944,-1.743967399263264,0.0152271860951929,-0.24096763328104287,-0.029967862129170138,-0.0824644659418158,-0.05411841707417353,0.3677733300810401,0.01939374483172066,-0.035282628096112045,0.0135809603397739,1,367.1300048828125
2026-07-14,0.0135809603397739,-0.014247069996862472,0.009639234432332456,0.8683626157133705,0.0156397340166665,-0.1584595707574834,-0.014831157981653638,-0.0675176001975277,-0.05347960671181373,0.41379795732945174,0.014402755446647703,-0.1438116369301693,0.0005373061432992,1,372.1499938964844
2026-07-15,0.0005373061432992,-0.005624026746740273,0.010719261202749757,0.037658936307852685,0.0142676930359066,-0.23235360627000845,-0.011134189917875749,-0.0646338198023154,-0.05410201196054765,0.415623318317273,0.013401343232388055,0.06385674202612801,-0.0200465534257651,0,372.3500061035156
2026-07-16,-0.0200465534257651,-0.03558251826328917,-0.015335595197773843,-1.365831735224597,0.0146771764843117,-0.20718830698795931,-0.026537132140907773,-0.0809007024311198,-0.05584555105812328,0.36980419729084824,0.012001328872651883,0.2268981971457802,0.0094087232385433,1,364.9599914550781
2026-07-17,0.0094087232385433,-0.02307527983667997,-0.02604160638991904,0.6584880329592994,0.0142883739226964,-0.0991978842918747,-0.01468174565693313,-0.0698765194381158,-0.05601720412455191,0.4028986293273348,0.015227559772529277,-0.08161371192859557,-0.0022010512760906,0,368.4100036621094
2026-07-20,-0.0022010512760906,0.0012793850197607296,-0.03876547054164304,-0.15406935567845584,0.0142861068406375,-0.061802571313717025,-0.01427503351423337,-0.0689427910438679,-0.05545944293622995,0.3976191093740728,0.005413549289748365,-0.4269652826423438,0.0194238173058798,1,367.6000061035156
2026-07-21,0.0194238173058798,0.007122241985866629,-0.0071248280109959435,1.289244608866547,0.0150660450098422,-0.036681506617244786,0.006378291753673278,-0.0479386220579642,-0.05397266043665061,0.46484189105251167,0.01051199932517907,-0.10157157635664826,0.0114335403889007,1,374.80999755859375
2026-07-22,0.0114335403889007,0.018018476231468128,0.012394449484727756,0.777263700677821,0.0147099888736988,0.030999814523560376,0.01770485984470657,-0.0343096299957489,-0.05110960150901955,0.5007112820857591,0.008941798618112012,0.05515420383691083,-0.0202500958417707,0,379.1199951171875
2026-07-23,-0.0202500958417707,0.01781493381546253,-0.017767584447826744,-1.4773527375061926,0.0137070148026756,-0.06610002153160033,-0.003445534600181975,-0.0506149842543514,-0.047332535543097576,0.4441761133140445,0.00689060517413921,0.4886170198252877,0.0010223155810828,1,371.5199890136719
2026-07-24,0.0010223155810828,0.009428526158002028,-0.013646753678678045,0.07545807991266287,0.0135481260888967,-0.05180770308816263,-0.0027525693203580195,-0.0466703573164425,-0.04403900841955921,0.4475350050119979,0.009303553406460092,-0.39168421393375386,0.0073139007421552,1,371.8999938964844
2026-07-27,0.0073139007421552,0.01894347817624783,0.020222863196008453,0.5453998496419161,0.0134101627401569,-0.06131440218471107,0.004433268434119212,-0.0369136252610573,-0.04116440085625117,0.4722112364730053,0.006993553861247865,-0.4068354994525252,-0.0141400467910403,0,374.6300048828125
2026-07-28,-0.0141400467910403,-0.01462038592067227,-0.0074981439348057455,-1.0521385651668025,0.0134393389418233,-0.10797167185921863,-0.009774393713524272,-0.0476035873826192,-0.03820260093147998,0.4321591942158177,0.00879876558183589,-0.22623539347310218,0.0046187981290914,1,369.3699951171875
2026-07-29,0.0046187981290914,-0.02143512818048157,-0.0034166519490135454,0.3427497957234383,0.0134757137326444,-0.08390727903684969,-0.005550066545357631,-0.04090898130794,-0.03555625434027454,0.4485348424239032,0.029885730136866098,0.8061651160059007,0.0162518737076547,1,371.0799865722656
2026-07-30,0.0162518737076547,0.015066841368943828,0.032881775184406256,1.17005899819927,0.0138897899444955,0.01333442361091075,0.009855987458768188,-0.0231105862859346,-0.03264482674174263,0.5033746962526163,0.010870653160801727,-0.06755041381707683,-0.0150129573452565,0,377.1600036621094
2026-07-31,-0.0150129573452565,-0.0009684315573954723,0.008460094600606451,-1.108304816732256,0.0135458739496603,-0.0001662325270389564,-0.004313260419491335,-0.0356708608180202,-0.031493439805917345,0.4580336614250814,0.008585892146311377,0.0728456524045471,0.0004574044079915,1,371.5400085449219
2026-08-03,0.0004574044079915,-0.007824927891559173,0.011118550284688552,0.034431641356945625,0.0132844206655641,-0.00937662555102814,-0.002464941323898667,-0.0329360271387578,-0.030546380851315114,0.459619116824848,0.009146899396421715,-0.2254905857569388,0.006569565835271,1,371.7099914550781
2026-08-04,0.006569565835271,0.012884684734752128,-0.001735701185920248,0.49991294352844784,0.0131414197618133,-0.02216769599305768,0.004558865475180316,-0.0243876886137649,-0.02881518951629869,0.4830907697511321,0.007964536447405178,-0.11419872990420887,0.0407064849833687,1,374.1600036621094
