Date,ret_1,ret_5,ret_10,ret_norm,vol_20,cambio_vol,dist_sma20,dist_sma50,cruce_sma,rsi_14,rango_rel,volumen_rel,retorno_futuro,objetivo,Close
2015-04-13,0.011754328468601,0.006890542884282999,-0.003487374690627201,1.0144803179888533,0.0115865515182229,-0.15939083051040204,0.008155492469245544,0.0434265732973575,0.034985754768566135,0.784717829411989,0.024334468383049077,0.05359487011766717,0.0061247817682558,1,82.28739929199219
2015-04-14,0.0061247817682558,0.014471921920710399,0.003838784104499499,0.5286561268950171,0.0115855684946447,-0.15147370320789566,0.011003253244663001,0.0478322995109011,0.036428217365315874,0.7952007333313881,0.014966475697335533,-0.23099745084949164,-0.0097455081527043,0,82.79293823242188
2015-04-15,-0.0097455081527043,0.0052124180560370985,0.005941820846940598,-0.8464054688438188,0.0115139947831582,-0.05999211489197909,-0.0008275213111097601,0.0356640704394964,0.03652181433028501,0.7340615828258996,0.016805791735329766,-0.12340641770687011,-0.004847962826758,0,81.98999786376953
2015-04-16,-0.004847962826758,0.0017023032927851994,0.007805790901675599,-0.44659116322736253,0.0108554831038828,-0.11546513044759454,-0.006499881502670229,0.0288749056811918,0.035606223416829064,0.7052252689912626,0.011177234798122618,-0.435342776341044,-0.018763156960937,0,81.59347534179688
2015-04-17,-0.018763156960937,-0.015477517703542502,-0.009609518749334701,-1.7971472802698178,0.0104405226922303,-0.11651406959686295,-0.02380667234643388,0.0084515695624216,0.03304493177226808,0.6070033323927051,0.021539959025296086,0.030788720451290885,0.0281947988886247,1,80.07679748535156
2015-04-20,0.0281947988886247,0.0009629527164812003,0.0078534956007642,2.3510924573951035,0.0119922118757776,0.035011310907882454,0.004539549971987262,0.0353556654456322,0.030676856351254944,0.6795673378954347,0.02298716748454572,0.268120896176697,0.0063586058454727,1,82.3666763305664
2015-04-21,0.0063586058454727,0.0011967767936981004,0.0156686987144085,0.5318546573853353,0.0119555328832362,0.03193320973092639,0.011442605371453536,0.0395894806735271,0.02782844538344964,0.6935490532873658,0.011360881571856007,0.19705405200014536,0.0120059677632434,1,82.89208221435547
2015-04-22,0.0120059677632434,0.022948252709645803,0.0281606707656829,0.9972526586753839,0.0120390431239266,0.045600884024752375,0.024080302954753503,0.0494868988624862,0.024809183258800882,0.718734506960854,0.012879550670747583,0.9508685065456546,-0.0265818562326263,0,83.89328002929688
2015-04-23,-0.0265818562326263,0.0012143593037775013,0.002916662596562699,-2.248993015723579,0.0118194481026763,0.08879982489666505,-0.0024752369058604158,0.0201303730049331,0.02266170299439496,0.6016835816941412,0.0385874594645038,1.9301192465667678,-0.0107358991672813,0,81.69261932373047
2015-04-24,-0.0107358991672813,0.009241617097433201,-0.0062359006061093,-0.8917150777125338,0.0120396070848342,0.1531613349007821,-0.01224250988942949,0.0079841910756241,0.020477395684227684,0.5625717690481183,0.017907507743559516,0.18615836640281724,0.0046501476741271,1,80.82026672363281
2015-04-27,0.0046501476741271,-0.0143030341170644,-0.0133400814005832,0.3854345746225641,0.0120646874470998,0.0060435532721523355,-0.006802312691779532,0.0112620874153818,0.018188121396174317,0.5754069636014132,0.015871114560322985,0.003426777764195199,-0.0151303569086113,0,81.19696807861328
2015-04-28,-0.0151303569086113,-0.0357919968711484,-0.0345952200774503,-1.2122323447779322,0.0124814000994034,0.04398525948638898,-0.020219725958604304,-0.0051370211753432,0.01539396656869596,0.5220152396963043,0.020699035233372146,-0.061061991637139656,-0.0026063155640084,0,79.97767639160156
2015-04-29,-0.0026063155640084,-0.0504042801984002,-0.0274560274887544,-0.21278680621610632,0.0122484829316035,0.017396715463262824,-0.021730502657036715,-0.008916899272564,0.013098234606389259,0.513258508732887,0.023238507744684018,0.030168831958491182,-0.02135225886737,0,79.76950073242188
2015-04-30,-0.02135225886737,-0.045174682833143895,-0.0439603235293664,-1.640404594888134,0.0130164588260167,0.10127467145182178,-0.040706336937222816,-0.030346461339692,0.010799482990906384,0.4477758120739768,0.03351529138196069,0.1152037509056536,0.0027890659640221,1,78.08429718017578
2015-05-01,0.0027890659640221,-0.031649717701840496,-0.022408100604407302,0.21360763103584562,0.0130569584546072,0.08450037967223323,-0.036519295901922995,-0.0275353052605075,0.009324515377633347,0.4574232537711763,0.020888739973440592,-0.07970946662276779,-0.0022815084155302,0,78.30238342285156
2015-05-04,-0.0022815084155302,-0.0385813737914978,-0.052884407908562206,-0.17922019577644616,0.0127301970943949,0.055161781041835445,-0.036582118026097656,-0.0294909903250634,0.007360386218393078,0.450488381401493,0.01345013603382214,-0.43510536407674605,-0.0159879893145334,0,78.12393951416016
2015-05-05,-0.0159879893145334,-0.0394390061974199,-0.07523100306856831,-1.2212045657230752,0.0130919829185759,0.04891941723762905,-0.04909614813259006,-0.0445828960553217,0.004746275944097933,0.4046154480790408,0.020371349674954017,-0.15006530325682021,0.0069383508853395,1,76.88482666015625
2015-05-06,0.0069383508853395,-0.029894339748072,-0.0802986199464722,0.5228438952881733,0.0132704062299806,0.08343264256345884,-0.040015650954205395,-0.0378478607613178,0.002258151599077829,0.43154607251475197,0.022535141372878924,0.07209836239714962,0.0042164274356969,1,77.42013549804688
2015-05-07,0.0042164274356969,-0.0043256534450050975,-0.049500336278149,0.3156905906663687,0.0133562024347851,0.026101078128049515,-0.03373840113254072,-0.033513363607743,0.0002328950307675104,0.4479784215331856,0.017595370106372802,-0.26654479179916457,0.0010195488945691,1,77.74726104736328
2015-05-08,0.0010195488945691,-0.006095170514458098,-0.0377448882162986,0.07621930134750712,0.0133765185004867,0.024474309770568414,-0.030644902526820304,-0.0320742290399696,-0.0014745128146281816,0.4521134622894384,0.01528473500171948,-0.26939080243336133,-0.0063890301917616,0,77.82656860351562
2015-05-11,-0.0063890301917616,-0.010202692290689498,-0.048784066082187307,-0.4918397258083524,0.0129900653739611,0.020413531514026584,-0.03383611278163477,-0.0380109127079883,-0.004321005971743674,0.43041364447105657,0.0141007363671154,-0.2982763357830699,-0.0070753440622767,0,77.33091735839844
2015-05-12,-0.0070753440622767,-0.0012900470384327976,-0.0407290532358527,-0.5514373853699793,0.0128307297437398,-0.01995520284902097,-0.03703422121408393,-0.0442534985412935,-0.00749691991787238,0.4072582460763853,0.01420085834136809,-0.21105142548970368,0.0125723871562184,1,76.78570556640625
2015-05-13,0.0125723871562184,0.0043439892324461035,-0.025550350515625903,0.9490684275864697,0.0132470818655201,-0.0017576224914506167,-0.022255909725336892,-0.031884504758748,-0.009847766025061211,0.4627227539144908,0.011218730571500291,-0.20133712536979687,0.0366724754846423,1,77.7571792602539
2015-05-14,0.0366724754846423,0.0368000372813915,0.0324743838363864,2.3097934067003556,0.0158769504572405,0.18873239116908902,0.014860521226095963,0.0041612157897673,-0.010542636364849756,0.5871166429410234,0.039080744719642534,0.721450157579649,-0.0117437106984713,0,80.66165924072266
2015-05-15,-0.0117437106984713,0.024036777688351108,0.017941607173893002,-0.7563194417494313,0.0155274478615902,0.16079889255378665,0.0032372268957054444,-0.0073688476982991,-0.010571851113243436,0.5432025824342986,0.016662476602841658,-0.062077563041908146,0.0057035533546738,1,79.71993255615234
2015-05-18,0.0057035533546738,0.03612936123478651,0.025926668944097,0.40419786119709517,0.0141107954846219,0.08627594075910738,0.01036836746733076,-0.0019055035708914,-0.012147916971103179,0.5603499580341369,0.014218520469049221,-0.2416884192208375,-0.0030958102562508,0,80.17591857910156
2015-05-19,-0.0030958102562508,0.0401088950408124,0.0388188480023796,-0.22117764467884185,0.0139969401552586,0.09089197846192665,0.009129940257824863,-0.0052827821877311,-0.014282325665487261,0.5483030921783282,0.014138650979553458,-0.3596864655426808,-0.0009925378079189,0,79.92809295654297
2015-05-20,-0.0009925378079189,0.026543970076675107,0.030887959309121197,-0.0728854229925453,0.0136177820909459,0.027983538502216687,0.010709353526154939,-0.0070046127196905,-0.017526271211446787,0.5442712861279222,0.020360016480628153,-0.14340814845031136,-0.0008694826495443,0,79.84880065917969
2015-05-21,-0.0008694826495443,-0.010997988057511494,0.025802049223880002,-0.07023811361612771,0.0123790717714357,-0.2203117465929757,0.011055181520435392,-0.0085789438430593,-0.019419439930042914,0.54052510291811,0.010437329806824172,-0.43923517044444216,0.0007451669530655,1,79.77940368652344
2015-05-22,0.0007451669530655,0.0014908895940253068,0.0255276672823764,0.06119253104486663,0.0121774167589038,-0.21574898415684107,0.012438467884531408,-0.0082332918514532,-0.020417793665207018,0.5434253548945702,0.01316113169287765,-0.16362645523564268,-0.0151374441492013,0,79.83887481689453
2015-05-26,-0.0151374441492013,-0.019350107909849795,0.016779253324936697,-1.2084508347143155,0.0125263218944111,-0.11228804158756156,-0.0011521016768274387,-0.0234408933629686,-0.02231450025930759,0.47790475862217036,0.0191604261689477,-0.28851882027333176,0.0152617598456801,1,78.63941955566406
2015-05-27,0.0152617598456801,-0.000992537807918895,0.0391163572328935,1.2072740201021714,0.0126415044070844,-0.09683800410227283,0.014292011869239885,-0.0090276396922091,-0.022991063015938784,0.5383441515246643,0.01527005971859798,-0.3694824875540814,-0.004978096156465,0,79.84880065917969
2015-05-28,-0.004978096156465,-0.004978096156464994,0.021565873920210102,-0.3926711930706322,0.0126775180973603,-0.06904677922631441,0.009458690131421947,-0.0141401680630437,-0.023377735438974145,0.517204150136539,0.013349964746772127,-0.4487677668538841,-0.0120497753981395,0,79.4522933959961
2015-05-29,-0.0120497753981395,-0.016158388905060193,-0.0271563769625717,-1.0029887840651137,0.0120138685392889,-0.029501665301714608,-0.0028957992261374717,-0.0255359551394369,-0.02270590766313918,0.46954690118869047,0.015027180259108486,-0.23509264805543495,0.013794847864189,1,78.50065612792969
2015-06-01,0.013794847864189,-0.003108707993936692,-0.0016178183999113992,1.1141101727470495,0.0123819422904785,0.016795477696462724,0.010127691660462596,-0.0114017030429312,-0.021313537764719115,0.5237029823355069,0.02142226393941882,-0.12858693197817594,0.0018664225149298,1,79.591064453125
2015-06-02,0.0018664225149298,0.013895158670194408,-0.005454949239655399,0.15098004083900396,0.0123620480201091,-0.013114294498155488,0.010978167767846391,-0.0087346385697803,-0.01949874583459199,0.5307384083907228,0.022252621347584014,-0.09907194884078108,0.0245591926033566,1,79.73975372314453
2015-06-03,0.0245591926033566,0.02319259142787091,0.022200053619952004,1.9270772852219373,0.0127442696728835,0.008129195900252961,0.03294672357692758,0.0164099495385787,-0.016009319416866563,0.6128539368794717,0.01552642820706641,0.479461099019598,-0.0047419303280432,0,81.72234344482422
2015-06-04,-0.0047419303280432,0.02342875725629271,0.018450661099827702,-0.3697662740389507,0.0128241288104704,0.011564622663849722,0.02552239465051463,0.0124154523623504,-0.01278074701882137,0.5911312894114377,0.017550210340679176,-0.010601561307051699,0.0010963107255204,1,81.33573913574219
2015-06-05,0.0010963107255204,0.036574843379952614,0.0204164544748924,0.085510963490748,0.0128207036941996,0.0671586468814862,0.024272512928876454,0.0137211122287682,-0.010301360787215552,0.5947015659489022,0.011565582606540883,-0.227866836911496,-0.0180582957786945,0,81.42495727539062
2015-06-08,-0.0180582957786945,0.0047216997370691065,0.0016129917431324005,-1.327091439200119,0.0136074239086184,0.09897329428536206,0.004588986709843139,-0.0038453071581687,-0.008395765810289557,0.5155216081017256,0.023180894868321627,-0.1850206256197081,0.0,0,79.96775817871094
2015-06-09,0.0,0.0028552772221393085,0.0167504358923337,0.0,0.0134904972051934,0.09128335234167295,0.0029278816003341125,-0.0031978515073311,-0.006107850045898311,0.5155216081017256,0.023180894868321804,-0.20058283919443365,0.0183017884750933,1,79.96775817871094
2015-06-10,0.0183017884750933,-0.00340212690612399,0.019790464521746903,1.3249130914696947,0.0138135765982896,0.08390491984654935,0.01847664258386153,0.0154743666604048,-0.002947810286390018,0.5810875914571006,0.021786767718376693,0.04271326668508535,-0.0040247134870499,0,81.44478607177734
2015-06-11,-0.0040247134870499,-0.0026849100651306895,0.020743847191162006,-0.2937128789889541,0.01370288392155,0.06852357178151003,0.012258889885271856,0.0114931042185233,-0.0007565116734468136,0.5629169980594937,0.0188195146164949,-0.0901975624231034,-0.0036728457972535,0,81.1176528930664
2015-06-12,-0.0036728457972535,-0.007454066587904589,0.029120776792048005,-0.33198407951211406,0.0110633190683455,-0.13707396003927486,0.008448039942534062,0.0078197425507954,-0.0006230339758253045,0.5461961985883974,0.010916219832870127,-0.3863134005269968,-0.0101086230589367,0,80.82026672363281
2015-06-15,-0.0101086230589367,0.0004956061318532115,0.005217305868922302,-0.9208988463393163,0.0109769092437456,-0.19331467017844106,-0.0018736409642670462,-0.0021069075390192,-0.00023370445298886988,0.5022784369406352,0.010655440714990905,0.03369111516840895,0.0043271525217679,1,80.00740051269531
2015-06-16,0.0043271525217679,0.004822758653621111,0.007678035875760402,0.39536424785157614,0.0109447238724336,-0.18870863646002323,0.002343197872786076,0.0025626034603048,0.00021889267865971007,0.5200184530110735,0.013076797679670082,-0.230526093092424,0.0089654010923019,1,80.35435485839844
2015-06-17,0.0089654010923019,-0.004513628729170289,-0.0079157556352943,0.8084189598787612,0.0110900430806898,-0.1971635295334757,0.010645175000226175,0.0117240327957789,0.0010674941336878963,0.5555967032517625,0.010759321102360367,0.02999394362236485,0.0136007219960293,1,81.0780029296875
2015-06-18,0.0136007219960293,0.013111806753908911,0.010426896688778201,1.188230673169464,0.0114461966881826,-0.16468702838665916,0.022992976688356974,0.0254183900993936,0.002370899376932467,0.6040854037300858,0.019539291702171113,0.4877391476548858,-0.0048360535167632,0,82.1882553100586
2015-06-19,-0.0048360535167632,0.011948599034399212,0.004494532446494601,-0.4197052259975418,0.0115225001196233,0.041504818620988315,0.01678427365598804,0.0203855648560582,0.0035418439224292886,0.579756474355012,0.010422986160291681,0.26235287631069415,0.0266680507067912,1,81.791748046875
2015-06-22,0.0266680507067912,0.04872527280012711,0.0492208789319803,2.0760898433193105,0.0128453259345239,0.1702133678332891,0.04156928084504088,0.0472639777349932,0.005467420165591097,0.6615861524146877,0.019589375784243534,0.5472525736552487,0.0363845631702316,1,84.0023193359375
2015-06-23,0.0363845631702316,0.08078268344859081,0.08560544210221191,2.5609741082633275,0.0142073139485604,0.2980970661438307,0.07451808298703706,0.084764155604138,0.009535505059736327,0.7387315667266532,0.03652707310875351,1.4467991093224155,0.0110899905741475,1,87.114990234375
2015-06-24,0.0110899905741475,0.08290727293043641,0.0783936442012661,0.787607614832799,0.0140806035458428,0.2696617536464059,0.08100887545263628,0.0954170325632694,0.013328435536294814,0.757325531783717,0.020256617593902345,0.8746441444615454,-0.0099525559322306,0,88.08647155761719
2015-06-25,-0.0099525559322306,0.059353995002176516,0.0724658017560854,-0.6956633588085556,0.0143065691274528,0.24989719442994862,0.06523004645250696,0.0831615370372728,0.016833444235339057,0.708561741006271,0.017731360860028158,0.1956576719360068,0.0003408470892126,1,87.2141342163086
2015-06-26,0.0003408470892126,0.06453089560815231,0.0764794946425515,0.02469131834373416,0.0138043292977548,0.19803247163742266,0.05993371389215698,0.0820121799081712,0.020830044111853407,0.7092488995134653,0.017157078402277662,0.5963793578448255,-0.0254313905898105,0,87.24386596679688
2015-06-29,-0.0254313905898105,0.012431454311550613,0.061156727111677696,-1.668444901408841,0.0152425714318382,0.1866239525204505,0.029900844633117152,0.0535416285294549,0.022954427136875788,0.5974645364340614,0.020629330770520826,0.44814951446300966,-0.0003498074681569,0,85.05310821533203
2015-06-30,-0.0003498074681569,-0.024302916326837887,0.0564797671217529,-0.02292056638649789,0.0152617288010372,0.07421634070271543,0.026257706211694376,0.052480455608855,0.025551817285697886,0.5960907210263676,0.013174738226007935,-0.08062344966426871,0.0132037751850209,1,85.02336120605469
2015-07-01,0.0132037751850209,-0.022189131715964483,0.0607181412144719,0.9029158429634015,0.0146234837808202,0.03855518218447962,0.037124525785652375,0.0656089187148206,0.027464776139191738,0.6308204921214313,0.01679897621623486,0.022293360961425313,0.0043627396059449,1,86.15343475341797
2015-07-02,0.0043627396059449,-0.007873836177788987,0.0514801588243875,0.30040305905115877,0.0145229533271894,0.015124814189125368,0.03841248984241143,0.0695703812891198,0.03000531267823714,0.6418742810207538,0.012601742375740554,-0.31016574128073904,0.0029743207863948,1,86.53012084960938
2015-07-06,0.0029743207863948,-0.005240362480606787,0.0592905331275455,0.20490770143729883,0.0145154172611952,0.05151195310561407,0.03816494102795372,0.0714068023991292,0.0320198265780971,0.6496053105205141,0.02055971432340989,-0.012036195810601003,-0.0037764639469441,0,86.78787231445312
2015-07-07,-0.0037764639469441,0.016414564162259615,0.0288460184738102,-0.27473123464083593,0.0137460305592161,-0.09818165388394862,0.030250780453070003,0.0658839043720315,0.03458684486828667,0.6309874123904053,0.030038925481757576,0.28421600143416215,-0.0181644670066938,0,86.46073913574219
2015-07-08,-0.0181644670066938,-0.0014000953762772876,-0.0257030117031152,-1.2448597074429852,0.0145915775874895,-0.0439105701774859,0.008738851955425573,0.0457415602732568,0.03668214845309281,0.5501965497886276,0.01517808556448216,-0.0665323301838735,0.0026816470082182,1,84.90440368652344
2015-07-09,0.0026816470082182,-0.011922223553079987,-0.0341113552690445,0.18964669829715308,0.0141402251254403,-0.03304675292311199,0.009236729468142217,0.0472198931947057,0.03763553447621781,0.5591023927673038,0.02270606672806546,-0.11132564702500136,0.0238176610138161,1,85.13239288330078
2015-07-10,0.0238176610138161,0.007532697854791215,-0.0003411383229977964,1.604251229074063,0.0148465904729667,0.02228452701637451,0.02985952970381526,0.0705087828819677,0.039470677316393976,0.6300916944273224,0.016486692756681205,-0.12135757377834877,0.0241518930205265,1,87.18438720703125
2015-07-13,0.0241518930205265,0.028710270088922914,0.023469907608316104,1.566152680602273,0.0154211612441507,0.06239875620915636,0.04976809067317708,0.0936618825058542,0.04181284630639692,0.6865443923425906,0.01997783665084975,0.09465738892915887,-0.0046724687944228,0,89.31568908691406
2015-07-14,-0.0046724687944228,0.027814265241444217,0.04422882940370381,-0.3076619129209781,0.0151870238017499,0.10482977149848383,0.039442862791802424,0.0857460021627343,0.04454611314235013,0.6651876762937746,0.01282338896036472,-0.04132697357418913,0.0008916217064486,1,88.89933776855469
2015-07-15,0.0008916217064486,0.04687035395458662,0.0454702585783093,0.05859132934382482,0.0152176391359274,0.04290567929917821,0.0351509280677863,0.0838407984622343,0.04703649397806431,0.6673104443401795,0.017491083527843624,0.07861861553542426,0.0120702846612596,1,88.9786376953125
2015-07-16,0.0120702846612596,0.05625899160762801,0.044336768054548004,0.7902036197260419,0.0152749042904211,0.08024477368039551,0.04227615110434397,0.0934927687328961,0.04913920132806027,0.6956273360056932,0.011997842439101897,-0.24312396339630427,0.0443512777151135,1,90.05914306640625
2015-07-17,0.0443512777151135,0.07679260830892541,0.08432530616371661,2.528692114214817,0.0175392162081721,0.18136323892736494,0.08205726719882103,0.1384588035621818,0.05212435429537887,0.7739475254124177,0.030009460224159772,0.7899716165318207,0.0304876238430649,1,94.14328002929688
2015-07-20,0.0304876238430649,0.08312833913146381,0.11183860922038671,1.686531064484909,0.0180771196481793,0.17222817153513748,0.10585286782865728,0.1682460984593649,0.05642091497507873,0.8112680630930162,0.03309159169221237,0.7281981178689048,0.0048904143722177,1,97.05768585205078
2015-07-21,0.0048904143722177,0.09269122229810431,0.12050548753954851,0.2782163881608099,0.0175777365400597,0.1574181202003735,0.10277339951952073,0.1684301545164766,0.05953784796184114,0.8165919597694122,0.02134361710690299,0.2234398918749454,-0.0138159202365521,0,97.53350067138672
2015-07-22,-0.0138159202365521,0.07798368035510361,0.1248540343096902,-0.8224689860384892,0.0167981048174205,0.10385748192449729,0.08208760202889503,0.1472130318685972,0.06018498845896869,0.7523133188367015,0.0171063854745262,-0.09090836081938547,-0.0166255194217084,0,96.19525146484376
2015-07-23,-0.0166255194217084,0.04928787627213561,0.1055468678797636,-0.9555955434603512,0.0173980713236742,0.13899707604613543,0.06035597979095791,0.1235213666521452,0.05956998221827359,0.6836295992902365,0.0276613508184812,-0.036455531444126166,0.0156976197860172,1,94.6091766357422
2015-07-24,0.0156976197860172,0.020634218343039315,0.0974268266519647,0.9077052084618431,0.01729374210887,-0.01399572799540072,0.07179173434118523,0.1363449426099532,0.06022924622426573,0.7104926811741497,0.019391489860656037,0.08450014591912836,-0.0290936267814026,0,96.10603332519533
2015-07-27,-0.0290936267814026,-0.038947032281428186,0.0441813068500356,-1.5411428749455929,0.0188779556096833,0.0443010820910652,0.03752591662465967,0.1004588447092392,0.06065672873918815,0.6081167934173126,0.029521066511113452,0.2504366841945276,0.0118231549838489,1,93.3502426147461
2015-07-28,0.0118231549838489,-0.03201429166979699,0.0606769306283073,0.6685219303069413,0.0176855155348763,0.006131562762416554,0.04440556575745473,0.1096903644696883,0.06250904902530441,0.6311745041887097,0.02361213116153283,0.1432299815923621,0.0176831101893584,1,94.46048736572266
2015-07-29,0.0176831101893584,-0.0005152612438864869,0.0774684191112171,0.9909713825993589,0.0178442188138419,0.06227571549241229,0.05654177532133714,0.1252654959890939,0.06504590946898903,0.6635353091841714,0.02618827684783529,0.9648126684969942,-0.0185230472858815,0,96.14569854736328
2015-07-30,-0.0185230472858815,-0.0024127891080595876,0.046875087164076,-0.9969898657455146,0.0185789724873789,0.06787540651691693,0.0324839682729474,0.100889577349131,0.06625343460839073,0.6037978721724642,0.042117367350021154,1.3980489894466297,-0.0126837209920086,0,94.38117980957033
2015-07-31,-0.0126837209920086,-0.030794129886085386,-0.010159911543046098,-0.6684329287381611,0.0189753084366331,0.0972355385651682,0.01576978539072967,0.0836413376052772,0.06681784907437449,0.5667540054930604,0.025316507060213055,0.24253919452555017,0.0013817920971331,1,93.19163513183594
2015-08-03,0.0013817920971331,-0.00031871100754968587,-0.0392657432889779,0.07279528273346282,0.018981890656191,0.005505630411292373,0.013565828024227313,0.0817332076214315,0.06725500970182163,0.5698328349994344,0.024219235118749807,-0.22096523732164608,-0.0008500383797909,0,93.32049560546876
2015-08-04,-0.0008500383797909,-0.012991904371189486,-0.0450061960409865,-0.04489713505359581,0.0189330205318484,0.07053823195099906,0.008989349505450028,0.077466302303244,0.0678668737498147,0.5671619564702927,0.014884133130099229,-0.45607448991788846,0.0249880324411909,1,93.24120330810548
2015-08-05,0.0249880324411909,-0.005686982119356986,-0.006202243363243501,1.3320384236881557,0.018759242974391,0.051278465596897416,0.02856707244923677,0.1004157151111973,0.06985314286882005,0.6236808871728097,0.019805018502309667,-0.20051423326120588,-0.0137817271997655,0,95.60047149658205
2015-08-06,-0.0137817271997655,-0.0009456620332409862,-0.0033584511413006016,-0.7154198684548365,0.0192638306642661,0.036862005008750476,0.009514591403766015,0.0817572888419857,0.0715618159988789,0.5785579650842849,0.04541631171241177,0.10545961790245562,-0.0086580282673743,0,94.2919692993164
2015-08-07,-0.0086580282673743,0.0030800306913933134,-0.0277140991946921,-0.4563975939611321,0.0189703635206097,-0.0002605973989784349,-0.00254914453557993,0.0689913565657108,0.07172333424685973,0.5518476388895883,0.01898198152278837,-0.39327066604858074,-0.0015918813102862,0,93.47911071777344
2015-08-10,-0.0015918813102862,0.00010635728397401342,-0.0002123537235757002,-0.08671415563381545,0.018357802121819,-0.03287810185380302,-0.006264208763910078,0.0636832547508266,0.07038839109108719,0.5468740606200423,0.024110507017219635,-0.4282140845666297,-0.0056451010478467,0,93.3304214477539
2015-08-11,-0.0056451010478467,-0.004688705384081787,-0.0176806097552713,-0.30716224342250187,0.0183782387605558,-0.029302338227509273,-0.01390852541286919,0.0545193753026449,0.0693930557955229,0.5287411452230545,0.01986755560546557,-0.4020237233681079,0.0060698451218215,1,92.80504608154295
2015-08-12,0.0060698451218215,-0.023606892703451184,-0.029293874822808194,0.3299537719175491,0.0183960470781897,-0.019360903672771546,-0.010214109605760633,0.0576634397154302,0.06857801265903563,0.5461695190694246,0.034504723598682854,-0.277112232999123,-0.0081014791614986,0,93.3700714111328
2015-08-13,-0.0081014791614986,-0.017926644665184288,-0.0188723066984253,-0.4405029185207159,0.0183914312956308,-0.04528691016027131,-0.01952955828885637,0.0465463867079401,0.06739208260218321,0.5186282310322087,0.01477046856796434,-0.5308963605612965,0.0105402831150654,1,92.61669158935548
2015-08-14,0.0105402831150654,0.0012716667172554107,0.0043516974086487,0.6768023629344407,0.0155736499934271,-0.17905368674102418,-0.008854428264005362,0.0547127738434461,0.06413508158656578,0.550430401816622,0.015992397431830244,-0.5487189453365967,-0.0052030755520894,0,93.59806060791016
2015-08-17,-0.0052030755520894,-0.002339527524547789,-0.0022331702405738,-0.37687677530684166,0.0138057739107251,-0.2479615032827719,-0.011934024977359623,0.0464828498787995,0.05912244357449992,0.531706427454,0.01139145844083701,-0.452862801616719,0.0131149063135616,1,93.1123275756836
2015-08-18,0.0131149063135616,0.01642047983686051,0.0117317744527787,0.927336865249661,0.0141425481990633,-0.23047314906928562,0.002808057811091641,0.0568830666413631,0.05392358827700816,0.5714366544864693,0.01901857301058925,-0.31686882163030006,0.0014701049442688,1,94.3415298461914
2015-08-19,0.0014701049442688,0.01182073965930781,-0.0117861530441434,0.10605668452069415,0.0138615019969057,-0.24649562278301318,0.005199559697555774,0.0550074673083034,0.049550268034074696,0.5758128050392837,0.02035457834125999,-0.28148821582949013,-0.0511221803472961,0,94.4803237915039
2015-08-20,-0.0511221803472961,-0.03119996152648969,-0.049126606191674,-2.9094293109712726,0.0175712055125442,-0.04459825719390631,-0.042432823325779294,0.0005679227853585,0.044906244865750455,0.4193620897314166,0.0475927305078063,0.34659125048725326,-0.0509679289156093,0,89.77166748046875
2015-08-21,-0.0509679289156093,-0.09270817355716439,-0.091436506839909,-2.540818185045851,0.0200596521292174,0.2880507869178792,-0.0847456171823214,-0.0500390970401269,0.037920080792563704,0.32834383034374315,0.04148268412851839,0.8151466980011,-0.0472285138818907,0,85.31083679199219
2015-08-24,-0.0472285138818907,-0.1347336118869657,-0.1370731394115135,-2.1948983416721752,0.0215174037836804,0.5585800493925568,-0.12132259072406314,-0.0939733758799599,0.031125433014876247,0.2722120357136696,0.12291383588761763,1.2721364866484257,0.0110244744753774,1,81.37539672851562
2015-08-25,0.0110244744753774,-0.1368240437251499,-0.1204035638882894,0.5132052746463687,0.0214816078867739,0.5189347481380113,-0.10569978136681533,-0.0843924842079545,0.023825664709582695,0.30168149371851416,0.056265038180063946,0.3805484886567152,0.0492490428968752,1,82.27748107910156
2015-08-26,0.0492490428968752,-0.08904510577254349,-0.0772243661132357,2.022455187896143,0.0243511169946398,0.7567444711313172,-0.055567548053505375,-0.0394699202510974,0.01704476351827,0.4184462192467329,0.048170625423077484,0.2293659138743962,0.0287155353975939,1,86.4310073852539
2015-08-27,0.0287155353975939,-0.009207390027653483,-0.0404073515541432,1.1360325287280488,0.025277036239222,0.4385487792045091,-0.025161276839047304,-0.0132142573111304,0.012255380550721506,0.47568079978078154,0.03198478780582513,0.2293130646780439,0.014164339254306,1,88.94889831542969
2015-08-28,0.014164339254306,0.05592487814226182,-0.0367832954149026,0.5566424143719807,0.0254460294231919,0.2685179812330394,-0.009641176736621022,-0.0009175605970032,0.008808540838634915,0.5022654209190552,0.018569414369164976,-0.018781777396966404,-0.0175132779938363,0,90.21776580810548
2015-08-31,-0.0175132779938363,0.08564011403031621,-0.0490934978566495,-0.6820248619931139,0.0256783571535155,0.19337618105168075,-0.02433429982591224,-0.0197517508550121,0.004696843365593839,0.47054996417736333,0.02415300966944495,-0.03457173442031092,-0.0249079548730354,0,88.6515121459961
2015-09-01,-0.0249079548730354,0.04970768468190341,-0.08711635904324651,-0.9523997682697743,0.0261528359233914,0.21745243937226633,-0.044777100073383876,-0.0443877973712076,0.0004075516847492633,0.42984914993589063,0.033130795350573755,0.03653265478148038,0.0300384361035517,1,86.47065734863281
2015-09-02,0.0300384361035517,0.03049707788857991,-0.058548027883963606,1.1349132540049576,0.0264676053412453,0.08691545225918729,-0.0121054917652077,-0.0156807153195961,-0.003619033737495836,0.48756310610231274,0.02514186396235231,-0.216276815507922,-0.0195468819072285,0,89.10750579833984
2015-09-03,-0.0195468819072285,-0.01776533941624249,-0.026972729443896,-0.7343962127730973,0.0266162618587302,0.05298190843395423,-0.027503557011762957,-0.0345841450219264,-0.00728083692358461,0.45510966306865464,0.02370954397859024,-0.20289053190484563,0.001247059206876,1,87.38264465332031
2015-09-04,0.001247059206876,-0.030682619463672487,0.0252422586785893,0.046858390084187775,0.0266133600543143,0.04587476543819746,-0.02303503196763793,-0.0334387407347096,-0.010649009030513135,0.45756770398599983,0.01914799909927166,-0.19949524500111093,0.0142868150364521,1,87.49168395996094
2015-09-08,0.0142868150364521,0.0011174735666159112,0.0867575875969321,0.5310574215650368,0.0269025805050395,0.047675298859856996,-0.0064366086016973585,-0.0198568518789812,-0.01350718373227977,0.486377103946962,0.015748866881933856,-0.21495259200058126,0.0101129494992197,1,88.7506332397461
2015-09-09,0.0101129494992197,0.03613837793887101,0.0858460626207744,0.374047625259548,0.0270365290842374,0.03378957308624453,0.0054363346996666095,-0.0108992929939224,-0.01624730192237256,0.5065985716675414,0.020013325288894455,-0.06761776943038245,0.0168845345196822,1,89.65271759033203
2015-09-10,0.0168845345196822,0.02298447635500151,0.05348155424358139,0.6183116427946121,0.0273074827499097,0.03173227792374522,0.0238144870051244,0.0045784593668029,-0.018788587075565966,0.5396306837693483,0.02641878904641944,-0.24207092092852578,0.0007606476393636,1,91.17931365966795
2015-09-11,0.0007606476393636,0.04329200590159361,0.025526666485351096,0.027902162194971887,0.027261243556984,0.024232617701055892,0.025381071783531137,0.0042153951778317,-0.020641766449700505,0.541134265833271,0.010320527388821126,-0.3958838545718346,0.0028205652144689,1,91.24869537353516
2015-09-14,0.0028205652144689,0.04486551190918651,0.014182892445513996,0.10389788097496341,0.027147475848411,0.02006946109046881,0.02948716609487338,0.0059500197575456,-0.022862981795694015,0.5470523867331594,0.011049770332985622,-0.42944361121355235,0.0063710607398908,1,91.50643157958984
2015-09-15,0.0063710607398908,0.03694975761262521,0.038067231179241094,0.23440748690078353,0.027179425128974,0.010290634531607168,0.03666244509993656,0.0112003564184174,-0.02456160035686883,0.5608920744625262,0.01571581335298395,-0.46581451079189573,0.0059029667610951,1,92.0912857055664
2015-09-16,0.0059029667610951,0.03273977487450061,0.06887815281337159,0.2183370243457274,0.0270360319271733,-1.8388346468278804e-05,0.04380162546519823,0.0158094001565266,-0.026817572061354267,0.5739608899721693,0.010379895691600426,-0.5337743773867489,0.0094787773640836,1,92.63650512695312
2015-09-17,0.0094787773640836,0.02533401771890201,0.0483184940739035,0.349353912374545,0.0271323063184171,-0.006414960803854397,0.054313782881568,0.0235500965976582,-0.029178871398065964,0.5949678043145221,0.027665896880083383,-0.20986156159744085,0.0006359697447746,1,93.51876068115234
2015-09-18,0.0006359697447746,0.02520933982431301,0.0685013457259066,0.02608605823007808,0.0243796797187743,-0.10570184856704679,0.05272563317334532,0.0223112259224987,-0.028891105424273755,0.5964129565466176,0.022669484693406246,0.7247250267844536,0.0121083815305153,1,93.57825469970705
2015-09-21,0.0121083815305153,0.03449715614035941,0.0793626680495459,0.576520390543051,0.0210025208633295,-0.2263545612636093,0.0599412357859076,0.0330644854749462,-0.025356830552057064,0.6240895611435191,0.020617489877378766,-0.16362273081100276,-0.0274804364775819,0,94.71822357177734
2015-09-22,-0.0274804364775819,0.0006456589228867084,0.037595416535511884,-1.465635106714822,0.0187498486844918,-0.3101455017713397,0.025030188120226407,0.0044407723566368,-0.020086643303011353,0.535088279986927,0.029690212601254956,0.14986125040619624,0.0108062645778427,1,92.15076446533205
2015-09-23,0.0108062645778427,0.005548956739634309,0.03828873161413489,0.5764273335344314,0.0187469676560666,-0.30659322689937907,0.02993786794578114,0.0144134501407293,-0.01507315954506594,0.5613584828069687,0.016175339186135087,-0.28999611813244386,0.0046715286263733,1,93.15196990966795
2015-09-24,0.0046715286263733,0.0007417080019240085,0.02607572572082599,0.29614356385801255,0.0157745404475955,-0.41860672430607493,0.030682448625271995,0.01814124460162,-0.012167864156782171,0.5726868300465874,0.026797994716234414,-0.022116114388157304,-0.0175237838973369,0,93.58815002441406
2015-09-25,-0.0175237838973369,-0.017418045640187493,0.00779129418412549,-1.1423134772376176,0.0153406085514403,-0.3707625067926218,0.011100516034040874,4.0845565326841586e-05,-0.010938250246468773,0.5188963610853687,0.040853735611411125,-0.0044405822050835875,-0.0391301425615781,0,91.96241760253906
2015-09-28,-0.0391301425615781,-0.0686565697322809,-0.03415941359192151,-2.2324253387483957,0.0175280856575102,-0.16542943718178504,-0.0267452187962459,-0.0371394563602897,-0.01067987310700691,0.4254742728741461,0.046071075580438,0.397081313720796,-0.0288852733560747,0,88.43341064453125
2015-09-29,-0.0288852733560747,-0.0700614066107737,-0.06941574768788701,-1.5817907598086571,0.0182611215655153,-0.026065656699444828,-0.05303010235625559,-0.0622788981334052,-0.009766726270985626,0.37376846075405323,0.050074955919933085,0.41120273043420497,0.0365902120787171,1,85.91552734375
2015-09-30,0.0365902120787171,-0.044277459109899296,-0.03872850237026501,1.8984540325410653,0.0192736887233142,0.02809633413311796,-0.019169229275865503,-0.0255418108756526,-0.006497126507442497,0.4631194019860313,0.02235811426829986,0.2070400519003428,0.0116119158571348,1,89.11741638183594
2015-10-01,0.0116119158571348,-0.0373370718791378,-0.036595363877213814,0.6362217897781691,0.018251364608533,0.15701402961092548,-0.008286969582834536,-0.0128572753973166,-0.004608496283002084,0.4886606558868077,0.028477145957075043,-0.02614186069868152,0.0122392751754466,1,90.15827178955078
2015-10-02,0.0122392751754466,-0.007574012806354297,-0.02499205844654181,0.6882223964045139,0.0177838954956833,0.15926923212010413,0.001784475083521855,3.0433733094218134e-05,-0.001750916882876874,0.5151567496667544,0.04159872069463537,0.2375007983122659,0.0208519893974374,1,91.26852416992188
2015-10-05,0.0208519893974374,0.052408119152661206,-0.016248450579619714,1.1417075300127444,0.0182638625473589,0.0419770250000715,0.01970315208692946,0.0217545419261934,0.0020117519839628617,0.5578903918545791,0.017125762624959733,-0.108369273802424,-0.0129545597000379,0,93.19163513183594
2015-10-06,-0.0129545597000379,0.068338832808698,-0.001722573802075713,-0.7038497875982411,0.0184052903450365,0.007894848024748491,0.004796593264036224,0.0089039797973487,0.004087779119523072,0.526708070242597,0.019719846668906287,-0.2698548389964851,-0.0043196277549947,0,91.9921646118164
2015-10-07,-0.0043196277549947,0.02742899297498621,-0.016848466134913115,-0.23546908416589488,0.0183447766414694,-0.048195864070438854,-0.000594858593365863,0.0051869383339409,0.005785238326039721,0.5164319941184735,0.024783559282582426,-0.19425496809818288,0.0007572747547662,1,91.59564971923828
2015-10-08,0.0007572747547662,0.01657435187261761,-0.020762720006520213,0.04215601019384118,0.0179636249086218,-0.01576538007337136,-0.0001027092800618114,0.0069386841059851,0.007042116676781118,0.5182034851226661,0.029739374539818814,-0.08998982134416611,0.0082925570131563,1,91.6650390625
2015-10-09,0.0082925570131563,0.01262763371032731,0.005053620903972985,0.4593380883793495,0.0180532754042112,0.015147407304169525,0.007575210895930404,0.0157592984180681,0.008122557436541555,0.5382427225738807,0.01608751645609862,-0.3313569849204594,0.0108800562044083,1,92.42833709716795
2015-10-12,0.0108800562044083,0.00265570051729821,0.05506381966995939,0.5980070345762447,0.0181938598968456,-0.0038328502709533696,0.017525465956536788,0.0268152263954638,0.009129757190100785,0.5641063600077882,0.02047528391084066,-0.3818547139458107,-0.0014863298411868,0,93.439453125
2015-10-13,-0.0014863298411868,0.01412393037614931,0.0824627631848473,-0.08185716754799907,0.0181576016579764,-0.013457472412376048,0.01534561327399985,0.0252946404558455,0.009798660723775443,0.5594744239656592,0.019337012767887084,-0.3479997657119428,-0.0005313328645585,0,93.30067443847656
2015-10-14,-0.0005313328645585,0.01791222526658551,0.045341218241571696,-0.029328459826369113,0.0181166303209956,-0.012436582081793324,0.014467007628262375,0.0247477803378929,0.01013416171479653,0.5577132165930104,0.016902267918026785,-0.35874070254952983,0.0198921231255196,1,93.25111389160156
2015-10-15,0.0198921231255196,0.037047073637338904,0.053621425509956494,1.073038938806035,0.0185381186144591,0.03198094531363593,0.03394579345391624,0.0454456149908616,0.011122267346850068,0.6079561864301448,0.014589428295497585,-0.08172719591991306,0.0163311148758939,1,95.12464904785156
2015-10-16,0.0163311148758939,0.04508563150007651,0.05771326521040379,0.8660060677439789,0.0188579681877263,0.04457322926162144,0.04919507123566396,0.0620990409179041,0.012298923275576135,0.644330954315553,0.0229649153449303,-0.09773878169225858,0.0094893968164273,1,96.6908950805664
2015-10-19,0.0094893968164273,0.043694972112095505,0.04635067262939369,0.5050132080886599,0.0187903933292005,0.032787623722348336,0.05753787197588366,0.0712528568001571,0.012968788341025439,0.6640871516197447,0.016756387787390345,-0.14985552319483708,-0.0150408308610055,0,97.61280059814452
2015-10-20,-0.0150408308610055,0.03014047109227681,0.04426440146842609,-0.8370737494809993,0.017968346122825,-0.010422936834736829,0.03949553919634812,0.0546069285337637,0.014537233463357113,0.606720338124624,0.031237100817493587,0.11840211093337305,0.0011333455187105,1,96.15560913085938
2015-10-21,0.0011333455187105,0.03180514947554581,0.04971737474213129,0.06348476887442042,0.0178522429679531,-0.014593627421767175,0.03892633234525152,0.0550022217623031,0.015473560460020241,0.6094391272674801,0.017608887588559757,-0.20654521100884216,0.0260203433733318,1,96.2646484375
2015-10-22,0.0260203433733318,0.03793336972335801,0.0749804433606969,1.394243957642926,0.0186626904356976,0.006719766111612735,0.0633224680754317,0.0815262441988117,0.017119713605157072,0.6671170422823204,0.021872181651699744,-0.03985276245922931,0.0249691624835752,1,98.80236053466795
2015-10-23,0.0249691624835752,0.04657141733103931,0.09165704883111579,1.3383529316768268,0.0186566352511301,-0.010676279363289853,0.08475625937016308,0.1067669340696511,0.020290894391582492,0.7121772181792665,0.026323463624086843,0.5191540371242542,0.0153430120357491,1,101.30043029785156
2015-10-26,0.0153430120357491,0.052425032550361114,0.0961200046624566,0.9815593648979544,0.0156312624426381,-0.16812478755583427,0.0930809246399961,0.1216074204725847,0.02609733203603759,0.736280773344713,0.021778881949949133,-0.0531338416972047,-0.0006747837581599,0,102.86666870117188
2015-10-27,-0.0006747837581599,0.0667910796532067,0.09693155074548349,-0.050877444343385314,0.0132629255826139,-0.2618727682585018,0.08263297246545175,0.1184885868000435,0.03311890109252702,0.7333506412088999,0.016393413676672037,-0.10184341868315161,0.0048099770460782,1,102.79727935791016
2015-10-28,0.0048099770460782,0.0704677111805744,0.10227286065612019,0.41550966052401406,0.0115760895667556,-0.35156105663943416,0.07979270432713817,0.1216964783899947,0.038807239477477884,0.7412710959623249,0.01497125944027797,-0.0698291535547656,0.0065047777441714,1,103.2929229736328
2015-10-29,0.0065047777441714,0.05095214555141401,0.088885515274772,0.5639608828462153,0.0115340938388189,-0.38197046784011757,0.0790512310563788,0.1266952158279136,0.0441535891904703,0.7520578646852608,0.015255588724412157,-0.2014183415890426,-0.0281381697213215,0,103.96701049804688
2015-10-30,-0.0281381697213215,-0.0021551866534826915,0.044416230677556595,-2.0263922113565096,0.013885845772416,-0.25571542855912976,0.0437960788723081,0.092755080412754,0.04690475709904951,0.6308486604955008,0.03010689083134891,0.3277335580115974,0.0130554088477781,1,101.08234405517578
2015-11-02,0.0130554088477781,-0.004442789841453689,0.04798224270890739,0.9652581521617706,0.0135253028617676,-0.13472741492241724,0.05250282245426855,0.1030368639690292,0.04801321235122513,0.6581691507964913,0.02216630500091268,-0.04202129400299004,-0.0070911479558611,0,102.4106674194336
2015-11-03,-0.0070911479558611,-0.01085915403915489,0.05593192561405179,-0.5379711734139854,0.0131812786749528,-0.006156025467573323,0.039885227781519775,0.0904714645672678,0.04864598076238469,0.6307807802895714,0.012185611012745819,-0.1506577591347883,0.0131708897985932,1,101.68702697753906
2015-11-04,0.0131708897985932,-0.0024982412866398906,0.06796946989393449,1.0046637862604009,0.0131097487325769,0.1324850811646867,0.04754470592015998,0.1000315684353428,0.05010465159009958,0.6592315325301678,0.015970713813005855,0.6733574454153137,0.0453298484054698,1,103.03519439697266
2015-11-05,0.0453298484054698,0.03632682937465851,0.0872789749260725,2.8834183102705317,0.0157208713851917,0.3629914586165295,0.0871978222802817,0.1458118986306573,0.05391298174920811,0.7366760896080513,0.02482534502210431,1.2766600124611087,-0.0153806795364795,0,107.81324005126952
2015-11-06,-0.0153806795364795,0.04908431955950051,0.046929132906017794,-0.9279634422774405,0.0165746610650218,0.1936371278116229,0.06323840274159978,0.1242088351030388,0.05734408407768643,0.6794085012930935,0.026423849131463586,0.22982047277436535,-0.005711899560538,0,106.16768646240234
2015-11-09,-0.005711899560538,0.03031701115118441,0.025874221309730695,-0.3403898451617825,0.0167804640523962,0.24067196305304694,0.050803503937769515,0.1141848816309663,0.06031705971257417,0.6591312058193282,0.02244341663623593,-0.08785507739411469,0.01324646015155,1,105.56299591064452
2015-11-10,0.01324646015155,0.05065461925859552,0.03979546521944059,0.7906789572888184,0.0167532726518626,0.27098994452619696,0.057619771576734924,0.1246928249719459,0.06341887245093436,0.682859850436528,0.026966949896705186,-0.14281605013312326,0.0101420671357988,1,106.97063446044922
2015-11-11,0.0101420671357988,0.047625796595801115,0.045127555309161196,0.6081817690834292,0.016676045964159,0.2720339881663847,0.060635565901448356,0.1310226823542291,0.06636314933768772,0.7002662937036729,0.025318797194235954,-0.1503889048157604,-0.009123176366753,0,108.0610580444336
2015-11-12,-0.009123176366753,-0.006827228176421691,0.0294996011982368,-0.543335670206428,0.0167910499292028,0.06807374208398898,0.044872913674708845,0.11655049103193,0.06859932573535543,0.6648960747392729,0.012867982159279845,-0.28243725865498526,-0.0384064384636518,0,107.07968139648438
2015-11-13,-0.0384064384636518,-0.029852987103593992,0.019231332455906497,-1.9919296298904818,0.0192810217225211,0.16328301658069178,0.002396300563198437,0.0709826153420385,0.06842235425280863,0.5433819774683922,0.04252042615399081,0.029734999270509155,0.0008655157513367,1,103.04510498046876
2015-11-16,0.0008655157513367,-0.023275571791719293,0.0070414393594651,0.04501116959799819,0.0192289104919236,0.14591053214513283,0.0005771146960194093,0.0684358574911264,0.06781960310547652,0.5453608452108781,0.03556321526031419,0.6070509322171029,0.0104221066144769,1,103.13433074951172
2015-11-17,0.0104221066144769,-0.026099925328792392,0.0245546939298031,0.553552806717385,0.0188276646563873,0.12382010653268205,0.007122520392815002,0.0761812746358833,0.0685703604524035,0.5696813262149891,0.019594764695257387,-0.12047863296095496,0.0248016585011985,1,104.21482849121094
2015-11-18,0.0248016585011985,-0.011440333963392689,0.036185462632408405,1.2802609476342321,0.0193723463540999,0.16168703274960539,0.027168412857579816,0.0993057320870414,0.07022930059616561,0.62237237952822,0.023104741034894596,-0.22039859703472486,-0.01411041921568,0,106.83184814453124
2015-11-19,-0.01411041921568,-0.01642757681231969,-0.0232548049887414,-0.7356631599736169,0.0191805434652811,0.1423075713641062,0.00960574469742409,0.0807544797034543,0.0704718008784242,0.5787232544416436,0.016751424552103374,-0.16412681719126687,0.0099261146175699,1,105.33499145507812
2015-11-20,0.0099261146175699,0.031904976268902006,0.002051989165307997,0.5346064451803715,0.0185671435633757,-0.03702491337954139,0.01719812209207107,0.0881555875417286,0.06975776292598668,0.599934675510283,0.011647409649221986,-0.2497845591819826,-0.0034535561867718,0,106.3857650756836
2015-11-23,-0.0034535561867718,0.02758590433079351,0.004310332539074197,-0.18815718706214649,0.0183546333823067,-0.045466804267673466,0.01216586407550971,0.0811942098122409,0.06819865022792526,0.5887907270486336,0.012996722106697297,-0.3184597351689328,-0.0113782927193536,0,106.01898956298828
2015-11-24,-0.0113782927193536,0.005785504996963007,-0.020314420331829404,-0.6125143308219356,0.0185763698036012,-0.013347106896810401,-0.000250655863194701,0.0661938660390051,0.06646118078683894,0.5526371011507775,0.019860020016518553,-0.1921030854710959,-0.0031256529473307,0,104.81951141357422
2015-11-25,-0.0031256529473307,-0.022141806451566187,-0.033582140414958904,-0.16827316577209442,0.0185748745677253,-0.04116547225606604,-0.003940409354303091,0.0603091639277749,0.06450374444005713,0.5428474906869696,0.01423014844784791,-0.47277753099965325,0.0003793811329708,1,104.49239349365234
2015-11-27,0.0003793811329708,-0.007652006102915387,-0.0240795829152351,0.02048226546548533,0.0185224204622333,-0.03431201020133101,-0.0038307248226469408,0.0583460050963442,0.062415827779793265,0.5439021362974842,0.01043146994741976,-0.7889447541094489,-0.0115410102441954,0,104.53204345703124
2015-11-30,-0.0115410102441954,-0.029119130964680686,0.0027858453042212943,-0.6584437719921247,0.0175277081128401,-0.05598251809642496,-0.01631615376212527,0.0441394796381875,0.06145839807324993,0.5058809845906607,0.022544114757104352,-0.2550446537561345,0.0272538930188732,1,103.33257293701172
2015-12-01,0.0272538930188732,0.0015883182409643128,0.029174222571757794,1.4886673481914576,0.0183075776142892,-0.0025636996957323355,0.009047762335500845,0.0705063847366324,0.06090754540586074,0.580964964190416,0.024738624513930437,-0.16551467480130433,-0.0098506247260821,0,106.18751525878906
2015-12-02,-0.0098506247260821,0.0031159862342358107,0.008901491231198794,-0.5356972596777002,0.0183884172415007,-0.010117830560417818,-0.002482859939887322,0.0572427016627943,0.05987422090720407,0.548254605832286,0.020081052696768135,-0.11037120337015316,-0.0160611399202249,0,105.14663696289062
2015-12-03,-0.0160611399202249,-0.009819500738658388,-0.03196130719022461,-0.8641027613289608,0.0185870716296791,0.0006566430319263628,-0.01857919395825234,0.038243237485746,0.057898132069538866,0.49950728982649184,0.03353132872290225,-0.12143492345804485,0.017097841380893,1,103.47135162353516
2015-12-04,0.017097841380893,0.006898959509263813,-0.0007530465936516038,1.0786725434633913,0.0158508172702676,-0.14423618108729508,-0.00044237212457285053,0.0536804210888556,0.054146746224594366,0.5458269263921942,0.034093075307757195,-0.12827139009924082,-0.0053827997661686,0,105.25569915771484
2015-12-07,-0.0053827997661686,0.013057169987290613,-0.016061960977390103,-0.3465046088147237,0.0155345690338185,-0.11371361653161638,-0.005110588791845547,0.0453599505868981,0.05072979851846471,0.5291268695011514,0.020547279200873667,-0.337755741341769,0.0082980722515444,1,104.6906509399414
2015-12-08,0.0082980722515444,-0.005898650780038183,-0.004310332539073904,0.531506010510885,0.0156123770708976,-0.14721775868851028,0.003179423415367675,0.050476982885749,0.04714765710540059,0.551920100514848,0.027796100791117166,-0.11559056756519503,-0.0179075615061975,0,105.56299591064452
2015-12-09,-0.0179075615061975,-0.013955587560153583,-0.010839601325917804,-1.1352219770378478,0.0157745021400343,-0.14215008649940086,-0.013086503278063074,0.0281957628534334,0.041829670248321627,0.4963487764483312,0.027629057665459297,0.022822387507608344,0.0078088619113351,1,103.68944549560548
2015-12-10,0.0078088619113351,0.009914414271406415,9.491353274799531e-05,0.4976385888671181,0.0156918335636151,-0.1557662295464014,-0.0036622629982818794,0.033104060454723,0.03690146632771918,0.518978407632801,0.01887685352242554,-0.22810986796412502,-0.0318038294980604,0,104.50231170654295
2015-12-11,-0.0318038294980604,-0.03898725660754698,-0.0320882970982832,-1.868429960379734,0.0170216867490161,0.07386808255904742,-0.03215258666371421,-0.0014217976814122,0.03175168787853577,0.43439005418048215,0.023795462303418013,0.15467503860720866,0.024568427178285,1,101.23103332519533
2015-12-14,0.024568427178285,-0.00903602966309338,0.0040211403241972,1.5475044167468963,0.0158761596493093,0.021989062892389555,-0.008413213357315843,0.0209018708471209,0.02956381085279669,0.501710517452452,0.031339563009057464,0.09033201289035464,-0.0010516184601748,0,103.7489242553711
2015-12-15,-0.0010516184601748,-0.018385720374812578,-0.024284371154850798,-0.06622862474690651,0.015878609350467,0.01705264216719904,-0.009694683722285076,0.0177361270345053,0.027699347166887156,0.4989407692575447,0.014538538767028555,0.02522492434218515,0.0211989758157575,1,103.63987731933594
2015-12-16,0.0211989758157575,0.020720816947142416,0.0067652293869888,1.2913659223130662,0.0164159325017547,0.04066247898198383,0.010728253240274271,0.0367176913194951,0.025713576320738785,0.5530498979038682,0.02715604337131094,0.07886941924521707,-0.0053518250589676,0,105.86038970947266
2015-12-17,-0.0053518250589676,0.007560129976839716,0.0174745442482461,-0.34639166219620615,0.0154502132789102,-0.01539783631564573,0.006071416288283683,0.0284246141665776,0.022218301321751177,0.537153982711063,0.01525139077353237,0.03639927074273608,-0.0207370021736967,0,105.29535675048828
2015-12-18,-0.0207370021736967,0.018626957301203416,-0.0203602993063436,-1.3108890378441302,0.0158190369856174,-0.07065397108592764,-0.013539555221446344,0.0050660013556427,0.018860925114200455,0.4802948718084282,0.025182574914765016,0.6789819624957611,0.0069918366777546,1,103.13433074951172
2015-12-21,0.0069918366777546,0.0010503668006730145,-0.007985662862420402,0.4446275450005535,0.0157251541348971,-0.009511463587403068,-0.005415862993290991,0.0098682181571676,0.015367308387259637,0.49940341212352624,0.01479434095085831,-0.2365235680559281,0.0070383415587218,1,103.8579559326172
2015-12-22,0.0070383415587218,0.009140326819569614,-0.009245393555243004,0.44487851666528094,0.0158208169085794,-0.003639641269082561,0.002294119874180083,0.0148002354327189,0.012477490699145832,0.5187220648304381,0.008056166110376203,-0.3006896521988458,-0.0083753234900098,0,104.59152221679688
2015-12-23,-0.0083753234900098,-0.020433972486197688,0.0002868444609446987,-0.5325139434423556,0.0157278951906288,-0.04191277656949166,-0.005541068976407148,0.0043060271697529,0.009901963609522113,0.49429339909239167,0.021504349221671142,-0.05199522991523209,0.0037203372495211,1,103.7191925048828
2015-12-24,0.0037203372495211,-0.011361810177708988,-0.003801680200869301,0.236318917076125,0.0157428668663147,0.01894171828708524,-0.001649419792602753,0.0059347672285662,0.007596717196872271,0.5054097974532185,0.0078080339081629535,-0.6788002905805609,0.0086277481868321,1,104.10578155517578
2015-12-28,0.0086277481868321,0.01800294018281981,0.03662989748402319,0.5437884942496953,0.0158659998842683,0.002968758382295933,0.006771665962823751,0.0127170222741323,0.005905367137664319,0.5313004105803012,0.013688327890676687,-0.36555054559293865,0.0124773500442183,1,105.00786590576172
2015-12-29,0.0124773500442183,0.023488453549283514,0.024538820349956494,0.7878437325263046,0.015837341250667,0.0071342458590555324,0.0179513147640609,0.0235299626557568,0.005480269842756513,0.5669783984552926,0.013891458456966226,-0.1594919740311841,-0.0097432880533418,0,106.3262939453125
2015-12-30,-0.0097432880533418,0.00670682393721991,0.015847150756789496,-0.6588665929990439,0.0147879527614112,-0.06528513370305766,0.008511987753993928,0.0121088371141149,0.003566491428754537,0.5328237502286739,0.011203186101774737,-0.34282244605845047,-0.0147955322966151,0,105.29535675048828
2015-12-31,-0.0147955322966151,0.0002866151306146116,-0.02014735735558311,-0.9867768150341109,0.0149937980617265,-0.046674848732441876,-0.005634051969912377,-0.0042092256586409,0.001432899340624072,0.4855717539504126,0.01480981624429699,-0.06428782392771581,-0.0235895984688911,0,103.7489242553711
2016-01-04,-0.0235895984688911,-0.02702332058779759,-0.03838513076550661,-1.5231921389529455,0.015486948668936,-0.01625613679845661,-0.02781869387403005,-0.0283694323955406,-0.0005664977489695522,0.42246537928919103,0.024359204011291224,0.859503787683713,0.0049768476815118,1,101.33016967773438
2016-01-05,0.0049768476815118,-0.03067422109311789,-0.012671280910298113,0.33249809338169906,0.0149680487815565,-0.05659593528688667,-0.02136269140731834,-0.0240894337323167,-0.0027862644322436125,0.43888043580309294,0.019857888142370626,0.13509312412686603,0.0023334633138895,1,101.83573150634766
2016-01-06,0.0023334633138895,-0.04081810782344669,-0.017329654274163213,0.15591494587877627,0.0149662580501023,-0.05500185837872329,-0.017841376643974706,-0.0219544656660122,-0.004187805232502173,0.4468480298448332,0.02787214803499935,0.19669889977631216,-0.0502868966891739,0,102.07363891601562
2016-01-07,-0.0502868966891739,-0.0813617164592788,-0.07465489252205892,-2.7408468771971783,0.0183472112607027,0.2406863584646619,-0.06217677969221274,-0.0688864311619363,-0.007154494924450194,0.3380683935473911,0.042177260321148456,1.0339224966337976,-0.0060436082403327,0,97.06759643554688
2016-01-08,-0.0060436082403327,-0.07260979240299639,-0.07232317727238181,-0.3344511584762847,0.0180702266599003,0.20518007415524409,-0.06457091783682134,-0.0733741973909544,-0.009410953456541638,0.32802133600838446,0.035651917758373654,0.5524604351123563,0.0018476246632226,1,96.48272705078124
2016-01-11,0.0018476246632226,-0.04717256927088269,-0.07419588985868032,0.10310031082642795,0.0179206507566512,0.15714535766472593,-0.059265153839561296,-0.0704764960446371,-0.011917643160380798,0.3345190461530882,0.03291969043327465,0.2776390542899705,0.0188955028303116,1,96.6611557006836
2016-01-12,0.0188955028303116,-0.033253914122082895,-0.06392813521520081,1.0895643328621156,0.0173422553037103,0.15861830468372595,-0.04004708029532595,-0.0517495647953872,-0.012190685876200535,0.39917290591061216,0.024252751998617976,0.2069648905468926,-0.0403526495653173,0,98.5049819946289
2016-01-13,-0.0403526495653173,-0.07594002700128968,-0.11675813482473642,-2.207113632442787,0.0182829959328627,0.22161437225370628,-0.07388818182175956,-0.0881157748542255,-0.015362716200353788,0.3269054293814861,0.05626574401943103,0.3941757798335115,0.030238194812141,1,94.6091766357422
2016-01-14,0.030238194812141,0.004585064500025212,-0.07677665195925361,1.5215568345381283,0.0198731944320173,0.08317248597791282,-0.04258581642588808,-0.059232847250852,-0.017387491339243666,0.4123285906500163,0.06526385706096713,0.9225714045823394,-0.0351747933691631,0,97.51367950439452
2016-01-15,-0.0351747933691631,-0.024546120628805186,-0.0971559130318016,-1.7372238811249667,0.0202477031034049,0.12050078200383885,-0.07032972182628587,-0.0904249600024418,-0.021615446516836,0.3558862502816409,0.0299041413223815,0.7420607558264676,0.0030487821092652,1,94.14328002929688
2016-01-19,0.0030487821092652,-0.023344963182762586,-0.07051753245364531,0.14984816704983694,0.0203458084892772,0.1353275483997649,-0.062461670810276246,-0.0861281774232504,-0.025243241663973515,0.36388420541087535,0.03674154861968917,0.1503061280910143,-0.0095986256810799,0,94.43074035644533
2016-01-20,-0.0095986256810799,-0.051839091694154085,-0.08509300581623701,-0.4786014354319572,0.020055572278877,0.1564569848413082,-0.06696863043837135,-0.0923486210184025,-0.027201647670169637,0.34922960385130425,0.05967140799649511,1.101418717592034,-0.0020156543541934,0,93.52867126464844
2016-01-21,-0.0020156543541934,-0.013502096483030187,-0.0894421234843199,-0.10141619307457574,0.0198750741186982,0.08707972105238104,-0.06393669802108548,-0.0919154624150761,-0.029889820843143178,0.34609577557933635,0.035790091186493865,0.058958383899088584,0.0393593269935695,1,93.34033966064452
2016-01-22,0.0393593269935695,-0.004380964301601689,0.00020410019842349164,1.7792358783971944,0.0221214778048574,0.11313145355323129,-0.022681812860951375,-0.0539009172017945,-0.031943644098379465,0.4515480698334504,0.026342676809694893,0.02974034810473869,-0.009540915310845,0,97.08740997314452
2016-01-25,-0.009540915310845,0.02125291375671641,-0.003293206872088808,-0.4310152443754677,0.0221359115143818,0.09325543748512244,-0.02826754384612382,-0.0609070277225974,-0.0335889613131386,0.4330447225102388,0.02628598078141321,0.07347408263357735,0.0033957621958146,1,96.16551208496094
2016-01-26,0.0033957621958146,0.02159989384326581,-0.0017450693394968084,0.15344442966277796,0.0221302409170369,0.08770516191087441,-0.02119722768895928,-0.0555788418953988,-0.03512619209819101,0.44178536979812777,0.02280659209809776,-0.1406898178980246,-0.0301391240665635,0,96.49262237548828
2016-01-27,-0.0301391240665635,0.0010593954577822091,-0.05077969623637191,-1.3291355274625254,0.0226757342978429,0.13064508868318447,-0.04474376009981716,-0.0811988147167746,-0.038162592500591064,0.38570204448790085,0.03832710676709958,0.7491395382135024,0.1442859803140379,1,93.6278076171875
2016-01-28,0.1442859803140379,0.1473610301260135,0.1338589336429833,3.567722116259819,0.0404420455439782,1.034812313274891,0.10249436870812544,0.0603478809907096,-0.03822830203368921,0.6372616776157565,0.050682785705824976,1.822816276343421,0.0280154208739912,1,108.16019439697266
2016-01-29,0.0280154208739912,0.1360171240064352,0.1316361597048335,0.6866357818144768,0.0408009917571711,0.8444062425256273,0.1303970530196129,0.0887451355808765,-0.03684715678218742,0.6682033575384071,0.03564744704247559,0.547022180490154,0.0253422974545828,1,111.23319244384766
2016-02-01,0.0253422974545828,0.170900336771863,0.1921532505285794,0.6199195858203423,0.040879975458506,0.8467717234931167,0.15335079298990006,0.1145348669772091,-0.03365491769599971,0.694293283474337,0.03223563474257607,0.09991419120983247,-0.0041792444456166,0,114.08811950683594
2016-02-02,-0.0041792444456166,0.16332533013043182,0.1849252239736976,-0.10344831077077894,0.0403993493414985,0.825526865837108,0.14145434861511855,0.1084182664420971,-0.02894209673221071,0.6846310370580946,0.03830380740135806,0.38905645120063936,-0.0168944060798073,0,113.61231231689452
2016-02-03,-0.0168944060798073,0.17657004811718802,0.17762944357497018,-0.4149398426755685,0.0407153142269267,0.7955455683214578,0.11679305731613154,0.0884957106403235,-0.02533803956823666,0.6459084206878069,0.049605077795585324,0.2728369081624131,-0.0197157913920979,0,111.70902252197266
2016-02-04,-0.0197157913920979,0.01256827641105223,0.1599293065370657,-0.47996469674697967,0.0410775865927726,0.015714859133504788,0.09092515391673991,0.0665921565742687,-0.022304919136852286,0.6037691456073179,0.024346117236086262,-0.14354150702665636,-0.0598611991557613,0,109.52816009521484
2016-02-05,-0.0598611991557613,-0.07530834361870027,0.0607087803877349,-1.4325192221050453,0.0417873618950795,0.024175151030122688,0.024426964079248315,0.0051770062935846,-0.01879095187909796,0.5010422375362399,0.06149708412267068,0.6362578013541871,-0.0423967005968203,0,103.16405487060548
2016-02-08,-0.0423967005968203,-0.14304734167010336,0.027852995101759592,-0.9864921660052076,0.0429772298836446,0.0513027320005941,-0.019265672976593352,-0.0354323143888229,-0.016484221023747136,0.4460466802016845,0.05233083930529439,0.4600553872283868,-0.0021072883080856,0,98.88166046142578
2016-02-09,-0.0021072883080856,-0.14097538553257238,0.022349944597859397,-0.04902571431400783,0.0429833269656919,0.0639608722989784,-0.022305878565014106,-0.0363688460676725,-0.01438381104513331,0.44349852622678093,0.05605788406401597,0.24362300864193953,0.0145606924666661,1,98.67350769042967
2016-02-10,0.0145606924666661,-0.10952028698609897,0.067049761131089,0.3394152370657957,0.0428993482807123,0.05364158659350848,-0.008759309510851946,-0.0213918947430947,-0.012744215762580335,0.46632671990659896,0.029802001348816193,-0.11868537635199372,0.0089696143417456,1,100.12077331542967
2016-02-11,0.0089696143417456,-0.08083488125225546,-0.06826660484120328,0.214521392617741,0.0418122138416689,0.017883895083202317,-0.002993680349490165,-0.0121286333876258,-0.009162382281927783,0.4806277575602725,0.06113240244392185,-0.15655794229232123,0.0009808447720612,1,101.02285766601562
2016-02-12,0.0009808447720612,-0.01999283732443297,-0.09530118094313328,0.0237329529246253,0.0413283915902212,-0.010983471653718935,-0.003789089287460025,-0.010178609955715,-0.006413823217098491,0.48226973096486836,0.030879339867792382,-0.292766509903562,-0.0039288616939273,0,101.12199401855467
2016-02-16,-0.0039288616939273,0.018475001578460028,-0.12457234009164339,-0.0971590724076387,0.0404374146085241,-0.05909676547317566,-0.010902288949730934,-0.0132057614948681,-0.002328862476783322,0.47579063336719973,0.036315347104036125,-0.10645503080122298,0.0347212476124563,1,100.72547912597656
2016-02-17,0.0347212476124563,0.05530353749900192,-0.08567184803357049,0.8460445775053864,0.0410395013875439,-0.045222780909898064,0.019113193005768907,0.0214960378639593,0.0023381552457020227,0.5360367896469596,0.05057034077141289,-0.14889976697449003,-0.0165815380702031,0,104.28421783447266
2016-02-18,-0.0165815380702031,0.024161306962132728,-0.08535898002396629,-0.4024714029264555,0.0411992950297467,-0.039628882934101495,-0.002054316194410241,0.0052267546306333,0.007296059237690944,0.5058653638589117,0.028703983624858383,-0.4117902527939391,0.0105749802971445,1,102.56928253173828
2016-02-19,0.0105749802971445,0.025766672917531628,-0.05506820833472388,0.2567436935631596,0.0411888609623941,-0.014908392118036629,0.003517177631134472,0.016118745753011,0.0125574015101797,0.5242034782660526,0.02830638895582943,-0.35712264247799563,0.0244663914721469,1,103.65970611572266
2016-02-22,0.0244663914721469,0.049252219617617325,0.029259382293184304,0.6015687132353056,0.0406709839355904,-0.0159069257073714,0.023842915394654867,0.0411505589513201,0.016904588874352644,0.5651262944336263,0.02715568834137983,-0.2951958241136633,-0.0159914042430563,0,106.22716522216795
2016-02-23,-0.0159914042430563,0.03718967706848833,0.05566467864694831,-0.39181650471026447,0.0408135033895048,0.009300514996362308,0.003549409700630875,0.0244623172477057,0.02083894160558919,0.5327376254564413,0.02228331589723179,-0.496714190259421,0.013375046507575,1,104.54195404052734
2016-02-24,0.013375046507575,0.01584347596360703,0.07114701346260889,0.32730287739422137,0.0408644330109734,-0.0042658504770146655,0.012466400278727726,0.0379621690935972,0.025181841894062584,0.5556463141268173,0.039389962506179134,-0.32105035122983716,0.0110724627896726,1,105.94960021972656
2016-02-25,0.0110724627896726,0.04349747682348273,0.0676587837856154,0.2764837447400354,0.0400474277432965,-0.027958422240442093,0.01717731658227823,0.048307335739779,0.030604319079880593,0.5744744101065734,0.02276301555861359,-0.3927051226715833,-0.0013889782939171,0,107.12924194335938
2016-02-26,-0.0013889782939171,0.03153351823242113,0.057300191149952696,-0.05892553721759984,0.0235717544464277,-0.4277153119638589,0.0163346383701348,0.046190599831053,0.029376113273869464,0.5711889673998684,0.021219359942426266,-0.4096711362407133,-0.0093093203086217,0,106.98054504394533
2016-02-29,-0.0093093203086217,-0.002242193548347468,0.047010026069269795,-0.4109925930033876,0.0226508225868318,-0.44307168415931786,0.009431570428366195,0.0360204152764048,0.02634041338409432,0.5486614525611477,0.02020205479891945,-0.25003932380219696,0.0267617065939093,1,105.98925018310548
2016-03-01,0.0267617065939093,0.04051091728861814,0.0777005943571064,1.1766284265824025,0.0227443991572093,-0.44272367554072733,0.03939610749489494,0.0634959386726089,0.023186378132392882,0.5981575472631557,0.020214908276017424,-0.3725751959057463,0.0011830530848748,1,108.86399841308594
2016-03-02,0.0011830530848748,0.028318923865917937,0.0441623998295249,0.05199496189191132,0.022753225347759,-0.44320222571914714,0.04292640331407621,0.0639862084621306,0.020192992603440985,0.6002737703986871,0.01618923563526163,-0.37445345824996734,-0.0033708079862317,0,108.99286651611328
2016-03-03,-0.0033708079862317,0.013875653090013634,0.0573731299134963,-0.14988648729170337,0.0224890718779176,-0.438439042275767,0.040952212555311514,0.0592699942291971,0.017597139861895927,0.5907383382630496,0.016061344285647636,-0.45608456848104695,-0.0109189790714211,0,108.62609100341795
2016-03-04,-0.0109189790714211,0.004345652312509635,0.0358791705449307,-0.49193233566664396,0.0221960995034494,-0.0583603119617081,0.030675939456957912,0.0470339787451481,0.01587117605249344,0.55993079729238,0.01955902535768912,-0.3532536871871156,-0.0248471239728606,0,107.44645690917967
2016-03-07,-0.0248471239728606,-0.011192151351729265,-0.013434344900076795,-1.3537654042840694,0.0183540840194545,-0.18969459280808798,0.004589275756027103,0.0212953336062992,0.01662973939045842,0.49747734298310325,0.031684463896324976,-0.13368861495420825,0.0018897364891372,1,104.8096160888672
2016-03-08,0.0018897364891372,-0.03606412145650136,0.004446795832116706,0.12364000870644566,0.0152841827569257,-0.3280023512038538,0.0035431250785432082,0.0229702243955137,0.019358509695784232,0.5019750049707477,0.0280373946204739,-0.24671413335074155,0.0148053691389653,1,105.00786590576172
2016-03-09,0.0148053691389653,-0.022441805402410864,0.005877118463507008,0.9580690028143293,0.0154533432304714,-0.3208284542396349,0.014680820894832105,0.0377292819406009,0.022714986398819415,0.5372154881801637,0.018788989231916273,-0.35750077007545566,-0.00176884880422,0,106.57411193847656
2016-03-10,-0.00176884880422,-0.020839846220399166,-0.006964193130385593,-0.11570003609227916,0.0152882303581065,-0.3201929167597942,0.00987572075666884,0.0356174242458676,0.025489971647116638,0.5323372760352753,0.02692887651193615,-0.19513199008936866,0.0192874232830327,1,106.3857650756836
2016-03-11,0.0192874232830327,0.009366556134054634,0.013712208446564206,1.230976236585259,0.0156683961150511,-0.29409236462396726,0.02592246048539516,0.0553477775884925,0.02868181391523028,0.577757858696484,0.01370989808786087,-0.30384523795109,0.0043773695592474,1,108.45758819580078
2016-03-14,0.0043773695592474,0.038591049666162634,0.027398898314433307,0.27957049904341674,0.0156574802213577,-0.14692118632771434,0.02663028225191605,0.0592276194779268,0.03175177840508314,0.5876622788977616,0.014196061485602655,-0.4007493499207051,0.0070728530476165,1,108.93338775634766
2016-03-15,0.0070728530476165,0.04377416622464193,0.007710044768140506,0.4543316938742184,0.0155675977330664,0.01854302455342438,0.02956005431898589,0.0655114335907025,0.034919166804210366,0.6039215741254489,0.017981436035863756,-0.35655496052720237,0.0135520757108783,1,109.7065887451172
2016-03-16,0.0135520757108783,0.042520872796554934,0.020079067394144005,0.9657846126544233,0.0140321926165617,-0.09196395839493354,0.04023034474295404,0.0779821929635857,0.036291815953475526,0.6340097013273451,0.021394201456141182,-0.06323224021425633,-0.0103944306144544,0,111.20346069335938
2016-03-17,-0.0103944306144544,0.033895290986320534,0.013055444765921307,-0.7623095779170425,0.0136354453827754,-0.10810832494126565,0.025882637683641917,0.0651381999066739,0.038265158977315084,0.5965207413473667,0.017654468958183615,-0.07290456782243182,0.003865671946912,1,110.05355072021484
2016-03-18,0.003865671946912,0.018473539650199836,0.027840095784254407,0.2856068853346681,0.013534939615977,-0.13616304332673201,0.026592772232877655,0.0675266084240274,0.03987348956501746,0.6058250916349841,0.01929117617542328,0.37649112056944367,0.0035827384347933,1,110.47980499267578
2016-03-21,0.0035827384347933,0.017678908525745732,0.05626995819190831,0.2848285829141135,0.0125785776067061,-0.19664100296622444,0.02805674393452909,0.0685067435803414,0.039346076843000066,0.614725847035228,0.011980366433310245,-0.27589604822073865,0.0035697425361994,1,110.87633514404295
2016-03-22,0.0035697425361994,0.014175798014328635,0.05794996423897051,0.30168206682149296,0.0118327966054132,-0.2399086353394323,0.02852371804767721,0.0692797390252422,0.03962574733320445,0.6238718912393254,0.015233844850535803,-0.24482221461347364,0.0025801881991614,1,111.27284240722656
2016-03-23,0.0025801881991614,0.0032039105026117343,0.045724783299166606,0.2227376846293416,0.0115839769253914,-0.17447135726178375,0.028513924980822877,0.0689812390207966,0.039345421639019884,0.6307166423632738,0.010574039734542625,-0.2382812700373329,0.0045216340413516,1,111.56031799316406
2016-03-24,0.0045216340413516,0.018119975158417734,0.052015266144738205,0.39584617919880927,0.011422704775131,-0.16227857217187658,0.030829225023775657,0.071042259518319,0.03901037486943171,0.643020361701181,0.012472321934120746,-0.2493608831226648,0.0056451899964432,1,112.0658950805664
2016-03-28,0.0056451899964432,0.019899493207948933,0.038373032858148706,0.4946294601840475,0.0114129675865701,-0.15677735472879895,0.03394496746266583,0.073393764111765,0.03815367151107463,0.6584008187878322,0.014425185631372212,-0.09135457398441904,0.0213208499769448,1,112.7003173828125
2016-03-29,0.0213208499769448,0.03763760475010043,0.05531651327584611,1.810012716906805,0.0117793923643701,-0.06353542247176869,0.051816468833975005,0.0928580873405764,0.039019752706571875,0.7099248875494294,0.0230756011646288,0.2772704672771522,-0.0124762260471257,0,115.12898254394533
2016-03-30,-0.0124762260471257,0.021591636166775334,0.03576743418110391,-1.1282377653903606,0.0110581531923894,-0.06546579298670785,0.03648488610881172,0.0753152695497461,0.03746353078693909,0.6480544213524011,0.02292935765817646,0.40400533041451814,-0.0052449286959031,0,113.70153045654295
2016-03-31,-0.0052449286959031,0.013766519271710834,0.01697042977432251,-0.46908481300280547,0.0111811948511574,-0.034770621249350486,0.029133133438156315,0.0659246940936091,0.03575004968748652,0.6236643795057725,0.010867708236168868,-0.09557384522808854,0.0170321253767347,1,113.1067352294922
2016-04-01,0.0170321253767347,0.026277010607093934,0.04439698576551161,1.4679857219856152,0.0116023780896839,0.015729489476439484,0.043761353894815815,0.0798549252470786,0.0345802910000248,0.6676646955680471,0.024297774893546273,0.0483323976435861,-0.0307097441127682,0,115.0496826171875
2016-04-04,-0.0307097441127682,-0.010077923502117468,0.00982156970583141,-2.2705633593118217,0.0135251650154682,0.18506995773680912,0.010305011857223179,0.0436254804197195,0.0329806030569364,0.5448174845989692,0.026121744661830256,0.9554419010186563,-0.0029363212658623,0,111.57023620605467
2016-04-05,-0.0029363212658623,-0.03433509474492457,0.0033025100051758106,-0.24361001151520087,0.0120533686099312,0.023258945545426846,0.004417046672316864,0.0378171642637729,0.03325323649385714,0.534853552269022,0.012653699460870365,-0.0578635349647495,0.0131901719764021,1,111.24311065673828
2016-04-06,0.0131901719764021,-0.008668696721396767,0.012922939445378511,1.0756349329844055,0.0122626846450638,0.10892699998978128,0.014222003888152344,0.0483586033264982,0.033657916420151146,0.5728402238031582,0.01222407352774519,-0.13748929351494676,-0.0006157790959347,0,112.72014617919922
2016-04-07,-0.0006157790959347,-0.004039547121428367,0.009726972150282412,-0.05131793468285516,0.0119992961474427,0.07316760929182942,0.010834249611301989,0.0445736859784335,0.033377812811650864,0.5704831624663391,0.01601548490495689,-0.14203042375980746,-0.0268443723728746,0,112.6507568359375
2016-04-08,-0.0268443723728746,-0.047916044871037664,-0.02163903426394379,-1.9609092985625227,0.013689757294003,0.17990960027195335,-0.017386519292229004,0.0138899563589039,0.03182988658837105,0.4791776382469283,0.04004339162214813,0.9149559115692472,-0.0149351063833205,0,109.6669464111328
2016-04-11,-0.0149351063833205,-0.032141407141589966,-0.04221933064370749,-1.107187269887,0.0134892323905104,-0.002656723590189425,-0.031772308177138574,-0.0011181085437191,0.03166011454981987,0.4380411182267529,0.019634893669030446,0.5130803864981368,0.0147544199657757,1,108.04122924804688
2016-04-12,0.0147544199657757,-0.014450665909951966,-0.04878576065487658,1.0638805120092278,0.0138684935001871,0.15059067294767314,-0.01769491937609602,0.014026463807407,0.03229280170612103,0.4850673924371035,0.019618531655055053,-0.01799077592762166,-0.0009045489247176,0,109.64713287353516
2016-04-13,-0.0009045489247176,-0.028545386811071667,-0.03721408353246849,-0.06564844967714577,0.013778679148801,0.12362664030077997,-0.018513336136547508,0.0139611150591609,0.033087001985211195,0.4823837365317101,0.055470136316310856,1.915700300931082,0.0029815505102586,1,109.5479965209961
2016-04-14,0.0029815505102586,-0.024948057204878367,-0.028987604326306787,0.2220595632850906,0.0134268052505838,0.11896606980946389,-0.0149964769566317,0.0176928641484035,0.03318702963014286,0.4923635742857202,0.016059173927348763,-0.06478864357353198,-0.0108852254803339,0,109.87510681152344
2016-04-15,-0.0108852254803339,-0.008988910312337665,-0.05690495518337539,-0.8095463030269038,0.013446081391063,-0.017799870202720447,-0.025062508360083606,0.007239255782338,0.033132138644178966,0.45779716038644863,0.016143782217386996,-0.30902074559299597,0.0073605108050538,1,108.68557739257812
2016-04-18,0.0073605108050538,0.013306706876036635,-0.018834700265553388,0.5440154921237367,0.0135299654359469,0.003019671116731182,-0.017423133871786012,0.0146878599663358,0.032680388624101386,0.4841242116007053,0.014576737481541214,-0.2830860437642928,0.0165219476017625,1,109.48851013183594
2016-04-19,0.0165219476017625,0.015074234512023435,0.000623568602071415,1.177365079901596,0.0140329859308749,0.011860872320817117,-0.0012496673616504358,0.030036054656313,0.031324867682714475,0.5388971652713319,0.029299076135975502,0.003218981213283678,0.0011569764737915,1,111.3125
2016-04-20,0.0011569764737915,0.017135759910532535,-0.011409626900539186,0.08256559725324683,0.0140128154132138,0.016992649432088225,-0.00016905656021405524,0.0288370051566414,0.029010966211011846,0.5425920990787292,0.015210808684615534,-0.3040553991482019,0.0090322994645524,1,111.4413604736328
2016-04-21,0.0090322994645524,0.023186508864826337,-0.0017615483400520854,0.6384542413122898,0.014147136756406,0.05364876397465279,0.00849900107995735,0.0355372728692292,0.026810410085005287,0.5716009094709671,0.015250381873247561,-0.31174378057250174,-0.0257157522494479,0,112.4524917602539
2016-04-22,-0.0257157522494479,0.008355982095712339,-0.0006329282166253856,-1.6856636676225862,0.0152555653558795,0.13457333123233828,-0.01601558560700353,0.0074886960167103,0.02388684340921543,0.47919284122203865,0.02478290452491566,0.22628622592272318,-0.0041693681241386,0,109.5975570678711
2016-04-25,-0.0041693681241386,-0.003173896833480065,0.010132810042556515,-0.27458236197354485,0.0151843989328794,0.1222792108941344,-0.01854170297219947,0.0018015183522813,0.02072754531301757,0.46622792160980014,0.014532229757452688,-0.329461880868692,-0.0122452451688583,0,109.1415557861328
2016-04-26,-0.0122452451688583,-0.031941089604100865,-0.016866855092077485,-0.8533754728856866,0.0143491880865184,0.022532777927739778,-0.02728702327043855,-0.011605097204368,0.01612184317597576,0.4297526908013411,0.02160719407836633,-0.27302242263344934,0.0011945763516302,1,107.81324005126952
2016-04-27,0.0011945763516302,-0.03190348972626217,-0.014767729815729687,0.08404721452605234,0.0142131581441038,0.014297107681949583,-0.02358749855671733,-0.0117313474223626,0.012142563841439413,0.4343760365442452,0.02415285974427637,0.6353117415678078,0.0695253020425084,1,107.94210815429688
2016-04-28,0.0695253020425084,0.02858951285169383,0.05177602171652011,3.2391033665842723,0.0214643665774164,0.5172233750901623,0.04548061599665068,0.0572105641165696,0.01121967059019724,0.629478944250889,0.03906448580019583,1.473056462616321,0.0072553542233536,1,115.71385192871094
2016-04-29,0.0072553542233536,0.06156061932449533,0.06991660142020761,0.34234698535615826,0.0211929841175775,0.38919690114334027,0.05237719358435464,0.0621940823617119,0.009328298672001134,0.6438235226699479,0.017009695261560723,0.036212011578938164,0.0083846355171906,1,116.55644989013672
2016-05-02,0.0083846355171906,0.07411462296582452,0.07094072613234442,0.42107424135138277,0.0199124873805655,0.3113780445696914,0.05838674449387676,0.0684350652006209,0.009493997122525633,0.6603185658984495,0.018217117885373998,-0.19320059167740433,-0.0096612000517286,0,117.537841796875
2016-05-03,-0.0096612000517286,0.07669866808295422,0.04475757847885331,-0.4814431618917612,0.0200671664205725,0.3984879353157518,0.045778955713927844,0.0562075124353441,0.009972046831155712,0.6244557273333234,0.00970797084288785,-0.3085734739054755,0.0053504588094664,1,116.40775299072266
2016-05-04,0.0053504588094664,0.08085455054079044,0.04895106081452821,0.26861582472385875,0.0199186284537285,0.401421714426752,0.049356799294203245,0.0594724774045205,0.009639884276845478,0.6362140263404745,0.014653594720556933,-0.3302844200531382,-0.0021196984863166,0,117.03225708007812
2016-05-05,-0.0021196984863166,0.009209550011965434,0.03779906286365921,-0.10634986727814609,0.0199313693619642,-0.07142056626376925,0.045197860087978256,0.0551591676208878,0.009530547194261496,0.6278139510049507,0.014684690542270383,-0.3712382857436882,0.0141594591414896,1,116.7844467163086
2016-05-06,0.0141594591414896,0.016113654930101435,0.0776742742545967,0.7486827720256376,0.0189124949451952,-0.10760585483055507,0.055952415040485155,0.0680211289002541,0.011429221324624095,0.6602763716553226,0.021173310105681954,-0.22307555893063835,-0.002094368803446,0,118.44981384277344
2016-05-09,-0.002094368803446,0.005634650609464834,0.07974927357528933,-0.11349419043163428,0.0184535331322319,-0.0732683074921886,0.04899224453911975,0.0636342702035157,0.013958182951894882,0.6511746029209659,0.011573274724431036,-0.36029021345196977,0.0105115444560514,1,118.20199584960938
2016-05-10,0.0105115444560514,0.025807395117244836,0.102506063200199,0.5727273312356075,0.0183534884451449,-0.08539710786824228,0.05548528152816616,0.0722758716616477,0.01590793394027412,0.6754574406680953,0.012448132780082964,-0.2940502604595787,-0.0081660068145622,0,119.45103454589844
2016-05-11,-0.0081660068145622,0.012290929493216234,0.0931454800340066,-0.44063310144021783,0.0185324406810824,-0.06959253122604558,0.0427864132694579,0.0617224399583668,0.018159065411620157,0.6382428113935193,0.01388891991912258,-0.25501674812836417,0.0063386645321774,1,118.47956848144533
2016-05-12,0.0063386645321774,0.020749292511710232,0.029958842523675613,0.3419151490387101,0.0185387063135356,-0.06987292358779285,0.045113387843206586,0.0665163653643387,0.020479096115399775,0.6541564964978916,0.016128989289162485,-0.24692042383388946,-0.0039153592362897,0,119.2329559326172
2016-05-13,-0.0039153592362897,0.0026744741339309337,0.01878812906403231,-0.2138780395174771,0.0183065042354185,-0.032041817408689055,0.03644999448985533,0.060424937795582,0.02313178969866958,0.6355365504775066,0.008012679275810546,-0.3776123049683566,-0.0095604718980628,0,118.76702880859376
2016-05-16,-0.0095604718980628,-0.004791628960685867,0.0008430216487789119,-0.5152910869478114,0.018553536321949,0.005419189322744433,0.022951179321450705,0.0484272153989744,0.024904449589102207,0.5915560474753844,0.019044427160207735,0.054791410861740886,-0.0111856793144376,0,117.63697052001952
2016-05-17,-0.0111856793144376,-0.026488852731174864,-0.0006814576139300872,-0.6023042450670458,0.0185714768010517,0.01187721650618756,0.009371201531942323,0.0346408566756751,0.025035046675970785,0.544563245134617,0.015423989872377069,-0.26908113046610194,0.0025531732259425,1,116.32845306396484
2016-05-18,0.0025531732259425,-0.015769672690670165,-0.003478743197453987,0.13748943974959232,0.0185699587589604,0.002024454227245842,0.009680557564881401,0.0351465776972629,0.025221858479477666,0.5532493794327108,0.01308961552196879,-0.2591107877957979,-0.0071654953289405,0,116.62583923339844
2016-05-19,-0.0071654953289405,-0.029273832551788066,-0.008524540040077886,-0.38497580564321876,0.0186128458565555,0.003999175658000009,0.001024000361331169,0.0260765518341365,0.025026923893695097,0.523161988922696,0.013783072031518084,-0.2963070859277688,0.0046123221029979,1,115.79314422607422
2016-05-20,0.0046123221029979,-0.020746151212500463,-0.01807167707856959,0.26381590523908827,0.0174831085291006,-0.044978314577658884,0.002734346870360659,0.0290068646070092,0.02620087545484795,0.5404636036864978,0.008862385420112941,-0.32865150372842433,-0.0118293998117379,0,116.32845306396484
2016-05-23,-0.0118293998117379,-0.023015079126175564,-0.02780670808686149,-0.6671917741496037,0.0177301343782536,-0.04437978450077518,-0.011536490669569917,0.0157374894736562,0.027592298436693197,0.49139443015579914,0.014314012375973717,-0.27488934089814254,0.014807566950078,1,114.96046447753906
2016-05-24,0.014807566950078,0.002978167138340036,-0.02351068559283489,0.8428037036634842,0.0175694137148576,-0.053957102977257865,-0.0005985444181606436,0.0294815662349691,0.030098125718275526,0.5469288812327026,0.013678850060289847,-0.28103889516314173,0.0016128485130517,1,116.6754150390625
2016-05-25,0.0016128485130517,0.0020378424254492355,-0.013731830265220986,0.09181539448626905,0.017566210133671,-0.05405228080030433,-0.0027956627840128364,0.0298425931993809,0.03272975734794126,0.5527049420224915,0.010942411758470296,-0.24349729931128095,0.0133133093229207,1,116.8637466430664
2016-05-26,0.0133133093229207,0.022516647077310437,-0.006757185474477685,1.5009924901868859,0.0088696708411,-0.5234650891402468,0.0093994539048225,0.0423173292625401,0.03261134650942821,0.5985429681600872,0.015401389038960628,-0.19758789658642817,-0.0007535601852485,0,118.42999267578124
2016-05-27,-0.0007535601852485,0.017150764789064035,-0.003595386423436487,-0.08602172187247425,0.0087601151063407,-0.49893835574151435,0.007872701979683438,0.0400150653157999,0.03189129269299751,0.5948040458186015,0.007036323984054927,-0.38243913110536787,-0.0047861903583314,0,118.34078216552734
2016-05-31,-0.0047861903583314,0.024193974242470533,0.001178895116294913,-0.5532453418571492,0.0086511173185209,-0.5120670191235727,0.002958754447075671,0.0337236247849263,0.030674113169101513,0.5704955791822781,0.016665228248679945,0.0890347763551309,-0.0002523460502463,0,117.7757339477539
2016-06-01,-0.0002523460502463,0.009134061242146234,0.012112228380486211,-0.030247770982601212,0.0083426329295951,-0.5251615640116585,0.002134655334304523,0.0322180384913214,0.030019302293244454,0.5691781460627979,0.010607864532577156,-0.28999128403419305,0.0012619999388452,1,117.74601745605467
2016-06-02,0.0012619999388452,0.008783212667939733,0.010821055093388914,0.15261568049079116,0.0082691367937212,-0.5292589163629053,0.0030320199448478496,0.0323229839044328,0.02920242163475062,0.5744731951814981,0.01025814527514152,-0.35962283085504243,-0.0038753685525269,0,117.89470672607422
2016-06-03,-0.0038753685525269,-0.008405465207507866,0.014111181869802512,-0.46656550259236707,0.0083061617950626,-0.06353212606562908,-0.0011255804286120553,0.027272557785864,0.02843013862209176,0.5520636750186226,0.009453893264468957,-0.3023481359352824,0.0026974046528167,1,117.43870544433594
2016-06-06,0.0026974046528167,-0.004954500369442665,0.012196264419621315,0.3517257126190883,0.0076690573251832,-0.12454833845365543,0.0018680751448879977,0.0290229305799858,0.027104222710331083,0.5647820444476896,0.009007489574691418,-0.349043487676738,-0.0087084474603354,0,117.75591278076172
2016-06-07,-0.0087084474603354,-0.008876757471446665,0.015317216771023816,-1.1037034196263285,0.0078902061056255,-0.08795525304764851,-0.006198523865362342,0.0193818459642759,0.025739919333922057,0.5141760171530074,0.013841753169525474,-0.11734036791160918,0.0053355694874983,1,116.73489379882812
2016-06-08,0.0053355694874983,-0.003288841933702065,0.005845219308444115,0.7034655885503139,0.0075846915248459,-0.0908515826053472,8.486971324022041e-06,0.0244363043386391,0.024427610050889115,0.5412521634915657,0.011234072454695552,-0.23416703865620225,0.0014348195966052,1,117.35940551757812
2016-06-09,0.0014348195966052,-0.003116022275942065,0.005667190391997616,0.1938656685437496,0.0074011020485631,-0.10497283656223988,0.001850545994737076,0.0252223773981938,0.023328660643939347,0.5485631470694117,0.008181521935539286,-0.2521470312003814,-0.0164982349122082,0,117.52791595458984
2016-06-10,-0.0164982349122082,-0.015738888635623366,-0.02414435384313128,-2.051953049646118,0.0080402594567422,-0.03201266058632024,-0.013016369730926548,0.0080074651554487,0.021301097851687434,0.45871597363555155,0.01586347479463876,0.008446944417961566,-0.0231611104262498,0,115.60482025146484
2016-06-13,-0.0231611104262498,-0.04159740371468987,-0.04655190408413258,-2.4694373188521723,0.0093791044014089,0.22298008786690748,-0.0332159526546061,-0.014711426150827,0.019140289452012516,0.3691106506654217,0.019043491500271556,0.66627047594632,0.0086506517457285,1,112.9580535888672
2016-06-14,0.0086506517457285,-0.024238304508625963,-0.03311506198007268,0.9066886346793054,0.0095409288424446,0.20921161180342063,-0.0232708703736752,-0.0065616677307474,0.017107304508590104,0.41476041262538255,0.011919219489192816,-0.0400719625933994,-0.0029626134412947,0,113.939453125
2016-06-15,-0.0029626134412947,-0.032536487437418965,-0.03582532937112108,-0.31926220382040477,0.0092795620835884,0.22345939227593492,-0.025021057678444515,-0.0099078217970483,0.015501089536774648,0.4039496253634566,0.011954648907708375,0.08430004179769468,-0.0018341746619402,0,113.6023941040039
2016-06-16,-0.0018341746619402,-0.03580548169596437,-0.03892150397190648,-0.19854046747350576,0.0092382912424892,0.2482318419434284,-0.025456251877515094,-0.011838264825723,0.013973705211313359,0.39706577914996616,0.01363753446033265,0.059371458215617956,-0.012048972598647,0,113.39421844482422
2016-06-17,-0.012048972598647,-0.03135621938240317,-0.047095108018026584,-1.2736187176759826,0.0094604236192706,0.17663163361444933,-0.035571028603087224,-0.0235685593741243,0.012445156237455235,0.3546099997855181,0.016545768909264492,0.34204603438501824,0.0030922260136477,1,112.0361328125
2016-06-20,0.0030922260136477,-0.005102882942505668,-0.04670028665719558,0.3284898183754537,0.0094134607548578,0.003663073997101307,-0.03093860364331759,-0.0210080384949628,0.010247611952854507,0.37305432529292054,0.017376741404044188,0.1262588551990056,0.008869343393314,1,112.38311004638672
2016-06-21,0.008869343393314,-0.004884191294920169,-0.02912249580354618,0.945367967463386,0.0093818954085278,-0.016668548371235214,-0.02164059529907018,-0.0132050024797646,0.008622181969911269,0.4241899301767406,0.010841037712408758,0.04212674044158926,-0.0041175370019032,0,113.38430786132812
2016-06-22,-0.0041175370019032,-0.006039114855528668,-0.03857560229294768,-0.47527969445614027,0.00866339767916,-0.06640015971423185,-0.024078867111971266,-0.0178190714448841,0.006414243381084317,0.4075321615972648,0.009920087938631595,-0.18087842751257122,0.0102188571716239,1,112.91840362548828
2016-06-23,0.0102188571716239,0.006013916978035432,-0.029791564717928983,1.1305455561048208,0.0090388725305612,-0.021586103608730478,-0.01286670053616286,-0.008512229580975,0.004411228916654908,0.463964258434292,0.013468851213947254,-0.09790121463721069,-0.0264147043924794,0,114.07821655273438
2016-06-24,-0.0264147043924794,-0.008351814815796967,-0.03970803419820018,-2.6428211145319924,0.0099948892670918,0.05649489592966095,-0.035543325151743195,-0.0345654971947056,0.0010138640568706503,0.36734609165702364,0.023911494123773237,1.1345487709030255,-0.0281401883944139,0,111.10432434082033
2016-06-27,-0.0281401883944139,-0.03958422922385857,-0.044687112166364285,-2.4645733124995512,0.0114178743442914,0.21293057268010873,-0.05808623823998781,-0.0612459611416333,-0.003354577701191519,0.29805312765012276,0.030650603840280233,0.7910768873084051,0.0336568291506514,1,108.02140808105467
2016-06-28,0.0336568291506514,-0.01479674346652117,-0.019680934761441386,2.3601908930760604,0.0142602148196522,0.5199716260629155,-0.02326564755433632,-0.0294889959701168,-0.006371587525510813,0.4355707105702684,0.019520825268988625,0.3185544377378662,0.0128715334588858,1,111.71894073486328
2016-06-29,0.0128715334588858,0.002192326994267831,-0.0038467878612608846,0.877293431702107,0.0146718680361173,0.6935466406454838,-0.008627587441033749,-0.0172328092830242,-0.008680110252189177,0.4786264234913956,0.010599150715289074,0.01626568899506342,0.0010505556306712,1,113.16622924804688
2016-06-30,0.0010505556306712,-0.0069759745466848695,-0.0009620575686494848,0.07161504507710949,0.0146694822231843,0.622932746709894,-0.005577763172782087,-0.0165147711357504,-0.010998354177862879,0.48212298755676586,0.013213179492123183,0.0975719697892874,-0.0007878637860053,0,113.2851791381836
2016-07-01,-0.0007878637860053,0.01865086605978923,0.010299051243992214,-0.0537244988426455,0.0146648885141374,0.46723871793373295,-0.004507167131649278,-0.0174161587027056,-0.012967437981307395,0.47952535422112463,0.011559678313358069,-0.29250050535678185,8.761600954981013e-05,1,113.19596099853516
2016-07-05,8.761600954981013e-05,0.04687867046375294,0.007294441239894326,0.005987166272506879,0.0146339696547503,0.2816719831977177,-0.002424046770938203,-0.0179452554466308,-0.015558924235745564,0.4798608634636218,0.010770540809178214,-0.3313180781101629,0.0216552738907214,1,113.20587921142578
2016-07-06,0.0216552738907214,0.03487711520382294,0.020080371737301726,1.4016006743186948,0.01545038775131,0.08346108012465603,0.019886518863876254,0.0024154783868142,-0.01713037691342778,0.5567475045792006,0.03273350295388982,0.1263233232313672,-0.0073103309672534,0,115.68412017822266
2016-07-07,-0.0073103309672534,0.014695250777683737,0.016887577771951528,-0.47285989505738063,0.0154598244504671,0.05370525500979917,0.013582975196920706,-0.0060963804395664,-0.01941563356731002,0.5281608677256675,0.013897286418274627,-0.23413373761497924,0.0119268585441552,1,114.84151458740234
2016-07-08,0.0119268585441552,0.025571553691167738,0.018595579144482826,0.7584387293950937,0.0157255399571534,0.07199011648141584,0.02633685970981544,0.0043897214344054,-0.021383952128169126,0.5672882884978206,0.014073708256086637,-0.17264388358387217,0.00535923688823,1,116.21941375732422
2016-07-11,0.00535923688823,0.03171865436540304,0.05036952042519222,0.349963767166794,0.0153136907046602,0.04424187677235558,0.03128775683087581,0.0095897328716759,-0.02103973776036805,0.584121496106787,0.010180681431068995,-0.19082419970902453,0.0005088497035367,1,116.84393310546876
2016-07-12,0.0005088497035367,0.03213988805938993,0.07901855852314284,0.035671516609878794,0.0142648743842806,-0.025221814666664066,0.030019271197022867,0.0100430337194467,-0.019394042457439697,0.5857740305948981,0.009751560441812683,-0.27752948001796485,-0.0097993622989455,0,116.90340423583984
2016-07-13,-0.0097993622989455,0.0006852518697230275,0.035562367073545924,-0.6810368504886907,0.0143888870211851,-0.0687038246036833,0.019156104825865855,0.0005003667948059,-0.018305083924554877,0.541366867687893,0.014728560016118643,-0.22794299781640248,0.0043576899105485,1,115.76342010498048
2016-07-14,0.0043576899105485,0.012353272747524926,0.02704852352520862,0.3030087403456759,0.0143814000400688,-0.06975657542901248,0.02240685742966003,0.0048938547694979,-0.017129191312536762,0.5573920250272886,0.008014344224306356,-0.2967163260438105,-0.0036728414294787,0,116.26898193359376
2016-07-15,-0.0036728414294787,-0.003246427226108972,0.022325126465058725,-0.2549273987084408,0.0144074016684229,-0.0838214962616205,0.01756315562193785,0.0014157178615539,-0.015868732737787328,0.5402519632521896,0.014547295390751542,-0.19199587600442303,0.0212512219001413,1,115.8427276611328
2016-07-18,0.0212512219001413,0.012645557785802328,0.044364212151205326,1.4424969144790118,0.0147322477343507,-0.03796883334809398,0.03655331731999228,0.0226513416529168,-0.013411732358369122,0.614727131695914,0.022786304415838864,0.022330096849566106,0.0103343856839478,1,118.33087158203124
2016-07-19,0.0103343856839478,0.022471093766213427,0.05461098182560331,0.6968466282974342,0.0148302155227431,0.03963169413433354,0.04403912691355417,0.0330763586836412,-0.010500342321768774,0.6452970541406771,0.018157655260170526,0.053344730024576625,0.0108027892763971,1,119.56008911132812
2016-07-20,0.0108027892763971,0.04307324534155602,0.04375849721127901,0.7261858830510762,0.0148760662091214,0.03385801745604189,0.051945845293865284,0.0438177374717462,-0.00772673598976803,0.6746655649454623,0.013451438765410077,-0.021854273291373905,-0.0108027892763971,0,120.85867309570312
2016-07-21,-0.0108027892763971,0.027912766154610427,0.040266038902135315,-0.7143743655349613,0.0151220281655927,0.05149902815166785,0.037643810168176056,0.0325828314150286,-0.0048773757464299905,0.6194328902631735,0.015338682238281345,-0.13760478554569866,0.0032283398471382,1,119.56008911132812
2016-07-22,0.0032283398471382,0.03481394743122733,0.03156752020511831,0.21488749016535708,0.0150233959392144,0.042755403435554395,0.03835483555288402,0.0356592927085619,-0.0025959746630224156,0.6291663666182196,0.01404962460856774,-0.11236321297110718,0.0051929432836502,1,119.94669342041016
2016-07-25,0.0051929432836502,0.018755668814736226,0.03140122660053851,0.38767911640950686,0.0133949523300215,-0.09077334487194866,0.039501476006261395,0.0408108747628653,0.0012596410749070586,0.6449627832741172,0.03346213752142329,-0.059004970313005,-0.0033765281419464,0,120.5711898803711
2016-07-26,-0.0033765281419464,0.005044754988842028,0.027515848755055413,-0.30071431253711645,0.0112283586153873,-0.2428728632993984,0.030602612029397493,0.0370522183273333,0.006258092326426157,0.6262657061095971,0.010889289568813907,-0.05922472040353133,0.0173377727155275,1,120.16476440429688
2016-07-27,0.0173377727155275,0.011579738427972427,0.054652983769528415,1.820231970628905,0.0095250347182602,-0.35970742638804365,0.043905158391088384,0.0543466921928838,0.010002377819349428,0.6782118800908029,0.02829575131661804,1.6310327166431402,0.0133688766352343,1,122.26631927490234
2016-07-28,0.0133688766352343,0.035751404339603825,0.06366417049421422,1.4000830577260654,0.0095486311054626,-0.3685614785992335,0.053123719714387424,0.0671410625227436,0.013310252675875489,0.7119701419843227,0.03760003662109351,2.4460269398844496,-0.0085161063642932,0,123.91185760498048
2016-07-29,-0.0085161063642932,0.02400695812817243,0.058820905559399714,-0.8547708342548006,0.0099630287125059,-0.3368324476824722,0.03996140073041435,0.0569566209050262,0.016342164394443026,0.6640628167988961,0.01718571253397343,0.4915191936501482,0.0029807770987459,1,122.86109161376952
2016-08-01,0.0029807770987459,0.021794791943268128,0.040550460758004316,0.30102717214406366,0.0099020200652165,-0.2607648148904904,0.0386560287604124,0.0587575147152064,0.019353361842788575,0.6723502484508973,0.013836386891508205,0.041660114696788764,-0.0098625997839747,0,123.22785949707033
2016-08-02,-0.0098625997839747,0.015308720301239826,0.020353475290081812,-0.9518734796695221,0.0103612507277741,-0.07722481239821799,0.024656994616270096,0.047342687294177,0.022139791947062948,0.618194926379583,0.022178921424609838,-0.0214920731280398,-0.004722948542731,0,122.01848602294922
2016-08-03,-0.004722948542731,-0.006752000957018674,0.004827737470953712,-0.4912697501637649,0.0096137581057181,0.009314757382228755,0.01736874058750858,0.0412489470092544,0.023472518339767046,0.5937122169684195,0.013141789097034406,-0.2346255179363277,0.0149876536904128,1,121.4435577392578
2016-08-04,0.0149876536904128,-0.005133223901840171,0.030618180437763612,1.542384710744887,0.0097171954480634,0.01765324691456205,0.029095237221641937,0.0557771114102137,0.025927507215568912,0.6423654043910926,0.018333859505522587,-0.13755904564067334,0.0063325260013923,1,123.27742004394533
2016-08-05,0.0063325260013923,0.009715408463845328,0.03372236659201771,0.6636381807858132,0.0095421363398561,-0.04224542403671727,0.03225431095206877,0.0611759457298642,0.028017935571633013,0.6610330352001225,0.00974825071061874,-0.17710673762204887,0.0008785340088129,1,124.06055450439452
2016-08-08,0.0008785340088129,0.007613165373912328,0.029407957317180412,0.09206089217709008,0.0095429664870392,-0.03626063932536061,0.03002239819848907,0.0610667775501068,0.030139518719121572,0.6636654395857338,0.007185006236113235,-0.37576741385347323,-0.0015979426556904,0,124.16959381103516
2016-08-09,-0.0015979426556904,0.015877822502196628,0.03118654280343641,-0.16673159505713955,0.0095839223222376,-0.07502264214616627,0.025371891226963372,0.0583541578665455,0.03216615056622585,0.6537246427634146,0.012473993195648672,-0.2031877363766058,-0.0014403718042854,0,123.9713363647461
2016-08-10,-0.0014403718042854,0.019160399240642226,0.012408398283623513,-0.15702644893732945,0.0091727974110926,-0.045867671078932415,0.020507333269680253,0.0557461776411865,0.03453071156147569,0.6443696085863334,0.007527245852661985,-0.5617577006911185,0.0001601027224456,1,123.79290008544922
2016-08-11,0.0001601027224456,0.004332848272675029,-0.0008003756291651866,0.017408918509895756,0.0091965921004566,-0.053575473539595686,0.0175068929567343,0.0548237121954578,0.03667475817317167,0.6449773758400835,0.005044013176312336,-0.5154096388429158,-0.0001601027224457,0,123.8127212524414
2016-08-12,-0.0001601027224457,-0.002159780451162971,0.0075556280126823135,-0.017608174628430926,0.0090925224121296,-0.0471187909827413,0.014031392396962782,0.0535959875598428,0.03901713049470534,0.6437925103996875,0.0065663013521707015,-0.4929657811325223,-0.0078784019860402,0,123.79290008544922
2016-08-15,-0.0078784019860402,-0.010916716446016071,-0.0033035510721037857,-0.9408763539541084,0.0083734721921011,-0.12255039316405969,0.004226866707267094,0.0443710476680483,0.039975211071985095,0.5868864738834957,0.009846660255676617,-0.19274001112460837,-0.0048544031003145,0,122.82144165039062
2016-08-16,-0.0048544031003145,-0.01417317689064017,0.0017046456115564152,-0.5882300149399254,0.0082525593339712,-0.13891629580273568,-0.0017244990153253501,0.038523934645763,0.04031796194676551,0.5545656672718519,0.00924573691348498,-0.3957177126803937,0.0086404488332526,1,122.2266616821289
2016-08-17,0.0086404488332526,-0.0040923562531021695,0.015068042987540015,1.062514324026885,0.0081320775050878,-0.11345719951759381,0.0059407369277721285,0.0463710103716118,0.040191506278309586,0.5971703843692947,0.012301992003766506,-0.4060216406681104,-0.0037052958873439,0,123.2873306274414
2016-08-18,-0.0037052958873439,-0.007957754862891669,-0.0036249065902166848,-0.47900921214763426,0.0077353332532609,-0.15889134053506082,0.0008845780091539895,0.041533654786105,0.04061315127644938,0.5718484558867487,0.005003653686208596,-0.4597392277209088,-0.0028288234725094,0,122.83135986328124
2016-08-19,-0.0028288234725094,-0.010626475612955369,-0.012786256064118384,-0.3637714925151958,0.0077763748141733,-0.14475054757088457,-0.0029735835157608816,0.0377192430162445,0.04081419093738603,0.5526444002077279,0.007122085628038298,-0.48319943864377823,0.0047638123065711,1,122.48438262939452
2016-08-22,0.0047638123065711,0.00201573867965593,-0.008900977766360185,0.6135046576225183,0.0077649162844697,-0.07267664998105161,0.0007698905213133878,0.0413574125781642,0.04055629814732775,0.5783494582103481,0.01385421828081585,-0.3580825648140773,0.0017703070532821,1,123.06926727294922
2016-08-23,0.0017703070532821,0.00864044883325253,-0.0055327280573876855,0.23001942464527553,0.0076963371941834,-0.06739995645934238,0.0012719166795667981,0.0413821952090605,0.04005932640406806,0.5878579105029261,0.00675401076899707,-0.40037789775676147,-0.0071815085969721,0,123.2873306274414
2016-08-24,-0.0071815085969721,-0.007181508596972171,-0.011273864850074386,-1.0381245261777772,0.006917771823977,-0.149322935049632,-0.005948993181905995,0.0324537231516105,0.038632541056863534,0.535267599147764,0.01295761305488979,-0.39315388044828614,0.0033147686201639,1,122.40511322021484
2016-08-25,0.0033147686201639,-0.00016144408946437098,-0.008119198952356086,0.5320086289301907,0.0062306670228818,-0.19451860457916192,-0.0022026738439292182,0.0342749683995279,0.03655816796381295,0.5550172047117369,0.01025106367517719,-0.35991715929388557,0.008599476561548,1,122.81153106689452
2016-08-26,0.008599476561548,0.01126685594459303,0.0006403803316376161,1.3782751718550719,0.0062393031066312,-0.1976591592191026,0.00600165207141141,0.0413696971168976,0.035157044695365514,0.6024949309375488,0.01024326815520858,0.10183133951301704,0.0125648402500821,1,123.87220001220705
2016-08-29,0.0125648402500821,0.01906788388810403,0.021083622567759915,1.8502663423726113,0.0067908278729051,-0.12544738099917896,0.01780801841954017,0.0521659236184782,0.033756764121675165,0.660157196163393,0.01880832041720382,0.03194106378201722,-0.0055472843889413,0,125.4384536743164
2016-08-30,-0.0055472843889413,0.01175029244588063,0.020390741279133116,-0.8543125362693398,0.0064932728403653,-0.1563164819139331,0.011059388449882928,0.044180071673247,0.032758395403600815,0.6174242903630032,0.0115225444249761,0.17716325889684126,0.0022225955958485,1,124.74453735351562
2016-08-31,0.0022225955958485,0.02115439663870123,0.013972888041729015,0.35005230339873467,0.00634932429888,-0.08217205475421452,0.011841678526412503,0.0444685107342922,0.03224499731558339,0.627802694441991,0.008880452919371687,-0.047483937870404946,0.0003963967302834,1,125.02210235595705
2016-09-01,0.0003963967302834,0.01823602474882073,0.018074580659356316,0.0721681933445584,0.0054926791417772,-0.11844444236778795,0.011508422251134909,0.042765142687928,0.030901097558071244,0.6297344377750295,0.008163579252158399,-0.06853279860611261,0.0026911805158624,1,125.07167053222656
2016-09-02,0.0026911805158624,0.01232772870313513,0.023594584647728116,0.5025009027754967,0.0053555734944913,-0.14163915377034053,0.013681624139676366,0.0436034858459726,0.0295180074233774,0.6432912625092249,0.006797886300132001,-0.14226018419167707,0.0251340808743983,1,125.4087142944336
2016-09-06,0.0251340808743983,0.024896969327451328,0.043964853215555315,3.273231986215464,0.0076786738551515,0.13074193586747218,0.03762424930877762,0.067058678617057,0.028367137070945958,0.7402779006954748,0.02674787123242426,0.7899616408572041,0.0101235073374561,1,128.60069274902344
2016-09-07,0.0101235073374561,0.040567761053848725,0.05231805349972932,1.2888410028439337,0.0078547371748088,0.20967305208245435,0.0456770743362689,0.0740148186468128,0.027099900156586143,0.7681119112642883,0.01549026121346326,0.8537598161525484,-0.0059695811066277,0,129.90919494628906
2016-09-08,-0.0059695811066277,0.03237558435137253,0.053529980990073715,-0.7431583040167787,0.0080327180283959,0.2651295870669017,0.037222961158771,0.0645566972178711,0.026352806563945785,0.719073276092015,0.009749015358936236,0.021290179676608068,-0.02463514239683,0,129.13600158691406
2016-09-09,-0.02463514239683,0.007344045224259126,0.02558006997307981,-2.4590750252798066,0.0100180523748058,0.823891786907542,0.011097441254852701,0.0364595876239424,0.025083780587569438,0.5620258918853864,0.02242327701287405,0.6813559195848709,0.0124322152931761,1,125.99358367919922
2016-09-12,0.0124322152931761,0.017085080001572828,0.02941280870470791,1.2023157352293297,0.0103402250581082,0.9307409502911448,0.022196990656156993,0.0469649524226256,0.02423012588852358,0.6082422068847113,0.023389497627886332,0.2823710783470754,-0.0115670936717224,0,127.56974029541016
2016-09-13,-0.0115670936717224,-0.019616094544547873,0.005280874782903412,-1.096699732966452,0.0105471838134169,0.37356840678172065,0.009114697668445242,0.0327365288904976,0.02340847009426228,0.5500582252379131,0.013285138381960047,0.0912887161357323,0.0043924261186374,1,126.10263061523438
2016-09-14,0.0043924261186374,-0.025347175763366578,0.015220585290482112,0.4197370258396372,0.010464709683047,0.3322800559907635,0.011763103534157646,0.0350022818414235,0.02296899168005817,0.5669385678473163,0.014948765064501556,-0.05375774760682017,0.0045291958419147,1,126.65774536132812
2016-09-15,0.0045291958419147,-0.014848398814824176,0.017527185536548313,0.43706510106622587,0.0103627487778495,0.29006753893475046,0.014756900825442067,0.0377419879522939,0.022650831059295884,0.5843329568285464,0.01114147149644081,-0.0942824068929018,0.0055940853229888,1,127.23270416259766
2016-09-16,0.0055940853229888,0.015380828904994627,0.02272487412925371,0.5419625586965323,0.0103219036688495,0.03033037587304399,0.018372174641343615,0.0413373613072598,0.02255087799703892,0.6055156213057423,0.007592745579361189,0.39962547751037136,-0.0032594720204714,0,127.94644927978516
2016-09-19,-0.0032594720204714,-0.0003108584086528726,0.01677422159291991,-0.3154417866469446,0.0103330381656744,-0.0006950421672073936,0.013024039317561706,0.0360412021309949,0.022721240484025573,0.5867317954107989,0.01305874865351406,-0.14010784579448254,-7.777457509970933e-05,0,127.53009033203124
2016-09-20,-7.777457509970933e-05,0.011178460687969818,-0.0084376338565781,-0.007534804378516617,0.0103220430408866,-0.021346055640359962,0.011157761996740078,0.0341667070873186,0.022755049662223525,0.5862652401884042,0.008861935595905849,-0.35675255157780983,0.0100551006175604,1,127.52017211914062
2016-09-21,0.0100551006175604,0.016841135186892817,-0.008506040576473802,0.9588418293849118,0.0104867146065276,0.0021027743862067627,0.019145309352546973,0.0426045169647632,0.02301851109643982,0.6276908556876413,0.012467254784899573,-0.18534108482017864,0.0010768201118998,1,128.80886840820312
2016-09-22,0.0010768201118998,0.013388759456877916,-0.0014596393579463008,0.10496996649081995,0.0102583638720507,-0.01007309045471827,0.01760950814559438,0.0415049196559751,0.023481906683365805,0.6319644530811545,0.008994450741666512,-0.10871918858186813,-0.0164320062161799,0,128.94764709472656
2016-09-23,-0.0164320062161799,-0.008637332082290783,0.0067434968227038025,-1.480106436851085,0.0111019084891887,0.07556792287193881,-0.0005662896498897389,0.0227832005313531,0.02336272024791275,0.5323176416351096,0.010159448742255923,0.5467484280678954,-0.0050925884120198,0,126.8460922241211
2016-09-26,-0.0050925884120198,-0.010470448473839183,-0.010781306882492098,-0.4600045209215595,0.0110707355697667,0.07139211065172257,-0.006554782823017985,0.0158907455093324,0.022593624635017795,0.5059753033538192,0.010682590813228567,-0.17186942990541443,0.0107813068824919,1,126.2017593383789
2016-09-27,0.0107813068824919,0.0003886329837524266,0.011567093671722203,0.9820026415911697,0.0109788980455517,0.06363614277359964,0.003372109871016233,0.025377474366092,0.02193140937304361,0.5561904301197863,0.012277520954897222,-0.1397322387641755,0.0041873663635857,1,127.56974029541016
2016-09-28,0.0041873663635857,-0.005479101270222273,0.011362033916670504,0.3842965271437505,0.0108961858039882,0.03904666168808668,0.00625257636727082,0.0282676288737786,0.021878257033622228,0.5744197402655988,0.008279868138931829,-0.32654263638691094,-0.0088606598895553,0,128.10504150390625
2016-09-29,-0.0088606598895553,-0.015416581271677374,-0.002027821814799497,-0.7962682517808561,0.0111277322306125,0.08474727250906211,-0.0033884773326964134,0.0181969996114484,0.021658867525807812,0.5253598522029783,0.013584122758385199,-0.18840641223829646,0.0014043606531364,1,126.97496032714844
2016-09-30,0.0014043606531364,0.0024197855976389256,-0.006217546484651898,0.1261982526131779,0.0111282099716629,0.002369095592871462,-0.002802566638400744,0.0183877297176903,0.02124985047811201,0.5321546460908477,0.008887497869158415,0.013984164504025065,0.0038903599413969,1,127.15340423583984
2016-10-03,0.0038903599413969,0.011402733951055625,0.0009322854772164028,0.34916128164577304,0.0111420141519119,0.006438468491638094,0.00020578053345446127,0.0210975299730749,0.020887451208768226,0.5513656528106774,0.01001780883227547,-0.27713332313243144,-0.0045144502051745,0,127.64904022216795
2016-10-04,-0.0045144502051745,-0.0038930231366107746,-0.0035043901528583883,-0.46959746842118866,0.0096134466404862,-0.12437053330855352,-0.0037035386763564515,0.0154417955495858,0.019216503289097853,0.5244611207552125,0.013495558893758792,-0.1871874726600714,0.0021820748616618,1,127.0740737915039
2016-10-05,0.0021820748616618,-0.005898314638534675,-0.011377415908756988,0.23446926058358425,0.0093064432251405,-0.14589899690089958,-0.0005251090595176595,0.0164924397054987,0.01702648952891983,0.5362272515309,0.0075504103019093565,-0.2636661185833532,0.0020992509344211,1,127.3516616821289
2016-10-06,0.0020992509344211,0.005061596185441726,-0.010354985086235688,0.22684423505588563,0.0092541515719098,-0.1683703938838914,0.0021717065911466466,0.0177588548220466,0.015553370872860794,0.5478429677926492,0.00761220821596992,-0.2971782634027901,0.0019402094937583,1,127.6192855834961
2016-10-07,0.0019402094937583,0.0055974450260636265,0.008017230623702512,0.26479065204562574,0.0073273337966024,-0.3415532403449547,0.0033798977778427323,0.0190925287729781,0.01565970280043838,0.5588624427641988,0.007132321340927762,-0.19508415709324067,0.0096440933943979,1,127.86713409423828
2016-10-10,0.0096440933943979,0.011351178479064625,0.02275391243012021,1.355148972915512,0.0071166296747798,-0.36127978498765134,0.012493009245928988,0.0279450068420038,0.015261337564772992,0.6100323650781487,0.011517198531435267,-0.029697709498979097,-0.0104972119518339,0,129.10626220703125
2016-10-11,-0.0104972119518339,0.005368416732405224,0.0014753935957944123,-1.4945235099767296,0.0070237850938841,-0.26937909403854843,0.0012702860641211676,0.0164776057578048,0.015188026555209344,0.5370426302924691,0.018699593193690033,0.1258026476862113,0.0013181114192708,1,127.75809478759766
2016-10-12,0.0013181114192708,0.004504453290014226,-0.001393861348520488,0.18908327178431686,0.006971063102686,-0.25094228438913,0.0020926838538946175,0.0168623355327299,0.014738808013280424,0.5443806476005494,0.009298697558038069,-0.2785014880540293,-0.0095769540693182,0,127.92660522460938
2016-10-13,-0.0095769540693182,-0.007171751713725075,-0.0021101555282833882,-1.3209937655201351,0.0072498101953928,-0.21658834534340343,-0.007254214716129928,0.0063282708190411,0.013681735784239368,0.48453518137793944,0.011735252727126524,0.10931611169470168,0.0004693685916894,1,126.70730590820312
2016-10-14,0.0004693685916894,-0.008642592615793976,-0.003045147589730388,0.06589060254279379,0.0071234527167142,-0.027824729369192558,-0.006328938582212204,0.0062429980425071,0.01265201042161923,0.48749536285666883,0.010713130642884103,-0.10504113063389764,-0.0026623109476654,0,126.76679229736328
2016-10-17,-0.0026623109476654,-0.020948996957857274,-0.009597818478792689,-0.37432185231139303,0.0071123578044561,-0.0006002659290869072,-0.008543310272764691,0.003190307903801,0.011834725912025279,0.47099149484330666,0.009016790948908456,-0.2294152307199374,0.0080434064121457,1,126.42974853515624
2016-10-18,0.0080434064121457,-0.0024083785938776754,0.0029600381385275123,1.092676461895361,0.0073611967427152,0.048038435732451035,-0.0005092666349552319,0.0107656000625505,0.01128061153658333,0.523607254288863,0.010733489960317762,-0.09077994033243364,0.0119067592737138,1,127.45077514648438
2016-10-19,0.0119067592737138,0.008180269260565323,0.012684722550579512,1.5865273610015966,0.0075049189609922,0.07658169929641034,0.011395735995514786,0.0220609389793963,0.0105450345540401,0.5893694372269906,0.014372416481556086,0.11782678932825497,-0.0008457718070848,0,128.9773712158203
2016-10-20,-0.0008457718070848,0.01691145152279873,0.009739699809073611,-0.11271555358878739,0.0075035944921175,0.035005647028659936,0.010572114514291537,0.0203760945318906,0.009701415541543135,0.5831770919785967,0.008923105093149038,-0.11437017208155797,0.0157976829684639,1,128.8683319091797
2016-10-21,0.0157976829684639,0.032239765899573225,0.02359717328377921,2.178239999021061,0.0072524987951574,0.018115664351980643,0.025026119816282957,0.0354582061266104,0.010177385833052943,0.6563513511439667,0.01839939274482576,0.3250521047544179,0.0091199479811282,1,130.92031860351562
2016-10-24,0.0091199479811282,0.044022024828366826,0.02307302787050951,1.2561041778526132,0.0072605028642762,0.020829247331634937,0.0320261475438038,0.0435701792632705,0.011185793835690294,0.6905485625916441,0.009453854870688488,0.20265669122435526,-0.0074555983491038,0,132.11976623535156
2016-10-25,-0.0074555983491038,0.028523020067117325,0.02611464147323961,-1.0236593206864442,0.0072832808713198,-0.010584674492297386,0.022934629778694166,0.0344595387806311,0.011266515636908725,0.634880774619332,0.009675703713495076,-0.07456115242699757,-0.0094938770472687,0,131.13839721679688
2016-10-26,-0.0094938770472687,0.007122383746134827,0.015302653006700112,-1.2427423308922527,0.0076394573607647,0.017926695873970333,0.012560389989968127,0.0234461203410496,0.010750697399084741,0.5721623824732921,0.010073200038612859,-0.09530960687760226,-0.0103555824609862,0,129.89927673339844
2016-10-27,-0.0103555824609862,-0.0023874269077665718,0.014524024615032112,-1.3371585022753665,0.0077444689192528,0.032101205280794076,0.0015097397586988997,0.0120613980506594,0.010535752048205671,0.5131975607893086,0.01950804789628955,0.14874526885527573,0.0122615353630979,1,128.56103515625
2016-10-28,0.0122615353630979,-0.005923574513132572,0.02631619138644061,1.5006039734255021,0.0081710668372468,0.12665538706504065,0.012684525749112989,0.0233684773367649,0.010550128214656729,0.5697860197294555,0.023154914314730105,0.6494778160001129,-0.002287556287128,0,130.1470947265625
2016-10-31,-0.002287556287128,-0.017331078781388773,0.026690946046978012,-0.27967533971000974,0.0081793278216804,0.12655114591650207,0.009506279998153523,0.0198488519231013,0.010245178390536402,0.5567187227311166,0.009466296529315818,0.04415623360071974,-0.0114400323367911,0,129.84971618652344
2016-11-01,-0.0114400323367911,-0.021315512769076072,0.007207507298041212,-1.3369988553559804,0.0085565012198497,0.17481412168842825,-0.002480246128763694,0.0074089880617485,0.00991382291140952,0.49588848565744775,0.025405471389358232,0.43409923682468654,-0.0181561520743707,0,128.37269592285156
2016-11-02,-0.0181561520743707,-0.02997778779617807,-0.022855404050043285,-1.9105101064397267,0.0095033007222375,0.2439758838167312,-0.019937237599051975,-0.011147421652933,0.008968625564944155,0.41882114220334066,0.031060761226044935,1.3655482782583062,-0.0580330112939737,0,126.06297302246094
2016-11-03,-0.0580330112939737,-0.07765521662916558,-0.08004264353693219,-3.637017213885568,0.0159562102352479,1.0603362737476623,-0.07206924696458943,-0.0663948522524435,0.006115105780882812,0.2764440110269069,0.03149998982747393,2.2934118901805234,0.0062305971559491,1,118.95539093017578
2016-11-04,0.0062305971559491,-0.08368615483631438,-0.08960972934944698,0.3879114903343178,0.0160619040971932,0.9657046524178448,-0.06328536188181418,-0.0601005535935173,0.003399977067397142,0.3031306135277197,0.02219461950456124,0.508506911263515,0.0115275416972757,1,119.69886779785156
2016-11-07,0.0115275416972757,-0.06987105685191068,-0.08720213563329948,0.7139082975068577,0.0161470902320826,0.9741341323039507,-0.049442114632200655,-0.0487870273955502,0.0006891608041279529,0.35123225940504155,0.015227184503616152,0.11464591708110605,0.0168042525116785,1,121.08668518066406
2016-11-08,0.0168042525116785,-0.04162677200344107,-0.06294228477251719,1.009588468577584,0.0166446557530061,0.9452642295419988,-0.0315778059548396,-0.0323178946030292,-0.0007642210729374987,0.41547628452395097,0.024714214012683,-0.06160937021195134,-0.0084073468209791,0,123.1386489868164
2016-11-09,-0.0084073468209791,-0.031877966750049475,-0.06185575454622759,-0.5037507561224666,0.0166894971745416,0.7561790016271472,-0.03748317615036643,-0.0400215883868715,-0.002637265316934978,0.39434786681867595,0.0267900260934211,0.46533836134713247,-0.0195105532194875,0,122.10771942138672
2016-11-10,-0.0195105532194875,0.006644491324436726,-0.07101072530472889,-1.1436241418903803,0.0170602844980494,0.06919401577967155,-0.05348441301265393,-0.0577884801694794,-0.00454727551875278,0.3504282571316939,0.07375830659782202,1.7902075196974172,-0.0148447921184959,0,119.74842071533205
2016-11-11,-0.0148447921184959,-0.014430897950008273,-0.09811705278632268,-0.860701480989857,0.0172473179683896,0.07380282337780542,-0.0641831651012597,-0.0706355273816981,-0.006894898702197949,0.32158154966948954,0.02142493273639178,0.2985026736064913,-0.0336639326643566,0,117.9839096069336
2016-11-14,-0.0336639326643566,-0.05962237231164057,-0.12949342916355128,-1.819014413559522,0.0185066882446971,0.14613146880954586,-0.09070795454488433,-0.0997939615068568,-0.009992396840362572,0.2688301992880264,0.048487957185228255,0.8824923484932037,0.0182543562177807,1,114.07821655273438
2016-11-15,0.0182543562177807,-0.05817226860553837,-0.09979904060897948,0.9595856242325875,0.0190231655798088,0.14289931027099367,-0.06977849427338002,-0.0814096633242681,-0.012503655289933135,0.33229765524480287,0.022696212474216625,0.22329183432754118,-0.0073651592273666,0,116.17976379394533
2016-11-16,-0.0073651592273666,-0.05713008101192587,-0.08900804776197539,-0.39543649521144664,0.0186253907177392,0.11599471949044937,-0.07153078617360138,-0.0860428940470922,-0.015630144389692457,0.320156635498126,0.031545455427782525,0.11206268046446044,0.0123867715233059,1,115.32722473144533
2016-11-17,0.0123867715233059,-0.025232756269132475,-0.018588264944695787,0.6507890525438372,0.0190334663358086,0.11565937472993526,-0.05535604940151636,-0.0728334884314047,-0.01850161536398487,0.36245208205573043,0.015111628877338969,-0.36752234126036076,-0.0065586566213055,0,116.76464080810548
2016-11-18,-0.0065586566213055,-0.016946620771942075,-0.03137751872195038,-0.3564902888794868,0.0183978549371444,0.06670816708217897,-0.05583347117994115,-0.0774305642281943,-0.022874241343042945,0.34999956161371515,0.019569312777475725,-0.22689918970609102,0.0397892055871711,1,116.00132751464844
2016-11-21,0.0397892055871711,0.05650651747958562,-0.0031158548320549817,1.9088811487342747,0.0208442550829077,0.12630930003807705,-0.012925078649242144,-0.0389335346832002,-0.026349019179179423,0.4707856972990131,0.034080594652957576,0.16148587178180374,-0.0024668083430919,0,120.7099838256836
2016-11-22,-0.0024668083430919,0.035785352918713015,-0.022386915686825385,-0.11838554720184946,0.0208370734553091,0.09535257777630779,-0.011019949252066166,-0.040431955093704,-0.029739736225613878,0.4649094167550823,0.01712358450771284,-0.16190263252238746,-0.0051998649351186,0,120.41258239746094
2016-11-23,-0.0051998649351186,0.03795064721096102,-0.019179433800964887,-0.24996382331452144,0.0208024699981316,0.11688771061961689,-0.012046891088749944,-0.0443623131104735,-0.03270946943760922,0.4521469167554176,0.011337265464298255,-0.49862837088851175,-0.0038139974764718,0,119.78807830810548
2016-11-25,-0.0038139974764718,0.02174987821118332,-0.0034828780579491845,-0.18381156034814938,0.0207494973071763,0.09015861541411652,-0.012047821550114492,-0.0467985821245505,-0.03517453712077501,0.442592871649299,0.00888851735535184,-0.7193714589631076,0.0002492481734887,1,119.3320770263672
2016-11-28,0.0002492481734887,0.02855778300597752,0.011611162234035414,0.01219780226569353,0.0204338591542604,0.11066530441032052,-0.0073698774818204095,-0.0452515825879012,-0.03816296145635767,0.4434190959124082,0.015530293910044209,-0.4071387163018594,0.0038129850979486,1,119.36182403564452
2016-11-29,0.0038129850979486,-0.007418437483244976,0.049088079996340614,0.18589712102728237,0.0205112649237263,-0.015975152763048395,0.0005960534043410475,-0.0404202865954386,-0.04099190663427987,0.4567130708057359,0.014064672041138471,-0.3845216530045743,-0.0204780276527913,0,119.81781768798828
2016-11-30,-0.0204780276527913,-0.025429656792944375,0.010355696125768612,-0.9854147461757594,0.0207811256450782,-0.0026850128618539637,-0.015169200571870782,-0.0583427075377572,-0.043838501995425494,0.4016823101075545,0.03242698890948107,-0.02925695900044878,-0.0284363167626471,0,117.3891372680664
2016-12-01,-0.0284363167626471,-0.04866610862047288,-0.010715461409511889,-1.3376102220671762,0.0212590456423852,0.02194814578723636,-0.0379512417761031,-0.0825776151725141,-0.04638681045521942,0.34161309985531346,0.038662007013342554,0.38351103688680754,0.0026030183555916,1,114.09803771972656
2016-12-02,0.0026030183555916,-0.04224909278840948,-0.02049921457722619,0.1509918003597714,0.0172394682982078,-0.16916212267728248,-0.0335858852582653,-0.0780288524901294,-0.04598749806519653,0.35105676023176813,0.018890816952778836,-0.14568933541177065,0.0174380623519761,1,114.39542388916016
2016-12-05,0.0174380623519761,-0.025060278609922076,0.003497504396055409,0.9854439451517637,0.0176956410740243,-0.13400396173647855,-0.015216685934029863,-0.0602292455467187,-0.04570808518966585,0.4124687378976079,0.021289278663910664,-0.29925405582969533,-0.001022491858838,0,116.40775299072266
2016-12-06,-0.001022491858838,-0.02989575556670868,-0.03731419304995369,-0.058649641244768735,0.0174338979256621,-0.15003301890486886,-0.014222511784465585,-0.0596846245909895,-0.04611802698884926,0.40999852664989656,0.012530911698032334,-0.33188706840795845,0.0054409438520413,1,116.28878784179688
2016-12-07,0.0054409438520413,-0.0039767840618760795,-0.029406440854820484,0.3206781520720823,0.0169669926587898,-0.18353832470050724,-0.0062263393632895035,-0.0529238389501516,-0.04699007574515823,0.4296171511684425,0.0116998498441975,-0.23797849765233725,0.0081061785644649,1,116.92323303222656
2016-12-08,0.0081061785644649,0.03256571126523593,-0.016100397355236988,0.47486553719428015,0.0170704713851417,-0.19702550752760672,0.0036675242729865506,-0.0436304962835502,-0.04712518778646091,0.4586927254692551,0.01564208689822993,-0.2065101888316101,0.00645455308324,1,117.87488555908205
2016-12-09,0.00645455308324,0.036417245992884324,-0.005831846795525187,0.38809263123676974,0.0166314754873616,-0.03526749203218793,0.010644402165089913,-0.0361336772732123,-0.04628539903658513,0.4815218060394806,0.008272104701199942,-0.32214264048315977,-0.0160879950405191,0,118.63817596435548
2016-12-12,-0.0160879950405191,0.0028911886003891267,-0.022169090009532988,-0.9639148920886677,0.0166902650561386,-0.056814896599677644,-0.004959584559061261,-0.049909417258722,-0.04517387635932524,0.4327656131025438,0.01350086085770664,-0.2881454661176952,0.021338127673818,1,116.74479675292967
2016-12-13,0.021338127673818,0.025251808133045128,-0.004643947433663587,1.3832067456827222,0.0154265642069913,-0.11513969665476098,0.014259943826653928,-0.0280917711928132,-0.04175627291331285,0.5046029061105197,0.032499344294397124,0.2438375866007505,-0.0008314613347127,0,119.26268005371094
2016-12-14,-0.0008314613347127,0.018979402946291128,0.015002618884415009,-0.055556433066689406,0.014966067632791,-0.1179304468527731,0.012132810229117557,-0.0276458790720592,-0.03930184744447918,0.5019081045636166,0.023625355535436363,0.10296812330993865,0.0029902735060419,1,119.16355895996094
2016-12-15,0.0029902735060419,0.013863497887868129,0.046429209153104015,0.201634223866855,0.0148301882919264,-0.13123733039763996,0.013359326822702963,-0.0234859073844183,-0.0363594958193616,0.5120124514877912,0.02380362240894353,-0.11981331280397689,-0.0058226298428866,0,119.52042388916016
2016-12-16,-0.0058226298428866,0.0015863149617415286,0.038003560954625815,-0.3960022939809346,0.0147035255385842,-0.11592176233807183,0.006596201578275932,-0.0277583641181687,-0.034129441023698415,0.4911488042826122,0.01860351468955971,0.09074753482089704,-0.0052696479414564,0,118.82652282714844
2016-12-19,-0.0052696479414564,0.012404662060804227,0.015295850661193312,-0.3591631638508662,0.0146720167094989,-0.1209236845461239,0.00037328913129934803,-0.0313362132179288,-0.03169766995354717,0.4724876499973043,0.015514915357803919,-0.3039539435365809,-0.0012587816850802,0,118.20199584960938
2016-12-20,-0.0012587816850802,-0.010192247298093973,0.015059560834951113,-0.10970747984428636,0.0114739823288882,-0.25621919599646137,0.00023930851065560703,-0.0307989993732614,-0.03103088192977832,0.46792895303765236,0.008145046780894038,-0.37177870399402835,-0.0004197738492893,0,118.05329895019533
2016-12-21,-0.0004197738492893,-0.009780559812670573,0.009198843133620512,-0.03659627794795836,0.0114703973416706,-0.2335730652092809,0.0008408538570980658,-0.0296516148971693,-0.030466850585439187,0.4663145411421825,0.0060483332138035065,-0.48766432773191215,-0.0138727381473276,0,118.00375366210938
2016-12-22,-0.0138727381473276,-0.026643571466040072,-0.012780073578171989,-1.1760119304184642,0.0117964263699189,-0.2045666489385769,-0.011518233898235005,-0.0411990228392528,-0.03002664283638601,0.4156406932164088,0.017546827357916586,-0.2274737046419476,-0.001108002538209,0,116.37802124023438
2016-12-23,-0.001108002538209,-0.021928944161362474,-0.020342629199620987,-0.0940314059498567,0.0117833241672453,-0.19860552244261853,-0.011318409485524542,-0.0406075362777822,-0.029624428201415864,0.4118202008661296,0.01074438938265657,-0.4852909724810275,0.0062905326663171,1,116.2491455078125
2016-12-27,0.0062905326663171,-0.010368763553588973,0.0020358985072152103,0.5285185327443135,0.0119021988380497,-0.1887823553019794,-0.004071896183083748,-0.0329917651976538,-0.0290381091805062,0.4431936912135994,0.015422418963463741,-0.42213161819689626,-0.0092795708428578,0,116.98271942138672
2016-12-28,-0.0092795708428578,-0.018389552711366573,-0.02858180000946059,-0.7743985675795945,0.0119829390592255,0.04435746158122389,-0.011623530677928668,-0.0402532717729583,-0.028966433321370832,0.4086197403894172,0.013684557810282914,-0.4107994110626342,-0.0048870063428552,0,115.90219116210938
2016-12-29,-0.0048870063428552,-0.02285678520493247,-0.03263734501760309,-0.4373459186755431,0.0111742356202957,-0.025819656682596337,-0.01558065058078733,-0.0430122330489945,-0.027865748966018677,0.39142383514473056,0.012634303738560598,-0.4905758140806057,-0.0112359861899248,0,115.337158203125
2016-12-30,-0.0112359861899248,-0.020220033247529672,-0.04686360471356979,-1.1859139657800066,0.0094745373729827,-0.19682986390327994,-0.026559079274702472,-0.0513545858202448,-0.025472019942481383,0.3547556980823929,0.017905303201613404,0.022521736132355752,0.015609811897938,1,114.0484848022461
2017-01-03,0.015609811897938,-0.0035022188113826742,-0.02543116297274519,1.5469724578087336,0.0100905557944122,-0.1436579651723895,-0.01185497084085614,-0.0343377192295035,-0.02275247835611649,0.4342264406386681,0.019938338092510246,0.14467203386614802,0.0155383662449451,1,115.8427276611328
2017-01-04,0.0155383662449451,0.005745614767245328,-0.00462314878634369,1.5645243513363054,0.0099316870534315,-0.16555863428518292,0.0030847362243191646,-0.0170421197651599,-0.020064960877819726,0.501126920093585,0.019968006553475578,0.08917057332519951,0.0165445339119661,1,117.65679168701172
2017-01-05,0.0165445339119661,0.03156971952206923,0.01318016681070261,1.5689890637604598,0.0105447095165298,-0.1200231041472607,0.018372435692688184,0.0014474038445764,-0.01661968770452782,0.5615383799715233,0.02179495560889803,0.0803931876953281,0.0224526003796679,1,119.61956024169922
2017-01-06,0.0224526003796679,0.05890932624459233,0.03605254103965981,1.947800124334222,0.0115271583049839,0.031583608640504135,0.03910214285194705,0.0256986150490247,-0.012899143645430877,0.6285694255890435,0.031196810306093167,0.5536256462826992,0.0120011357579494,1,122.33570861816406
2017-01-09,0.0120011357579494,0.08214644819246653,0.061926414944936815,1.0289763001113332,0.0116631799553118,0.23100258051334155,0.04900234982192448,0.0391429039095932,-0.009398878767054253,0.6590904418709989,0.019135303126103082,0.24382278553265868,-0.0044131821397747,0,123.8127212524414
2017-01-10,-0.0044131821397747,0.06212345415475383,0.05862123534337111,-0.3765458622381108,0.0117201716506554,0.16149911753578783,0.042338977668456027,0.0354871688879116,-0.0065734937744251765,0.6382423368639539,0.009811027226968999,-0.057842466535640735,0.0138958320088186,1,123.26751708984376
2017-01-11,0.0138958320088186,0.06048091991862733,0.06622653468587261,1.2404205633473862,0.0112025166459023,0.1279570717073404,0.05325151719592432,0.0508866575799796,-0.002245294288529154,0.6734363705963335,0.016337578299772202,-0.0032184372415597906,0.0041944502014545,1,124.99237823486328
2017-01-12,0.0041944502014545,0.048130836208115736,0.0797005557301849,0.4039025230333597,0.0103848081214092,-0.015164134665818896,0.054898498388342605,0.0560730805370747,0.0011134551338605192,0.6835353336613882,0.015242459827129356,0.044447486613290677,0.013492438226815,1,125.51775360107422
2017-01-13,0.013492438226815,0.039170674055262825,0.09808000029985511,1.2692871182026835,0.0106299339474274,-0.07783569322272388,0.06561924360770599,0.0706258116573163,0.004698271056611469,0.7144031621409483,0.014804438055901478,0.397317311134352,-0.0036687753416971,0,127.22277069091795
2017-01-17,-0.0036687753416971,0.023500762955616327,0.10564721114808281,-0.3415065191903339,0.0107429145141805,-0.07890347612378046,0.05850894082856246,0.0665805581033735,0.007625459704188042,0.6944698378110943,0.007351175348565659,-0.12933064713996123,0.0003908524451211,1,126.75687408447266
2017-01-18,0.0003908524451211,0.028304797540512128,0.09042825169526592,0.036996569061065326,0.0105645592291537,-0.09860029835288953,0.05540624469791338,0.0655896240035854,0.009648776816349791,0.6954431878449446,0.012429615077000827,-0.22477141315469007,-0.0028965355030635,0,126.80642700195312
2017-01-19,-0.0028965355030635,0.011512430028630026,0.07199334994725731,-0.2764714272886629,0.0104767987472327,-0.06478168447400212,0.048758406143039945,0.0613052244142639,0.011963497215118135,0.6782208212551751,0.007056128057545017,-0.2728360081377017,-0.0040063980293342,0,126.43965911865234
2017-01-20,-0.0040063980293342,0.003311581797841326,0.05144241800595701,-0.37945245482532786,0.0105583663470525,0.01671270413610193,0.04116215284317435,0.0562022218822363,0.01444546269569158,0.654172510848385,0.013381587972221023,0.12059880436287851,0.0147675283349573,1,125.9341049194336
2017-01-23,0.0147675283349573,0.004586671905983625,0.04375734596124641,1.3642371849236992,0.0108247513688635,0.018327246660196694,0.05238663776029796,0.0710766189151401,0.017759614655140865,0.6970442808587087,0.017839162199765238,-0.04267287284676968,0.0034069755837786,1,127.8076400756836
2017-01-24,0.0034069755837786,0.011662422831459325,0.03516318578707561,0.34135885449212244,0.0099806275388624,-0.07095718525097561,0.050844584851793086,0.0736277939398671,0.02168085501557515,0.706176720354134,0.011749161869373352,-0.1224509816120819,0.0161782083601988,1,128.2438201904297
2017-01-25,0.0161782083601988,0.027449778746537028,0.05575457628704911,1.5886644131673124,0.0101835278905407,-0.03606694139794453,0.06185541134884664,0.0892076547791742,0.025758915138533567,0.7457555234274862,0.014983277188306866,0.06003045749052238,0.0098387411101778,1,130.33544921875
2017-01-26,0.0098387411101778,0.04018505535977833,0.05169748538840831,0.9622394965042088,0.0102248360682779,-0.024049586618369756,0.06599643356406974,0.0974749417779759,0.029529656219074107,0.7666143961448122,0.012803110136097282,0.1079829719031975,-0.0045288424331082,0,131.62411499023438
2017-01-27,-0.0045288424331082,0.03966261095600433,0.042974192753845605,-0.45727995280419165,0.0099038726831033,-0.06198815635260735,0.05471884458447673,0.089436319550464,0.03291633134673422,0.7365783829064202,0.014147338635237667,0.059535890798855684,-0.00911991951628,0,131.02935791015625
2017-01-30,-0.00911991951628,0.01577516310476703,0.02036183501075061,-0.8947417233186024,0.0101927956175489,-0.05838062508598285,0.03907857791626277,0.0770992698353515,0.03659077641205388,0.6792559531466944,0.015116779600892619,0.003359776632416045,-0.0050517659627991,0,129.83981323242188
2017-01-31,-0.0050517659627991,0.007316421558189329,0.01897884438964861,-0.5192963208018246,0.0097280988915902,-0.025301880697271573,0.027618426206941073,0.0692133354657054,0.04047699826899365,0.649324623592843,0.008747692799097845,0.04446682740529373,0.0220840392116299,1,129.185546875
2017-02-01,0.0220840392116299,0.013222252409620428,0.04067203115615741,2.174705667472572,0.0101549554691214,-0.0028057488255951446,0.0438278073664962,0.0903261443161811,0.044545984137936534,0.7100005683457052,0.021091442674286375,1.455216842443396,-0.0181018079127657,0,132.07022094726562
2017-02-02,-0.0181018079127657,-0.014718296613323073,0.02546675874645521,-1.6006424167650861,0.011309089227655,0.10604112888821238,0.02024663462674542,0.068350226808584,0.04714898393116207,0.6157647399579521,0.03890256602831802,1.453521817684985,0.001069534663935,1,129.70101928710938
2017-02-03,0.001069534663935,-0.009119919516279874,0.030542691439724413,0.09728793954626386,0.0109934969218502,0.11002001677645512,0.017249372178150653,0.0678873173792205,0.04977928380790564,0.6189554423322615,0.015956723658987364,0.10616901866960404,0.0082115213853215,1,129.83981323242188
2017-02-06,0.0082115213853215,0.008211521385321626,0.02398668449008861,0.8072085395621422,0.0101727384967653,-0.001967774253127219,0.022203367599487395,0.0748363548772913,0.05148974161707742,0.6435435739823789,0.013327234131251932,-0.21928382901270083,-0.0016672509171981,0,130.91038513183594
2017-02-07,-0.0016672509171981,0.011596036430922625,0.01891245798911191,-0.1663658688298825,0.010021592342976,0.030169661581002316,0.017766862578689493,0.0711278882991618,0.05242951768470139,0.6345609130935254,0.010163807456853746,-0.3190583333061201,0.0177422076182234,1,130.6923065185547
2017-02-08,0.0177422076182234,0.007254204837516123,0.02047645724713651,1.7042682002026668,0.010410455124442,0.025160096082893713,0.03206158025710211,0.0878587572354822,0.054063805925689046,0.6853069219254518,0.014903129996130804,0.03235247875527181,-0.0004470871520971,0,133.03176879882812
2017-02-09,-0.0004470871520971,0.024908925598184722,0.010190628984861609,-0.04395933440743411,0.0101704713714112,-0.10068165820634334,0.028416882752500316,0.0849574083021865,0.054978216030797444,0.6827118854390946,0.008871346703599528,-0.2372820724055511,0.0003725291519605,1,132.97230529785156
2017-02-10,0.0003725291519605,0.02421192008621022,0.015092000569930309,0.03657765422929675,0.0101846102438719,-0.07357865142715347,0.0258232739612376,0.0830280544681569,0.05576475203767006,0.6837863091537736,0.009389743965279088,-0.2966663810415262,-0.0010437071346485,0,133.0218505859375
2017-02-13,-0.0010437071346485,0.014956691566240223,0.02316821295156181,-0.1053827052927146,0.009903969837835,-0.026420482450793648,0.02252148929881897,0.0791755726484529,0.05540625203728866,0.6768729946658243,0.007459902851430073,-0.35117145733869104,-0.0014931980914473,0,132.88308715820312
2017-02-14,-0.0014931980914473,0.015130744391991023,0.026726780822913607,-0.15162172249853942,0.0098481805036985,-0.017303820924131075,0.01867247026839899,0.0743220236144565,0.054629485894907015,0.6665038914445095,0.012551308174629384,-0.30940072488189063,-0.0030677327904282,0,132.684814453125
2017-02-15,-0.0030677327904282,-0.005679196016660576,0.001575008820855507,-0.30945481364202054,0.0099133464893423,-0.04775090321772524,0.01342352638279819,0.0679387013074942,0.05379308206833966,0.6447023215953226,0.007793714531663682,-0.36425300870093524,0.0029929798230744,1,132.2783966064453
2017-02-16,0.0029929798230744,-0.0022391290414890755,0.02266979655669561,0.304042328341065,0.0098439577127464,-0.0321040831580941,0.014039194707765719,0.068333692359317,0.05354279985913002,0.6565070922790633,0.00635079847567153,-0.3841990282409087,-0.0023189652382666,0,132.67489624023438
2017-02-17,-0.0023189652382666,-0.004930623431716175,0.019281296654494007,-0.23679345771290156,0.0097931980919769,-0.0384317261556979,0.009209189954134838,0.063106310298918,0.05340530078529371,0.6387918942925792,0.006889823840004211,-0.4010120805126808,0.0014220690543047,1,132.36758422851562
2017-02-21,0.0014220690543047,-0.0024648472427629756,0.012491844323477209,0.15196811053447815,0.0093576806956619,-0.055158603178108834,0.008819285301702123,0.0619525542012333,0.052668768007979594,0.6451132851151954,0.007553168982985526,-0.2766451934160896,0.0177887647742509,1,132.5559539794922
2017-02-22,0.0177887647742509,0.016817115622935225,0.03194786001492621,1.7761741688954058,0.0100152142091525,0.016960869613556584,0.024317394686123286,0.0780655077710505,0.052472127646916444,0.7133469603940719,0.024463610723749918,0.302021790701714,-0.0055988649863472,0,134.93505859375
2017-02-23,-0.0055988649863472,0.014285983427016223,0.008606787410355612,-0.5813249286000869,0.0096312143362406,-0.028459829726017905,0.017113545637201313,0.0693903834388783,0.051397248641425364,0.6694525184278632,0.013223945612156967,-0.12265913456020561,0.0005905873286791,1,134.1816864013672
2017-02-24,0.0005905873286791,0.011883590932620924,0.00964446189113181,0.06264635008619428,0.0094273222281349,-0.04232398154982142,0.016698350700121586,0.067042978462418,0.04951776279328879,0.6717413069758829,0.010779617755173485,-0.38794544799666864,0.0071364850605452,1,134.26095581054688
2017-02-27,0.0071364850605452,0.021339041231432723,0.01640841779971651,0.7568933909391655,0.0094286528934942,-0.03722432601269998,0.02235680736463328,0.0719657582506681,0.048524106778252474,0.6989710665306796,0.015834530791969406,-0.2975462457191256,-0.0063983719619048,0,135.2225341796875
2017-02-28,-0.0063983719619048,0.013518600215223223,0.01105375297246021,-0.6891294779540326,0.0092847166847383,-0.007797232380180041,0.01410338130107502,0.0625686805879357,0.04779128063322369,0.6471217018245755,0.015198448138070865,-0.203339505699756,0.0137752275775802,1,134.36009216308594
2017-03-01,0.0137752275775802,0.009505063018552522,0.026322178641487712,1.4478103807057754,0.0095145246650774,-0.04999289417270192,0.0254458675786725,0.0744684274242036,0.047806092350135554,0.6990696878746343,0.00858676096277177,-0.18909111314790217,-0.0048144515032579,0,136.22373962402344
2017-03-02,-0.0048144515032579,0.010289476501641822,0.024575459928658012,-0.5686392655212287,0.0084666181095406,-0.12091893981819368,0.019178455429665793,0.0664910575577309,0.04642229422728428,0.6622129458899744,0.011041311979209757,-0.32281042376673896,0.002993484253068,1,135.56947326660156
2017-03-03,0.002993484253068,0.012692373426030723,0.02457596435865161,0.4198527561540126,0.007129843044236,-0.24370432327456715,0.01982849843749544,0.0667053681841355,0.04596544401187197,0.6737210734112478,0.009112779883983301,-0.30225906490861243,0.0018209672501899,1,135.9759063720703
2017-03-06,0.0018209672501899,0.007376855615675422,0.02871589684710811,0.2555869001673741,0.007124650163985,-0.24436181451742367,0.019247192937286467,0.0656116491544689,0.04548892215593803,0.680861047942617,0.009605642132201884,-0.17179145687834985,-0.0008736325254676,0,136.22373962402344
2017-03-07,-0.0008736325254676,0.012901595052112622,0.026420195267335814,-0.12438679562000987,0.007023515005053,-0.2435401915280987,0.016382035387249354,0.0616745362327676,0.04456247677406222,0.6732455529165395,0.010050907453390254,-0.11099091544190853,0.0030541569769281,1,136.1047821044922
2017-03-08,0.0030541569769281,0.0021805244514605214,0.011685587470013012,0.43788020450517307,0.0069748688008846,-0.2669240927520512,0.017277000951718025,0.0615859900317563,0.043556464009886,0.6864630514535702,0.006825460594498874,-0.32082210900923525,0.0037687719507216,1,136.52110290527344
2017-03-09,0.0037687719507216,0.010763747905440022,0.02105322440708181,0.6323243857985585,0.0059601875799271,-0.29603679972161856,0.019596797746976483,0.0621606008287319,0.04174572063761817,0.7025093875881392,0.008463638463847073,0.06024403910030807,0.0039706918570296,1,137.03659057617188
2017-03-10,0.0039706918570296,0.011740955509401622,0.024433328935432312,0.6654695868995241,0.0059667518023316,-0.16312999243997117,0.021900986936149825,0.0629921089500629,0.040210472970685585,0.7188958803180705,0.009150546393086559,0.11399003533349328,0.0058192956389583,1,137.58180236816406
2017-03-13,0.0058192956389583,0.01573928389817002,0.02311613951384541,0.9655717911193809,0.006026787124976,-0.15409360652663084,0.025821962194493946,0.0654943504409747,0.03867375598160461,0.7414809010322224,0.007234917354423455,-0.241278652023886,-0.002007817706324,0,138.384765625
2017-03-14,-0.002007817706324,0.01460509871731362,0.027506693769426212,-0.33154197659779155,0.0060559984799746,-0.13775389165999208,0.0217859126896076,0.05964169254419,0.03704864138803421,0.7199471564477326,0.006747074303683571,-0.10175454179870458,0.0028669525525684,1,138.10719299316406
2017-03-15,0.0028669525525684,0.014417894292953922,0.016598418744414412,0.47745786528048717,0.0060046189644068,-0.13910653578956877,0.022518501564329156,0.0587109646199998,0.03539541142805791,0.7319240710173021,0.011523050359900535,0.3196255485421893,0.0019307162809042,1,138.5037078857422
2017-03-16,0.0019307162809042,0.012579838623136521,0.023343586528576512,0.3284146710058373,0.005878897781853,-0.013638798608934799,0.022045008726414628,0.0570517322096697,0.03425164565587724,0.74000740096845,0.003714581413358911,-0.07260418717550621,-0.0010720987652498,0,138.77137756347656
2017-03-17,-0.0010720987652498,0.00753704800085712,0.019278003510258712,-0.18087645829479645,0.0059272432430232,-0.006621451774307285,0.018718605753955425,0.0525571715679591,0.033216793747435025,0.7268947221858062,0.0045766547941121765,0.3667743764981284,0.0007150068663799,1,138.6226806640625
2017-03-20,0.0007150068663799,0.002432759228278721,0.01817204312644871,0.12235021440723044,0.0058439363579705,-0.03033967572004259,0.017072571758301052,0.0502633617453262,0.032633649661444775,0.7303261646242416,0.006717181827975368,-0.19646643133007236,-0.0102712691679629,0,138.72183227539062
2017-03-21,-0.0102712691679629,-0.005830692233360179,0.00877440648395341,-1.5825648284838125,0.0064902675600363,0.07170891497045462,0.004930157429274536,0.0371802240120519,0.03209184871640902,0.6119445951168978,0.028229036294679898,0.8903232129702523,0.0077668360940241,1,137.3042755126953
2017-03-22,0.0077668360940241,-0.0009308086919044799,0.013487085601049411,1.412482224022658,0.0054987142223317,-0.08425259705468735,0.011492416972340774,0.0429726454401729,0.03112255508752182,0.6571445826069093,0.015688711512794364,0.11477464988040387,-0.0004298200309252,0,138.37484741210938
2017-03-23,-0.0004298200309252,-0.003291345003733879,0.009288493619402611,-0.08146058868583243,0.0052764169503228,-0.10248193690149521,0.00953252367661558,0.0401649353404312,0.030343164727626215,0.6525977447704495,0.009317014714621567,-0.13351338008161318,0.0057880823413651,1,138.3153839111328
2017-03-24,0.0057880823413651,0.003568836102881021,0.011105884103738112,1.0807169264935934,0.0053557802228051,-0.09641295232665781,0.01359599626037262,0.0439848980792014,0.029981276495711917,0.6843550900897418,0.008978265629930076,0.09410309505770331,-0.0001420484385369,0,139.1182861328125
2017-03-27,-0.0001420484385369,0.002711780797964221,0.005144540026242911,-0.02722304995868473,0.0052179472451647,-0.1071177156048283,0.01202305406373286,0.0417133057532194,0.029337525039836443,0.6827010197613379,0.013397872904037001,-0.15542089736983267,0.010209812629613,1,139.09852600097656
2017-03-28,0.010209812629613,0.02319286259554012,0.01736217036217991,1.951823062797377,0.0052309109489567,-0.1940377032888544,0.020120397780616087,0.0503106740215652,0.029594816755582398,0.732920001139604,0.013685119332539885,-0.02685118799610331,0.0062584505767501,1,140.52597045898438
2017-03-29,0.0062584505767501,0.02168447707826612,0.020753668386361612,1.3636580110065548,0.004589457566513,-0.16535804900097806,0.02459672594832991,0.0545949128690483,0.029278042922646685,0.758373759583676,0.010024591628149898,0.09469057584912943,-0.001683670621705,0,141.408203125
2017-03-30,-0.001683670621705,0.020430626487486322,0.01713928148375241,-0.3827404051359531,0.0043989884504275,-0.16629248752633563,0.020801792230929917,0.0505700097020935,0.029161603846821427,0.737951394110311,0.007724112186223003,-0.17872932795044838,-0.0025313748529074,0,141.17031860351562
2017-03-31,-0.0025313748529074,0.012111169293213821,0.01568000539609481,-0.5616468730176111,0.0045070576807574,-0.15846851564853415,0.016443268688672234,0.0456769171985374,0.028760728129549218,0.7071817426893334,0.0052094718568531685,-0.2408185294170171,0.0016179401578526,1,140.81341552734375
2017-04-03,0.0016179401578526,0.01387115788960332,0.016582938687567512,0.35897483056329493,0.0045071130901121,-0.13622869715888875,0.016321971043553415,0.0450253723505296,0.028242429195448615,0.7153476025550702,0.011596808480746871,-0.10528294668240978,-0.0038731053290227,0,141.0414276123047
2017-04-04,-0.0038731053290227,-0.00021176006903237884,0.02298110252650771,-0.8335832075259806,0.0046463331963198,-0.1117544837488571,0.010793985385194254,0.0390320337508896,0.02793650216956367,0.6674190382675813,0.005785592959489232,-0.14424358980713659,0.0008465543260524,1,140.4962158203125
2017-04-05,0.0008465543260524,-0.0056236563197300795,0.016060820758536012,0.1826094197426835,0.0046358743554702,0.0101137854059008,0.01016233154868393,0.0380126085821791,0.02757010053106801,0.6725750255725262,0.015156919723390422,0.1084147752029978,-0.0048054815991537,0,140.61520385742188
2017-04-06,-0.0048054815991537,-0.00874546729717878,0.01168515919030751,-0.9998597257924791,0.0048061557788468,0.09255930835183945,0.00427192092532773,0.031573481318499,0.027185426401263868,0.6144566818421333,0.009279574807573621,-0.022956011866794857,-0.00276639001596,0,139.94110107421875
2017-04-07,-0.00276639001596,-0.008980482460231379,0.0031306868329824098,-0.5731514723674439,0.0048266298689476,0.07090483655325586,0.0007891498205324981,0.0275223373021679,0.026712107626695847,0.5833251918001373,0.00930528178685002,-0.22418857948976822,0.0018450373143517,1,139.55450439453125
2017-04-10,0.0018450373143517,-0.00875338530373228,0.005117772585871009,0.3938162532078996,0.0046850207408217,0.03947263961490144,0.0021244221765537364,0.0280902309955684,0.025910763418596883,0.5979491814074134,0.005672063464621541,-0.40285374263467977,-0.0079725578686996,0,139.81222534179688
2017-04-11,-0.0079725578686996,-0.012852837843409178,-0.01306459791244159,-1.5846809944760258,0.005031017533807,0.08279310183606614,-0.006045187042711218,0.0185987314785584,0.024793801689985573,0.5142219118701765,0.01586621819436137,0.08586987522165312,-0.0024331075722428,0,138.70199584960938
2017-04-12,-0.0024331075722428,-0.016132499741704377,-0.021756156061434488,-0.48434008159879016,0.0050235519724306,0.08362556601710991,-0.00841133933318131,0.0147552606730461,0.02336311509517297,0.4917106432396742,0.00687771487666308,-0.2225033150316137,-0.0013621047796827,0,138.36492919921875
2017-04-13,-0.0013621047796827,-0.012689122922233379,-0.02143459021941219,-0.27192312161415083,0.0050091539535041,0.042237119227543696,-0.009549976404799368,0.012467161518974,0.022229428440875942,0.4790901499522678,0.00896764477705294,-0.2592507526992128,0.0144585391596554,1,138.1765899658203
2017-04-17,0.0144585391596554,0.004535806253382022,-0.004444676206849392,2.4181646239751693,0.0059791376551888,0.2387810579087335,0.004310746013438724,0.0256359247898558,0.02123364592190846,0.5978566162951301,0.012728065868077997,-0.19721862459480954,-0.0032581186402877,0,140.18893432617188
2017-04-18,-0.0032581186402877,-0.0005673497012573785,-0.009320735004989691,-0.5394703120496337,0.0060394771825515,0.28910361696547016,0.0006814878388049873,0.0208219981118409,0.02012679410761753,0.5663451808762932,0.009222495671390466,0.022254884058726443,0.0092506276465772,1,139.73292541503906
2017-04-19,0.0092506276465772,0.016655835814019422,0.003802997970610209,1.594046788838758,0.0058032347051219,0.15349125025421229,0.00863522443464374,0.0287876774369711,0.01997992189259823,0.6266890889091088,0.012441055461572632,0.13039171040752895,0.0106966530528409,1,141.0315399169922
2017-04-20,0.0106966530528409,0.02978559643910312,0.01365309669739871,1.7805754508284009,0.0060074135290725,0.19584978159703748,0.017962989049179735,0.0380557909122842,0.019738244002242222,0.6822934479464707,0.010848383348310944,0.1643526468492944,-0.0008348557226548,0,142.54820251464844
2017-04-21,-0.0008348557226548,0.03031284549613102,0.01762372257389761,-0.13879819467103385,0.0060148889157636,0.2007794073799527,0.015621652940399673,0.035771891159227,0.01984029993894776,0.6738159624250233,0.013223788929136287,-0.09502791585265224,0.0123812493597425,1,142.4292449951172
2017-04-24,0.0123812493597425,0.028235555696218127,0.032771361949600106,1.9253703407805423,0.006430580703099,0.07550303638158096,0.02641347848241784,0.0469655100680915,0.020023150529999256,0.728087568463183,0.009142791090218413,0.06174851125498959,0.0069873071309919,1,144.2036590576172
2017-04-25,0.0069873071309919,0.03848098146749772,0.03791363176624031,1.0725613261680027,0.0065145991753738,0.07866939115110205,0.03136546942458996,0.0524432534364662,0.020436774971374305,0.7532788538386168,0.009283913982889596,0.28585401368465657,0.0004777777751939,1,145.21478271484375
2017-04-26,0.0004777777751939,0.029708131596114424,0.046363967410133815,0.07658370567384884,0.0062386348504555,0.07502714735099691,0.030117737900550168,0.0510568940727783,0.02032695429058773,0.7549568262271136,0.010234716327695799,-0.09548292418439308,0.0077481143104516,1,145.2841796875
2017-04-27,0.0077481143104516,0.026759592853725124,0.056545189292828216,1.2289029126053221,0.0063049035289739,0.049520479730871925,0.03629107399903698,0.0571322339806403,0.02011129932942257,0.7810681803029448,0.01090047829124699,-0.16113005010110992,0.0171174861524097,1,146.4142303466797
2017-04-28,0.0171174861524097,0.04471193472878962,0.07502478022492061,2.40516187593382,0.0071169788294452,0.18322697710896763,0.05129105714285618,0.0728019801093548,0.020461434367148756,0.8257877680694077,0.016372655275062376,1.1355611245691737,0.0146018194003595,1,148.94204711914062
2017-05-01,0.0146018194003595,0.04693250476940663,0.07516806046562471,1.9524550632403317,0.0074786967829754,0.16298933615300037,0.06288350271021768,0.0856949248649629,0.02146182728076873,0.8536825523914523,0.0075430218065759775,0.6767230288366601,0.0020966146478532,1,151.13282775878906
2017-05-02,0.0020966146478532,0.042041812286267924,0.08052279375376561,0.280558681943332,0.0074729986373285,0.14711564536120636,0.061230122969764156,0.0849989028265692,0.022397385206414988,0.8572466471890118,0.011650731728753387,0.4150515510609458,-0.0064350939438911,0,151.4500274658203
2017-05-03,-0.0064350939438911,0.03512894056718292,0.0648370721632973,-0.843671934208335,0.0076274837208251,0.222620637953862,0.05074806813588406,0.0752779609082254,0.023345170470652876,0.7934969763668833,0.014888074573058066,0.8274561129810591,-0.0062780804142195,0,150.4785614013672
2017-05-04,-0.0062780804142195,0.021102745842511823,0.047862338696236906,-0.7931351865452649,0.007915523760288,0.2554551745181457,0.040929714308881655,0.0663232221827659,0.024395026412272314,0.7363305590312357,0.01856150439819284,1.0999541175778371,-0.0040516480855989,0,149.53680419921875
2017-05-05,-0.0040516480855989,-6.638839549677651e-05,0.04464554633329281,-0.5143170500292448,0.0078777246163014,0.10689167483662487,0.033486624460428646,0.0597821688893085,0.02544352660839566,0.70139218731278,0.012247148092412754,-0.011777302544190071,0.0054431222640274,1,148.93215942382812
2017-05-08,0.0054431222640274,-0.009225085531828877,0.037707419237577706,0.7006795690889905,0.0077683473361503,0.03873008380741738,0.03546619624164547,0.0632234450294414,0.02680652336941991,0.720586835243006,0.008870623325482606,-0.09831923629305661,-0.0038471288812837,0,149.74502563476562
2017-05-09,-0.0038471288812837,-0.015168829060965776,0.02687298322530211,-0.4847957495959168,0.007935566441105,0.06189855320806825,0.028163754884615137,0.0570473476053567,0.028092405109128915,0.6869493641929836,0.01581598678626156,-0.02893921265958066,-0.0012632761059727,0,149.1700439453125
2017-05-10,-0.0012632761059727,-0.009997011223047376,0.02513192934413551,-0.16687817996896062,0.0075700496386506,-0.007529885906893408,0.023240704105073146,0.0535296892685922,0.029601036239083056,0.6758216643325106,0.011045337256412824,-0.31925086997571595,-0.0016648996803104,0,148.98171997070312
2017-05-11,-0.0016648996803104,-0.005383830489138276,0.01571891535337351,-0.22081337342514926,0.0075398498491522,-0.04746039839088689,0.01791392091448404,0.0499194845772094,0.03144230863251374,0.6606548642685126,0.008264398092915752,-0.33313830007396805,0.001930952862818,1,148.73388671875
2017-05-12,0.001930952862818,0.0005987704592786238,0.0005323820637818091,0.2588052522809041,0.0074610265665017,-0.052895737042829016,0.016110571940496674,0.0499547662987504,0.033307590032864764,0.669908704560668,0.00552119883552902,-0.4574003415061717,-0.0009318034511697,0,149.0213623046875
2017-05-15,-0.0009318034511697,-0.0057761552559184755,-0.01500124078774739,-0.1315050244568923,0.0070856870679884,-0.0878771556705652,0.01216424224724149,0.0470725380756056,0.03448876612244223,0.6605431010263904,0.011385521188370853,-0.15682027880615912,-0.0027335206533623,0,148.882568359375
2017-05-16,-0.0027335206533623,-0.004662547027997076,-0.01983137608896289,-0.387063561921124,0.0070622009465188,-0.11005710821880366,0.006410197370069399,0.0424177559926519,0.03577821321433028,0.6326516120120858,0.007878274430413685,-0.18499806762743853,-0.033468727937412,0,148.4761505126953
2017-05-17,-0.033468727937412,-0.036867998859436375,-0.04686501008248379,-3.1461123616002764,0.0106381222571428,0.40529095117520253,-0.027558536554162596,0.0070484166520586,0.03558769808476869,0.4090059058985483,0.02934069603671787,0.5305202506583107,0.0192134967578917,1,143.58908081054688
2017-05-18,0.0192134967578917,-0.015989602421234272,-0.02137343291037259,1.714530694088673,0.0112062716778041,0.486272525581416,-0.009976655545269041,0.0251674979418916,0.03549830787729236,0.5143802932441721,0.024651221044107937,0.2222453363674186,0.0027052425152615,1,146.37460327148438
2017-05-19,0.0027052425152615,-0.015215312768790776,-0.014616542309512186,0.24157562837532015,0.0111983254828113,0.500909477134047,-0.00875026871187924,0.0265448247262261,0.03560666129234624,0.5273006483613396,0.009658197348107724,-0.14952604487501953,0.0012152144328864,1,146.7711181640625
2017-05-22,0.0012152144328864,-0.013068294884734676,-0.01884445014065319,0.11146941056370542,0.0109017749958577,0.5385628650056475,-0.008464366372857659,0.0264479969280169,0.035210397001226745,0.5333190453915237,0.006071194435606465,-0.3355469976957126,-0.0011476406628358,0,146.9495849609375
2017-05-23,-0.0011476406628358,-0.011482414894208174,-0.016144961922205287,-0.1061076284329101,0.010815816730476,0.5315079268322838,-0.010124701526152849,0.0240694816047799,0.03454393011286583,0.5265011936860929,0.010535540497259101,-0.3143898801126369,0.0132167861359222,1,146.78103637695312
2017-05-24,0.0132167861359222,0.03520309917912602,-0.0016648996803103888,1.1820630330919788,0.0111811178980451,0.05104243284454757,0.0018796992577804173,0.0361577956116821,0.034213784728142294,0.5916390161645959,0.01206343401483636,-0.058329096120030566,0.0127155282189352,1,148.73388671875
2017-05-25,0.0127155282189352,0.028705130640169524,0.012715528218935212,1.1165619498139885,0.0113881081305462,0.016226311298721985,0.013259303644140479,0.047646098639483,0.033936816441430206,0.6431628874172293,0.0173729881087687,0.025348395460742745,0.0011180763126997,1,150.63719177246094
2017-05-26,0.0011180763126997,0.027117964437607722,0.011902651668816912,0.10378659524926724,0.0107728393056385,-0.037995517975066284,0.01375742008415801,0.0470653995566004,0.032855966143929605,0.6474048161785214,0.007230697878192867,-0.19448241780967246,0.0016419444423979,1,150.8057098388672
2017-05-30,0.0016419444423979,0.02754469444711922,0.014476399562384511,0.15994788789852646,0.0102654962436239,-0.05836469313259207,0.015450386336206202,0.0469787584147791,0.031048658312425204,0.6539202096001301,0.008268765365934495,-0.26592509893998717,-0.0060559118838339,0,151.05352783203125
2017-05-31,-0.0060559118838339,0.02263642322612112,0.011154008331912914,-0.5857706067807104,0.0103383676369767,-0.044143600561756924,0.009763602581991292,0.0390127101850114,0.02896629223734104,0.6092988753415003,0.01492149521618956,0.011163590727807371,0.0004619004368671,1,150.1415252685547
2017-06-01,0.0004619004368671,0.009881537527066022,0.04508463670619201,0.045097619739755054,0.0102422353891977,-0.08397036122940371,0.010321059000013844,0.0376391723377054,0.027039041792052076,0.6114704758965501,0.013132648653111957,-0.14838050991322105,0.0136335758553251,1,150.2108917236328
2017-06-02,0.0136335758553251,0.010799585163455921,0.03950471580362541,1.2896629443527645,0.0105714255922638,-0.07171362696248218,0.02324815423602685,0.0498669174660713,0.026013986069604478,0.670158653044283,0.015168295174771723,0.04726303859384018,0.0001301603012619,1,152.2728271484375
2017-06-05,0.0001301603012619,0.00981166915201812,0.03692963358962582,0.012385166874291238,0.010509370005509,-0.02445681149180423,0.02222715617788681,0.0479837299693023,0.025196526658242346,0.6706736349130624,0.008461908549371282,-0.2106846681971246,-0.0053520245366057,0,152.2926483154297
2017-06-06,-0.0053520245366057,0.0028177001730145196,0.030362394620133706,-0.5071786132655238,0.0105525438112347,0.02796236643592276,0.016179170058813294,0.0406194937483134,0.02405119531045452,0.6274094302560138,0.013349967786889412,-0.14524637739153134,0.0020266781693152,1,151.47975158691406
2017-06-07,0.0020266781693152,0.01090029022616362,0.033536713452284705,0.19293253039048563,0.0105045953899703,0.0160787233372377,0.017347704663980265,0.0409159758636154,0.023166387550281664,0.6369444032997542,0.009208488160088209,-0.22021910274823542,0.0103305544660165,1,151.7870635986328
2017-06-08,0.0103305544660165,0.020768944255313018,0.03065048178237901,0.9655802707045551,0.0106988044178643,0.044577088039602586,0.026404824300677768,0.0498764411052229,0.02286779665181049,0.6819069146983716,0.010535773726893311,0.12937417237241933,-0.0335873598617589,0,153.3632354736328
2017-06-09,-0.0335873598617589,-0.026451991461770977,-0.01565240629831509,-2.5325985822592045,0.0132620147926472,0.25451526635654353,-0.00735199829154264,0.0142427737438642,0.021754712645610352,0.47731523375211765,0.060026706959659844,1.0993261423716012,-0.0077842312611067,0,148.29771423339844
2017-06-12,-0.0077842312611067,-0.03436638302413958,-0.024554713872121485,-0.5826751932377784,0.0133594691372593,0.27119600225858265,-0.014431010856014663,0.0055561501211857,0.020279819269232613,0.44469783008887587,0.031258416284922895,0.8299992276202981,0.0149773706465524,1,147.14781188964844
2017-06-13,0.0149773706465524,-0.014036987840981476,-0.011219287667966989,1.0847772762415182,0.0138068624542406,0.3083918627792106,0.0002786096274471817,0.0195380229816055,0.019254048990742234,0.5137911995686563,0.015131396934712972,0.11342583344272783,-0.0028576905070299,0,149.3682861328125
2017-06-14,-0.0028576905070299,-0.018921356517326574,-0.008021066291162988,-0.20695513030126506,0.0138082612538764,0.31449720253484603,-0.0027313696363700387,0.0155333647230655,0.018314758735342718,0.5009070346696471,0.022296112111324925,0.11219700437769098,-0.0029993508831353,0,148.94204711914062
2017-06-15,-0.0029993508831353,-0.03225126186647838,-0.011482317611165388,-0.26383233426474617,0.0113683976283421,0.0625857978448272,-0.007348728970702749,0.011388664581186,0.018876108960662163,0.4871397552151324,0.02449931972082313,0.04110096610784497,0.005591708409257,1,148.49598693847656
2017-06-16,0.005591708409257,0.006927806404537521,-0.019524185057233485,0.5251472548319828,0.0106478865838231,-0.1971139566420511,-0.002767181638865017,0.0158541522040655,0.018673005440728696,0.5139931172729799,0.014803476743058801,0.25473216909910024,0.0146949959998185,1,149.3286590576172
2017-06-19,0.0146949959998185,0.02940703366546272,-0.004959349358676887,1.3265215662311127,0.011077841758404,-0.1707872787019572,0.010386712604834921,0.029268163331262,0.01868735058653903,0.5772745382141413,0.01216720527089521,0.03524112823409142,-0.0040640198465815,0,151.53924560546875
2017-06-20,-0.0040640198465815,0.01036564317232882,-0.003671344668652686,-0.3644822782736166,0.0111501164496416,-0.19242213887507909,0.00495706321931161,0.0235128297159985,0.018464238101123298,0.5556133447831488,0.010706007382748354,-0.20245777092358985,0.0108441368139035,1,150.9246368408203
2017-06-21,0.0108441368139035,0.02406747049326222,0.005146113975935613,0.9570683488750624,0.0113305772013563,-0.17943490545013685,0.013959949178285153,0.0328850448913548,0.01866453968759485,0.5989987509463479,0.014294047793488404,-0.19131164650385502,-0.0033189861101633,0,152.5701904296875
2017-06-22,-0.0033189861101633,0.023747835266234217,-0.008503426600244187,-0.29997721927440735,0.0110641271966963,-0.026764583857203816,0.009482923514281906,0.027603377242563,0.017950233041287067,0.5802561575440649,0.010691000357895176,-0.29144357713256797,0.0108276000581819,1,152.0646514892578
2017-06-23,0.0108276000581819,0.028983726915159123,0.03591153331969661,0.987243382001087,0.0109675083728948,0.030017392329975356,0.01942941369375462,0.0366389692948425,0.01688155684926884,0.6219694539774244,0.016444205399605796,-0.012852304864195307,-0.0095899195430222,0,153.7200927734375
2017-06-26,-0.0095899195430222,0.00469881137231842,0.03410584503778111,-0.8546744046868128,0.0112205531023669,0.012882594559056049,0.009215578962186447,0.0247995856897569,0.015441702498881549,0.5680877473302206,0.021485794195202468,-0.01980408789217991,-0.0197919900048409,0,152.2529754638672
2017-06-27,-0.0197919900048409,-0.011029158785940981,-0.0006635156136121957,-1.636627524399922,0.0120931548014248,0.08457654734301112,-0.00997696580103116,0.0034895293766828,0.013602203900851428,0.47748937321871787,0.01939167308698413,0.03416889587802441,0.0175106882917667,1,149.2692108154297
2017-06-28,0.0175106882917667,-0.0043626073080777795,0.019704863185184406,1.3823357773882645,0.0126674637075883,0.1179892676669616,0.0069224875440258675,0.0195473579865251,0.012538075769161106,0.5463440043204463,0.02355782094064613,-0.10381606228170426,-0.0144607080148137,0,151.90603637695312
2017-06-29,-0.0144607080148137,-0.01550432921272818,0.008243506053506005,-1.1032893538657076,0.0131069043348839,0.1846306628504384,-0.007373756252433801,0.0037387253343927,0.011195031016782764,0.488953842977416,0.023702343685044158,0.2533181026269047,-0.0003973318272454,0,149.7251739501953
2017-06-30,-0.0003973318272454,-0.02672926109815548,0.0022544658170036056,-0.03128896388169973,0.0126987850651645,0.15785506000144878,-0.006909832250681604,0.0023834172239313,0.009357911070325686,0.487449940746802,0.012319516909433165,-0.07838885510969629,-0.0170340125190064,0,149.6656951904297
2017-07-03,-0.0170340125190064,-0.034173354074139684,-0.029474542701821295,-1.290624728447679,0.0131982691355173,0.1762583372769042,-0.02201032755434029,-0.0151677453245483,0.006996579230413191,0.4272978390010637,0.029306683685071284,-0.27932513053839425,0.0127859198969669,1,147.13787841796875
2017-07-05,0.0127859198969669,-0.0015954441723318828,-0.012624602958272894,0.9433282310436413,0.0135540520003534,0.12080364660150389,-0.008618831080931219,-0.003139132642069,0.0055273376282070075,0.4791436523921714,0.01809233262577637,-0.25650351304333396,-0.0101616103217768,0,149.03125
2017-07-06,-0.0101616103217768,-0.029267742785875385,-0.033630350093953196,-0.7421099876007465,0.0136928629065207,0.08094747477493436,-0.01724854533086913,-0.0135223667185418,0.003791577814129754,0.4446464621168018,0.013707789179773918,-0.23023440015836216,0.0174518189786802,1,147.52452087402344
2017-07-07,0.0174518189786802,0.002644784207618515,-0.012859545005109697,1.2376194056157128,0.0141011193744154,0.0758542989350588,0.0011337066184381665,0.0031955403545964,0.0020594988686601923,0.5101188594387989,0.018489190482159287,-0.2913796028657286,0.0135111678609268,1,150.12168884277344
2017-07-10,0.0135111678609268,0.016553283895790714,-0.010175977202364794,1.1086153985076428,0.0121874257556902,-0.04026836479633544,0.013445550438962232,0.0160610911840186,0.0025808399315814246,0.5545833518068828,0.016091213164189887,-0.2610375973986879,0.0114649755522951,1,152.1637725830078
2017-07-11,0.0114649755522951,0.04505227196709222,0.010878917892952505,0.9402576941753235,0.0121934397594595,-0.07613342065845186,0.022825405068765667,0.0270946554205043,0.004173977621773739,0.5890939624037073,0.016165353498873616,-0.20209975898423693,0.0231095574685128,1,153.91836547851562
2017-07-12,0.0231095574685128,0.05537590953863812,0.05378046536630621,1.8107350649646414,0.0127625282768598,-0.05839757169833515,0.04391136354332891,0.0502119648989387,0.006035571194688227,0.6491345616038876,0.01862811093495374,0.3188082739133826,0.0022629569985958,1,157.5167694091797
2017-07-13,0.0022629569985958,0.06780047685901072,0.0385327340731353,0.17822355250126443,0.0126972948683634,-0.07270707703377355,0.04318892821716119,0.0516904028870474,0.00814950623030053,0.6545257869775586,0.008539499292103722,-0.1757091867546079,0.0044481620299989,1,157.87362670898438
2017-07-14,0.0044481620299989,0.05479681991032941,0.0574416041179479,0.3523630016469173,0.012623805590282,-0.10476571007644886,0.04436099652875245,0.055240277225319,0.010417164881422414,0.6654442605781486,0.006188694665309164,-0.02362074173739237,-0.0015013384720806,0,158.5774383544922
2017-07-17,-0.0015013384720806,0.03978431357732202,0.05633759747311271,-0.11863444337498029,0.0126551651389737,0.038378849862130915,0.039709211180023546,0.052424234753239,0.01222940360294067,0.6578757151320039,0.012333320436967153,-0.20947124613651413,0.019406043550711,1,158.33953857421875
2017-07-18,0.019406043550711,0.04772538157573791,0.0927776535428301,1.5012471969100014,0.0129266143448289,0.0601286101241949,0.05664738904171117,0.0712655628867317,0.013834486316459893,0.7050014769258367,0.02646443290213165,0.4376735322538565,0.0078287068949072,1,161.44229125976562
2017-07-19,0.0078287068949072,0.032444531002132314,0.08782044054077041,0.6092438915143469,0.0128498734315547,0.006843875508058206,0.060860129901441434,0.0778304168324307,0.015996724217136826,0.7218733407242334,0.01541366387659675,0.5385029787941711,0.0023731512467051,1,162.7111358642578
2017-07-20,0.0023731512467051,0.03255472525024161,0.1003552021092523,0.18622826218326513,0.0127432389632123,0.0036184159953136508,0.0597437396185367,0.0784014482658903,0.01760586823949506,0.7269965919611877,0.01331065737345539,0.07370673177387888,-0.0006080188389586,0,163.0977325439453
2017-07-21,-0.0006080188389586,0.02749854438128411,0.0822953642916135,-0.047939678051257935,0.0126829979606558,0.004688948190026521,0.05535075361008786,0.0757519556598786,0.019331205269909946,0.7233170712719206,0.007906118771902657,-0.14963661730244937,0.0095030424171768,1,162.99859619140625
2017-07-24,0.0095030424171768,0.03850292527054151,0.07828723884786351,0.7514680420882699,0.0126459701343634,-0.0007265811634478148,0.06170359885781348,0.0837603767319053,0.0207748922560127,0.745126626748021,0.011204822953925159,0.0035555231958450673,-0.0043468608117828,0,164.55496215820312
2017-07-25,-0.0043468608117828,0.014750020908047714,0.06247540248378561,-0.3501404242352054,0.0124146214230403,-0.03960765813311473,0.05316145199050686,0.0769573451393222,0.02259472477257929,0.7172060427538152,0.010164524976942917,-0.10417714269242428,0.0019946569845838,1,163.84121704101562
2017-07-26,0.0019946569845838,0.008915970997724315,0.04136050199985661,0.17908588316427904,0.0111379911656915,-0.13322172198672622,0.050235152922513335,0.0769435066842027,0.025430832025920447,0.7223414117275526,0.011533049914142366,0.9613157111090702,0.0287476676309169,1,164.16835021972656
2017-07-27,0.0287476676309169,0.03529048738193612,0.0678452126321777,2.383636401206122,0.0120604248266936,-0.05358246349219986,0.07500229097878049,0.105382269422898,0.028260384837372587,0.7841294598237069,0.04687869853739792,2.3491579560769518,0.0117240413561597,1,168.956298828125
2017-07-28,0.0117240413561597,0.04762254757705442,0.0751210919583385,1.0477186616151652,0.0111900663657989,-0.11771125403379823,0.08038520160648753,0.1144284590997132,0.03151029599683963,0.8037059882094748,0.025398606561518447,0.19184255463610667,-0.0187302811892279,0,170.9488067626953
2017-07-31,-0.0187302811892279,0.01938922397064972,0.05789214924119121,-1.5016451392060866,0.0124731740543778,-0.01366412209973955,0.0543038220151157,0.0907056246196312,0.034526862033886996,0.6955598707247839,0.02463809848712156,0.21354793292619623,0.0035975693229433,1,167.7766876220703
2017-08-01,0.0035975693229433,0.027333654105375818,0.042083675013423506,0.3186489043630852,0.0112900727844463,-0.09058259613997977,0.05108791695775265,0.0915695574154838,0.03851403845921886,0.7037433732099281,0.008359814929017405,-0.3157004294889588,-0.0033023988766914,0,168.38136291503906
2017-08-02,-0.0033023988766914,0.02203659824410062,0.030952569241824907,-0.28944609230391427,0.0114093745415776,0.02436555855081357,0.0415128117339094,0.0850337918745368,0.04178631280413514,0.6855241777104096,0.02150029134102039,-0.17673719935381105,-0.0042024199576948,0,167.8262176513672
2017-08-03,-0.0042024199576948,-0.010913489344511081,0.024376998037425008,-0.3807033340699249,0.0110385688319791,-0.08472802653292966,0.030876227969438237,0.0776491251899152,0.04537198157397393,0.6621208705628664,0.008600729460460295,-0.4852390983266861,0.0060906846591827,1,167.12242126464844
2017-08-04,0.0060906846591827,-0.01654684604148808,0.031075701535566307,0.5682276323320312,0.0107187407169663,-0.042120004781486475,0.03144111985906097,0.0815255495379499,0.04855772056647556,0.6792293275217622,0.008076849172416264,-0.4825046358849667,0.0138174995195333,1,168.14341735839844
2017-08-07,0.0138174995195333,0.016000934667273117,0.0353901586379228,1.2876546625502796,0.0107307494170579,-0.13969376437173564,0.03994877904857788,0.0937808149343416,0.051764122397464085,0.7148568946884518,0.013955075916425747,-0.38511663757208636,-0.0043703186167167,0,170.4828643798828
2017-08-08,-0.0043703186167167,0.008033046727613118,0.03536670083298891,-0.4022344778759062,0.0108651019668806,-0.03764110521511943,0.03044145635588987,0.0863717433872044,0.05427798608676859,0.6886795642966473,0.014191485108934643,-0.3091143766465443,-0.0002922026508196,0,169.7394256591797
2017-08-09,-0.0002922026508196,0.011043242953484916,0.03307984119758551,-0.029139265184725906,0.0100277975085235,-0.12109139094517496,0.02634808048363345,0.0834696954510403,0.055655207091623415,0.686872700414085,0.011041006370575795,-0.4655877287280815,-0.0223296086699364,0,169.68983459472656
2017-08-10,-0.0223296086699364,-0.007083945758756682,-0.017997435103267793,-1.92486975702741,0.0116005815917749,0.05091355304753176,0.0012408366065069809,0.0574107003826969,0.056100252529217354,0.566028699878335,0.022341639012769046,0.012162842356270076,0.0040540331927864,1,165.94271850585938
2017-08-11,0.0040540331927864,-0.00912059722515298,-0.025667443266641093,0.349563406967123,0.0115974186999719,0.08197585949763408,0.002875821776528956,0.0594909762280106,0.05645280624194493,0.5803330223150868,0.011720616368646209,-0.325724477543054,0.0157606343530717,1,166.6168212890625
2017-08-14,0.0157606343530717,-0.0071774623916145835,0.008823472275658505,1.3217752864726182,0.0119238379733454,0.11118408509203781,0.015468509469132145,0.0740007680272258,0.057640643714981676,0.6316690716931724,0.010483212561767869,-0.3667945212978899,0.0014630241803332,1,169.26361083984375
2017-08-15,0.0014630241803332,-0.0013441195945646835,0.0066889271330484055,0.1293532130263212,0.0113103041362838,0.040975424875006494,0.01449968413037248,0.0732280852879814,0.05788902852931965,0.6361568353263123,0.00871348241616417,-0.557083270648699,-0.0058651644605415,0,169.5114288330078
2017-08-16,-0.0058651644605415,-0.006917081404286584,0.004126161549198305,-0.5153423604529409,0.0113811029533581,0.13495540208947232,0.006816747046852423,0.0646545856120501,0.05744624206425342,0.6044321454425021,0.012588231703814338,-0.177434454976501,-0.0183435634101588,0,168.52012634277344
2017-08-17,-0.0183435634101588,-0.0029310361445089844,-0.010014981903265694,-1.4995547750156377,0.0122326731345759,0.054487918368607335,-0.012179698087853576,0.0435006719590895,0.056366901894161714,0.5184043783395782,0.01803363753396897,-0.09950647033578375,0.0029912629863983,1,165.45704650878906
2017-08-18,0.0029912629863983,-0.003993806350897085,-0.013114403576050095,0.24441196280773675,0.0122386112039505,0.05528751876313254,-0.010093384400932229,0.0449673422202001,0.05562214228441231,0.5300603668160782,0.014694411333047969,-0.2112410792602485,0.0022074984066304,1,165.9527130126953
2017-08-21,0.0022074984066304,-0.017546942297338382,-0.024724404688952994,0.18279616071194554,0.0120762843050573,0.012785005302208718,-0.008427578504377557,0.0449051598650122,0.0537860243117152,0.5389518090188945,0.012993161828835656,-0.3687347286288277,0.0110248714633194,1,166.3194580078125
2017-08-22,0.0110248714633194,-0.007985095014352184,-0.009329214608916895,0.9009139528043499,0.0122374300331362,0.08197179188826142,0.0012748535722290053,0.0537064265467036,0.052364815502372375,0.5817923916964091,0.01603396150960552,-0.38965777756345343,-0.0054972879538259,0,168.1632537841797
2017-08-23,-0.0054972879538259,-0.007617218507636584,-0.014534299911923194,-0.4458672120408075,0.0123294285952625,0.08332458161487666,-0.005124512441114147,0.0455878392458401,0.05097356636194417,0.5540699228501507,0.0068757253034596386,-0.4333482041222747,-0.0057662377648859,0,167.24134826660156
2017-08-24,-0.0057662377648859,0.004960107137636316,0.0020290709931273052,-0.5485374022032058,0.0105120229572783,-0.14066019408580022,-0.010056600399370784,0.0373272603834419,0.047865222195459634,0.5259206583801849,0.0171693664582645,-0.04231083874592034,-0.0085013335260132,0,166.27976989746094
2017-08-25,-0.0085013335260132,-0.006532489374775184,-0.010526295725672295,-0.8324414914054131,0.0102125297859197,-0.1655483113457188,-0.016658040290806357,0.0264486961551592,0.04383697453397972,0.48692250375997914,0.013227586039860061,-0.10236951109042769,0.0055163310279094,1,164.87216186523438
2017-08-28,0.0055163310279094,-0.003223656753496184,-0.020770599050834594,0.5798488972147601,0.0095133940142104,-0.21222507073418384,-0.010630730989575968,0.0300161226338353,0.0410836023480563,0.5121629822990407,0.008191790673215899,-0.3523285264843623,0.0048316422989118,1,165.78416442871094
2017-08-29,0.0048316422989118,-0.009416885917903784,-0.017401980932255992,0.5061441624917443,0.0095459804873095,-0.21993584752181305,-0.0053063388362125175,0.0330731462161374,0.03858422602939493,0.533903338428901,0.020410548131467945,-0.14740122588385918,0.0110661392162489,1,166.5871124267578
2017-08-30,0.0110661392162489,0.007146541252171016,-0.00047067725546559407,1.1220711868904287,0.009862243452589,-0.20010539203913302,0.005577694512671416,0.0423043625032526,0.036522954109856176,0.5803947571328115,0.015006990468734572,-0.12495801867800571,0.0119924590855978,1,168.44082641601562
2017-08-31,0.0119924590855978,0.024905238102654714,0.029865345240291007,1.1822146230646473,0.0101440625514425,-0.03500376733681232,0.01669281340612222,0.0525473445204873,0.035265844945087554,0.6246019661774223,0.012153261167966016,0.31998672848800536,0.0002905919858855,1,170.47300720214844
2017-09-01,0.0002905919858855,0.03369716361455342,0.027164674239778204,0.02884773447549316,0.0100733035425144,-0.01363288492898751,0.016267305868621473,0.0504589571359836,0.03364434836181007,0.625637511751868,0.00935938013233332,-0.10827417499363334,-0.0075861279029956,0,170.52255249023438
2017-09-05,-0.0075861279029956,0.020594704683648418,0.017371047930152206,-0.7790218661662212,0.0097380166494286,0.0236111985777816,0.008962468539769406,0.040531354552634,0.03128846413737563,0.5807616118354425,0.016635404859323803,0.007184755875352389,0.0079928327592414,1,169.2338409423828
2017-09-06,0.0079928327592414,0.023755895143978016,0.014339009226074204,0.8104539282133887,0.0098621679542738,0.033122576291104044,0.016800856484114158,0.0465214281563871,0.02922949118575735,0.6123201782011123,0.01690968949529568,0.06217394957341349,0.0064872816661452,1,170.5919189453125
2017-09-07,0.0064872816661452,0.019177037593874315,0.026323578846045304,0.6514269329976535,0.0099585714644816,0.009767352870133417,0.022805169230106996,0.0504413738981092,0.027020008794837125,0.6364165140189619,0.017550910272492,0.3415687870358499,-0.0131337916055725,0,171.7021942138672
2017-09-08,-0.0131337916055725,-0.005949213097295986,0.0189560250053587,-1.457367621413134,0.009011996295648,-0.11159890330462507,0.008402737958216042,0.0345131018417534,0.025892793524544544,0.5606863447597551,0.015735609765589492,-0.15150187292933404,0.0148642372583226,1,169.4618377685547
2017-09-11,0.0148642372583226,0.008624432175141115,0.0423215957896945,1.5626813873485634,0.0095120076163082,-0.055721136947501804,0.021867274363042574,0.047157387243511,0.024748921425468362,0.6163729270832226,0.00974008699734959,-0.040287076106429454,-0.0031747894747665,0,171.99957275390625
2017-09-12,-0.0031747894747665,0.013035770603370215,0.033630475287018596,-0.35459696992798945,0.0089532335129971,-0.08058962771208134,0.017965735388261333,0.0410761270911174,0.02270252416113161,0.5988115906948797,0.013008787654143943,-0.12627236201628378,0.0005202254783574,1,171.45437622070312
2017-09-13,0.0005202254783574,0.005563163322486214,0.029319058466464203,0.05811815129764225,0.0089511704474761,-0.09237294588994682,0.01788138482497124,0.0385397915369621,0.020295495152947707,0.600815933337088,0.006414334532080728,-0.28880289398333314,-0.0121508771549551,0,171.54359436035156
2017-09-14,-0.0121508771549551,-0.013074995498614086,0.006102042095260201,-1.3074235851808738,0.0092937570445267,-0.06675801065705433,0.00530422813074195,0.0234639293724204,0.018063886267985385,0.5340871077101018,0.010411784682928958,0.21861942032525494,0.003969420567397,1,169.4718017578125
2017-09-15,0.003969420567397,0.0040282166743554155,-0.0019209964229405978,0.4830641953709903,0.0082171699029536,-0.08819648462108565,0.00790095230137541,0.0247347133250023,0.01670180089143658,0.5515382031807494,0.012118398033390695,0.22957834503724728,-0.009542022911826,0,170.14584350585938
2017-09-18,-0.009542022911826,-0.020378043495793186,-0.0117536113206521,-1.1147266351181597,0.0085599667319464,-0.10008832233581688,-0.0024322342893100643,0.0127575338956677,0.0152268033381735,0.5029090479051783,0.01605794408880089,0.025693812106575953,0.0146560561038135,1,168.530029296875
2017-09-19,0.0146560561038135,-0.002547197917213185,0.010488572686157,1.6096394228854114,0.0091051796417494,0.016971089666289352,0.010890047238054593,0.0253862806491773,0.014340069378197207,0.5663200421153823,0.012752126673772526,0.03750584496186948,-0.0020308175261071,0,171.01820373535156
2017-09-20,-0.0020308175261071,-0.005098240921677684,0.0004649224008085001,-0.22966539621145735,0.0088425054867094,-0.012139748807636463,0.008091959930828656,0.0212543929801007,0.013056778123867963,0.5556755202198775,0.01364933570603643,-0.037068327233925946,-0.0061756970833065,0,170.67124938964844
2017-09-21,-0.0061756970833065,0.0008769391499709161,-0.0121980563486432,-0.6963275661421594,0.0088689538998456,-0.04570844090778936,0.0011820096758353776,0.0134988045165744,0.012302253458116974,0.5235785225138195,0.013207934998325562,-0.1281147338329901,-0.003336810862898,0,169.6204833984375
2017-09-22,-0.003336810862898,-0.006429292280324083,-0.002401075605968699,-0.37953059550467644,0.0087919416838079,0.06994765687486915,-0.0029699107900076037,0.0087746139143982,0.011779508794676152,0.5066312691603929,0.014717923101032837,-0.0478315658897156,-0.0460174976643778,0,169.05543518066406
2017-09-25,-0.0460174976643778,-0.04290476703287588,-0.0632828105286691,-3.3877396839545257,0.013583540046578,0.5868683222661684,-0.04684985139373956,-0.0369251847018886,0.010412490315784284,0.3448711594284795,0.047522599160115545,1.9180615344022574,0.0081936869569062,1,161.45220947265625
2017-09-26,0.0081936869569062,-0.04936713617978319,-0.051914334096996397,0.5996292253309531,0.0136645890673255,0.500748980796615,-0.03815517036727548,-0.0295158133688529,0.0089820693860998,0.3819957373369365,0.016564162410897778,0.5704176714250906,0.0209111861924948,1,162.78053283691406
2017-09-27,0.0209111861924948,-0.026425132461181285,-0.031523373382858995,1.445164919611883,0.0144697576786674,0.6363866214633351,-0.01772363457243535,-0.0095724345678753,0.008298275609035954,0.46633239278576155,0.01651949627066021,0.25906223827470676,0.0062425154251472,1,166.22030639648438
2017-09-28,0.0062425154251472,-0.014006919952727584,-0.013129980802756694,0.43614252197341263,0.0143130172148813,0.6138337594843599,-0.011227939960255253,-0.0039104480786714,0.007400585207969712,0.4890547835068632,0.011319882122166254,-0.20583467338583994,0.0126032137241537,1,167.2611846923828
2017-09-29,0.0126032137241537,0.0019331046343241155,-0.004496187645999995,0.878801654659096,0.0143413632158473,0.6311940788073875,0.0016354659237147312,0.0079684008384421,0.006322594526829262,0.5327223525033233,0.016679383068753623,0.0065274952324057,-0.0082270498634623,0,169.38255310058594
2017-10-02,-0.0082270498634623,0.03972355243523962,-0.0031812145976362945,-0.5694121640363266,0.0144483212391252,0.06366390422392576,-0.005828188694512456,-0.0008842874599213,0.00497288414172492,0.502467910789514,0.01841030916807689,-0.12620827121386602,0.0028871864502239,1,167.9947509765625
2017-10-03,0.0028871864502239,0.03441705192855731,-0.014950084251225897,0.2008196850493791,0.0143770091538286,0.052136224733360326,-0.002731376970683829,0.0015368711613336,0.004279938256808169,0.5128950586713932,0.009002110607542467,-0.4567188613138299,-0.0091022670127051,0,168.48048400878906
2017-10-04,-0.0091022670127051,0.00440359872335741,-0.022021533737823895,-0.6333766979145659,0.0143710165572477,-0.006823965101037777,-0.010702407719173843,-0.0079051628753183,0.002827505965526944,0.478923040192363,0.014131367466380504,-0.19075580347908483,0.0166052470055322,1,166.95388793945312
2017-10-05,0.0166052470055322,0.01476633030374241,0.0007594103510148061,1.1202845375592094,0.0148223477597133,0.03558512766284161,0.006444589557403665,0.0080377411916459,0.0015829501701061233,0.5391223703957768,0.01582569124121126,-0.015705866131380253,0.005764725020764,1,169.7493438720703
2017-10-06,0.005764725020764,0.00792784160035271,0.009860946234676805,0.3953916047135805,0.0145797860957112,0.016624840768305837,0.011882588542436134,0.0136519612583311,0.0017485948823803277,0.5584100548972961,0.015212188249323487,-0.1203155858200865,0.0015663823679925,1,170.73072814941406
2017-10-09,0.0015663823679925,0.01772127383180751,0.05744482626704711,0.11044911239324492,0.014181937129703,-0.01843702842797046,0.013769606940133312,0.0152349973782201,0.0014454866550102086,0.5637717668773744,0.016695680480072413,-0.03054497911603704,-0.0052893614897514,0,170.9983673095703
2017-10-10,-0.0052893614897514,0.00954472589183221,0.0439617778203895,-0.3721649889761609,0.0142124102116715,-0.011448761032002874,0.008827698246758737,0.0096011512345686,0.0007666849246448226,0.5399738361730183,0.013986793797456485,-0.24579784222011858,0.0066797237901579,1,170.09628295898438
2017-10-11,0.0066797237901579,0.02532671669469521,0.0297303154180526,0.4671196258796337,0.0142998140520842,-0.004954590712484386,0.015681506374138267,0.0160232457838013,0.00033646316046764824,0.5649658567356829,0.007988913042306929,-0.254976829651971,-0.0011004845587073,0,171.2362823486328
2017-10-12,-0.0011004845587073,0.0076209851304557125,0.0223873154341981,-0.0784938590151577,0.0140200083486122,-0.0541303863671202,0.014090351822552414,0.0145178729974572,0.0004215809509837687,0.5595572645280819,0.009040931844636798,-0.30447111314187414,0.0068728835648422,1,171.04794311523438
2017-10-13,0.0068728835648422,0.008729143674533913,0.0166569852748866,0.48836817402474947,0.0140731602311454,-0.03474851148295177,0.02045436034242572,0.0208963037616199,0.0004330849436968709,0.5862731603646569,0.008345786246099973,-0.07602375577472464,0.004479322877027,1,172.2275848388672
2017-10-16,0.004479322877027,0.011642084183568411,0.0293633580153759,0.3225098114090666,0.0138889507189147,-0.02065912492128197,0.023679727509888886,0.0248893026564625,0.0011815952920313233,0.6032598637026755,0.005386216011883109,-0.21826486998388095,0.0090693515213429,1,173.0007781982422
2017-10-17,0.0090693515213429,0.026000797194662712,0.0355455230864949,0.6639013008071692,0.0136606925010034,-0.038819433329824515,0.03191957810749991,0.0337252233745696,0.0017497926247131979,0.6360628601572565,0.010050560821796398,0.07674504500045631,-0.0004542563662855,0,174.57691955566406
2017-10-18,-0.0004542563662855,0.01886681703821931,0.0441935337329145,-0.03328703973004076,0.013646643557659,-0.04567685230354446,0.030285795623722155,0.0326738448541085,0.0023178512608150736,0.6332266052346675,0.005624072601428023,-0.14268542409252682,-0.0083859759963952,0,174.4976348876953
2017-10-19,-0.0083859759963952,0.011581325600531411,0.019202310730987097,-0.6113339527431371,0.013717504088831,-0.021576610531130247,0.02065150357758853,0.023644125886552,0.0029320706416184894,0.5818706741868149,0.019477508845307513,-0.06463539596395806,0.0024032028420118,1,173.04042053222656
2017-10-20,0.0024032028420118,0.00711164487770101,0.015840788552234898,0.17564658054133872,0.0136820360214539,-0.0277922089472058,0.021780984155085028,0.0251957014391041,0.003341926828715369,0.5920509276266303,0.007143673737118973,-0.1623342201513185,-0.021430333072145,0,173.45677185058594
2017-10-23,-0.021430333072145,-0.018798011071470992,-0.007155926887902602,-2.1987097661119206,0.0097467766789617,-0.29823520320451347,-0.0023299979997538542,0.0030842022749802,0.005426844812291609,0.48071500076216933,0.023880400746555386,0.013033036722420066,0.0030897762150871,1,169.77908325195312
2017-10-24,0.0030897762150871,-0.02477758637772679,0.0012232108169358972,0.31996345486267724,0.0096566534962975,-0.2931065906367336,-0.0014500886644442101,0.006064563129325,0.007525564529587081,0.4953161722055524,0.010128087673199206,-0.06492597778456999,-0.0070093196629263,0,170.30447387695312
2017-10-25,-0.0070093196629263,-0.031332649674367594,-0.012465832636148304,-0.7966646562918879,0.0087983314027655,-0.3552750633816071,-0.00926551421068958,-0.0009158052733366,0.00842779680844652,0.46353652946856194,0.019695196307981402,0.22524948855281002,0.0001756571890732,1,169.11492919921875
2017-10-26,0.0001756571890732,-0.022771016488899194,-0.011189690888367803,0.02017374111139484,0.0087072193552629,-0.36524754803226567,-0.009637848597734422,-0.000814022319465,0.00890969658500751,0.46446069082075525,0.011135168740042344,-0.08509658671155196,0.0416117944291707,1,169.14463806152344
2017-10-27,0.0416117944291707,0.01643757509825971,0.023549219975960697,3.345954353503631,0.0124364501223987,-0.09103805143489441,0.03034624836433655,0.0403045322153531,0.009664987732837638,0.6303554104276912,0.02422988924596797,1.2136823731667952,0.0111250005953091,1,176.33154296875
2017-10-30,0.0111250005953091,0.048992908765713813,0.030194897694242797,0.9007690488929571,0.012350558235745,0.2671428352722527,0.03874412987342872,0.050411665777452,0.011232348341111642,0.6613628984921286,0.017123488712211397,0.7115181279365634,0.0010559794937837,1,178.30418395996094
2017-10-31,0.0010559794937837,0.0469591120444104,0.022181525666683598,0.08544870303686178,0.0123580517462993,0.27974476365311784,0.03681786447271784,0.0500154637692971,0.012728946663444152,0.6642593689651052,0.0103298935664281,0.3605292618119529,0.0143361774598503,1,178.49256896972656
2017-11-01,0.0143361774598503,0.06830460916718702,0.036971959492819395,1.1681668550048412,0.0122723713640984,0.39485213755882587,0.0474943925324558,0.0635620574967319,0.015339141745122298,0.7018345065149342,0.012755866229892974,1.5153063858979623,-0.0206876414148299,0,181.0699005126953
2017-11-02,-0.0206876414148299,0.04744131056328391,0.024670294074384695,-1.5825089853425607,0.0130726849619446,0.501361620577881,0.02379231766300381,0.0405483031917172,0.016366586503561598,0.5981337137932085,0.025709848818420245,1.0519503545587297,0.0,0,177.3624725341797
2017-11-03,0.0,0.0058295161341132065,0.022267091232372898,0.0,0.013053340857183,0.049603442197162506,0.02183649567475181,0.0391969339059017,0.016989448218607928,0.5981337137932085,0.017605599869892716,0.015500512391264598,0.0069620818974982,1,177.3624725341797
2017-11-06,0.0069620818974982,0.0016665974363023065,0.0506595062020161,0.5313903131036216,0.0131016349485855,0.060813179331986156,0.026726670751731223,0.0447762515614248,0.01757973307197558,0.6199033694150189,0.011877667821485945,-0.23871659123998268,0.0004439060473198,1,178.60159301757812
2017-11-07,0.0004439060473198,0.0010545239898384065,0.0480136360342488,0.03416770313971847,0.0129919779946747,0.05129661708733613,0.02465419084510921,0.0436653972175886,0.0185537779890399,0.6213171744624764,0.00993061462486994,-0.2640438196832785,-0.0038352599329835,0,178.68089294433594
2017-11-08,-0.0038352599329835,-0.017116913402995395,0.0511876957641916,-0.2944532258206306,0.0130250226408448,0.06132891960458475,0.018757082676554866,0.0382864227671532,0.019169771109015965,0.6005675779677615,0.006905800345421743,-0.4012627905829017,-0.0014490306252314,0,177.99691772460938
2017-11-09,-0.0014490306252314,0.002121697386603104,0.049563007949887,-0.11121125844007586,0.0130295317718411,-0.0033010196626875876,0.015337722458244734,0.0356595429039633,0.020014838409152524,0.5925372788423896,0.012883421747220583,-0.2851311959963764,-0.0046958920705392,0,177.7391815185547
2017-11-10,-0.0046958920705392,-0.0025741946839360954,0.0032553214501771,-0.3597065402098495,0.0130547864595391,0.00011074577550052034,0.00923222834486941,0.0300353405519242,0.02061281003795501,0.5661965207430592,0.006387982442902548,-0.3678006169400675,0.0017356366670364,1,176.906494140625
2017-11-13,0.0017356366670364,-0.007800639914397897,-0.0061340424780956014,0.13315750634633786,0.0130344635812124,-0.005126945426024876,0.009771923248603074,0.0310212939627577,0.021043732970700946,0.5737280230222129,0.009733121848132298,-0.45305049522322305,-0.0039233444504044,0,177.21380615234375
2017-11-14,-0.0039233444504044,-0.012167890412122096,-0.0111133664222837,-0.303072238842268,0.0129452452174159,-0.00359704867711097,0.005261530379971004,0.0261142289466855,0.020743555718115037,0.5504876221895016,0.0100522742252867,-0.43914669368963244,-0.000674217985238,0,176.5198974609375
2017-11-15,-0.000674217985238,-0.009006848464376596,-0.026123761867372003,-0.05207828660400107,0.0129462397709951,-0.006048578342017441,0.004039852630199108,0.0247305777783534,0.02060747399015339,0.546400864496929,0.012194512306541543,-0.3956573759187113,0.0091738268587207,1,176.4009246826172
2017-11-16,0.0091738268587207,0.0016160090195755043,0.0037377064061785963,0.7109160944145021,0.0129042329056794,-0.009616528694645132,0.011857263385371474,0.03341519104212,0.021305305043343825,0.5910750840391243,0.007405767905648409,-0.08431145003772444,-0.0032905277720243,0,178.02664184570312
2017-11-17,-0.0032905277720243,0.003021373318090404,0.00044717863415429625,-0.254209566552465,0.0129441539775616,-0.008474476569983458,0.007392324996262504,0.0290669216895894,0.021515546779063754,0.5693510342374192,0.006033529782428429,-0.2371721812199502,-0.0014537393529256,0,177.44180297851562
2017-11-20,-0.0014537393529256,-0.0001680027018715962,-0.007968642616269504,-0.12284038302415816,0.0118343765880289,-0.09207030160514473,0.0038188646990371462,0.0269544626873204,0.023047582389498,0.5595889494734811,0.007832571631748636,-0.40431757759133324,0.0173050638499161,1,177.1840362548828
2017-11-21,0.0173050638499161,0.021060405598448902,0.008892515186326794,1.4055435489066817,0.0123120083069479,-0.048916563559265325,0.01846413957090469,0.0438131239411025,0.02488942259751803,0.6394668223590485,0.015946298728425783,-0.1461826641643963,-0.0054588019857144,0,180.2769012451172
2017-11-22,-0.0054588019857144,0.0162758215979725,0.0072689731335958945,-0.4455647436659993,0.0122514226345664,-0.053669416658370106,0.010015167364223568,0.0371996077274772,0.026914883302391557,0.6021463879068853,0.007132157466455341,-0.3791347808799864,0.0105047789228767,1,179.2954864501953
2017-11-24,0.0105047789228767,0.017606773662128504,0.019222782681703993,0.8508056941673338,0.0123468601525493,-0.043193017144381174,0.017230219337635376,0.0467336025158866,0.0290036440300232,0.645171199231377,0.015647229617311385,-0.43188725134934536,0.0013668825605385,1,181.1888732910156
2017-11-27,0.0013668825605385,0.0222641839946913,0.025285557312781693,0.1614059823561267,0.0084685991224452,-0.3457587775048623,0.017163937205334164,0.0467997368192183,0.029135716013791058,0.6504990123272747,0.009506584964102838,-0.21348890891616035,-0.0033384411075678,0,181.43670654296875
2017-11-28,-0.0033384411075678,0.020379482240049103,0.020211479538177493,-0.4066075347894967,0.008210475266515,-0.3062181851792404,0.013056038383238574,0.0418319775203806,0.028405081305340474,0.6258079135007033,0.01184082712307064,-0.053754822627971155,-0.0407829479645734,0,180.83200073242188
2017-11-29,-0.0407829479645734,-0.037708529574440396,-0.016648123975991507,-3.2929548962073443,0.0123849093747215,0.005921135362819685,-0.026095034471051447,-0.0001003431740771,0.026691199056425363,0.42042924598751674,0.045509056121115464,1.5750473377995284,0.0116373231600245,1,173.60549926757812
2017-11-30,0.0116373231600245,-0.0206124044287015,-0.004336582830729007,0.9524623482048811,0.0122181450867402,-0.0027162190725762425,-0.013191559755573424,0.0110253899503392,0.02454067954659367,0.47282232436957417,0.01738346290989382,0.6323250357004184,-0.0118087301082271,0,175.63760375976562
2017-12-01,-0.0118087301082271,-0.042925913459805294,-0.025319139797676807,-1.0151569983311426,0.0116324175744638,-0.05786431280976212,-0.023737458113647626,-0.0012980844003757,0.022984978681978463,0.43031608602360627,0.029354649974196755,0.36954463870689747,-0.0209490241984791,0,173.57574462890625
2017-12-04,-0.0209490241984791,-0.0652418202188229,-0.04297763622413161,-1.683335819120207,0.012444946492868,0.46954015805091975,-0.04198681469104559,-0.0221060317266755,0.020752097433772487,0.36811773294603944,0.03370860206996996,0.6232123736147854,0.0079002103610677,1,169.97732543945312
2017-12-05,0.0079002103610677,-0.054003168750187396,-0.033623686510138306,0.632891937656661,0.0124827160704858,0.5203402562327171,-0.032404329328243026,-0.0154683313423232,0.017503176687595046,0.4029378373111637,0.036857086781746394,0.309676634467992,0.018516255756094,1,171.32550048828125
2017-12-06,0.018516255756094,0.00529603497048,-0.03241249460396041,1.3919662976742293,0.0133022299369115,0.07406760392307099,-0.013163724199354118,0.0015791216143857,0.014939505341733161,0.4766927850271396,0.027661083968581794,0.2837591394114969,0.0229097180036819,1,174.52735900878906
2017-12-07,0.0229097180036819,0.0165684298141374,-0.00404397461456411,1.5991969977100013,0.0143257635153692,0.17249905068784166,0.009541275085543264,0.0233391236716283,0.013667443745592145,0.551979683104787,0.025480161837695636,0.2538078318055921,-0.0063485478967118,0,178.57188415527344
2017-12-08,-0.0063485478967118,0.022028612025652705,-0.02089730143415261,-0.44097959012274796,0.0143964665007391,0.23761603369046091,0.003236787594814337,0.0156778532788215,0.01240092651888669,0.5290758887230301,0.019776498805211335,0.19510509265102738,0.0002232994161663,1,177.44180297851562
2017-12-11,0.0002232994161663,0.04320093564029811,-0.022040884578524808,0.015554989480096332,0.0143554848720423,0.15351921201663643,0.0032977675297320417,0.0149636448549386,0.011627532426320197,0.5298126424681515,0.007931178631558143,-0.21346838189005068,-0.011685418490077,0,177.48143005371094
2017-12-12,-0.011685418490077,0.02361530678915341,-0.030387861961034008,-0.8009286060612405,0.0145898378477738,0.16880314872098134,-0.007854794139722739,0.0023212206211617,0.01025657807020397,0.4871101275455938,0.01457948957041626,-0.014907515888423428,0.0075438256590387,1,175.4195556640625
2017-12-13,0.0075438256590387,0.012642876692098105,0.01793891166257809,0.5141062592671776,0.0146736701276345,0.10309851785958668,-0.00040637090125983995,0.0089579114831935,0.00936808930334676,0.514271754141171,0.010712303025339376,-0.15811307701989186,0.0005044763209187,1,176.74789428710938
2017-12-14,0.0005044763209187,-0.009762364990665094,0.006806064823472292,0.034381468177108826,0.0146729138592918,0.02423258931715333,-2.5303101713905495e-05,0.0083292809427583,0.008354795446711138,0.5161246270766884,0.015023308166039796,-0.22459037250584934,0.0099843368570271,1,176.8370819091797
2017-12-15,0.0099843368570271,0.006570519763073806,0.028599131788726494,0.6791918244374799,0.0147003195530163,0.021106085459345225,0.009841792428817536,0.0174189545038621,0.007503315996479465,0.5526848180370607,0.011821539401687514,0.5664641473702807,0.0035456314026023,1,178.6115264892578
2017-12-18,0.0035456314026023,0.009892851749509806,0.05309378738980789,0.24127748341001407,0.0146952436360464,0.023667522694812648,0.012912073125605657,0.0200432074719196,0.007040230376866852,0.5653301409796037,0.00857207714287162,-0.06077767330127226,-0.007271246916025,0,179.24594116210938
2017-12-19,-0.007271246916025,0.014307023323561804,0.037922330112715195,-0.49152231114708994,0.0147933201629357,0.013946852410902544,0.005356829851917285,0.0118528518917333,0.00646140936922146,0.5321669796880824,0.010361543464259515,-0.19893976532348623,-0.009065439604433,0,177.94732666015625
2017-12-20,-0.009065439604433,-0.002302241939909894,0.010340634752188193,-0.6313540838100921,0.0143587249008115,-0.02146328928506258,-0.002607167793969991,0.0020097553070601,0.004628991659002102,0.49360568070670113,0.013772538965924348,-0.3586800829895711,-0.0024765182146721,0,176.34144592285156
2017-12-21,-0.0024765182146721,-0.005283236475500694,-0.015045601466165808,-0.17286196353291894,0.0143265653360491,-0.023604617771498138,-0.004119365093406398,-0.0009987440558395,0.0031335291883243244,0.4833608482074288,0.009185627794058914,-0.37479756250434515,-0.0014098952101759,0,175.9052734375
2017-12-22,-0.0014098952101759,-0.016677468542703692,-0.010106948779629909,-0.10020283141780528,0.0140704128838157,-0.04284986233998911,-0.003962868835458023,-0.0029282706874087,0.0010387144371211132,0.4772990527428069,0.007336360463581432,-0.5402573953483849,-0.0068517535199151,0,175.65744018554688
2017-12-26,-0.0068517535199151,-0.027074853465221094,-0.01718200171571131,-0.4859153034760351,0.014100715640978,-0.04045717170759011,-0.008802976743524753,-0.0099872864791766,-0.0011948277767834803,0.4480151530366493,0.013239398592695586,-0.5147873878423355,0.0092191947665885,1,174.45799255371094
2017-12-27,0.0092191947665885,-0.010584411782607595,0.00372261154095419,0.6440625504531547,0.0143141295206529,-0.032392366081780644,0.0017313616774868104,-0.0011663319159444,-0.0028926853089422666,0.4931305867482716,0.012273437644968025,-0.4751427783424613,0.001687604528255,1,176.07379150390625
2017-12-28,0.001687604528255,0.0001686323500804047,-0.0021336095898295097,0.15488572781822219,0.0108958039712711,-0.24117189746735024,0.0026345059230441616,0.0003170922227766,-0.002311324502176415,0.501211193097745,0.007081889492987276,-0.26412175037235586,-0.0082397341409254,0,176.37118530273438
2017-12-29,-0.0082397341409254,-0.005594583576172895,-0.01087782005167361,-0.765773628180033,0.0107600129303333,-0.24894678675994253,-0.005391224950442272,-0.0079393595845722,-0.0025619466649117184,0.4625633972533039,0.013544142007904622,-0.352782345272312,0.0277205714995246,1,174.9239044189453
2018-01-02,0.0277205714995246,0.023535883133527606,0.00685841459082389,2.297182674228656,0.0120672038016448,-0.14237031270596645,0.0207475245423474,0.0191597176192947,-0.0015555334545283017,0.5808190813425511,0.022213641384473917,0.15226308713244108,0.0177555055059701,1,179.84072875976562
2018-01-03,0.0177555055059701,0.0481431421594128,0.02106828869419169,1.5697063196159968,0.0113113550503598,-0.1978169521064631,0.03518915279373124,0.0362888046177164,0.0010622713936072614,0.6371564479411803,0.018681956909351084,0.09834259318279082,-0.0018427130322846,0,183.0624084472656
2018-01-04,-0.0018427130322846,0.03708123436053971,0.02649682257793209,-0.1626244671480099,0.0113310934363123,-0.20839800841794653,0.029963544857123898,0.0328670637394369,0.0028190501467852958,0.6276531601271274,0.011446864804381932,-0.07825799399976896,0.0135785210469843,1,182.7253875732422
2018-01-05,0.0135785210469843,0.04897215087926901,0.049140783229349394,1.2310438116793014,0.0110300875713444,0.012324340675306189,0.04090647567986805,0.0452246356096845,0.004148461010386351,0.6672676401043007,0.010543222672477478,-0.07815465229870522,0.0076240060311883,1,185.22344970703125
2018-01-08,0.0076240060311883,0.06483589105138271,0.05924130747520979,0.7576102997805129,0.0100632291210891,-0.06475678177671251,0.046499940014304596,0.0511447164770404,0.004438391523149399,0.6875800861927062,0.013649841098853276,0.23210313823510176,-0.0021799122615329,0,186.6409912109375
2018-01-09,-0.0021799122615329,0.03493540729032521,0.05847129042385279,-0.21977643750170026,0.009918771485756,-0.17803895179063456,0.0416534060371722,0.0468406631181168,0.004979830191962575,0.6748596409605383,0.00904879433877565,-0.129106633507445,-0.0001597005008558,0,186.2345733642578
2018-01-10,-0.0001597005008558,0.017020201283499306,0.0651633434429121,-0.01609299937702609,0.0099236007604514,-0.12268682962650512,0.038952436679427944,0.0455130048312883,0.00631459912912713,0.6738772064482207,0.012031487174704874,-0.25311356363614435,-0.000372679063918,0,186.204833984375
2018-01-11,-0.000372679063918,0.018490235251865907,0.0555714696124056,-0.039704099466480014,0.0093864127111769,-0.17162339504706214,0.035469742874075894,0.044205132757324,0.008436161407287424,0.6714214619946623,0.0054321190310665755,-0.30189179271822886,-0.0457672484237316,0,186.1354522705078
2018-01-12,-0.0457672484237316,-0.04085553421884999,0.00811661666041899,-3.2003374373070197,0.0143007571296117,0.29652253775068216,-0.011144478653226729,-0.00243158083871,0.008811092850703028,0.4564371992634824,0.022746289469368023,3.593754257518407,-0.0054785307496706,0,177.8085479736328
2018-01-16,-0.0054785307496706,-0.05395807099970889,0.010877820051673794,-0.3815479216278479,0.014358696350112,0.42684780176783055,-0.016547141194388396,-0.0074104143446643,0.009290457359410587,0.4387852677957833,0.020797167591012786,1.008923168146644,-0.0044383565154189,0,176.8370819091797
2018-01-17,-0.0044383565154189,-0.05621651525359489,-0.021281107963269708,-0.31273495639923965,0.0141920703925175,0.4308294543228701,-0.020205575684863773,-0.0116609370404586,0.00872084840692744,0.4245321162020476,0.019819843195327827,0.5561703479624338,0.0123114549879764,1,176.053955078125
2018-01-18,0.0123114549879764,-0.043745359764762695,-0.026725158481263413,0.8512064510072185,0.0144635358125029,0.45748868396081965,-0.007789155465232847,0.0004841721360618,0.008338275727246103,0.47561688734537527,0.02169073320516956,0.27418947423671325,0.0082526158964695,1,178.23483276367188
2018-01-19,0.0082526158964695,-0.0351200648043752,-0.016629829552509308,0.5697238015656717,0.0144852924764426,0.543219217198301,-5.804753610107656e-05,0.0086492280601651,0.008707781061501718,0.5075032226557095,0.01213523652554759,0.4204982453260544,0.0222557685259378,1,179.71182250976562
2018-01-22,0.0222557685259378,0.032902952145294206,-0.00795258207355581,1.4759987118108284,0.0150784471204811,0.05438103618018131,0.02034109989721604,0.0307619089411061,0.010213064087039037,0.5823885157547142,0.02686516620120096,0.08861489075469531,0.021243600459564,1,183.75628662109375
2018-01-23,0.021243600459564,0.059625083354528804,0.005667012354819888,1.359519179210967,0.0156258188809762,0.0882477419932568,0.0388463768560717,0.0517481457814709,0.012419323215473677,0.6399087782077687,0.021124900296085547,0.28079373020175935,-0.0148979859997241,0,187.70169067382812
2018-01-24,-0.0148979859997241,0.04916545387022361,-0.007051061383371311,-0.9241609360485885,0.016120553702933,0.13588456490691136,0.02086597337907402,0.0353614747138813,0.014199220772171506,0.5794420667074482,0.02219243806980694,0.1676610503263376,0.0049730449929121,1,184.9260406494141
2018-01-25,0.0049730449929121,0.0418270438751593,-0.0019183158896034112,0.31134182654286385,0.0159729421778395,0.10435943084068033,0.022740074434269654,0.0394824379611973,0.01637010609581191,0.5931922432751661,0.01077442425701472,-0.1827796693064464,0.0133519741054615,1,185.8479766845703
2018-01-26,0.0133519741054615,0.0469264020841513,0.01180633727977609,0.8302544602194402,0.0160817854588008,0.11021475644724288,0.03299904015243551,0.0521444212902444,0.01853378405364614,0.6286235066676849,0.016789486533717122,-0.18075631684477333,-0.0213849019507383,0,188.34605407714844
2018-01-29,-0.0213849019507383,0.003285731607475209,0.036188683752769395,-1.2572305029650352,0.017009531585739,0.1280691870872368,0.00893235976365252,0.0289818508011224,0.019871987297708005,0.5468073714810577,0.017259874872675905,-0.07406229521926466,0.0061108426842737,1,184.36105346679688
2018-01-30,0.0061108426842737,-0.01184702616781509,0.04777805718671369,0.362721699439162,0.016847193574915,0.07816388396935614,0.012189918692173833,0.0342395975805238,0.021784132089400554,0.5641317545448817,0.033881982168287826,-0.07782959746726537,-0.0012299083753384,0,185.49110412597656
2018-01-31,-0.0012299083753384,0.0018210514565706094,0.05098650532679419,-0.07775580749997892,0.0158175757526373,-0.01879451263765064,0.009452354066851128,0.0321354626156681,0.022470707465718442,0.5594846898424535,0.024666919714307914,0.8125552089847243,0.0326361831359614,1,185.2631072998047
2018-02-01,0.0326361831359614,0.02948418959961991,0.07131123347477919,1.927282766741491,0.0169337803975388,0.0601541161923409,0.04057429113385791,0.0647191135733093,0.02320336245588206,0.6444985707320623,0.03847950735660304,1.105994520505372,-0.0146598865197737,0,191.4091339111328
2018-02-02,-0.0146598865197737,0.0014723289743847102,0.048398731058535996,-0.8457396874976105,0.0173338046404676,0.07785324489462253,0.0237894823759427,0.0478907028453757,0.02354118779722225,0.5890156029608494,0.02223045518953606,0.011229374796612124,-0.0485641435456875,0,188.62356567382812
2018-02-05,-0.0485641435456875,-0.02570691262056449,-0.022421181013089306,-2.3835891232839987,0.0203743770565533,0.19782117184434567,-0.023273157487024566,-0.0017172877793834,0.02206949657714019,0.45393066671025417,0.05516937163772711,0.21087293586666744,0.0220976118900555,1,179.68209838867188
2018-02-06,0.0220976118900555,-0.009720143414782691,-0.021567169582597804,1.0540389086546396,0.0209647022596733,0.24440323941485143,-0.0006499103164936114,0.0200890265386889,0.0207524240696777,0.5084421584372241,0.04333278768058825,0.3320043334192915,-0.0280735769149033,0,183.69683837890625
2018-02-07,-0.0280735769149033,-0.03656381195434759,-0.034742760497777005,-1.285646621780578,0.0218361534493999,0.38049937556070246,-0.026296070591566703,-0.0078662832272665,0.018927506408952244,0.4475048980093771,0.02847155672851814,-0.05172778078005136,-0.0489067786957028,0,178.6115264892578
2018-02-08,-0.0489067786957028,-0.1181067737860118,-0.0886225841863919,-2.020789149787485,0.0242018216996296,0.4292037059336824,-0.06867929968236837,-0.054028100722454,0.0157316367551128,0.36789995344993787,0.06038000058160916,0.26137723697008264,0.0260590185867708,1,170.0863800048828
2018-02-09,0.0260590185867708,-0.07738786867946729,-0.0759155397050826,1.036392937592485,0.0251439561594324,0.45057341310580923,-0.04105645618995979,-0.0283769660260285,0.013222353125767583,0.42583729812584087,0.05519278398169388,0.24571126616726957,0.0017021494756868,1,174.57691955566406
2018-02-12,0.0017021494756868,-0.027121575658092992,-0.05282848827865751,0.07378270906593933,0.0230697611572597,0.1322928349281456,-0.038648069499002194,-0.0268591521749802,0.012262852915766675,0.4295665191266187,0.03236781699071878,0.0788355658288673,-0.0186526020039979,0,174.87432861328125
2018-02-13,-0.0186526020039979,-0.0678717895521464,-0.07759193296692911,-0.7972833849959882,0.0233951971846143,0.11593271847300146,-0.055064426102439265,-0.044417653361686,0.01126719433033796,0.3992239959276992,0.016575196178772456,-0.24868386875410375,0.0361285038494655,1,171.6427001953125
2018-02-14,0.0361285038494655,-0.003669708787777594,-0.0402335207421252,1.4544414803156003,0.0248401220251405,0.1375685778496467,-0.020814133474437845,-0.0097457774125431,0.011303631353635213,0.4769664459467989,0.03676465400875121,-0.005001698187024117,0.0024479111984844,1,177.957275390625
2018-02-15,0.0024479111984844,0.047684981106409605,-0.0704217926796022,0.09913970325191553,0.0246915324354383,0.020234457632426706,-0.01845706562143997,-0.0082476675057026,0.010401377013834923,0.48195297604743514,0.02033787244700821,-0.2774516218322395,-0.0145529250626354,0,178.3934326171875
2018-02-16,-0.0145529250626354,0.007073037457003406,-0.0703148312224639,-0.5863673508730598,0.0248187847446948,-0.012932388709070208,-0.031600075076465686,-0.0230638315041823,0.008814791650213483,0.45438485227851166,0.02018494485078249,-0.2793188099595332,-0.0076408901641924,0,175.8160858154297
2018-02-20,-0.0076408901641924,-0.0022700021828757936,-0.029391577840968804,-0.3153263434446412,0.024231689876345,0.05036587553571881,-0.03650930321042145,-0.0304947094886636,0.00624250316250996,0.44030140851948746,0.016135426546930183,-0.2599722309421012,0.0107368670644826,1,174.47781372070312
2018-02-21,0.0107368670644826,0.027119466885604706,-0.040752322666541704,0.45117093837909084,0.0237977807326346,0.01720795703679978,-0.023049695393684996,-0.0197883660812021,0.003338275546981073,0.46541414818429216,0.02737344879844864,-0.18680125810125692,0.0060521568480761,1,176.3612518310547
2018-02-22,0.0060521568480761,-0.002956880115784691,-0.0066265889035623075,0.2552273564573158,0.0237128062292502,-0.04538286062964392,-0.015074704889779316,-0.013836892772538,0.001256757363615968,0.4797047747262906,0.01564334859951011,-0.34609399513683925,0.0237396907233295,1,177.43185424804688
2018-02-23,0.0237396907233295,0.018334899409060412,0.06601988051546999,0.9742017240429589,0.0243683521979506,-0.013088707164398472,0.00975092481895254,0.0093817050041308,-0.00036565434677660047,0.533208615528759,0.021168667275552996,-0.3287970376710998,0.0089079089941496,1,181.6944274902344
2018-02-26,0.0089079089941496,0.04179573346584541,0.04886877092284879,0.36734679277620175,0.0242493174551181,-0.022945011024297912,0.020210644909559122,0.017520153699483,-0.002637191861798893,0.5521258266399504,0.013194195306566826,-0.3783284060898716,-0.0189422751073583,0,183.32017517089844
2018-02-27,-0.0189422751073583,0.03049434852267951,0.02822434633980369,-0.784389833233509,0.0241490574007979,-0.003410099583181281,0.0023170992243627827,-0.0019196596158189,-0.004226964543915579,0.5054512165496248,0.017855120216566284,-0.43555074471739164,-0.0174554114486073,0,179.88035583496094
2018-02-28,-0.0174554114486073,0.00230207000958961,0.029421536895194285,-0.7169682009834406,0.0243461445356493,0.023042644571588555,-0.012627239534317916,-0.0191828402023282,-0.006639438447662349,0.4669813917371273,0.026581456362021413,-0.3286111279408114,-0.0134367571512832,0,176.76771545410156
2018-03-01,-0.0134367571512832,-0.01718684398976969,-0.020143724105554407,-0.5491619958243478,0.0244677476836562,0.03183686684348497,-0.022843286466908745,-0.0318221093620584,-0.009188723539221288,0.4396662915211589,0.03245419674800626,-0.13981045992497587,0.0038574571776274,1,174.40841674804688
2018-03-02,0.0038574571776274,-0.03706907753547179,-0.018734178126411406,0.16723094723566367,0.0230666467026072,-0.0534178710472214,-0.014559599055083165,-0.0276307202282321,-0.013264243236440598,0.449572591769967,0.023326889543020823,-0.20731540778969093,0.0211761116854131,1,175.08248901367188
2018-03-05,0.0211761116854131,-0.024800874844208298,0.01699485862163709,0.8966196364269918,0.0236177201848929,-0.02604598135160674,0.009312619821563273,-0.0069174739663948,-0.016080343660844543,0.5022527653769311,0.02915739847449328,-0.34559549342778073,-0.0034425886937339,0,178.82958984375
2018-03-06,-0.0034425886937339,-0.009301188430583893,0.02119316009209559,-0.16382233590269776,0.0210141594842026,-0.1298145043330644,0.006260548823140117,-0.0105362651777878,-0.016692310973109747,0.4939033587174724,0.018188921429881866,-0.3670823944882118,0.0216245088207832,1,178.2150115966797
2018-03-07,0.0216245088207832,0.029778731838806607,0.03208080184839619,1.0303400639853966,0.0209877394625797,-0.1379440209989714,0.028718042860280287,0.010397189777504,-0.017809401915257927,0.5454837775181793,0.0312993293226306,-0.16619694942116714,-0.0074852884904449,0,182.1107940673828
2018-03-08,-0.0074852884904449,0.035730200499644905,0.01854335650987519,-0.37343538300544454,0.0200444008015592,-0.18078275692910117,0.020429415884857614,0.0022956134082209,-0.017770756305483637,0.5253819128047791,0.016178551099538363,-0.23047301658919683,0.015725193184505,1,180.7527313232422
2018-03-09,0.015725193184505,0.047597936506522505,0.01052885897105069,0.9502395814325694,0.0165486615078672,-0.28257185705294907,0.03265847947033689,0.0171482438322813,-0.015019714597231504,0.5620465445092645,0.012416929471573749,-0.1337770514951525,-0.0025407114933438,0,183.61756896972656
2018-03-12,-0.0025407114933438,0.02388111332776561,-0.0009197615164427105,-0.16139154647535522,0.0157425314325975,-0.3334440704117061,0.027560472494105002,0.0137722901253083,-0.01341836586544598,0.5545434352159814,0.010175389362998376,-0.2409414960613906,-0.0157105021511805,0,183.15164184570312
2018-03-13,-0.0157105021511805,0.011613199870319009,0.0023120114397350913,-0.9664356000964599,0.016256129378525,-0.22642019583293105,0.010006810280259895,-0.0024636229822165,-0.012346880373030333,0.5096482208564577,0.026830903627678915,-0.07140911450436604,0.0126207617426462,1,180.29672241210935
2018-03-14,0.0126207617426462,0.002609452792182009,0.032388184630988595,0.8034732339729627,0.0157077562873375,-0.25157464836345034,0.019708883011325267,0.0093499808449517,-0.010158685816075819,0.5416979217018009,0.013029990035685309,-0.12421258033639437,-0.0017932670944113,0,182.5866241455078
2018-03-15,-0.0017932670944113,0.00830147418821561,0.04403167468786049,-0.13122209506255772,0.0136658928784546,-0.3182189373607234,0.01666054647564787,0.0072722026668413,-0.009234492123602278,0.5363050444193646,0.009844433550446832,-0.15788400714172268,0.0066674640307582,1,182.25949096679688
2018-03-16,0.0066674640307582,-0.0007562549655311911,0.04684168154099129,0.4860116615823338,0.0137187326103464,-0.17100651289383484,0.022012200284324962,0.0139639302491243,-0.007874925595762416,0.5541222156142142,0.01037332220505476,0.30389227075932057,-0.0700972189957375,0,183.478759765625
2018-03-19,-0.0700972189957375,-0.06831276246792489,-0.044431649140159304,-3.3579471254974034,0.0208750216653141,0.3260269960197719,-0.04591039912078147,-0.0534575680094287,-0.007910335550971648,0.3898023328914657,0.04120306392527226,2.9899459271045763,-0.0258884872170647,0,171.05783081054688
2018-03-20,-0.0258884872170647,-0.0784907475338091,-0.0668775476634901,-1.2012516093027095,0.0215512612150357,0.3257314034117975,-0.06826878670681166,-0.0757515501624227,-0.008031032285763406,0.3504165145465862,0.049063338087771975,3.7179557237710643,0.0073471994310594,1,166.6862335205078
2018-03-21,0.0073471994310594,-0.0837643098453959,-0.08115485705321392,0.34242154883789433,0.021456591899646,0.36598706442515994,-0.059177153095553756,-0.066998428744506,-0.008313228866291156,0.3697008492003358,0.059625661970123166,2.363502650996859,-0.0269250029112617,0,167.91542053222656
2018-03-22,-0.0269250029112617,-0.1088960456622463,-0.10059457147403071,-1.2223068630808958,0.0220280223604371,0.6118977776538908,-0.08057062158399746,-0.0894793558835014,-0.009689416619308,0.3312659321193324,0.039723470653181464,1.1401621482708677,-0.0339245293676622,0,163.45462036132812
2018-03-23,-0.0339245293676622,-0.1494880390606667,-0.1502442940261979,-1.5444324107783203,0.0219656937596679,0.6011459938436152,-0.10527685099955095,-0.1170761121078577,-0.01318761129796242,0.29139190192511494,0.047556320095870325,0.4814688925025399,0.0041947264812976,1,158.00250244140625
2018-03-26,0.0041947264812976,-0.0751960935836316,-0.1435088560515565,0.1923221200314106,0.0218109413551208,0.04483442962657258,-0.09520008523151664,-0.1106344178141476,-0.01705828253374697,0.3024076330370947,0.07547171070418478,2.0307237934572857,-0.0502218442164037,0,158.6666717529297
2018-03-27,-0.0502218442164037,-0.09952945058297061,-0.1780201981167797,-2.1161668728540692,0.0237324593162493,0.10120976584385888,-0.13234790142853423,-0.1516373100087464,-0.022231731602990412,0.25287060807059275,0.07949025099514923,0.7669486774852454,0.0053070307936815,1,150.89492797851562
2018-03-28,0.0053070307936815,-0.10156961922034849,-0.1853339290657444,0.22260707469090407,0.0238403509908679,0.11109681828180862,-0.1213983647261391,-0.1447053434509946,-0.026527356414025705,0.2662437774392673,0.03319611756895572,0.28162444594036895,0.0432264914646216,1,151.69786071777344
2018-03-29,0.0432264914646216,-0.031418124844465205,-0.1403141705067115,1.6404215801317106,0.0263508429712019,0.1962418840889093,-0.07831361824334278,-0.1051417416656108,-0.029107648711415135,0.3679293690189158,0.04555979150872553,0.22167099468951745,-0.0279224445404733,0,158.39901733398438
2018-04-02,-0.0279224445404733,-0.025416040017276303,-0.174904079077943,-1.0436154052892945,0.0267554928750147,0.21805817597901433,-0.09817161711878852,-0.1273970325907009,-0.03240684816166617,0.33535308177057443,0.03275626718504062,-0.25647387646142505,0.004622884016315,1,154.0373077392578
2018-04-03,0.004622884016315,-0.024987882482258902,-0.10018397606589051,0.17708409922730783,0.0261055850665677,0.19690317999221052,-0.08756157510764243,-0.1208675689971332,-0.03650218248252757,0.3455642454036635,0.04214977775497094,-0.16262451226463526,-0.0064909993812904,0,154.7510528564453
2018-04-04,-0.0064909993812904,0.0187429623528544,-0.08078648823011621,-0.24878118931459836,0.0260911984510298,0.09938873604917564,-0.08687910492267427,-0.1235675129730847,-0.04017913536772544,0.33772586147419514,0.032559657337391634,-0.050633176379329625,0.026970340194991,1,153.74981689453125
2018-04-05,0.026970340194991,0.040406271754163905,-0.0611633474661846,1.0204750060083292,0.0264292021227327,0.10859115005716413,-0.05513867914238133,-0.0965440391468657,-0.04382162661384226,0.39932263582397737,0.030877454128348008,-0.22760587468702131,-0.0135215828454788,0,157.9529266357422
2018-04-06,-0.0135215828454788,-0.016341802555936494,-0.047759927400401705,-0.5108637550488607,0.0264680802109078,0.004449088776174115,-0.060828286627161075,-0.1057014943478613,-0.047779556264048395,0.38010668073733067,0.029325704197496794,-0.24123171577381985,0.0046332305739751,1,155.83152770996094
2018-04-09,0.0046332305739751,0.016213872558511904,-0.009202167458764402,0.17771682689116294,0.0260708603401555,-0.025588485252631465,-0.04870898778136008,-0.0985174662215658,-0.05235882374631129,0.3908751123053424,0.02843035332991953,-0.3732032880473882,0.0440358104044551,1,156.55520629882812
2018-04-10,0.0440358104044551,0.055626798946652005,0.030638916464393103,1.5427074048190688,0.0285444992789282,0.09342499722344533,5.7437122393895047e-05,-0.0552408361976904,-0.05529509732881133,0.48475253765401805,0.05435047010182352,0.0009632810275135295,0.0077258829477731,1,163.60328674316406
2018-04-11,0.0077258829477731,0.06984368127571551,0.08858664362856991,0.2702255646314123,0.0285904960854137,0.09579083303033387,0.01258731114019582,-0.0457656319414797,-0.05762756696602178,0.49970169025513506,0.03246749434034018,-0.0601439348468954,-0.014840262251054,0,164.87216186523438
2018-04-12,-0.014840262251054,0.0280330788296705,0.06843935058383441,-0.522818751627241,0.0283850994342965,0.07400515923564188,0.003880816155155657,-0.0573071837602805,-0.06095145851056816,0.4715034650488942,0.026545377276760044,-0.3707727623524676,0.0039588463096283,1,162.4434814453125
2018-04-13,0.0039588463096283,0.0455135079847776,0.029171705428841108,0.13911502588722563,0.0284573595438753,0.07515767358705894,0.013868983041826098,-0.0511256437284371,-0.06410554801199797,0.4798894066578563,0.011731051699858918,-0.6724373477397585,0.0018823743471377,1,163.0878448486328
2018-04-16,0.0018823743471377,0.042762651757940195,0.0589765243164521,0.06635286187328218,0.0283691508398323,0.08815552957172157,0.02216030249970904,-0.0462287111817717,-0.06690634875394241,0.48409348619403714,0.014499783796023518,-0.7015620335465593,0.0229703187632442,1,163.39512634277344
2018-04-17,0.0229703187632442,0.021697160116729296,0.0773239590633813,0.9316012135424101,0.0246568149862103,-0.1361973196561841,0.04717768730584086,-0.0216187790041607,-0.0656970322648871,0.5341929594872252,0.019803132131918633,-0.6040858383264336,-0.0137306781576939,0,167.19180297851562
2018-04-18,-0.0137306781576939,0.0002405990112622977,0.0700842802869778,-0.5683349298814695,0.0241594831423744,-0.15498202373969705,0.03347177232861073,-0.0332896891600345,-0.06459921139231395,0.5026270791041676,0.014125936740230676,-0.5967397023393775,0.0104048353577283,1,164.91183471679688
2018-04-19,0.0104048353577283,0.025485696620044598,0.0535187754497151,0.4295687697306857,0.0242215824121747,-0.14667967014733085,0.04469960667958331,-0.0212210341721661,-0.06310009157681995,0.5254718087757211,0.01861989749652382,-0.5346571102028652,-0.0108859061391063,0,166.6366729736328
2018-04-20,-0.0108859061391063,0.010640944171309997,0.05615445215608761,-0.462191408075097,0.0235528093965294,-0.17234733741843156,0.0329426271202097,-0.0302484249592985,-0.061175761770701276,0.49962211976319365,0.015756525958753542,-0.5756034466876163,-0.0026497556189717,0,164.83251953125
2018-04-23,-0.0026497556189717,0.006108814205200597,0.048871465963140806,-0.11963342389541556,0.0221489574793758,-0.21925906050465593,0.02814942583350015,-0.0321666444726029,-0.05866469288470022,0.493303750705199,0.020260496168280975,-0.4695404058981668,-0.0377890510020741,0,164.39633178710938
2018-04-24,-0.0377890510020741,-0.054650555560117706,-0.0329533954433884,-1.5842887136202715,0.0238523765758086,-0.032625398327058686,-0.009864850170208309,-0.0662682130908794,-0.05696531724014353,0.4144191040253742,0.04953349327558391,-0.09988934611572797,0.0,0,158.29986572265625
2018-04-25,0.0,-0.04091987740242381,-0.0406792783911615,0.0,0.0207403242119516,-0.14152450655808047,-0.01215252998189965,-0.0644389203841176,-0.05292961918631023,0.4144191040253742,0.030496556094514498,0.10823481459531736,0.0867400056418808,1,158.29986572265625
2018-04-26,0.0867400056418808,0.03541529288172869,0.06090098950177329,3.0925643288440297,0.0280479228298877,0.1579723550922807,0.07036397630903025,0.0202144236991923,-0.046852803083648475,0.5923148750790801,0.03140790712955872,1.0437898691326644,-0.0032780131331657,0,172.64390563964844
2018-04-27,-0.0032780131331657,0.04302318588766929,0.0536641300589793,-0.12260154032297714,0.0267371284612756,0.13519911833598175,0.06235597082913586,0.0175825861562158,-0.04214536925695045,0.5847789944383593,0.025923152802197345,-0.18267399511491633,-0.0092018845558264,0,172.0789031982422
2018-04-30,-0.0092018845558264,0.03647105695081458,0.04257987115601519,-0.3557091357336909,0.025869126292881,0.16796135064005924,0.047302127835141414,0.0092036772513088,-0.03637770760820014,0.563249953991468,0.02331392155137173,-0.41816408695251084,0.0107559158885033,1,170.50271606445312
2018-05-01,0.0107559158885033,0.08501602384139198,0.03036546828127429,0.4152898253876517,0.0258997818655037,0.08583653218738818,0.05293759366052047,0.0205363346171988,-0.03077225016791285,0.58260837605011,0.021799197812128836,-0.2529436661501321,0.0126311993932164,1,172.34652709960938
2018-05-02,0.0126311993932164,0.09764722323460838,0.05672734583218459,0.48975138807041074,0.0257910435802592,0.24352171724476368,0.05959342546710597,0.0335014101748037,-0.02462455378184325,0.6050102299611245,0.022036716768391924,-0.10159138316745842,-0.0117112074698483,0,174.5372772216797
2018-05-03,-0.0117112074698483,-0.0008039898771207005,0.03461130300460799,-0.4572486258705876,0.0256123404363447,-0.08683646230471143,0.04265105095394984,0.0219351434843096,-0.019868495265685127,0.5742235829925325,0.02298586312948998,-0.2717974534839297,0.0147735310050169,1,172.50515747070312
2018-05-04,0.0147735310050169,0.0172475542610619,0.06027074014873118,0.5827811318512544,0.0253500502977636,-0.0518783520646563,0.05205154947208982,0.0374348018393003,-0.013893565995054202,0.601793875164686,0.02219578820790492,-0.44401312707469376,0.0076710781043712,1,175.0725860595703
2018-05-07,0.0076710781043712,0.034120516921259496,0.07059157387207408,0.3025868378973755,0.0253516582468564,-0.020003305877671074,0.05386262526679467,0.046077455861919,-0.007387271564834874,0.6158600784386585,0.013092104371934058,-0.39656192113109623,0.0053237624617015,1,176.42074584960938
2018-05-08,0.0053237624617015,0.0286883634944577,0.1137043873358497,0.22446271373853754,0.0237178031621894,-0.08424699152468573,0.055151873080401,0.0524049169269146,-0.0026033751382792403,0.6258035225861722,0.010786903060209201,-0.46041494552086415,0.02068764141483,1,177.3624725341797
2018-05-09,0.02068764141483,0.0367448055160713,0.13439202875067968,0.8620098332077185,0.0239993102373867,-0.06947114556635925,0.0720426028136035,0.0742518084027916,0.0020607442123943276,0.6628082235797109,0.023157755626480026,-0.14482460728369018,0.0155902615562873,1,181.0699005126953
2018-05-10,0.0155902615562873,0.0640462745422069,0.0632422846650862,0.6589723137574671,0.0236584469951271,-0.07628718843846727,0.08200952258689076,0.0902063451844532,0.0075755549525713395,0.688283472665215,0.019565595357603934,-0.20081710737012337,0.0078384930807453,1,183.9149475097656
2018-05-11,0.0078384930807453,0.0571112366179353,0.07435879087899719,0.3313680246018542,0.0236549470642601,-0.06686784497832121,0.0834253122069884,0.0973604298410632,0.012862093470650482,0.7006724708630352,0.022140299089882978,-0.19749620086093633,-0.0018733529910021,0,185.3622283935547
2018-05-14,-0.0018733529910021,0.047566805522562,0.0816873224438215,-0.07901923484889513,0.0237075567054582,-0.06485183436085751,0.074607773989227,0.0940199748417226,0.018064452279581422,0.6935566616493978,0.008894147382864977,-0.4051454555028142,-0.0125081678757158,0,185.0153045654297
2018-05-15,-0.0125081678757158,0.0297348751851447,0.0584232386796024,-0.5274355652669073,0.0237150634113687,-0.00011551452729263723,0.05648720609361417,0.0799247256704654,0.02218438561458025,0.6466718854084595,0.011338955375659876,-0.40513672652478194,-0.0060951455328279,0,182.71551513671875
2018-05-16,-0.0060951455328279,0.0029520882374867996,0.0396968937535581,-0.2597290510949528,0.0234673229934514,-0.022166772239418653,0.045023876193214234,0.0729324674614249,0.026706175719042324,0.6247152762768368,0.00906115551180037,-0.34045043091892846,0.0030520490777148,1,181.605224609375
2018-05-17,0.0030520490777148,-0.009586124241085701,0.054460150301121196,0.1302467956317774,0.0234328150870083,-0.009537054911730736,0.043557219550957677,0.0762058118294301,0.031285866904855686,0.6314528748392524,0.010013040884272403,-0.41499047729046146,-0.0058945078496241,0,182.16033935546875
2018-05-18,-0.0058945078496241,-0.023319125171455103,0.0337921114464802,-0.2531247160860879,0.0232869707105938,-0.015555999878869686,0.03261546770508678,0.0698381644387626,0.03604700674918293,0.6087537132133461,0.008649014092412654,-0.47622269221655866,0.0098593099008485,1,181.0897521972656
2018-05-21,0.0098593099008485,-0.0115864622796045,0.0359803432429575,0.424110298981558,0.0232470419240567,-0.01942480986644557,0.03737862480642761,0.080531854131594,0.04159834056077516,0.6325913900913879,0.011762144855189538,-0.4496830153998804,-0.0037470349338685,0,182.88400268554688
2018-05-22,-0.0037470349338685,-0.002825329337757199,0.0269095458473875,-0.177854167415432,0.0210680187499693,-0.11161870476510904,0.026540423387380097,0.0766117046256776,0.048776726271599014,0.6171545189274584,0.01082701556105881,-0.4576307288909811,0.0167254165356353,1,182.20001220703125
2018-05-23,0.0167254165356353,0.019995232730706,0.0229473209681928,0.7924420946808688,0.0211061687004032,-0.10061455640709793,0.035982189885473234,0.0941264639585031,0.056124781526849965,0.6575830672283622,0.025307710758663313,-0.25269989079093425,-0.0052034113564475,0,185.27301025390625
2018-05-24,-0.0052034113564475,0.0117397722965437,0.0021536480554580004,-0.5082934525752281,0.0102370221966953,-0.5631330611075003,0.027254597387538323,0.08822636672716,0.05935409731402719,0.6349875074973268,0.009519735073336947,-0.3494372798603955,-0.0054470297454279,0,184.31146240234375
2018-05-25,-0.0054470297454279,0.012187250400739903,-0.0111318747707152,-0.5277524220081684,0.0103211837942898,-0.5567828927789888,0.018486585068506575,0.0821806046109028,0.06253790720092023,0.6114282506768381,0.010166585017456561,-0.39247518257436365,0.004424571356483,1,183.31024169921875
2018-05-29,0.004424571356483,0.0067525118563744,-0.0048339504232300995,0.4467726241087106,0.0099034075002017,-0.5739927887361285,0.019146688343702076,0.0868967086046862,0.06647720199247287,0.6236371656463015,0.01668994698528023,-0.08032704418035097,0.0103372208912471,1,184.12310791015625
2018-05-30,0.0103372208912471,0.020836767681490002,0.0180114383437328,1.0453827343708761,0.0098884557314486,-0.5306414025541433,0.02584979599181366,0.0962518744177759,0.0686280571493374,0.6513996308686102,0.014653381077589091,-0.20212141875542344,0.0216638449079598,1,186.0363006591797
2018-05-31,0.0216638449079598,0.0257751960538145,0.0457704287845205,2.0633442929938717,0.0104993844127322,-0.5025442768998797,0.04383417118215368,0.1171759033760242,0.07026186171967352,0.7018394384826278,0.027323003058282093,0.7860842829445389,0.0114577486829272,1,190.11053466796875
2018-06-01,0.0114577486829272,0.0424363560931892,0.054176128389732896,1.1568567115527777,0.0099042072959478,-0.03251090935945611,0.050155655240416396,0.1268203128110535,0.07300313738070185,0.7248902463086736,0.012784141746036636,0.024171032869906295,-0.003666735827357,0,192.30130004882812
2018-06-04,-0.003666735827357,0.0442166500112601,0.056403900411999996,-0.37237266504828626,0.0098469521839943,-0.0459474048469003,0.041612191071346914,0.119005476914748,0.07430144012024154,0.7060060268521182,0.012986312720862649,0.1166123486602868,-0.0017607132211106,0,191.59747314453125
2018-06-05,-0.0017607132211106,0.0380313654336665,0.044783877290040894,-0.17761274319133005,0.0099132144995582,0.0009902651543218788,0.0356024464206212,0.1127143016974005,0.07446086627479787,0.6966464938024183,0.012335466221087117,-0.07497502855685734,-0.008327325962109,0,191.2604217529297
2018-06-06,-0.008327325962109,0.0193668185803104,0.0402035862618004,-0.8098069414407362,0.0102831002501581,0.03990962081717164,0.023602576290467733,0.0995198528135369,0.07416675014456597,0.6527902280267236,0.01787393244696152,0.31513623050518613,-0.0166528377511647,0,189.67434692382812
2018-06-07,-0.0166528377511647,-0.018949864078814098,0.006825331975000397,-1.6073911369584108,0.0103601652194475,-0.013259748173033326,0.005213622969744278,0.0769106595778892,0.07132517404243632,0.5757058150298664,0.02231904087422537,0.2601278692943747,0.0048768396397183,1,186.54188537597656
2018-06-08,0.0048768396397183,-0.025530773122022996,0.0169055829711662,0.49473703570722477,0.0098574379675192,-0.004722167764777518,0.009165624763675028,0.0777261203925814,0.06793780321734788,0.5908534561286435,0.016129047875800613,-0.23836490966882018,0.0128207039832488,1,187.4538421630859
2018-06-11,0.0128207039832488,-0.009043333311417196,0.035173316699842895,1.2693064860608252,0.0101005581583662,0.025754768544943518,0.020947610396691067,0.0876958938574889,0.065378754777498,0.6287142570993238,0.01983921470687937,-0.20342635903451745,0.0044798480492981,1,189.8726043701172
2018-06-12,0.0044798480492981,-0.002802772041008497,0.035228593392658,0.44360863579014476,0.0100986493225469,0.0187058217086864,0.023959694492806622,0.0880062516657899,0.06254792792865471,0.6413127080831442,0.008939715567914805,-0.2785234899328859,5.20813062111509e-05,1,190.72511291503903
2018-06-13,5.20813062111509e-05,0.005576635227311654,0.024943453807622046,0.005449911454822788,0.0095563582349696,-0.07067343481138644,0.021813314543321888,0.0836141726264378,0.06048155490197016,0.641465368691714,0.013460819544699552,-0.012080265907926768,0.0226101902894029,1,190.73504638671875
2018-06-14,0.0226101902894029,0.044839663267879255,0.025889799189065147,2.179535017332645,0.0103738596120716,0.001321831489559111,0.041416340865142766,0.103211042021482,0.059337172590363085,0.7015334774259032,0.022204131758532763,0.18359534829305968,-0.0048895888697944,0,195.0967254638672
2018-06-15,-0.0048895888697944,0.035073234758366545,0.009542461636343548,-0.46365186567038924,0.0105458194646205,0.06983371332079935,0.03303230645954849,0.0933547387775752,0.05839355840164018,0.6749638578043167,0.012407494811544042,0.3244262368577615,0.0124823142711723,1,194.1451110839844
2018-06-18,0.0124823142711723,0.03473484504629005,0.025691511734872847,1.1872611282396,0.0105135373965122,0.0408867739456491,0.04171370137932397,0.1020295240876569,0.05790057539655025,0.7057215646312593,0.02748220974906676,0.008105404711541642,-0.0041433795671549,0,196.58367919921875
2018-06-19,-0.0041433795671549,0.02611161742983705,0.023308845388828547,-0.39176409304748416,0.0105762106346298,0.04728962228806832,0.03387632402711336,0.0926686171024757,0.056865885898573554,0.6825368910030716,0.021115060568868558,0.17516576279096285,0.0225795615427539,1,195.77084350585935
2018-06-20,0.0225795615427539,0.0486390976663798,0.05421573289369144,2.006047230808262,0.0112557477191882,0.1778281477561212,0.052472457102171126,0.1130689816575776,0.05757540175659348,0.7342497978648912,0.02346537372853505,0.5870090891740818,-0.0024782589103049,0,200.24154663085935
2018-06-21,-0.0024782589103049,0.023550648466671997,0.06839031173455125,-0.22542238415613228,0.0109938457069481,0.05976426499497345,0.04588935889398559,0.1060258544865624,0.057497951462256225,0.7202424446536203,0.01637718636108092,0.06343376815539137,0.0011904559268167,1,199.74591064453125
2018-06-22,0.0011904559268167,0.029630693263283096,0.06470392802164965,0.11011630587904783,0.0108108959641663,0.025135694806372122,0.04285623553128128,0.1027587676595185,0.05744083420829327,0.7229745878286212,0.014523683229847083,-0.0408910471345435,-0.027080874522945,0,199.9838409423828
2018-06-25,-0.027080874522945,-0.009932495530834206,0.024802349515455846,-2.127851021376737,0.0127268658617949,0.21052176653853505,0.01200401790723421,0.0695739249836986,0.056887034100433276,0.584844754433942,0.03509039559701383,0.33883697770997534,0.0134057650056043,1,194.64077758789065
2018-06-26,0.0134057650056043,0.007616649041924996,0.033728266471762046,1.0362710942485358,0.0129365424549699,0.2231736774049906,0.022169144505924877,0.079988480464155,0.05656533096210592,0.6229829001430123,0.014422162693349483,-0.05570180656860657,-0.0160066716470892,0,197.2676544189453
2018-06-27,-0.0160066716470892,-0.030969584147918103,0.017669513518461695,-1.1834100758999833,0.0135258875795156,0.20168716614511428,0.003831554384407101,0.0597127565669505,0.0556679075672335,0.5572436299481257,0.025275720183847106,-0.02441310593385171,0.001989476933655,1,194.13519287109375
2018-06-28,0.001989476933655,-0.026501848303958197,-0.002951199837286208,0.15638014995755709,0.0127220554155688,0.15719792279133715,0.004684812337089494,0.0584017406519467,0.05346644803946132,0.5633676813333249,0.020791937623642884,-0.021553139823504375,-0.00978122612257,0,194.5218048095703
2018-06-29,-0.00978122612257,-0.0374735303533449,-0.007842837090061807,-0.7700232690337042,0.0127025072045477,0.17497266153067415,-0.005178372056684869,0.045143608262914,0.050583922691381344,0.5250644511193147,0.018731984625624143,-0.14522281424073624,0.0155231001257211,1,192.62841796875
2018-07-02,0.0155231001257211,0.005130444295321205,-0.004802051235513005,1.182979723083634,0.0131220339814934,0.031049916294377367,0.00933070744139404,0.05795703676492,0.04817680564459548,0.5746350818215221,0.026499775594674237,-0.23493931999598883,-0.0237390476347174,0,195.64193725585935
2018-07-03,-0.0237390476347174,-0.032014368345000495,-0.024397719303075507,-1.6668527704649283,0.0142418383047088,0.1008999007487843,-0.014294754886631742,0.0301680258018378,0.045107582524181344,0.49064162748674234,0.01494313126066202,-0.2566240885868005,0.0292468795972637,1,191.05227661132812
2018-07-05,0.0292468795972637,0.013239182899352404,-0.0177304012485657,1.885129755987841,0.0155145180348277,0.14702402660242408,0.013117726759536827,0.05636504314762,0.04268735532484458,0.573570021463655,0.02328039903367918,0.09341267771455519,0.0238011555986977,1,196.72247314453125
2018-07-06,0.0238011555986977,0.0350508615643951,0.008549013260436897,1.5241963708825177,0.0156155440685879,0.22743877137008472,0.033549842006972586,0.0768179366363861,0.041863578195120654,0.6280658279269098,0.029227980939239524,0.10191365818967779,0.0074024706066059,1,201.4608612060547
2018-07-09,0.0074024706066059,0.052234558293571,0.014761027940226098,0.47346989560217384,0.015634511666663,0.23082092494823336,0.03710453454816393,0.081314545974949,0.042628307903451734,0.6435621633364818,0.017974054097078796,-0.0021220041021563496,-0.0058783661863102,0,202.95770263671875
2018-07-10,-0.0058783661863102,0.030833091981539704,0.0359635362768609,-0.37593418538671425,0.0156366896515763,0.19163611934166846,0.02790185359832985,0.0715868038248296,0.042499145296385876,0.6214040774289008,0.013019599305715458,-0.2753112388265405,-0.004925110185118,0,201.7681427001953
2018-07-11,-0.004925110185118,0.0496470294311391,0.017632661086138597,-0.3130595462625124,0.0157321833622927,0.10464555387425967,0.020239533114202273,0.0629041071198921,0.04181819329766556,0.6027790153012732,0.013577565375521067,-0.2923972414910486,0.0213949303993328,1,200.77685546875
2018-07-12,0.0213949303993328,0.0417950802332082,0.0550342631325606,1.3152109131738798,0.0162672999326795,0.04852112686722987,0.038507430068984674,0.0821349851463077,0.0420098632076471,0.6519817737477486,0.018799533269241418,-0.15313626496527133,0.001931233230681,1,205.1187438964844
2018-07-13,0.001931233230681,0.019925157865191497,0.0549760194295866,0.1234569411647411,0.0156429700303684,0.001756324445695956,0.03777790202740703,0.0806945223091998,0.041354340074066576,0.6561703470857961,0.009550432459915078,-0.3571167524736073,-0.0004342878327161,0,205.5152587890625
2018-07-16,-0.0004342878327161,0.012088399425869499,0.0643229577194405,-0.027906590026143444,0.0155621963238522,-0.004625366263597108,0.0343811528820578,0.0764981711197393,0.04071711681939738,0.6542619514592836,0.009072069302574691,-0.36069462466301894,0.013230712967241,1,205.426025390625
2018-07-17,0.013230712967241,0.0311974785794207,0.062030570560960396,0.8488015805698328,0.0155875215952811,-0.0031444031563446773,0.045111169849106306,0.0870657208181481,0.04014362507971203,0.6845552940985593,0.026763227910670803,-0.11039259470903273,-0.00300463268605,0,208.1620178222656
2018-07-18,-0.00300463268605,0.0331179560784887,0.0827649855096278,-0.19306693040060138,0.0155626480403225,-0.010776337782621215,0.03890696135511064,0.080293473667568,0.03983659158321018,0.6701220384065248,0.012179991614079724,-0.09909888739308892,-0.0060847136431396,0,207.5375061035156
2018-07-19,-0.0060847136431396,0.0056383120360163,0.047433392269224495,-0.4065933560801622,0.0149651083869161,-0.08004964260524983,0.03104677044591192,0.0705175425285807,0.03828223240115314,0.6407906798539051,0.010716569876367777,-0.2983926649692694,0.0088512315752285,1,206.27853393554688
2018-07-20,0.0088512315752285,0.012558310380563799,0.03248346824575529,0.5892372687887691,0.0150215066902048,-0.039727963357158336,0.038042831642735246,0.0770120004186486,0.0375410027293801,0.6638706103500724,0.014289796918704368,0.008125426447676887,0.0046097602132307,1,208.11245727539065
2018-07-23,0.0046097602132307,0.017602358426510596,0.029690757852380095,0.3066907791367954,0.0150306449584341,-0.03415657753934065,0.04048019350769297,0.0791780091854151,0.037192265570441085,0.675638471559171,0.01337059417033369,0.04580163645580004,0.0176704412079976,1,209.0740203857422
2018-07-24,0.0176704412079976,0.022042086667267195,0.053239565246687895,1.2886962379850366,0.013711874596318,-0.12033003370663653,0.0542652326248409,0.0953144041232488,0.0389362849386643,0.7169981718753061,0.016769883427741106,0.7617979947880082,0.0130968583908983,1,212.80128479003903
2018-07-25,0.0130968583908983,0.03814357774421549,0.0712615338227042,0.9558747507765379,0.0137014377461677,-0.1195947045343726,0.06333312789100795,0.1062701235217011,0.04037962751696966,0.7435078819759429,0.01999995790678896,2.2371571713160536,-0.2102388158856951,0,215.6066436767578
2018-07-26,-0.2102388158856951,-0.16601052449834,-0.1603722124623237,-4.211372973833046,0.0499216804571795,2.3358716266182014,-0.1341405344687375,-0.1027533242068107,0.0362497743703345,0.30100854793337606,0.03619655668697437,5.590432011258604,-0.0078028208105764,0,174.72561645507812
2018-07-27,-0.0078028208105764,-0.1826645768841449,-0.1701062665035811,-0.1563855162955334,0.0498947792315423,2.321556236704112,-0.13634350821746813,-0.1089732953787799,0.03169108679099697,0.2947332547091554,0.03962486534373814,1.1562512899202266,-0.0221429334518289,0,173.36756896972656
2018-07-30,-0.0221429334518289,-0.2094172705492045,-0.19181491212269391,-0.44264919744333064,0.0500236611287739,2.328111419510596,-0.15037764814368298,-0.127357138907135,0.027094990128556873,0.27732642103817723,0.05109321651995424,1.1520875619896147,0.0088466537050458,1,169.57089233398438
2018-07-31,0.0088466537050458,-0.2182410580521563,-0.1961989713848891,0.17731627601392644,0.0498919439541522,2.6385939503523104,-0.13752040189717632,-0.1186947543969858,0.02182735399376501,0.29511905560034907,0.02456834771223818,0.27494771107924865,-0.0054032946353885,0,171.0776824951172
2018-08-01,-0.0054032946353885,-0.2367412110784431,-0.19859763333422759,-0.10865101981382706,0.0497307309645783,2.6295994541513,-0.13762556941002568,-0.1222928520009613,0.017779652161735493,0.29040800468042777,0.024351925914376234,0.041645343170215954,0.0271261734925777,1,170.15579223632812
2018-08-02,0.0271261734925777,0.0006237782998297012,-0.1653867461985103,0.5463006764954524,0.0496542923332871,-0.0053561523058452964,-0.10897035367287841,-0.0974723693952128,0.01290415456439753,0.3473515225883277,0.03696767700957146,-0.027519837919973034,0.0079630002912533,1,174.8346405029297
2018-08-03,0.0079630002912533,0.0163895994016594,-0.1662749774824855,0.16158487405125588,0.049280604623471,-0.012309396244066906,-0.09603541332242665,-0.0894069179522114,0.007332693634136245,0.363777264701943,0.015187378926597644,-0.2622923471254205,0.0435317755828041,1,176.23240661621094
2018-08-06,0.0435317755828041,0.0820643084362924,-0.12735296211291208,0.8624910690501377,0.0504721464892914,0.008965464550125368,-0.051220011598237365,-0.0488683485023037,0.002478617935328664,0.4477453881603177,0.03990515539822067,0.4145468181929406,-0.0101760729671466,0,184.07354736328125
2018-08-07,-0.0101760729671466,0.0630415817641,-0.1551994762880563,-0.20156325727129268,0.0504857537276756,0.011901916952145042,-0.05606801491263405,-0.058390981814489,-0.002460947333657759,0.43311428843964295,0.02491704418631917,-0.07628453343706665,0.0074258151091376,1,182.20989990234375
2018-08-08,0.0074258151091376,0.0758706915086261,-0.160870519569817,0.1468612964083207,0.0505634587923798,0.016744733319818517,-0.04477454748926094,-0.0513183123175665,-0.006850492531481289,0.4472883712873144,0.01668653050489001,-0.393643402999315,-0.011350497949277,0,183.5679931640625
2018-08-09,-0.011350497949277,0.037394020066771394,0.038017798366601095,-0.22605858130003695,0.0502104272441311,0.011200137686207201,-0.04971490030513561,-0.061585073702974,-0.012491170704086452,0.42963984004786177,0.02233880429562956,-0.4643047908940964,-0.0155777209138482,0,181.4961853027344
2018-08-10,-0.0155777209138482,0.013853298861669897,0.030242898263329293,-0.31021835752375115,0.0502153419874758,0.01896765210464979,-0.05778684559910245,-0.0749978318607874,-0.0182665527235486,0.4062644869211037,0.014867458206145013,-0.4241259164095481,-0.0011657695731786,0,178.6907958984375
2018-08-13,-0.0011657695731786,-0.030844246294312802,0.05122006214197959,-0.02321760837344786,0.0502105795923321,-0.0051824008914461706,-0.052151609427149394,-0.0747518238430853,-0.02384370184168072,0.40450562595217365,0.020605424332043452,-0.5372604740721068,0.0058702959390641,1,178.48260498046875
2018-08-14,0.0058702959390641,-0.014797877388102103,0.0482437043759979,0.11721586247938459,0.0500810710674636,-0.008015779310632687,-0.039267861530297404,-0.0681388051243981,-0.03005098136936246,0.4181971758366175,0.018607533347796353,-0.4951916756044942,-0.0087623850914737,0,179.53343200683594
2018-08-15,-0.0087623850914737,-0.0309860775887134,0.04488461391991269,-0.1749990759655639,0.050071036336203,-0.009738701978413866,-0.04005435298223431,-0.0749919856076321,-0.036395427943173186,0.40331259811272524,0.03392188703447432,-0.14730181536846176,-0.0272720760922934,0,177.9671630859375
2018-08-16,-0.0272720760922934,-0.0469076557317298,-0.009513635664958407,-0.5426289411856556,0.0502591624263596,0.0009706187519884502,-0.05746649072389156,-0.0983318837199993,-0.04335696566108671,0.36101214074485116,0.0371494310620213,-0.21076798061848068,-0.0051650972346707,0,173.17921447753906
2018-08-17,-0.0051650972346707,-0.0364950320525523,-0.022641733190882408,-0.10309914769971353,0.0500983504705059,-0.002329796280170271,-0.05309074963332756,-0.101643582530378,-0.051275064509349266,0.3535705173854973,0.02405067814254011,-0.3801633703224566,-0.007507874342014,0,172.2870330810547
2018-08-20,-0.007507874342014,-0.0428371368213877,-0.07368138311570051,-0.15017977241207842,0.0499925803683677,-0.004341699015115386,-0.05023563274209457,-0.1068303265475417,-0.05958814181336736,0.342585845060502,0.021217412533967406,-0.4673789402801297,0.0006953336170925,1,170.9983673095703
2018-08-21,0.0006953336170925,-0.0480120991433593,-0.0628099765314614,0.014007524339186063,0.0496400077740578,-0.008806986032939501,-0.03844391077079508,-0.1044544376334528,-0.06864968939625005,0.3446097570023987,0.01610473211640157,-0.5099947579437675,0.0058915608024697,1,171.1173095703125
2018-08-22,0.0058915608024697,-0.0333581532494159,-0.0643442308381293,0.11906333998995766,0.0494825762738272,-0.01175250415079443,-0.020800405491744153,-0.0974057847007952,-0.07823265005284397,0.3625750533130548,0.012151581535177997,-0.5536882583509917,-0.0042708450858638,0,172.12843322753906
2018-08-23,-0.0042708450858638,-0.0103569222429863,-0.057264577974716104,-0.2671084292971862,0.0159891812366282,-0.6818653462429709,-0.024048887474054856,-0.0994257774941403,-0.07723428873911109,0.3549726812903746,0.015731644399777145,-0.40348621691887887,0.0100707005967366,1,171.39486694335938
2018-08-24,0.0100707005967366,0.004878875588420999,-0.0316161564641313,0.6260563891737906,0.0160859321474651,-0.6789129383224848,-0.014103938416345269,-0.0882056947874655,-0.07516183425267964,0.3876711487407437,0.01087895345933745,-0.4773136789520839,0.0159613415300172,1,173.12965393066406
2018-08-27,0.0159613415300172,0.0283480914604522,-0.014489045360935503,1.024311313446259,0.0155825102393098,-0.6883035417557787,-4.777380902060283e-05,-0.0717530753046198,-0.07170872729464206,0.43702158370367916,0.016229036255228924,-0.30061246506603767,-0.0067852625186386,0,175.9152069091797
2018-08-28,-0.0067852625186386,0.020867495324721097,-0.027144603818638206,-0.4348298237812667,0.0156044092367772,-0.6856485335819755,-0.00783841339446879,-0.0758984770498672,-0.06859776126613759,0.4214018567384943,0.013673004296025384,-0.3479981534939881,-0.0020443878483004,0,174.72561645507812
2018-08-29,-0.0020443878483004,0.012931546673951,-0.020426606575464905,-0.1314784769718248,0.0155492206434556,-0.6857637210033455,-0.011047639362725887,-0.0756932714998878,-0.06536779192832376,0.4165918624411753,0.011597460812496291,-0.21719569726623134,0.009843467460065,1,174.3687744140625
2018-08-30,0.009843467460065,0.0270458592198798,0.016688936976893498,0.6799298137768034,0.0144771817040755,-0.0945639123214762,-0.001621299690538149,-0.0641541026746495,-0.06263435203969037,0.44931223735189846,0.023024073136362462,0.04308314815429015,-0.010810381125156,0,176.09364318847656
2018-08-31,-0.010810381125156,0.0061647774979872,0.011043653086408199,-0.7421385444779584,0.0145665269720768,-0.09445552557721903,-0.011786743278867749,-0.0716959011914173,-0.06062371406686706,0.42137505584542906,0.015023043611413982,-0.21048399221025327,-0.0263499928609622,0,174.20025634765625
2018-09-04,-0.0263499928609622,-0.036146556892992204,-0.007798465432540001,-2.294582279813726,0.0114835685313064,-0.2630475863678916,-0.03353764090538853,-0.0929065980314272,-0.06142914575758118,0.3631874449828488,0.02973823456991105,0.36201224527094955,-0.0235276517043306,0,169.67002868652344
2018-09-05,-0.0235276517043306,-0.052888946078684204,-0.0320214507539631,-1.9251256114774404,0.0122213592526434,-0.2168009011299492,-0.051557796892709236,-0.111251407127807,-0.06293858501817962,0.32154358514510634,0.026677873604867616,0.43390362625850054,-0.0282085145362495,0,165.7246856689453
2018-09-06,-0.0282085145362495,-0.0790530727666333,-0.0661215260926823,-2.1814545881643035,0.0129310574188881,-0.1683790644304375,-0.07197567578593099,-0.1326080126382871,-0.06533485736346911,0.2810032099104336,0.04294589171207326,0.8253972616051131,0.0031327422161885,1,161.1151580810547
2018-09-07,0.0031327422161885,-0.0857637980105098,-0.05871793879063,0.24002965502511814,0.0130514798926019,-0.0984792372311144,-0.06370435831086008,-0.1268295078827579,-0.06742010403681453,0.2915525507788283,0.0274165935032782,0.057867400683722536,0.0069680372859173,1,161.6206817626953
2018-09-10,0.0069680372859173,-0.06798537959943651,-0.061820602101449296,0.5304607918964873,0.0131358196352371,-0.09821883689792932,-0.052783989094672946,-0.1176950978135415,-0.06852830607965343,0.3157235451751801,0.0173589412344212,-0.11824213339852685,0.0106628641340741,1,162.75079345703125
2018-09-11,0.0106628641340741,-0.0309725226044002,-0.06711907949739242,0.7862668252659307,0.0135613811894807,0.1809378898649654,-0.03871721970879833,-0.1055084072364846,-0.06948131069970198,0.3524547178364868,0.020911179761663543,-0.11279296673824746,-0.0240299355104746,0,164.49546813964844
2018-09-12,-0.0240299355104746,-0.031474806410544204,-0.08436375248922841,-1.7107881552616713,0.0140461198755489,0.1493091386304528,-0.056318008842046345,-0.1234050920629005,-0.07109077406312947,0.3120693950689696,0.016604953342013888,0.0330991085384571,-0.003958353823897,0,160.5897674560547
2018-09-13,-0.003958353823897,-0.0072246456981917,-0.08627771846482502,-0.28213863184242416,0.0140298185967945,0.08497071370988296,-0.05504517526645285,-0.1238938031352969,-0.07285917386395446,0.3059372622840587,0.01524545553149548,0.11014530046863391,0.005931812732138,1,159.95535278320312
2018-09-14,0.005931812732138,-0.004425575182242199,-0.090189373192752,0.4480341359048185,0.013239644609129,0.0144171172982277,-0.045964866799172034,-0.1152101076927102,-0.07258143697624375,0.3272910044416558,0.015401675007360388,-0.030240613507426573,-0.0107775324255127,0,160.90699768066406
2018-09-17,-0.0107775324255127,-0.0221711448936722,-0.09015652449310871,-0.8083929345496411,0.0133320467867732,0.014938325661058682,-0.05251078701559332,-0.1206059114422092,-0.07186902340780177,0.30874940418429203,0.014260762610664935,-0.0561487960957785,-0.0017450724660494,0,159.18212890625
2018-09-18,-0.0017450724660494,-0.0345790814937957,-0.06555160409819591,-0.13107546055166858,0.0133134948273671,-0.018278843330934436,-0.05074618038897213,-0.1178453919364372,-0.07068626974285985,0.30574793291905067,0.018028692043850516,0.0073066635219907194,0.0170710013939084,1,158.9045867919922
2018-09-19,0.0170710013939084,0.0065218554105873,-0.024952950999956904,1.2126391177059344,0.0140775612007332,0.002238434917462895,-0.031661394432587295,-0.0986409891292141,-0.06916960070736744,0.3706940669510866,0.024285580603202198,-0.11996402563218544,0.0179902290747104,1,161.64053344726562
2018-09-20,0.0179902290747104,0.028470438309194702,0.021245792611002994,1.2223051688755873,0.0147182794712877,0.04907125988432215,-0.011847347252980287,-0.0785582879216318,-0.06751076413466894,0.4320584250981153,0.01192624790136511,-0.15490185708710258,-0.0187877509724567,0,164.57479858398438
2018-09-21,-0.0187877509724567,0.0037508746046,-0.0006747005776422052,-1.2381217699892655,0.0151743967579373,0.14613323891445296,-0.027353288966326904,-0.0912711226043223,-0.06571536500654707,0.3893738212489604,0.02725098288220962,0.9322359652872374,0.0151065384731821,1,161.5116729736328
2018-09-24,0.0151065384731821,0.0296349455032948,0.007463800609622593,0.9783017500449727,0.0154415940403742,0.15823131191632878,-0.009817482298596756,-0.0731059370957221,-0.06391594849002424,0.4374126047281851,0.029139664825083483,-0.20016593515255898,-0.0030273931487453,0,163.97007751464844
2018-09-25,-0.0030273931487453,0.028352624820598898,-0.006226456673196807,-0.20450914633953282,0.0148032163985425,0.11189560596163983,-0.009088391074533065,-0.0715040024380548,-0.06298807159117303,0.43006645649387953,0.026923790812008887,0.12660914010750246,0.012294623774978,1,163.47442626953125
2018-09-26,0.012294623774978,0.0235762472016685,0.030098102612255793,0.8087953438839333,0.0152011554813579,0.07981455485103339,0.005983519998803805,-0.0554401462195891,-0.061058322524474296,0.469233259251593,0.030488148732752452,0.010669943753613298,0.011256990078413,1,165.49668884277344
2018-09-27,0.011256990078413,0.016843008205371098,0.045313446514565786,0.7253401807526841,0.0155196008398868,0.054443956588968945,0.019540473444420232,-0.0403471296143128,-0.0587397995651987,0.5032899392200222,0.02700780417850791,0.07247629182302173,-0.0262839669518541,0,167.37020874023438
2018-09-28,-0.0262839669518541,0.009346792225973698,0.013097666830573687,-1.6272645130727845,0.0161522399958331,0.06444033680510675,-0.002940311716940025,-0.0605828023633117,-0.057812477350911995,0.4338183850558769,0.03788152421991695,0.3216336826514752,-0.0123589306159915,0,163.0283660888672
2018-10-01,-0.0123589306159915,-0.0181186768631999,0.011516268640094888,-0.7633208628927087,0.0161910033077776,0.048531859174899106,-0.011203576752201372,-0.0670589117579472,-0.05648820494544626,0.4059846128451438,0.028441334071286257,0.002424666881138071,-0.0193310183628776,0,161.02590942382812
2018-10-02,-0.0193310183628776,-0.0344223020773322,-0.0060696772567333124,-1.2274006318814596,0.0157495587510375,0.06392815770687332,-0.0266297846920886,-0.0794664498218547,-0.05428218811179886,0.3669498158369203,0.022657381339764214,0.3517576958104365,0.0192697068682942,1,157.94300842285156
2018-10-03,0.0192697068682942,-0.027447218984016003,-0.0038709717823475105,1.2192837446933669,0.0158041202075898,0.039665716660246764,-0.006249488814953344,-0.0558568382460103,-0.049919319660928,0.4261758775007478,0.02542636870677077,-0.11960673646851805,-0.0222869235535371,0,161.0160369873047
2018-10-04,-0.0222869235535371,-0.0609911326159661,-0.04414812441059501,-1.4543377019162589,0.015324448733036,-0.012574557094873318,-0.027056890199818773,-0.0703274421661494,-0.044473876766769393,0.3817569146171082,0.025873468381696175,0.010969821453435058,-0.009614698468506,0,157.46717834472656
2018-10-05,-0.009614698468506,-0.044321864132617995,-0.03497507190664431,-0.6242476259095169,0.0154020585252488,-0.04644442323651876,-0.03467860890861107,-0.0771783788709431,-0.04402654945238704,0.36439156888888663,0.029873494524516597,0.00828454742440754,-0.0005086890221122,0,155.96043395996094
2018-10-08,-0.0005086890221122,-0.0324716225387387,-0.05059029940193861,-0.03331591821837974,0.0152686478210757,-0.056967160661305805,-0.03311393070220381,-0.0757350565439803,-0.0440808148913866,0.3634543353488273,0.02511921747689801,-0.06526325282634837,0.0041250670615419,1,155.88111877441406
2018-10-09,0.0041250670615419,-0.009015537114319197,-0.043437839191651416,0.2741245913354153,0.0150481466892349,-0.04453534685575833,-0.026711465982282735,-0.0704765513788985,-0.04496619847760286,0.3774629007128341,0.020075986646481338,-0.26516094930423983,-0.0421685792872354,0,156.5254669189453
2018-10-10,-0.0421685792872354,-0.0704538232698488,-0.09790104225386481,-2.5020815808557457,0.0168533990297843,0.06639273862841111,-0.06383623841638839,-0.1066284437571247,-0.04571017069529504,0.30496471282307186,0.04214562476564475,0.17862911687526584,0.0129295526861558,1,150.06224060058594
2018-10-11,0.0129295526861558,-0.035237347030155894,-0.09622847964612201,0.7498864577165727,0.0172420138450382,0.12513109903055564,-0.04929880029806281,-0.0930435653258703,-0.04601315854184507,0.3458468156873575,0.036843780056131606,0.3353017114422936,0.0025401188920793,1,152.01507568359375
2018-10-12,0.0025401188920793,-0.023082529669570594,-0.0674043938021886,0.14793267664920642,0.0171707762585997,0.11483645062453274,-0.044339158453379504,-0.0882964116461246,-0.045996708541082065,0.3539490474007822,0.036360063341738275,-0.05058919885921309,-0.0014321713526721,0,152.40170288085938
2018-10-15,-0.0014321713526721,-0.024006012000130493,-0.05647763453886921,-0.08391625079998816,0.017066674678849,0.11775940337633806,-0.04360826210126822,-0.0869741293731259,-0.04534320566919159,0.3513055653934305,0.019671731295037985,-0.4145699202698361,0.0336885948115468,1,152.18359375
2018-10-16,0.0336885948115468,0.005557515749874405,-0.0034580213644448132,1.7856807463085609,0.0188659674363345,0.2537070395406753,-0.010371345135754174,-0.0526593238313484,-0.04273115828623131,0.4559208588793621,0.028026276868894206,-0.2678908246930205,0.0040227374063433,1,157.3977813720703
2018-10-17,0.0040227374063433,0.0517488324434531,-0.018704990826395713,0.21805577577121432,0.0184482038694723,0.094628082849612,-0.0052539205393357935,-0.0460644153587918,-0.04102604238619656,0.4671805687175749,0.01593281002443678,-0.32588829219477733,-0.0286332998615934,0,158.0322265625
2018-10-18,-0.0286332998615934,0.010185979895703912,-0.02505136713445201,-1.5192855042645335,0.0188465563458755,0.09306004015876868,-0.029973585808408698,-0.0696221351654951,-0.04087368011532866,0.4038907492294293,0.03472763327137032,-0.17376318542078995,-0.0056317306081531,0,153.5714111328125
2018-10-19,-0.0056317306081531,0.0020141303954715082,-0.02106839927409911,-0.30425338867305624,0.0185100012614973,0.07799443558801666,-0.03273206467445932,-0.0716088014305882,-0.04019231418339597,0.39281092230245657,0.024667335128069373,-0.2070691395440426,0.0047273484284659,1,152.70896911621094
2018-10-22,0.0047273484284659,0.00817365017660951,-0.01583236182352101,0.26084907921123013,0.0181229254968456,0.061889667312029495,-0.024894450521814868,-0.0643360315147277,-0.04044852479202843,0.4074975831859011,0.018606988284901427,-0.3763247040062365,-0.002522731675975,0,153.43258666992188
2018-10-23,-0.002522731675975,-0.02803767631091229,-0.02248016056103791,-0.13919512338618367,0.0181237073153484,-0.03934386738930551,-0.02411742788494867,-0.0637890279417133,-0.04065202227229403,0.40190466163536365,0.02539023372266518,-0.21437696328616307,-0.0556013228782574,0,153.04600524902344
2018-10-24,-0.0556013228782574,-0.08766173659551299,-0.03591290415205991,-2.628273546590529,0.0211550745737197,0.14672814347670315,-0.07075598008144582,-0.1106402298166987,-0.0429211798842124,0.305287240850578,0.061969242735017895,0.13566954302814915,0.0330681417702658,1,144.76869201660156
2018-10-25,0.0330681417702658,-0.025960294963653797,-0.015774315067949914,1.4606637002919514,0.0226391206707309,0.20123380925690393,-0.034015853478922886,-0.0775280122496004,-0.04504438186421955,0.39707336728115117,0.034514785155335855,-0.08548736539755941,-0.0376662828237688,0,149.63595581054688
2018-10-26,-0.0376662828237688,-0.05799484717926949,-0.05598071678379801,-1.6152407485180822,0.0233192995275324,0.2598216066056642,-0.06400693881003869,-0.1084317929178544,-0.04746280282391924,0.34180405673144976,0.035770771981180054,0.3030014366886107,-0.022821679360448,0,144.10455322265625
2018-10-29,-0.022821679360448,-0.08554387496818339,-0.0773702247915739,-0.9677850497159428,0.0235813514242098,0.3011890066156411,-0.07909277367530919,-0.1251456155986269,-0.05000812308435565,0.3141254110892717,0.06897039414691353,0.29115034949908214,0.0286518332219322,1,140.85308837890625
2018-10-30,0.0286518332219322,-0.054369310070276185,-0.0824069863811885,1.1625950969428667,0.02464472222296,0.3598057943745956,-0.048282191573788234,-0.0967939824537805,-0.050972872894133214,0.38198730133101827,0.04718912487266087,1.0215108311297536,0.0373855589554327,1,144.94715881347656
2018-10-31,0.0373855589554327,0.038617571763413905,-0.049044164832099106,1.445728552852769,0.0258593211579463,0.22236965262559472,-0.008595301950219555,-0.0599689556358482,-0.05181905410241372,0.4596391089220105,0.04901500435929516,1.2388345199955073,-0.0002636966594974,0,150.46865844726562
2018-11-01,-0.0002636966594974,0.005285733333650707,-0.02067456163000311,-0.010349865316084629,0.0254782696628517,0.125408978264399,-0.0065532375483122705,-0.0576618607958189,-0.05144575953056374,0.4591926616609794,0.022405231607804815,-0.04467833695014134,-0.0092683470499394,0,150.42898559570312
2018-11-02,-0.0092683470499394,0.03368366910748011,-0.02431117807178941,-0.36384779214053664,0.025473143578564,0.0923631538969949,-0.013464308458313267,-0.0637333016286958,-0.05095506792240412,0.44298370796127334,0.034386418084916985,-0.07762746283811528,-0.0111698334992833,0,149.04119873046875
2018-11-05,-0.0111698334992833,0.04533551496864481,-0.04020835999953861,-0.4372471199725188,0.025545813772279,0.0833057577036227,-0.021671715806607185,-0.07112868014356,-0.05055252427637713,0.42376700463255923,0.018496099915721632,-0.39467398612668214,0.0084388155760444,1,147.3856964111328
2018-11-06,0.0084388155760444,0.025122497322757002,-0.029246812747519207,0.3293136521956075,0.0256254653269943,0.03979525900765091,-0.010790218054548792,-0.0600247350591141,-0.04977156302249375,0.4433857368748223,0.019807930988021468,-0.36568134803417396,0.0105485001559599,1,148.6347198486328
2018-11-07,0.0105485001559599,-0.0017145614767157934,0.03690301028669808,0.43953205035952586,0.0239993878656437,-0.0719250625699841,-0.00034975802843347496,-0.0471023204403854,-0.046768920217279075,0.46800082773762375,0.020985895211501477,-0.1533174800151631,-0.0244501469236919,0,150.2108917236328
2018-11-08,-0.0244501469236919,-0.025901011740910293,-0.020615278407259612,-1.002229006539713,0.0243957685959502,-0.04248722857658682,-0.022728456388257632,-0.0668285414883753,-0.045125723130272744,0.4217645629350873,0.028403307546698005,-0.04483943588650163,-0.0198754997646794,0,146.58274841308594
2018-11-09,-0.0198754997646794,-0.03650816445565029,-0.0028244953481702147,-0.8047421375145324,0.0246979732241503,-0.03043088702511043,-0.03917275759110883,-0.081403741413091,-0.04395273360079266,0.3888693821228518,0.025455208414144,-0.30360861991770416,-0.0238047918254915,0,143.69810485839844
2018-11-12,-0.0238047918254915,-0.04914312278185849,-0.003807607813213716,-0.9473048028454372,0.0251289677345545,-0.016317586961228203,-0.05803820805320654,-0.0991099504713739,-0.04360234435123178,0.35402409286973524,0.03214403175466583,-0.25939461767881256,0.0043001769393496,1,140.3177947998047
2018-11-13,0.0043001769393496,-0.0532817614185533,-0.02815926409579632,0.18206116117116905,0.0236194085091366,-0.07828372254940041,-0.0487183128195416,-0.0918753815823696,-0.04536728641412513,0.36498597107424635,0.022931975813488874,-0.39029551241036153,0.014386627577888,1,140.9224853515625
2018-11-14,0.014386627577888,-0.0494436339966252,-0.05115819547334101,0.6006607264923379,0.0239513371581678,-0.002002163877883101,-0.030000591773389214,-0.0760056607207986,-0.047427935065978644,0.40189756344679045,0.02794341107465162,-0.11931810245782737,-0.0025684754398699,0,142.96453857421875
2018-11-15,-0.0025684754398699,-0.027561962512803198,-0.053462974253713505,-0.11024198400852409,0.0232985233617648,-0.04497686678203483,-0.028873566223597703,-0.0761645888890455,-0.04869708106033954,0.39742966295399623,0.027876220623517623,0.1894712436795254,-0.0304916737845294,0,142.59780883789062
2018-11-16,-0.0304916737845294,-0.038178136532653194,-0.0746863009883035,-1.267454462460495,0.0240574116764213,-0.025935794079760432,-0.05339846379789694,-0.1011946055182865,-0.05049235596231372,0.34868277176576057,0.028667670285922178,0.41287883744512377,-0.0588924214161222,0,138.3153839111328
2018-11-19,-0.0588924214161222,-0.07326576612328389,-0.12240888890514241,-2.200411915875574,0.0267642712672223,0.06507643091200754,-0.1004479922072496,-0.1490215485469546,-0.05399749644146856,0.28029211408723825,0.04971488509627534,0.5950957745298915,0.0066667714387202,1,130.40487670898438
2018-11-20,0.0066667714387202,-0.07089917162391329,-0.12418093304246662,0.24743162765653148,0.0269438935590505,0.14075225671412994,-0.08758018749277012,-0.1395991081364082,-0.05701204635254009,0.2966739002230429,0.055199015270542634,0.44847925134074007,0.0178862916626918,1,131.27716064453125
2018-11-21,0.0178862916626918,-0.06739950753910949,-0.1168431415357347,0.7153194769710136,0.025004619947482,0.04397594933254134,-0.06750929364942654,-0.1209667155259861,-0.05732756531780603,0.3405769940273582,0.022696909897319633,-0.1168747051663438,-0.0231859069049938,0,133.64634704589844
2018-11-23,-0.0231859069049938,-0.0880169390042334,-0.11557890151703662,-0.9763232047088202,0.0237481878881582,0.019300129858501824,-0.08278465799552111,-0.1377820132622229,-0.05996122475067933,0.3133436544948333,0.024595806560758212,-0.5804328607330149,0.0346905533562925,1,130.58328247070312
2018-11-26,0.0346905533562925,-0.02283471186341149,-0.0610128483960647,1.4273015693605708,0.0243049920920593,0.010291232447115384,-0.047426233984217823,-0.1043047943424488,-0.059710399747969434,0.3921183447230717,0.03094296135514325,-0.1327444066560748,-0.0101701711922325,0,135.19277954101562
2018-11-27,-0.0101701711922325,0.02588753836047821,-0.0473782277628057,-0.4250156285240716,0.0239289346312979,-0.10593737477906917,-0.054724401827774674,-0.11037887054045,-0.05887644705976569,0.37824975596219107,0.02148143627025481,-0.24401757861420403,0.0129526415308008,1,133.82481384277344
2018-11-28,0.0129526415308008,0.03217340845255881,-0.0387257631713545,0.5608626888614376,0.0230941401309738,-0.14288036803736415,-0.03921886132241361,-0.0959762659740522,-0.05907422863208911,0.40705361468175477,0.03612158073295512,0.12998424893385474,0.0139415838999806,1,135.56947326660156
2018-11-29,0.0139415838999806,0.028228700689847612,-0.03917080684926191,0.6498123211763405,0.0214547853982554,-0.1419671467385799,-0.021222879126436122,-0.0803201837685727,-0.06037871480832324,0.4376600390641766,0.03122297418328941,-0.015525595981147,0.0138211541208933,1,137.47276306152344
2018-11-30,0.0138211541208933,0.06523576171573471,-0.022781177288498707,0.6331377358061875,0.0218296167472857,-0.08078810686137339,-0.0036844251236064244,-0.0643676177923404,-0.06090760216838187,0.4674196809913447,0.02567385388437165,0.04495555326795819,0.0034078356295722,1,139.385986328125
2018-12-03,0.0034078356295722,0.03395304398901441,0.011118332125602889,0.15598729695487895,0.0218468791760521,-0.10113613313251357,0.0030071777957391055,-0.0584370374682783,-0.06125999556558559,0.47486286032925257,0.020695997198499662,0.007637914227843101,-0.0226516752574241,0,139.86180114746094
2018-12-04,-0.0226516752574241,0.02147153992382281,0.04735907828430099,-1.0196256738099712,0.022215677615083,-0.07159771392304437,-0.015696132963822496,-0.0761367739532986,-0.06140445345548429,0.43205270558676107,0.04516781018167174,0.19565817733080637,0.0122496072480741,1,136.72930908203125
2018-12-06,0.0122496072480741,0.020768505641096113,0.05294191409365489,0.5482837876104818,0.0223417279972112,-0.032580218596381716,0.00011450819238527658,-0.0615721922762367,-0.06167963764480844,0.46024413733661773,0.04318555158941449,0.08843324874457248,-0.0159540541378382,0,138.41448974609375
2018-12-07,-0.0159540541378382,-0.009127132396722687,0.019101568293124892,-0.7171483779361472,0.0222465177760727,0.036902367612666964,-0.010715703756905233,-0.0727445522110862,-0.06270073091197514,0.43033867398282455,0.030635944630870465,-0.18136704808770965,0.0317284308110464,1,136.22373962402344
2018-12-10,0.0317284308110464,0.008780144293430412,0.07401590600916509,1.3691544177640789,0.0231737416900433,0.061573455838372926,0.02339356260038193,-0.0393534748742785,-0.061312714646380995,0.5004152158292509,0.02848084858010981,0.016037012661528127,0.0016198939486837,1,140.61520385742188
2018-12-11,0.0016198939486837,0.0069922026125419125,0.04094524660155628,0.07104693346745779,0.0228003359135222,0.04364269742084037,0.026118736803460652,-0.0348705003547223,-0.05943682243652926,0.5038274174759145,0.01956643259761874,-0.2238114310239515,0.016889174416601,1,140.84317016601562
2018-12-12,0.016889174416601,0.04653305228656701,0.06800459221038979,0.7515705298270562,0.0224718422906861,0.011530806309017372,0.04248569574333815,-0.0160336354137186,-0.056134421216523234,0.5394734338394654,0.032387598163116454,-0.10278319365020594,0.0035234737470687,1,143.24209594726562
2018-12-13,0.0035234737470687,0.03780691878556161,0.05857542442665768,0.15683187601276458,0.0224665663425586,0.005587676358918214,0.04509092485595038,-0.0106310494128712,-0.05331782426156073,0.5468623929372007,0.018343588461993757,-0.3167434119007255,-0.0065729076156824,0,143.74769592285156
2018-12-14,-0.0065729076156824,0.047188065307717415,0.03806093291099469,-0.2947875609582191,0.0222970996276671,0.0022736974884582928,0.03830402110909045,-0.0146427773885418,-0.05099354083313268,0.5298110290888399,0.024295432870436184,-0.1793739438853268,-0.0272312874713807,0,142.8059539794922
2018-12-17,-0.0272312874713807,-0.011771652974709688,-0.002991508681279318,-1.1783057335236409,0.0231105448243449,-0.0027270894162746417,0.011745635018602775,-0.038659307327076,-0.04981977742335608,0.46605959021046767,0.04636564581498423,-0.07293626503492678,0.0244507192572947,1,138.96963500976562
2018-12-18,0.0244507192572947,0.01105917233390131,0.018051374946443183,1.0762395480786522,0.0227186589648607,-0.0035822695319615017,0.035245627502988736,-0.0130136971191736,-0.04661630374480674,0.5216404430068698,0.04246130230564273,-0.03560657716072391,-0.0752974376668426,0,142.409423828125
2018-12-19,-0.0752974376668426,-0.0811274397495423,-0.03459438746297532,-2.9908908016092766,0.0251755890339855,0.12031709320156736,-0.04042753550099566,-0.0815722014240909,-0.04287812275290437,0.39026463396336264,0.09314022178381032,1.184897330009325,0.001200064800191,1,132.0801239013672
2018-12-20,0.001200064800191,-0.08345084869642,-0.04564392991085842,0.04774223027936606,0.0251363372253194,0.11883306251847814,-0.0396107509908755,-0.0773530445472488,-0.03929895466376132,0.3927933336608595,0.04175417975311878,0.53859164566106,-0.0654385463384934,0,132.2387237548828
2018-12-21,-0.0654385463384934,-0.142316487419231,-0.09512842211151362,-2.277855180708594,0.0287281416714722,0.2884250486025193,-0.09723767576968145,-0.1326255024671792,-0.039199494426917836,0.31782388970147907,0.09187671875089694,1.0495436193698016,-0.0071481781410448,0,123.86227416992188
2018-12-24,-0.0071481781410448,-0.1222333780888951,-0.1340050310636048,-0.25187105474400445,0.0283803081235755,0.2280241915231429,-0.10117732641902406,-0.1352871948977187,-0.037949497138071164,0.3110892703775818,0.054167410787863315,-0.21951060775491515,0.0784167632777199,1,122.98004150390624
2018-12-26,0.0784167632777199,-0.06826733406846991,-0.05720816173456862,2.3922241201232444,0.0327798564599708,0.4428605363842957,-0.02708199920219587,-0.0621925617674696,-0.036087894906336127,0.45302152405401325,0.062229889397085625,0.3676504334051358,0.0025307884984553,1,133.01193237304688
2018-12-27,0.0025307884984553,0.009560892096828009,-0.07156654765271432,0.07736575426058152,0.032711999290166,0.2993538799035371,-0.02444686214141668,-0.0573124915774253,-0.03368922528213214,0.4570687828166467,0.039548075789853795,0.055293453764686085,-0.0098610756755512,0,133.34898376464844
2018-12-28,-0.0098610756755512,-0.0015002483789141926,-0.08495109707533423,-0.30223037389295654,0.0326276791724573,0.2980283833713051,-0.03277102418657307,-0.0632041384827235,-0.03146422931607962,0.44335352683065304,0.02792793773222543,-0.22525757011854508,-0.0159678579241668,0,132.0404815673828
2018-12-31,-0.0159678579241668,0.04797044003541241,-0.09434604738381862,-0.49016016001327883,0.0325768171850895,0.13396882950626554,-0.04546249113813768,-0.0743553633504687,-0.030268975230508643,0.4215764337692457,0.03577696675890925,-0.15741632262298488,0.0344152210989238,1,129.94882202148438
2019-01-02,0.0344152210989238,0.08953383927538101,-0.032699538813514124,1.0290329305511414,0.0334442368919052,0.17843107080726495,-0.010263565475235837,-0.03933433359617,-0.02937223194667271,0.48126689129231076,0.06596401408738982,-0.04090488103911116,-0.0294689976299747,0,134.49888610839844
2019-01-03,-0.0294689976299747,-0.01835192163231359,-0.08661925570078352,-0.8672635863141525,0.0339792862227932,0.03659045195292676,-0.035716091235363144,-0.0642749192512671,-0.029616617840788506,0.43935455356189385,0.04592381053203912,-0.22309535180328133,0.0460611614727904,1,130.59317016601562
2019-01-04,0.0460611614727904,0.02517845134202151,0.03473934343884949,1.3019609381110793,0.0353782975544698,0.08150826370020581,0.009731371920474578,-0.0178180823226212,-0.02728394403622192,0.5115566669424287,0.030808264545265543,-0.005970258727206246,0.0007246878663237,1,136.74913024902344
2019-01-07,0.0007246878663237,0.03576421488389641,0.034263966504982195,0.020551486164263742,0.0352620662336252,0.08074086566940752,0.011048001271767893,-0.0148137562699907,-0.02557915896102647,0.5126451676398481,0.021441444329185388,-0.3017238532700032,0.0319366234280663,1,136.8482666015625
2019-01-08,0.0319366234280663,0.08366869623612952,0.1316391362715419,0.8924705967381201,0.035784510486722,0.09846552176683088,0.04190894706809175,0.0176674017657765,-0.023266471960462942,0.5599543762603986,0.025257883493636477,-0.09507769025986568,0.011856598015535,1,141.28927612304688
2019-01-09,0.011856598015535,0.06111007315274071,0.1506439124281217,0.33701396829862434,0.0351813251996398,0.05193983983994088,0.05341960740190203,0.0307944593664976,-0.021477811763164212,0.5767444466954781,0.023781410090732914,-0.22929497491535777,-0.0002080264821263,0,142.97445678710938
2019-01-10,-0.0002080264821263,0.0903710443005891,0.07201912266827551,-0.005912943368218609,0.0351815448198639,0.035382102766603474,0.05238573597618725,0.0307524321494883,-0.02055643960874476,0.5763265263200653,0.025797512478716207,-0.43626144673317446,-0.0027777581849924,0,142.94471740722656
2019-01-11,-0.0027777581849924,0.04153212464280631,0.06671057598482781,-0.07940830129931417,0.0349807027671097,-0.011238381008807696,0.04973465151528261,0.0276420024375539,-0.02104593674776578,0.5703918679006292,0.019401900048142743,-0.5400552446814879,0.0109963261878293,1,142.54820251464844
2019-01-14,0.0109963261878293,0.05180376296431191,0.0875679778482083,0.31361746555543785,0.0350628628681571,-0.005649225548732595,0.06119440031617868,0.0391279227778329,-0.02079400111023122,0.588529891338694,0.03645369746204942,-0.27188633502851467,0.0241909770702323,1,144.12435913085938
2019-01-15,0.0241909770702323,0.044058116606477904,0.1277268128426074,0.6828553391642377,0.0354262106229413,-0.01001270826140399,0.08524204206262655,0.0650043084491927,-0.018648129015504833,0.626548115494097,0.03148699079360762,-0.14941468145811299,-0.0095114202303087,0,147.65338134765625
2019-01-16,-0.0095114202303087,0.02269009836063421,0.08380017151337489,-0.2726679073295869,0.0348828005593331,-0.008485315394252235,0.07209815071259336,0.0555581093757973,-0.015427730498184578,0.6027919524327959,0.01796119030143306,-0.3558009790015356,0.0051380502480066,1,146.25564575195312
2019-01-17,0.0051380502480066,0.02803617509076711,0.1184072193913562,0.1488854238055906,0.0345100958621422,-0.019085260785438596,0.07580719038267694,0.0613068893280177,-0.013478531454601317,0.6113460035923913,0.01685772048924023,-0.4266349161500913,0.0116645749313389,1,147.00904846191406
2019-01-18,0.0116645749313389,0.042478508207098406,0.0840106328499047,0.396549642470686,0.0294151694568762,-0.15910295877378544,0.08183723243201402,0.0735500886208052,-0.007660250140013147,0.6309414412384851,0.02585970273021884,0.1835794260500303,-0.0165995161288559,0,148.73388671875
2019-01-22,-0.0165995161288559,0.014882665890413212,0.0666864288547251,-0.5564265183533718,0.0298323598558507,-0.149175012661518,0.05861951597406272,0.0562349897201663,-0.0022524865807922456,0.5857895872984333,0.034966479677490295,-0.11619248771315738,-0.0224079449544275,0,146.2853546142578
2019-01-23,-0.0224079449544275,-0.0317162561342466,0.012341860472231299,-0.8700673980747416,0.0257542634099509,-0.27301670268755884,0.028026765457600907,0.0339002005482652,0.005713309505176012,0.5315568784789007,0.03977827700464584,-0.14404340939744797,0.0105472819659149,1,143.04385375976562
2019-01-24,0.0105472819659149,-0.011657553938022992,0.0110325444226112,0.41299558904505407,0.0255384857506657,-0.26787742551729476,0.030932425597416886,0.0451682734289968,0.013808710908797428,0.5524361470643374,0.026880601520437798,-0.1054255679963868,0.0215717199951845,1,144.56056213378906
2019-01-25,0.0215717199951845,0.004776115809154907,0.032812290899922,1.0882437930243725,0.0198225068072604,-0.4256026733033269,0.047919840130930334,0.0673396638456315,0.018531783606916763,0.5930359837739027,0.02207911325552691,-0.013906161623126856,-0.0103887695613557,0,147.71286010742188
2019-01-28,-0.0103887695613557,-0.017277228683539696,0.0252012795235587,-0.516245014519378,0.0201237189109276,-0.31587275264792325,0.03238854006567058,0.055413638521031,0.022302745102048327,0.5662467138051493,0.018647860427453058,-0.287492772589663,-0.0224928019480669,0,146.18624877929688
2019-01-29,-0.0224928019480669,-0.023170514502750695,-0.0082878486123375,-1.0819794867373,0.0207885659790961,-0.30315382089965426,0.0055581884454729965,0.0316396590639921,0.025937306182986175,0.5130848483627449,0.03238791420113969,-0.18052436476126033,0.0422994979742156,1,142.934814453125
2019-01-30,0.0422994979742156,0.041536928425892405,0.0098206722916458,1.9313661423725825,0.0219013355604613,-0.14960349625067937,0.041982014946407485,0.0752596228992901,0.03193683525775093,0.5915283490356849,0.03490227405868872,0.9814249736239777,0.1027044427507849,1,149.11058044433594
2019-01-31,0.1027044427507849,0.1336940892107624,0.1220365352727394,3.403140817184188,0.0301793103101047,0.1817188616720562,0.1424166014966512,0.1876855867719232,0.039625636756299265,0.7188951831435846,0.04007434505935264,2.093045137811906,-0.005896509224591,0,165.23895263671875
2019-02-01,-0.005896509224591,0.10622585999098691,0.11100197580014179,-0.20345922176295436,0.0289812827037198,0.4620392357794427,0.12263187862670635,0.1763145050718079,0.04781854806294161,0.7046428725793011,0.020759171456351096,0.2140724660156066,0.0211377399876625,1,164.26748657226562
2019-02-04,0.0211377399876625,0.1377523695400051,0.1204751408564654,0.7567437196829925,0.0279324947639041,0.3880384081858832,0.1345850526608525,0.1950474537529821,0.053290320501166555,0.7257907644539998,0.03355986962818495,-0.19618746692738287,0.0112216882924472,1,167.7766876220703
2019-02-05,0.0112216882924472,0.1714668597805192,0.1482963452777685,0.4030333082487592,0.0278430791271499,0.3393458286226887,0.13479497686316355,0.2019595173410079,0.059186497867220744,0.7367430500040968,0.01922174115296045,-0.09950639920525661,-0.0039219773761389,0,169.67002868652344
2019-02-06,-0.0039219773761389,0.1252453844301647,0.1667823128560571,-0.14230674407982133,0.0275600246601034,0.2583718734421745,0.11997227929648288,0.1912865708463107,0.06367505059555967,0.7257921546751861,0.018769410787370166,-0.4556988975415017,-0.0244023844228014,0,169.00588989257812
2019-02-07,-0.0244023844228014,-0.001861442743421586,0.1318326464673408,-0.8551872413592693,0.0285345515492201,-0.054499547669712545,0.08507874762306883,0.1569658007810178,0.0662505401708604,0.6608933407306192,0.02398128005810765,-0.27511529604548535,0.0056935603698324,1,164.93165588378906
2019-02-08,0.0056935603698324,0.009728626851001815,0.1159544868419887,0.19987923781297282,0.0284850014044974,-0.01712420061927411,0.08310518386745812,0.1585848565073972,0.06968822028016053,0.6682768672495186,0.01888476883249418,-0.47634366869588673,-0.0092460874138212,0,165.87338256835938
2019-02-11,-0.0092460874138212,-0.020655200550481884,0.11709716898952321,-0.32280016082711477,0.0286433792044274,0.025450087667856502,0.06555339832911312,0.1430481594565761,0.0727272431855428,0.6438048346909665,0.019422168714041673,-0.4658222918455258,-0.0045341402003768,0,164.34677124023438
2019-02-12,-0.0045341402003768,-0.036411029043305884,0.1350558307372133,-0.1577478589096877,0.0287429587426137,0.03231968746539682,0.054076842981013847,0.133457167321755,0.07530791030020856,0.6316727926949245,0.023267065524131308,-0.31463261038473167,-0.0058944655241301,0,163.60328674316406
2019-02-13,-0.0058944655241301,-0.03838351719129708,0.0868618672388676,-0.2064896733440564,0.0285460547671488,0.0357775480684821,0.04284659624974969,0.1228796980151512,0.07674484632084333,0.6155184014633093,0.015176481879735542,-0.38977426961907014,-0.0007318635572946,0,162.6417694091797
2019-02-14,-0.0007318635572946,-0.014712996325790284,-0.0165744390692119,-0.02578721593223198,0.0283808674506746,-0.005385895001027374,0.03667719430044893,0.1184849450888649,0.07891342766888965,0.6134276968784795,0.01598045236935634,-0.4457853626192759,-0.0088834097715278,0,162.5227813720703
2019-02-15,-0.0088834097715278,-0.029289966467150486,-0.0195613396161487,-0.31107628527948655,0.0285570137998353,0.002528081158055695,0.02291645090239761,0.1053639681581535,0.08060044120223342,0.5874689174161106,0.023630746694711515,-0.3259171935157724,-0.0012932614963823,0,161.08541870117188
2019-02-19,-0.0012932614963823,-0.021337140549711583,-0.041992341100193495,-0.04532255063899252,0.0285346141854087,-0.00379721324926241,0.017670675012925536,0.1002889572269162,0.08118371123638934,0.5836165421775827,0.0235380628717796,-0.35283496172719897,0.0016623360463848,1,160.87722778320312
2019-02-20,0.0016623360463848,-0.015140664302949983,-0.0515516933462559,0.0590891965398629,0.0281326561152909,-0.021233117745041885,0.014595306204385606,0.0987034360404139,0.08289820514809798,0.5873629002377414,0.015194397501223152,-0.45597005008983815,-0.015623279463241,0,161.14488220214844
2019-02-21,-0.015623279463241,-0.024869478242060886,-0.063252995433358,-0.5614619770406288,0.0278260685533661,-0.025221916641569364,-0.006015220920401235,0.0783741750023136,0.08490008871248222,0.5386510963505455,0.016558418310700162,-0.2710585082521877,0.0114933862891614,1,158.64683532714844
2019-02-22,0.0114933862891614,-0.012644228395604883,-0.0273572247213952,0.4128893270295218,0.027836481925675,-0.019181426570055615,0.00048520450179945993,0.0879018022873416,0.0873742034286975,0.5670392957105159,0.012971808706115095,-0.25042817314289134,0.0167225236795515,1,160.48074340820312
2019-02-25,0.0167225236795515,0.012961705055474417,-0.0163282614116761,0.6035396781495456,0.0277074139198649,-0.029751005687271848,0.012472844799831692,0.1029061101927887,0.08931920086294842,0.6056055390265405,0.019256551584014854,-0.10698064126235474,-0.0029807944932421,0,163.18695068359375
2019-02-26,-0.0029807944932421,0.011274172058614617,-0.010062968491097,-0.10823454446942772,0.0275401398680443,-0.034851507397388515,0.004314001581220621,0.0967387052187032,0.0920276960113735,0.5953554145062742,0.014866278978961825,-0.3403322817522608,-0.008074969925288,0,162.7012481689453
2019-02-27,-0.008074969925288,0.0015368660869418162,-0.013603798216008201,-0.29956765237422883,0.0269554134476459,-0.04184612582688685,-0.009406366687869497,0.0853363945474417,0.09564240880342734,0.567488418375263,0.0216202264385213,-0.38507292679135197,-0.0083885618410247,0,161.39273071289062
2019-02-28,-0.0083885618410247,0.008771583709158117,-0.0160978945329028,-0.3260882059759287,0.0257248244103742,-0.07551351133064443,-0.02096642765095707,0.0737804746259454,0.0967759481930448,0.5394703743850073,0.016351808235058517,-0.41423560017371286,0.005127801841221,1,160.04454040527344
2019-03-01,0.005127801841221,0.0024059992612177165,-0.0102382291343872,0.4695368088185012,0.0109209794523333,-0.6076738618948709,-0.01461566829823909,0.0761386816702809,0.0921004597381685,0.5539444004402614,0.008873566996784871,-0.29164711927261355,0.0308837488090857,1,160.86732482910156
2019-03-04,0.0308837488090857,0.016567224390751915,0.0295289294462263,2.373787313483129,0.0130103268450656,-0.5304387885966574,0.01577956638860177,0.1064131944111972,0.08922568539631581,0.6306153254951619,0.02192745579263281,0.2536741629543522,0.0229758670646143,1,165.91302490234375
2019-03-05,0.0229758670646143,0.042523885948608314,0.0537980580072229,1.744650981025287,0.0131693200041145,-0.5218136121597814,0.03875459180246905,0.1264658883265038,0.08443890136922172,0.6763948681112915,0.031122281922308207,0.8210349404404855,0.0072723477063229,1,169.76914978027344
2019-03-06,0.0072723477063229,0.057871203580219216,0.059408069667161,0.5581065109008289,0.0130303939557787,-0.5165945430187165,0.04590810591805537,0.1288797856112742,0.07932979888361191,0.6897030054858162,0.013332578546147205,0.39564383492386135,-0.0197874300358292,0,171.00827026367188
2019-03-07,-0.0197874300358292,0.04647233538541472,0.05524391909457279,-1.4371100527028975,0.0137689037792292,-0.4647619917795617,0.0258386204038609,0.1003990333760286,0.07268240002780768,0.6159415724783148,0.02441911407543631,0.16757674489948537,0.0027750926366793,1,167.65771484375
2019-03-08,0.0027750926366793,0.04411962618087302,0.0465256254420907,0.22088004527187716,0.0125637996554351,0.15042791814344159,0.02768580800563707,0.0969565530993656,0.06740459443354352,0.6219954811748443,0.021521189652885853,-0.14730008216698365,0.0144586650770363,1,168.12362670898438
2019-03-11,0.0144586650770363,0.027694542448823616,0.0442617668395755,1.122009806068496,0.0128863981391564,-0.009525410651478161,0.04115751047359122,0.1075039963704875,0.06372377400103213,0.6529557500083288,0.015807526616640543,0.19681504219812407,-0.0008723130580805,0,170.57212829589844
2019-03-12,-0.0008723130580805,0.0038463623261288157,0.0463702482747371,-0.06892274029442602,0.0126563896669536,-0.03894888551577791,0.0383240558151375,0.1012365416487888,0.060590415373033,0.6494760149576141,0.015006990801147686,-0.22802661035517524,0.0083988782380494,1,170.42340087890625
2019-03-13,0.0083988782380494,0.004972892857855316,0.0628440964380745,0.6641903225600555,0.0126452884855003,-0.029554399627926387,0.04445422361745705,0.104838929439511,0.05781460255185933,0.6678966626874595,0.011016921704464123,-0.22901132017154113,-0.0186301373541454,0,171.8607940673828
2019-03-14,-0.0186301373541454,0.006130185539539118,0.052602520924953794,-1.3916429882331052,0.0133871528198472,-0.027725588434852844,0.023295786776712915,0.0790714071979755,0.05450586344829067,0.5937405984091181,0.017570607431085093,0.1473140299394171,-0.0249306899913436,0,168.6886444091797
2019-03-15,-0.0249306899913436,-0.021575597088483785,0.0225440290923892,-1.7002250696051127,0.0146631704455069,0.16709680571542784,-0.002509126444555772,0.0484729888558,0.0511103576503269,0.5133668860302649,0.03054589381085,1.1921173760398571,-0.0337602053457882,0,164.5351104736328
2019-03-18,-0.0337602053457882,-0.06979446751130827,-0.0420999250624847,-2.0514500134309803,0.0164567526017002,0.27706380200181613,-0.03503390553077006,0.0100011839620042,0.0466701262882665,0.43078287238740415,0.028790397470199975,1.0798922922619982,0.0068315664436238,1,159.07308959960938
2019-03-19,0.0068315664436238,-0.06209058800960398,-0.058244225683475204,0.4130441680704831,0.0165395542940048,0.3068145600155088,-0.02820874147895677,0.013910041670176,0.043341389192194324,0.4498117039956553,0.018567802587147145,0.37661303153178327,0.0236700583099148,1,160.1635284423828
2019-03-20,0.0236700583099148,-0.04681940793773859,-0.04184651507988331,1.3617436061367405,0.0173821695973052,0.3745965240125946,-0.005793093557526413,0.0346389199750002,0.040667604771729815,0.5116631696868922,0.02949703549328572,0.062267038634008065,0.0038609231453333,1,163.9998321533203
2019-03-21,0.0038609231453333,-0.024328347438259887,-0.018198161898720807,0.22779288423290794,0.0169492702036543,0.2660847628874501,-0.0037551595944905537,0.03559090160504,0.039494368857674766,0.5212482107639178,0.01589594990692479,-0.1487349875534697,-0.0105321505199242,0,164.63424682617188
2019-03-22,-0.0105321505199242,-0.009929807966840487,-0.03150540505532431,-0.6193440241131406,0.017005331624868,0.15973088412668535,-0.014916557630767087,0.0221776032712042,0.03765585665794546,0.49292027905164626,0.020262881253861244,-0.1412097690978149,0.0117958253489627,1,162.90939331054688
2019-03-25,0.0117958253489627,0.03562622272791041,-0.0341682447833979,0.702291607357281,0.0167961929565844,0.02062620512683222,-0.0037265337711892355,0.0314719923538468,0.035330185253525714,0.5241326710457946,0.02730166257401264,-0.32736772822060667,0.0083240530995,1,164.84242248535156
2019-03-26,0.0083240530995,0.037118709383786606,-0.024971878625817404,0.4936337536780251,0.0168628118265377,0.019544512916534584,0.0035339302350711694,0.0370216994403112,0.033369842509854974,0.5456033054563836,0.01848754162770375,-0.18151043530587518,-0.0108528160517599,0,166.22030639648438
2019-03-27,-0.0108528160517599,0.0025958350221119125,-0.0442235729156267,-0.6401596414190976,0.0169532962554489,-0.024673176697274313,-0.00820651721097559,0.0232358985989646,0.031702583607951196,0.5131367542259101,0.025019649589676764,-0.4338131924197085,-0.0019310884721243,0,164.4261016845703
2019-03-28,-0.0019310884721243,-0.003196176595345688,-0.027524524033605606,-0.11475797476846279,0.0168274882509951,-0.007185085327918284,-0.011331796109373961,0.0191744986010837,0.030855948022206814,0.5073881050459044,0.020477193157094533,-0.4422675033099178,0.0068624731534719,1,164.10888671875
2019-03-29,0.0068624731534719,0.014198447078050413,0.004268639111209893,0.40719696450080245,0.0168529575407932,-0.008960371219810415,-0.005832908715413531,0.023778681033397,0.0297853248296005,0.5276881194019167,0.014278030163501496,-0.28587407384015906,0.0119862201902493,1,165.23895263671875
2019-04-01,0.0119862201902493,0.01438884191933701,0.05001506464724739,0.7687417091605573,0.0155919992988775,-0.0716944405687383,0.00575619466573968,0.0335338653602499,0.027618692126218702,0.5619635315241722,0.009602816517445071,-0.4362860418689902,0.0320819611001411,1,167.23146057128906
2019-04-02,0.0320819611001411,0.038146749919978115,0.07526545930376469,1.9564341276230233,0.0163981810821912,-0.02755357464259267,0.037636622753596055,0.0640792774043644,0.025483540259592097,0.6391336037413179,0.030711773469870546,0.31543927948436035,-0.0037959236859463,0,172.68356323242188
2019-04-03,-0.0037959236859463,0.04520364228579172,0.0477994773079036,-0.23207030703631704,0.0163567831422409,-0.03518567151896956,0.03338829069509724,0.056695198850666,0.02255387289117783,0.6249064263134385,0.02886948230638976,0.48082772729103485,0.0141895533893383,1,172.02931213378906
2019-04-04,0.0141895533893383,0.06132428414725431,0.058128107551908594,0.8913300705325945,0.0159195272979623,-0.05395701007125109,0.04601033770568516,0.0676718074233708,0.02070865739740002,0.6559023818892615,0.014032502901657747,-0.03391294298566949,-0.0017059239928689,0,174.48773193359375
2019-04-05,-0.0017059239928689,0.05275588700091352,0.0669543340789639,-0.10702485079264162,0.0159395129283954,-0.05420084932788638,0.04233205109810943,0.0620011484463681,0.018870279703609993,0.6489162483314317,0.010812621689536464,-0.47557978603615914,-0.0045058599109917,0,174.19032287597656
2019-04-08,-0.0045058599109917,0.03626380689967252,0.0506526488190095,-0.28686034603554617,0.0157075035753926,0.007407919555474596,0.036766589061171716,0.0539246761573464,0.016549614230636056,0.6298915579295844,0.007260071603700278,-0.5880747487348542,0.0150352677489012,1,173.40721130371094
2019-04-09,0.0150352677489012,0.019217113548432613,0.0573638634684107,0.9387194434409113,0.0160167852641774,-0.023258422144636692,0.050710100757966406,0.0660227427982392,0.014573612673207004,0.6653358614169873,0.02049780015832787,0.09150885030700251,0.0013506153840192,1,176.0341339111328
2019-04-10,0.0013506153840192,0.024363652618398113,0.06956729490418981,0.08474654570501518,0.0159371142833409,-0.02565717569588699,0.05074686506118933,0.0631707860022555,0.011823895320727695,0.6684329110986174,0.012653244333173365,-0.3528484429842693,-0.0017448309199419,0,176.2720489501953
2019-04-11,-0.0017448309199419,0.008429268309117914,0.0697535524563722,-0.11433668546861081,0.0152604644151672,-0.04139965153861447,0.04664531035230206,0.0578904454207038,0.010743978840947133,0.6599379217488888,0.007886845472413327,-0.5409829539234128,0.0089174371199628,1,175.96475219726562
2019-04-12,0.0089174371199628,0.019052629421949616,0.07180851642286311,0.6405377273773489,0.0139217984184551,-0.1265857067906918,0.05195154213320014,0.0657898140969223,0.013154856863140552,0.682244280193824,0.00938027848865237,-0.24555825158807054,0.0030660307366858,1,177.54092407226562
2019-04-15,0.0030660307366858,0.026624520069627115,0.0628883269692996,0.2846615427818737,0.0107707936475114,-0.3142899127277652,0.04927155308282816,0.0672918488897292,0.01717410116947926,0.689823106506584,0.020205983891678592,-0.27808788034760357,-0.0043512212110156,0,178.0861053466797
2019-04-16,-0.0043512212110156,0.007238031109710314,0.026455144658142894,-0.39578447949279705,0.0109939157204743,-0.31360035493121585,0.039464332254806354,0.0614446482295039,0.021145810676368226,0.6655767137761731,0.010454493029769158,-0.21509784682398492,-0.00050320832948,0,177.31289672851562
2019-04-17,-0.00050320832948,0.0053842073962111145,0.029747860014609193,-0.049631896154777665,0.0101388092832629,-0.3638240208981235,0.03492988103168733,0.059952069034701,0.024177665039557983,0.6626828239707663,0.013312478459912114,-0.276049465876254,-0.0028006731882107,0,177.22369384765625
2019-04-18,-0.0028006731882107,0.0043283651279423145,0.012757633437060194,-0.2732841080542785,0.0102482109484919,-0.3284469810560732,0.028403940263924274,0.0560122001333745,0.02684573521019873,0.6458786637631411,0.008638145363846052,-0.13970653361282515,0.0175695898322485,1,176.72804260253906
2019-04-22,0.0175695898322485,0.012980517840228013,0.0320331472621776,1.7322596581932317,0.010142584426733,-0.27146018625814006,0.04149553821855973,0.0728158353526271,0.030072425646335166,0.6979998819694327,0.01884919600378511,-0.0006370146961193202,0.0128144321015209,1,179.8605194091797
2019-04-23,0.0128144321015209,0.022728919205063113,0.04935343927469019,1.2586297191116,0.0101812565736696,-0.05473478493184325,0.049658543524711767,0.0845420578241108,0.033233201896553544,0.7297238696532447,0.014909160471018259,0.4497172641588596,-0.0065509066763465,0,182.18016052246097
2019-04-24,-0.0065509066763465,0.020529233739732214,0.02776726484944249,-0.6259804668303149,0.0104650336926923,-0.04810679299615217,0.03838639666486569,0.0753296077073829,0.03557751831223244,0.6897116307188722,0.01911493842788674,1.5098849279626094,0.0568478767296075,1,180.99061584472656
2019-04-25,0.0568478767296075,0.07788031879881971,0.08326452619503079,3.740227775075577,0.0151990413814995,0.4990953036852177,0.09063193074393167,0.1344597045628163,0.040185669045091466,0.7966051413288417,0.03290903855493279,2.1789329820285035,-0.0092007706021838,0,191.57762145996097
2019-04-26,-0.0092007706021838,0.07148022138484661,0.07580858651278889,-0.5927000856793426,0.015523484515171,0.5147506811864948,0.0727911068630716,0.1204627109331627,0.044436986627794495,0.7504628485421392,0.019896587024380023,0.2531762269489375,0.0170351693132374,1,189.8230438232422
2019-04-29,0.0170351693132374,0.07094580086583552,0.08392631870606349,1.086768586345263,0.0156750659959041,0.5454705956983741,0.08270360587288143,0.1356162928015503,0.048870888248321975,0.7763902329733032,0.024437877582176748,0.09577768566316669,-0.0071101821147614,0,193.08441162109375
2019-04-30,-0.0071101821147614,0.05102118664955322,0.07375010585461629,-0.4448212063160598,0.0159843595894333,0.5699790564920522,0.06770305722618354,0.1235223356329066,0.05227977763006275,0.741584258516163,0.026421927464416777,0.2645026773138488,-0.0019149471466026,0,191.71641540527344
2019-05-01,-0.0019149471466026,0.05565714617929712,0.0761863799190293,-0.1282547946877504,0.0149308035716305,0.42673248936184827,0.06015003844920551,0.1173820993653551,0.05398486897181942,0.732107739206475,0.016422308392436802,-0.12022942693588601,-0.0025934117321836,0,191.34963989257812
2019-05-02,-0.0025934117321836,-0.003784142282493978,0.07409617651632569,-0.17410895693079775,0.0148953378269585,-0.019981757198889727,0.0519186419567773,0.1106344324213016,0.055817805790856045,0.7187423374632465,0.02207448203888426,-0.24403164428196455,0.0151547240947571,1,190.85403442382812
2019-05-03,0.0151547240947571,0.020571352414446922,0.09205157379929349,1.015218397184462,0.0149275506992251,-0.03838917836800748,0.06233695934105215,0.1230035298346861,0.057106711726629955,0.7478891754678278,0.012533876978268112,-0.1579780473714616,-0.0081674926597714,0,193.76840209960935
2019-05-06,-0.0081674926597714,-0.004631309558561881,0.0663144913072736,-0.5389657311300612,0.0151540110771912,-0.0332410031861462,0.04852143913339815,0.1097894623161759,0.05843278057663337,0.7053183586076922,0.01923868183206214,-0.20166183305913732,-0.021426500911036,0,192.19224548339844
2019-05-07,-0.021426500911036,-0.01894762835483648,0.032073558294716684,-1.3269195925501889,0.016147550334875,0.010209401542091046,0.022192404705380187,0.083144876201716,0.05962915710952066,0.6088445949598216,0.026611095954438987,-0.09594155464900633,-0.0012127231402809,0,188.1180419921875
2019-05-08,-0.0012127231402809,-0.018245404348514786,0.03741174183078229,-0.07591517018505077,0.0159747141095089,0.06991656764287613,0.01767546309000529,0.078703190123853,0.059967768947231104,0.6038668119225228,0.011448761453048422,-0.2900762990436577,-0.0047068579116713,0,187.8900451660156
2019-05-09,-0.0047068579116713,-0.020358850528002483,-0.02414299281049651,-0.29289830049843074,0.0160699393054229,0.0788569881468908,0.009960297854125407,0.0704893066907535,0.05993206759239422,0.5839697513907504,0.01860593627981243,-0.2665238593277949,-0.0016444181552415,0,187.00775146484375
2019-05-10,-0.0016444181552415,-0.03715799277800109,-0.016586640363554207,-0.10233858007795268,0.0160684089420522,0.07642635190556235,0.005386262978878473,0.0654788622006587,0.05977065873541054,0.5768413768849766,0.02872466691782015,-0.2974555418685164,-0.0367728736226868,0,186.7004852294922
2019-05-13,-0.0367728736226868,-0.06576337374091648,-0.07039468329947841,-2.0123422372508437,0.018273667839385,0.20586343419593356,-0.03154387871618393,0.0247766367049952,0.05815494804918875,0.447722145137074,0.02528366479917269,-0.07149058599907998,-0.0044718906872435,0,179.9596710205078
2019-05-14,-0.0044718906872435,-0.04880876351712398,-0.06775639187196052,-0.2443721772732993,0.0182995083038535,0.1332683858758914,-0.03614270108166942,0.0186677045846218,0.05686568512558976,0.4352248448155738,0.029823490937133483,-0.04553267372514391,0.0301932072785557,1,179.15670776367188
2019-05-15,0.0301932072785557,-0.017402833098287388,-0.035648237446802206,1.5537398599166734,0.0194326013366066,0.21646003824502902,-0.008553353159630881,0.0481201080402237,0.057162391320265904,0.531538108284645,0.038975650079529814,-0.10662378378320703,0.0038578095357774,1,184.6485137939453
2019-05-16,0.0038578095357774,-0.008838165650838685,-0.029197016178841212,0.19857791230755437,0.0194271834714552,0.2089145517120512,-0.006891038290236054,0.0504595919121486,0.05774857786364973,0.542458422992517,0.018878007784356842,-0.3144549236289733,-0.0090788652783292,0,185.3622283935547
2019-05-17,-0.0090788652783292,-0.016272612773926387,-0.05343060555192751,-0.46407758217248074,0.0195632489633057,0.2174975776293102,-0.017697723160953017,0.0390780007921159,0.057798628071765945,0.5122724720130505,0.017808974621743863,-0.44333457739902493,-0.0140213739810987,0,183.6869659423828
2019-05-20,-0.0140213739810987,0.0064788868676617165,-0.05928448687325481,-0.7186987296395302,0.0195093902394001,0.06762311818713052,-0.031703362427011494,0.0231049505126627,0.056602812416089776,0.46933368892466043,0.01565236750900104,-0.44594883536593366,0.0114276561943178,1,181.12939453125
2019-05-21,0.0114276561943178,0.022378433749223017,-0.026430329767901016,0.5870820163769598,0.0194651784172183,0.06369953192235966,-0.02084436779432496,0.0333882049470807,0.05538708143795268,0.5056553276602709,0.009793298814335232,-0.58459925604577,0.002701536217989,1,183.21115112304688
2019-05-22,0.002701536217989,-0.005113237311343682,-0.02251607040963111,0.1392251218173067,0.019404085862708,-0.0014674038439148607,-0.018907656327937634,0.0346333413988291,0.05457284227330916,0.5141808836774238,0.016889729975763136,-0.4468774069069186,-0.0243056480593113,0,183.7067718505859
2019-05-23,-0.0243056480593113,-0.03327669490643238,-0.04211486055727111,-1.6148098915669862,0.0150517086786764,-0.22522435118851802,-0.03931556132390727,0.0089441274659104,0.05023469398164071,0.4412404195881624,0.023386940021745562,-0.12475263541390347,0.0010500591639024,1,179.2954864501953
2019-05-24,0.0010500591639024,-0.023147770464200784,-0.03942038323812721,0.06993331851741424,0.0150151485180976,-0.23248185686022094,-0.03563503855681496,0.0087785180097389,0.046054718226270275,0.4448618849260694,0.015464503973892338,-0.36750942969424627,0.0177904970697421,1,179.48385620117188
2019-05-28,0.0177904970697421,0.008664100586640017,0.015142987454301694,1.1806399686981153,0.0150685200750569,-0.22762731740198927,-0.015580147912129121,0.024792624688553,0.04101174160095922,0.5040644434049445,0.017687644776776704,0.08459850827790683,-0.0115687836197753,0,182.70553588867188
2019-05-29,-0.0115687836197753,-0.014332339227453082,0.008046094521769895,-0.7626660148113279,0.0151688726062315,-0.2207175150876819,-0.023981174915113326,0.0105644825988904,0.03539445820729892,0.4689340345014429,0.01761892207071274,-0.02684082756208328,0.0044905531645843,1,180.60403442382812
2019-05-30,0.0044905531645843,-0.012543322280857784,-0.017656559592201505,0.2942692468882132,0.0152600151462316,-0.2135669129583032,-0.01695001805473338,0.0127040158263353,0.030165336885912053,0.48391621777966826,0.01415221253281814,-0.3285169234236208,-0.0307392272931793,0,181.4168701171875
2019-05-31,-0.0307392272931793,-0.018976901514725784,-0.052253596421158205,-1.8629335124233874,0.0165004424946934,0.09625045547615518,-0.0428369636929226,-0.0192578787835962,0.02463434547190535,0.40150091338588095,0.01904541387713218,0.182111007338847,-0.0780208954692982,0,175.9250946044922
2019-06-03,-0.0780208954692982,-0.09804785614792638,-0.12119562661212721,-3.4288050885890358,0.0227545437706417,0.5154391408926715,-0.10713558043136119,-0.0926738376544752,0.0161970199057464,0.27863093577632014,0.08553158127910591,2.7485573367533758,0.0202026679329938,1,162.72105407714844
2019-06-04,0.0202026679329938,-0.0956356852846747,-0.0869715846980347,0.8539501166451055,0.0236579017195566,0.5700215815299476,-0.08233010405658411,-0.0744803282605271,0.008554029973912414,0.33384611132714853,0.04441792502332089,1.7808811139396465,0.0039920318871455,1,166.04188537597656
2019-06-05,0.0039920318871455,-0.0800748697777539,-0.09440720900520701,0.1695687170015642,0.02354226627255,0.5520116018957557,-0.07317546664534741,-0.070971253059135,0.0023782425981260236,0.34465026484134254,0.024320606424588123,0.18081853423069716,0.0009510134590085,1,166.7060546875
2019-06-06,0.0009510134590085,-0.0836144094833297,-0.0961577317641875,0.040347476444397366,0.0235705809338308,0.5445974796198982,-0.06683961132515671,-0.070154094458174,-0.0035518900858234614,0.3473725396482172,0.014673564984465188,-0.2560319191858814,0.0293862607557663,1,166.8646697998047
2019-06-07,0.0293862607557663,-0.023488921434384087,-0.04246582294910991,1.1820006789047497,0.024861458440951,0.5067146501644748,-0.03491782960582344,-0.0432146205432417,-0.008596978777495767,0.42769418689667665,0.02901643266336677,-0.0005886952204032792,0.0084443523432478,1,171.84095764160156
2019-06-10,0.0084443523432478,0.06297632637816192,-0.035071529769764506,0.33752412679142113,0.0250185147459581,0.09949533588264758,-0.023057148297117597,-0.0360873444105044,-0.013337726040652531,0.4490770239558064,0.023223872488828578,-0.13317311092765138,0.0185882424521281,1,173.29818725585938
2019-06-11,0.0185882424521281,0.06136190089729622,-0.034273784387378506,0.7674932557205689,0.0242194212308437,0.023734966775304622,-0.0037701104169325103,-0.0192363704178884,-0.015524790174112013,0.4944630113065221,0.017911298888738766,-0.09976176997829989,-0.0173307205071351,0,176.54962158203125
2019-06-12,-0.0173307205071351,0.04003914850301561,-0.040035721274738305,-0.7077560717111263,0.0244868552879172,0.040123113230971175,-0.019326105712508347,-0.0367598637475907,-0.01777732448741165,0.4566654096847197,0.03650593941238833,0.04349815189672679,0.0137870471461433,1,173.51625061035156
2019-06-13,0.0137870471461433,0.052875182190150416,-0.0307392272931793,0.583568925921109,0.0236253963049553,0.002325584222059751,-0.0032547597242399444,-0.0237390072714177,-0.020551136558736527,0.4900052828046622,0.01927085223091962,-0.26788757100897875,0.0215169251884181,1,175.9250946044922
2019-06-14,0.0215169251884181,0.045005846622802215,0.0215169251884181,0.8892956514885246,0.0241954687987089,-0.026788035940204735,0.02004584546052075,-0.0033594223729642,-0.02294530970117148,0.5384533970981983,0.010147225055481629,-0.009135562532674446,0.0414813486352784,1,179.75148010253906
2019-06-17,0.0414813486352784,0.07804284291483282,0.14101916929299468,1.5988722948180716,0.025944128727303,0.03699715953339866,0.062140248505011514,0.0373707204050335,-0.023320393078825274,0.6165123295348053,0.02692977348193358,0.647914997280036,-0.0028610507350659,0,187.3646240234375
2019-06-18,-0.0028610507350659,0.05659354972763881,0.11795545062493501,-0.11122401108440248,0.0257233191571808,0.06209470953095564,0.05739742149826898,0.0329613077227807,-0.02310967785495799,0.6087169879872939,0.03846766038649351,0.9529739118501905,-0.0052665188314179,0,186.8293304443359
2019-06-19,-0.0052665188314179,0.068657751403356,0.1086968999063716,-0.20526899894646708,0.025656669338517,0.047773143461873335,0.051058975487058754,0.0261238838720422,-0.023723779727451988,0.5938911757950023,0.018935369813625078,0.07441345737081217,0.0108750457925312,1,185.8479766845703
2019-06-20,0.0108750457925312,0.06574575004974391,0.11862093223989431,0.4222516141057945,0.02575489454448,0.09013597960589759,0.061299217191140634,0.0359887438828472,-0.02384857436838661,0.6148123966646165,0.01857228035209306,-0.27563449477860646,0.0084588645365559,1,187.8801116943359
2019-06-21,0.0084588645365559,0.052687689397881717,0.0976935360206839,0.3371995762495163,0.0250856321666805,0.03679049888957309,0.06724590050893141,0.0432700240505571,-0.022465184871584776,0.6308950459537358,0.017003243750015353,0.09888077048006472,0.0076092250532956,1,189.47610473632812
2019-06-24,0.0076092250532956,0.018815565815898914,0.0968584087307317,0.30309660407579564,0.0251049498772766,-0.03234561695430027,0.07194428713487397,0.0495099578893191,-0.02092863361912023,0.6453554528427057,0.012512919662240541,-0.2628465937609321,-0.0197153014188746,0,190.92337036132812
2019-06-25,-0.0197153014188746,0.0019613151320902154,0.05855486485972901,-0.7777660331600871,0.025348627451331,-0.014566226992724807,0.049694277376488176,0.0279300432594004,-0.02073387898377732,0.5821058946162833,0.026530367528029192,-0.20743868169367552,-0.0062680929895191,0,187.1961212158203
2019-06-26,-0.0062680929895191,0.000959740973989015,0.069617492377345,-0.2483849350179592,0.0252353991962753,-0.016419517930539307,0.04155181072735073,0.0206170174839781,-0.02009961773169322,0.5634430979794118,0.018384295432787353,-0.3939607573905479,0.0097570031570554,1,186.02642822265625
2019-06-27,0.0097570031570554,-0.00015830166148678507,0.06558744838825711,0.38571509650899116,0.0252958809374161,-0.017822383480202597,0.04987310916936806,0.0294336294228615,-0.01946852392731302,0.5857462133332555,0.05598944913114276,-0.47521163893018237,0.0183012245671913,1,187.85037231445312
2019-06-28,0.0183012245671913,0.009684058369148613,0.062371747767030306,0.7518869946953933,0.0243403925008778,-0.0297078288021998,0.06468371097162931,0.0468296619872209,-0.016769345487698595,0.6249934445788916,0.01689116324785458,-0.23181043672961898,0.0,0,191.3199157714844
2019-07-01,0.0,0.002074833315853013,0.020890399131751905,0.0,0.0148864285776371,-0.40703213308896724,0.056278327155857705,0.0451607249135752,-0.0105252583116211,0.6249934445788916,0.017357544577801254,-0.26242254599392334,0.0103093692498593,1,191.3199157714844
2019-07-02,0.0103093692498593,0.03209950398458691,0.034060819116677105,0.7049131921057089,0.0146250195986023,-0.4230449113395932,0.05925301745775753,0.0544428051750578,-0.004541136256797751,0.6471480944048358,0.011743555313501804,-0.47922136400844184,0.0112187973020746,1,193.3025054931641
2019-07-03,0.0112187973020746,0.04958639427618061,0.050546135250169606,0.7673365113062652,0.0146204398419364,-0.4206376634575153,0.06282348847611581,0.0647936072003316,0.001853665021122719,0.6702269970627693,0.016429971016812064,-0.3938013449716502,-0.0040650934637454,0,195.48333740234375
2019-07-05,-0.0040650934637454,0.035764297655379806,0.035605995993893004,-0.2748710361854896,0.0147890935333113,-0.41535566324412176,0.050565037093585286,0.0588935756893517,0.007927675395335454,0.6534883300331293,0.014765831188375593,-0.3369738866024077,-0.0032638261220917,0,194.69029235839844
2019-07-08,-0.0032638261220917,0.01419924696609681,0.023883305335245405,-0.232228605979439,0.0140543672831618,-0.4225907703561087,0.04090292380215405,0.0551587158322501,0.01369560187036778,0.6397244306083114,0.015529185591730568,-0.40990130734542063,0.0174702037796689,1,194.0558929443359
2019-07-09,0.0174702037796689,0.03166945074576571,0.03374428406161871,1.2236209063159864,0.0142774642779415,-0.0409073470187743,0.05242317764096175,0.0728616497038474,0.01942039333331591,0.6789784141465428,0.02294065142411658,-0.10782208035039831,0.0175154549258723,1,197.4758758544922
2019-07-10,0.0175154549258723,0.03887553642177871,0.0709750404063656,1.230733483178103,0.0142317204864228,-0.026892210949042927,0.06409622579942753,0.0908847120216306,0.025174871945511823,0.7133010213881039,0.01622852372247621,0.22887871246614444,-0.0074264922077732,0,200.96522521972656
2019-07-11,-0.0074264922077732,0.020230246911930906,0.0698166411881115,-0.5495434416101977,0.0135139311025405,-0.07568231539943526,0.0490127583470984,0.0819015941519776,0.03135217903040699,0.6799392300118029,0.017840264444230335,-0.17296258484789584,0.0179269905216917,1,199.4782867431641
2019-07-12,0.0179269905216917,0.04222233089736801,0.0779866285527478,1.3128718840868703,0.0136547904932554,-0.07669861830956504,0.06041468998890591,0.1000711792764115,0.03739715194620752,0.7147987394562721,0.029970222755832585,-0.07957512493418606,-0.0046969206677212,0,203.08657836914065
2019-07-15,-0.0046969206677212,0.04078923635173851,0.054988483317835304,-0.34888102393129516,0.0134628149585062,-0.042090285015130124,0.04931375796776351,0.0935798635712557,0.042185766904670796,0.6933501174656413,0.0172134492854612,-0.03765964165348956,-0.0003433789839143,0,202.1349334716797
2019-07-16,-0.0003433789839143,0.022975653588155308,0.054645104333921,-0.03245765573045802,0.0105792909619186,-0.2590217173042786,0.044966192703542636,0.0922238450130881,0.045224096855497775,0.691720084870694,0.011626742345790175,-0.2316825889764338,-0.0100582175692365,0,202.06553649902344
2019-07-17,-0.0100582175692365,-0.00459801890695349,0.034277517514825204,-0.9199497900545195,0.01093344188778,-0.2317554368629844,0.03098575451162395,0.0803761193873494,0.0479059624825966,0.6441936453349498,0.013726482807587,-0.16761010892495798,-0.0050674178486522,0,200.04330444335935
2019-07-18,-0.0050674178486522,-0.00223894454783249,0.017991302364098398,-0.46382808928787733,0.0109252069154162,-0.1915596703491883,0.02230132420901694,0.0736495454867523,0.05022806883035691,0.6212105644534637,0.015389960935736566,-0.14989872117007041,-0.0121261810858115,0,199.03216552734375
2019-07-19,-0.0121261810858115,-0.03229211615533569,0.009930214742032302,-1.0727371294977306,0.0113039632472581,-0.17216135591084025,0.007714268855723759,0.0597092957798737,0.05159699384150951,0.5693144672027693,0.021476076294252956,-0.13062224216722496,0.0197670887921772,1,196.63323974609375
2019-07-22,0.0197670887921772,-0.007828106695437292,0.0329611296563012,1.66155683193107,0.0118967274620416,-0.11632689755385073,0.024921405858188382,0.0792886572492186,0.05304528823408394,0.6245828695458835,0.018584468315086457,0.009738864097649458,0.0001976399002897,1,200.55877685546875
2019-07-23,0.0001976399002897,-0.007287087811233291,0.015688565776922004,0.016670333901447103,0.011855785340481,0.12065972881900033,0.02259599659862679,0.0778896716199477,0.05407186729191138,0.6251060720880143,0.016208730823304193,0.08738881884209793,0.0113018030547097,1,200.59841918945312
2019-07-24,0.0113018030547097,0.014072932812712907,0.009474913905759405,1.0483378171895898,0.0107806881230402,-0.013971242204207313,0.03010121025768085,0.0874624300327312,0.055685032891769515,0.6548955880393734,0.037085880006244853,1.2908952888503307,-0.0194888535345204,0,202.87840270996097
2019-07-25,-0.0194888535345204,-0.00034850287315529166,-0.0025874474209877964,-1.6513389101839302,0.0118018496471749,0.08024037792105321,0.006913193191948899,0.0642145893942852,0.0569079803400816,0.5709828132317412,0.05181609689296505,1.5644678555138287,-0.0047945812814658,0,198.9628143310547
2019-07-26,-0.0047945812814658,0.006983096931190406,-0.025309019224145298,-0.4051079576982375,0.0118353174514465,0.047006009535397686,-0.00047285303258600927,0.0576124975207531,0.05811282938094409,0.552455070112102,0.03319151380632035,0.5065423361271431,-0.0192581291265888,0,198.0111541748047
2019-07-29,-0.0192581291265888,-0.0320421209875756,-0.0398702276830129,-1.5794516231333025,0.0121929211661353,0.02489707400953356,-0.020258378188244525,0.0364574279297012,0.05788853393108462,0.48516916703528873,0.022098610682367306,0.0187727371613422,0.0055982600204803,1,194.23431396484375
2019-07-30,0.0055982600204803,-0.026641500867385,-0.0339285886786183,0.45741799958210705,0.01223882756165,0.032308464616099375,-0.01575227843204822,0.0409831458098817,0.05764343975472741,0.5039537101285999,0.02644136668387638,-0.2612094625962309,-0.0143638049953994,0,195.32473754882812
2019-07-31,-0.0143638049953994,-0.0523071089174941,-0.0382341761047812,-1.1495011849508499,0.0124956852445642,0.15908048743741632,-0.02960214385266381,0.0248911005568408,0.056155569660729654,0.45798250916270933,0.03130310438550176,-0.10957990976515086,-0.0077525990890059,0,192.5391845703125
2019-08-01,-0.0077525990890059,-0.0405708544719796,-0.040919357345134896,-0.6301906516830882,0.0123019899903316,0.042378132081730246,-0.03601975570979292,0.0161280172161183,0.054096308751958366,0.4351630892247875,0.03938150005783501,0.06030060837409046,-0.0194374953139631,0,191.05227661132812
2019-08-02,-0.0194374953139631,-0.055213768504476894,-0.048230671573286504,-1.5001829567378049,0.0129567498595175,0.09475304846461396,-0.052828061797262765,-0.0038209071846106,0.05174050521982654,0.3841754948453305,0.024071461697832936,-0.0987262150360183,-0.0393308026272726,0,187.3745574951172
2019-08-05,-0.0393308026272726,-0.07528644200516069,-0.1073285629927363,-2.549225895459422,0.0154285278120417,0.26536763436911204,-0.08614563449868237,-0.042327744764699,0.04794843838158602,0.3078473280535198,0.034831904362915514,0.3087116021197469,0.0151816697795606,1,180.14801025390625
2019-08-06,0.0151816697795606,-0.0657030322460804,-0.0923445331134654,0.9941639635545284,0.0152707906704646,0.2477331340393394,-0.06872390414070466,-0.0280311770896281,0.04369566365120647,0.3600624662626553,0.014633337101650329,0.012806862672426034,0.0034625681483601,1,182.90382385253903
2019-08-07,0.0034625681483601,-0.04787665910232089,-0.10018376801981499,0.23809570655850687,0.0145427576095718,0.16382233746629504,-0.06132922332559455,-0.0247461466214817,0.038973277546491936,0.3718112457593075,0.027815252855820434,-0.09888698325594603,0.0266995848039654,1,183.53823852539065
2019-08-08,0.0266995848039654,-0.013424475209349591,-0.053995329681329196,1.6579564779367884,0.0161039117487518,0.3090493295319059,-0.03321661180911144,0.0008031626359854,0.03518862121613098,0.4560089242721547,0.033077372554689975,-0.15879837090894233,-0.012222025522074,0,188.504638671875
2019-08-09,-0.012222025522074,-0.006209005417460493,-0.061422773921937394,-0.7907212365706032,0.0154568069716725,0.19295403085354446,-0.04081079204399815,-0.0118576483023838,0.030185018244015094,0.4275539737780306,0.020548312403165448,-0.36490616705124834,-0.013290238990461,0,186.2147521972656
2019-08-12,-0.013290238990461,0.019831558219351106,-0.055454883785809594,-0.8526901601851249,0.015586246459764,0.010222533844039372,-0.048972710800978037,-0.0257131620870032,0.024457288427090607,0.3987829116189639,0.016885093092033083,-0.3629228302547691,0.0164790802830865,1,183.75628662109375
2019-08-13,0.0164790802830865,0.021128968722877006,-0.044574063523203394,1.01246844851087,0.0162761420440546,0.06583492598942242,-0.029338774032015586,-0.012048385315794,0.017813000307062676,0.4484248433759518,0.03189180081162671,-0.21201873116849834,-0.0474882407990028,0,186.80950927734375
2019-08-14,-0.0474882407990028,-0.029821840224485897,-0.0776984993268068,-2.505888536479597,0.0189506596593146,0.3030994649076455,-0.0690602714052177,-0.0590725108666106,0.010728686543094668,0.35807432079940343,0.03717104048193701,0.07584013640576392,0.0158987919603495,1,178.14559936523438
2019-08-15,0.0158987919603495,-0.04062263306810179,-0.054047108277451406,0.8126917326111323,0.0195631274717999,0.2148059289579889,-0.04966374087949103,-0.0454347495146814,0.004449994751040576,0.4009094799393922,0.017361291596058117,-0.2664285160953106,0.0060608146105554,1,181.0005340576172
2019-08-16,0.0060608146105554,-0.022339792935472398,-0.0285487983529329,0.30883558810772493,0.0196247286385963,0.2696495902783995,-0.04022481948014617,-0.0411726336770315,-0.0009875377235447624,0.4170552638568136,0.014915653449553654,-0.2829572446555819,0.0133561769352559,1,182.1008758544922
2019-08-19,0.0133561769352559,0.004306622990244504,0.024138181209595596,0.6931801449189331,0.0192679738927287,0.23621642596690018,-0.023198842443219844,-0.0295791643593621,-0.006531853352939376,0.45241989294428114,0.014234269337423389,-0.44473951538465506,-0.012757654693471,0,184.5493621826172
2019-08-20,-0.012757654693471,-0.024930111986312994,-0.003801143263436004,-0.6599430512614423,0.0193314478712754,0.1877168323396914,-0.030865154496042317,-0.042777943137455,-0.012292188952527039,0.4258378111155657,0.019639849074046277,-0.4147227124491719,-0.0014155868743646,0,182.20989990234375
2019-08-21,-0.0014155868743646,0.021142541938325207,-0.008679298286160703,-0.07458450078954314,0.0189796386565487,0.0015291814509399426,-0.026820226150389204,-0.0446742899137633,-0.01834611059860891,0.4228896977393361,0.01503674454343438,-0.4758234144940924,-0.0082605913309883,0,181.9521484375
2019-08-22,-0.0082605913309883,-0.0030168413530125924,-0.043639474421114405,-0.44159168779267943,0.0187064013190088,-0.04379290346219267,-0.030025347634488157,-0.0532232182914544,-0.023915955535943834,0.40533964678279594,0.02307183642684821,-0.25719414275197305,-0.0238483761633697,0,180.4553070068359
2019-08-23,-0.0238483761633697,-0.03292603212693769,-0.0552658250624101,-1.2433396725210903,0.0191809018005618,-0.02261569299672328,-0.04730004826070405,-0.0755621213422533,-0.029665240383346947,0.3596702909908369,0.03639944427962374,0.21886377332457596,0.0145769601828399,1,176.20265197753906
2019-08-26,0.0145769601828399,-0.03170524887935369,-0.027398625889109202,0.7504153602473338,0.0194251889753901,0.008159398779377103,-0.029257767014304933,-0.0618932858290247,-0.03361913977343223,0.4036903638308614,0.012530464067353904,-0.36537627618602253,0.0051983000875612,1,178.7899627685547
2019-08-27,0.0051983000875612,-0.013749294098321492,-0.03867940608463451,0.26774885224337863,0.0194148361197681,0.004313605946536736,-0.020047516215541843,-0.0562471051399701,-0.03694014712287863,0.4191771272913447,0.016712623983971414,0.032252699612930424,0.0025337523028516,1,179.72178649902344
2019-08-28,0.0025337523028516,-0.009799954921105292,0.011342587017219904,0.131180838049797,0.0193149574321958,0.01766728975798504,-0.014239291811404577,-0.0531914197050408,-0.03951479052681406,0.42701856153685197,0.016670328294838076,-0.31434845352013596,0.0207451559098951,1,180.177734375
2019-08-29,0.0207451559098951,0.01920579231977811,0.016188950966765505,1.0367779817345295,0.0200092558632355,0.06964752450289757,0.008381921785562171,-0.0331521842621681,-0.041188864209490306,0.48860791546526544,0.01406477613481753,-0.23883849732093876,0.0005386894585613,1,183.95458984375
2019-08-30,0.0005386894585613,0.04359285794170911,0.010666825814771406,0.027510280645961366,0.0195813872455126,0.020879385605272693,0.009844425620249326,-0.0322419577518853,-0.0416761060460229,0.4901568109730631,0.01798888550023846,-0.17631027213601635,-0.0178236669206541,0,184.0537109375
2019-09-03,-0.0178236669206541,0.01119223083821511,-0.020513018041138593,-0.9970880501961967,0.0178757201203514,-0.07976596042394923,-0.008173265044297169,-0.0484702108574088,-0.04062901754197157,0.44278138822255614,0.01951860063877918,-0.21231759563316877,0.0257099036632734,1,180.80226135253903
2019-09-04,0.0257099036632734,0.03170383441392731,0.017954540315605803,1.3908271800927645,0.0184853330674474,-0.04787591543841474,0.016929931134694386,-0.0231327646349425,-0.039395728794150875,0.5157731265570678,0.020626272432087468,-0.06383172482878374,0.0198925448866597,1,185.5109405517578
2019-09-05,0.0198925448866597,0.049062626997735406,0.039262672076630104,1.0484739326052577,0.0189728559461946,-0.017711739060369824,0.035743671302461165,-0.0037200832502543,-0.03810185439326852,0.5644132813397347,0.017915129797226818,0.15820618969719225,-0.0180241102255705,0,189.23817443847656
2019-09-06,-0.0180241102255705,0.010293360862269806,0.0294991531820479,-0.9753690607530635,0.0184792720528314,-0.076463803594778,0.017979886117197363,-0.0214989146248829,-0.038781513545087076,0.513987648461978,0.02058776733297564,0.26878422343961117,0.0067508408934472,1,185.85787963867188
2019-09-09,0.0067508408934472,0.016505512297155706,0.0600983702388648,0.368023131045372,0.0183435233385233,-0.06321635395229597,0.024622232169319403,-0.0147947652211987,-0.03846978540282586,0.5308007243721711,0.01658184845894398,0.2083115326927536,-0.0138161611766715,0,187.1168212890625
2019-09-10,-0.0138161611766715,0.020513018041138305,0.0317052488793534,-0.7523376996453994,0.0183643079207429,0.02733248210992323,0.010343846737063128,-0.0276196470888995,-0.03757482558889935,0.4933197408512126,0.0190686098011146,0.24538647639805733,0.012384723703092,1,184.5493621826172
2019-09-11,0.012384723703092,0.007187838080956905,0.038891672494884205,0.6806472641667345,0.018195509414489,-0.015678573488555614,0.022923376530858082,-0.0150380659665968,-0.03711073905280904,0.5256319746538185,0.017825882075606543,-0.04529796034987699,-0.0054261381165945,0,186.8491668701172
2019-09-12,-0.0054261381165945,-0.018130844922297294,0.030931782075438105,-0.3751255440357898,0.0144648590395028,-0.23760244211393866,0.015250122885367728,-0.0195965859103798,-0.03432327463966445,0.5102258483060024,0.019736474764761303,-0.044013405812115214,-0.0014946608723896,0,185.83804321289065
2019-09-13,-0.0014946608723896,-0.001601395569116395,0.008691965293153404,-0.10592181995937915,0.0141109817879149,-0.23638865494418593,0.012472694538259147,-0.020034862087905,-0.03210709464218131,0.5058429583345059,0.00763933925914625,-0.03624068922382295,-0.0051953291066561,0,185.56048583984375
2019-09-16,-0.0051953291066561,-0.013547565569219697,0.0029579467279360035,-0.36759721401978235,0.0141332113207379,-0.22952580810597656,0.00654024071068363,-0.0240726885726964,-0.0304140143088224,0.4901351084994187,0.010847325746055859,-0.2757980024586576,0.009938729043905,1,184.59893798828125
2019-09-17,0.009938729043905,0.010207324651356806,0.0307203426924951,0.7103224172981183,0.0139918560950242,-0.23809510516755794,0.01606935758044376,-0.0135307698153477,-0.029131994951878015,0.5208604579550529,0.014781018774038094,-0.17056252106591607,0.0003188861775627,1,186.44276428222656
2019-09-18,0.0003188861775627,-0.0018585128741724943,0.0053293252067844014,0.023378180651848417,0.0136403333651837,-0.2503461675922102,0.015206025580802052,-0.0120689309785327,-0.026866425013317596,0.5218611740580645,0.01631767478568208,-0.1682041417538428,0.0105742756727955,1,186.50222778320312
2019-09-19,0.0105742756727955,0.014141900915217505,-0.003988944007079798,0.7671575277699938,0.0137837084171399,-0.047090028357878455,0.024177069408608212,-0.0002449583943031,-0.023845513175776656,0.5552164580264944,0.015514948019884454,-0.11472228752891955,-0.0011051605328702,0,188.4848175048828
2019-09-20,-0.0011051605328702,0.014531401254736905,0.012930005685620501,-0.08125295055337384,0.0136014818581171,-0.036106625141714255,0.02087650305701066,-0.0001611197205058,-0.02060741207630834,0.5508706168289333,0.026220245239672348,0.6346046615367458,-0.0165097744644804,0,188.2766265869141
2019-09-23,-0.0165097744644804,0.0032169558969126037,-0.0103306096723071,-1.2751549873374637,0.012947268864119,-0.08391174728129525,0.0017186606278532105,-0.0146601862622208,-0.016350745507534237,0.48974016859019526,0.026174923444693028,0.11106572307723095,-0.0301028793489739,0,185.19374084472656
2019-09-24,-0.0301028793489739,-0.036824652495966295,-0.0266173278446095,-2.074374625607921,0.014511785372496,0.0371594214477875,-0.028226291576059877,-0.0415919004751738,-0.013753828471847585,0.40378052962213423,0.04219987835391583,0.4856319859531977,0.008349813766199,1,179.7019500732422
2019-09-25,0.008349813766199,-0.028793724907329996,-0.0306522377815025,0.5724846537663036,0.014585218505451,0.06927141111368096,-0.020472002791446318,-0.0314010040170619,-0.011157415874544663,0.4331767305559628,0.03036106651588193,0.42636046896703084,-0.0148248662511688,0,181.20870971679688
2019-09-26,-0.0148248662511688,-0.0541928668312943,-0.0400509659160768,-0.9907100247746568,0.0149638803286974,0.08562078330748557,-0.03445943384814375,-0.0434557600305157,-0.009317398458178361,0.3959683412196477,0.020709542584525988,0.23696045499729856,-0.0168532159334655,0,178.54212951660156
2019-09-27,-0.0168532159334655,-0.0699409222318896,-0.0554095209771527,-1.1610724895245896,0.0145152142398673,0.06717888471871913,-0.048435194311944846,-0.0570698329117323,-0.009074146656300575,0.3588268199967854,0.02879723697889422,0.10791350591330184,0.0055181529859814,1,175.55833435058594
2019-09-30,0.0055181529859814,-0.04791299478142779,-0.044696038884515205,0.37770953944529545,0.0146095144805857,0.1283858112403391,-0.04121476889704066,-0.049800233214332,-0.00895452290959331,0.3792419091312923,0.010220081124866087,-0.18801989124456364,-0.0128289624822708,0,176.52976989746094
2019-10-01,-0.0128289624822708,-0.030639077914724692,-0.06746373041069101,-0.8929446833894439,0.0143670293590579,-0.009975065763614066,-0.05175676344676261,-0.0592510304916346,-0.007903317161652379,0.35133601212709875,0.028212226403251415,0.2561430382945944,-0.0069061127447921,0,174.279541015625
2019-10-02,-0.0069061127447921,-0.04589500442571579,-0.07468872933304581,-0.5375988353943272,0.0128462196904249,-0.11923022026555008,-0.055087400011021234,-0.0629417154909747,-0.008312213722247996,0.33709718967192276,0.019702189697328856,0.16755422772790385,0.0270088079168957,1,173.08009338378906
2019-10-03,0.0270088079168957,-0.004061330257651291,-0.0582541970889456,1.9854248468046956,0.0136035408040567,-0.09090820661214927,-0.026183055695373568,-0.0346685868294107,-0.00871368195394917,0.4345854661656999,0.034619195484664404,0.15361363484786228,0.0059470922334232,1,177.8184814453125
2019-10-04,0.0059470922334232,0.018738977909237405,-0.0512019443226522,0.4480751288956662,0.0132725336665762,-0.08561227914073566,-0.01849882859325085,-0.0267883975027913,-0.008445806435115388,0.4539437812133917,0.015960042519975622,-0.2389181900172499,-0.0042760320368253,0,178.87913513183594
2019-10-07,-0.0042760320368253,0.008944792886430707,-0.038968201894997105,-0.3258713319500407,0.013121841713529,-0.10182903538879673,-0.02026745913220096,-0.0288385789624418,-0.008748428242108641,0.442210666508717,0.017197219856672007,-0.31644154585810114,-0.0107995586715606,0,178.11587524414062
2019-10-08,-0.0107995586715606,0.010974196697140906,-0.0196648812175838,-0.8306534726126898,0.013001280350508,-0.09506133623154622,-0.028561205748635077,-0.037377438007314,-0.009075437702149025,0.41336858426350653,0.014908545127900786,-0.27886539884679706,0.0117451406043125,1,176.20265197753906
2019-10-09,0.0117451406043125,0.02962545004624551,-0.016269554379470298,0.9059843090550941,0.0129639558731014,0.009165045088264767,-0.01475813105160602,-0.0241877958954958,-0.009570913641697598,0.4550191808074717,0.015457318237158136,-0.4149894581362016,0.0010003514981306,1,178.2843780517578
2019-10-10,0.0010003514981306,0.0036169936274804077,-0.0004443366301708992,0.07716832796411265,0.0129632392527128,-0.04706874192290855,-0.011758147808563806,-0.0217036983695972,-0.010063883187075073,0.45856767704068296,0.01355331032578372,-0.3265139446050871,0.0228444568205078,1,178.4628143310547
2019-10-11,0.0228444568205078,0.020514358214565008,0.0392533361238024,1.6193056571114406,0.0141075631522577,0.06291409814121085,0.0119107403848985,0.0018320151500213,-0.009960093151144433,0.5340735374301586,0.02361695013766798,0.15282086126655492,-0.0049529958848112,0,182.5866241455078
2019-10-14,-0.0049529958848112,0.01983739436657911,0.0287821872530098,-0.3511841487556658,0.0141037000171019,0.07482625724410119,0.00772498176922996,-0.0024949313405512,-0.010141569668977168,0.517085366383818,0.011185005492264956,-0.456027815100702,0.030149924896926,1,181.68450927734375
2019-10-15,0.030149924896926,0.06078687793506571,0.0717610746322066,1.9374046061427992,0.0155620177640394,0.1969604027061338,0.038339259170476314,0.0272371390836592,-0.01069218946386219,0.6012831331911554,0.03557626789357387,0.1438548160576707,0.0034879880409678,1,187.2456970214844
2019-10-16,0.0034879880409678,0.05252972537172101,0.08215517541796649,0.22388667072170473,0.0155792572631688,0.20173636933567685,0.041563649012834596,0.0302616185328135,-0.010851022393814302,0.609900356495755,0.014771843875904628,-0.20262997380109993,0.0044217562200818,1,187.8999481201172
2019-10-17,0.0044217562200818,0.05595113009367221,0.059568123721152604,0.28662021508931546,0.0154272308347264,0.19007529938922962,0.046107534958497384,0.0342381471455818,-0.011346240626578075,0.6211237032138258,0.010872378129448147,-0.26973384030418246,-0.0241346716829317,0,188.73263549804688
2019-10-18,-0.0241346716829317,0.00897200159023271,0.029486359804797704,-1.4760350156906907,0.0163510156780652,0.15902480829571708,0.02230819430781714,0.0100489143915762,-0.011991765286143874,0.5320305620102879,0.040731811006787834,0.29831499576825427,0.0208200469066224,1,184.2321624755859
2019-10-21,0.0208200469066224,0.03474504438166631,0.05458243874824541,1.2522589532612531,0.0166259916548417,0.17883900215413795,0.042972479502337166,0.0310845652084158,-0.011398109276664625,0.5869773791286835,0.016652633608690202,-0.3622705949319881,-0.0398867897794816,0,188.10809326171875
2019-10-22,-0.0398867897794816,-0.0352916702947413,0.025495207640324397,-2.254475591761512,0.0176922695128034,0.13688788825871745,0.0018985375219652697,-0.0089063426265572,-0.010784405549933984,0.47338435363504894,0.05018094812028357,0.5280104486833563,0.0206795098993326,1,180.7527313232422
2019-10-23,0.0206795098993326,-0.0181001484363765,0.0344295769353445,1.1365181328741876,0.0181954949077982,0.16793083267290898,0.02189251937568587,0.0120554174075009,-0.009626356766164412,0.5242911233835015,0.023529438766719386,-0.015803048590943836,0.0012349599310996,1,184.5295257568359
2019-10-24,0.0012349599310996,-0.0212869447253587,0.03466418536831349,0.06932122650858476,0.0178150329026083,0.15477839759206846,0.02139747337581608,0.0125716520365796,-0.008640927326818426,0.5272624483194701,0.02108591357883167,-0.06938080617787312,0.0080690918940042,1,184.7575531005859
2019-10-25,0.0080690918940042,0.0109168188515772,0.019888820441809896,0.4660789356122471,0.0173127152451216,0.05881589168472967,0.026637247773877545,0.020187731434095,-0.006282176449147303,0.5472537790453696,0.02081006799090331,-0.3245558212149231,0.0080044212089779,1,186.25440979003903
2019-10-28,0.0080044212089779,-0.0018988068460673007,0.032846237535598996,0.4615900099006562,0.0173409758384949,0.04300400231735879,0.03169718399510901,0.0277503501443903,-0.0038255739299734026,0.5669741761140371,0.02349523279644006,0.13056845046918353,-0.000475306256112,0,187.75125122070312
2019-10-29,-0.000475306256112,0.0375126766773023,0.002221006382560994,-0.02802470132294923,0.0169602612579059,-0.04137446890958607,0.0274292209847379,0.0269120238866185,-0.0005033895158478296,0.5653933882324992,0.02144629238261519,0.14020606174124817,-0.0056148993246138,0,187.6620330810547
2019-10-30,-0.0056148993246138,0.011218267453355902,-0.006881880983020606,-0.3318463690264077,0.01692017707196,-0.07008975805827788,0.01790605996112669,0.0206705176070256,0.0027158278692285265,0.546082605226923,0.023745026404797368,1.2923859973832847,0.0178998665672985,1,186.6112823486328
2019-10-31,0.0178998665672985,0.0278831740895548,0.0065962293641960955,1.09309689979144,0.01637537035437,-0.08081166934176798,0.03286415004520937,0.0381929810542821,0.0051592757952141355,0.5939849396891466,0.05134357762205563,2.0543214388640942,0.0102266004269857,1,189.9816741943359
2019-11-01,0.0102266004269857,0.030040682622536303,0.04095750147411349,0.6220748498091546,0.0164395015007006,-0.05043771193932467,0.039790944702996794,0.0475503750580985,0.007462490796472654,0.6190689019175134,0.021691958755087178,0.5068336284057966,0.0056650709932754,1,191.93450927734375
2019-11-04,0.0056650709932754,0.027701332406833805,0.025802525560766496,0.3466719324953084,0.0163413027195447,-0.057648031359979424,0.04149215609939254,0.0515706968190016,0.00967702028343198,0.6327136964935384,0.01828264963165628,0.10852528415131091,-0.0020562496777427,0,193.02491760253903
2019-11-05,-0.0020562496777427,0.0261203889852031,0.0636330656625054,-0.12820997220432165,0.0160381415141855,-0.054369430381891126,0.034767348851498674,0.0478307111015844,0.012624443808151753,0.6239615075036048,0.01106419213384006,-0.32789333906604756,-0.0143573785452315,0,192.62841796875
2019-11-06,-0.0143573785452315,0.017377909764585402,0.028596177217941297,-0.8717268546687679,0.0164700427299408,-0.02660340610531542,0.016849288067354327,0.0317535717580293,0.01465731831213879,0.5656102537376064,0.015766060900849106,-0.26666265680240053,-0.0059167916860293,0,189.88253784179688
2019-11-07,-0.0059167916860293,-0.0064387484887423975,0.021444425600812396,-0.35665281776910074,0.0165897797276338,0.01309340604968856,0.00807053000303929,0.0247109565757414,0.01650720468204936,0.5432892490299995,0.020848656962914235,-0.11399730378456585,0.0022033420616081,1,188.76235961914065
2019-11-08,0.0022033420616081,-0.014462006854119996,0.0155786757684163,0.13852736381948788,0.0159054644573994,-0.032484990087956245,0.008518877646926696,0.0263890743077681,0.01771924855044471,0.5503916349405071,0.01383357493349662,-0.28251838659982675,-0.0064661655841858,0,189.17872619628903
2019-11-11,-0.0064661655841858,-0.026593243431581197,0.0011080889752525993,-0.40558787359472637,0.015942699486738,-0.024392377991380054,0.00034550110432320796,0.0193416790673346,0.018989617029356864,0.5246601020577628,0.008121979536757569,-0.4276117386280176,0.0253085532734593,1,187.95941162109375
2019-11-12,0.0253085532734593,0.0007715595196208062,0.0268919485048239,1.6308023985733309,0.0155190802365755,-0.03236417867686836,0.024477916615953513,0.0441128350551885,0.01916578007273495,0.6035300718372915,0.02735636361410854,0.15829760400628734,-0.0066035230415485,0,192.777099609375
2019-11-13,-0.0066035230415485,0.008525415023303805,0.025903324787889197,-0.42294238047748667,0.0156132923687935,-0.05201870907048822,0.01676017965177071,0.0365673185234621,0.019480639848105774,0.5764045076811041,0.015321659597658986,-0.2866668834113778,-0.0002073408220389,0,191.50828552246097
2019-11-14,-0.0002073408220389,0.014234865887294206,0.007796117398551801,-0.013296675699581331,0.0155934330296879,-0.060057861786209976,0.015811614300723854,0.0361022529289758,0.01997480472028257,0.5755328137786965,0.013357504077568985,-0.40511911436084114,0.0100453390626246,1,191.4685821533203
2019-11-15,0.0100453390626246,0.022076862888310705,0.007614856034190702,0.6896798182412167,0.0145652211315124,-0.08426307383079934,0.02357748745542651,0.0457089465133293,0.02162167430325246,0.6067176643186251,0.009841097431471218,-0.22809386546851518,0.0117197498339155,1,193.40164184570312
2019-11-18,0.0117197498339155,0.040262778306412006,0.013669534874830802,0.8314832360382518,0.0140949923293178,-0.11589675631515362,0.03357270967241506,0.0570574624585277,0.02272191648089872,0.6402854619351686,0.028267487353524242,0.054481523647272656,0.0096795427004769,1,195.6815948486328
2019-11-19,0.0096795427004769,0.024633767733429603,0.0254053272530504,0.9532775710998478,0.0101539603929935,-0.34571119949089757,0.03900709815959039,0.0658379128621549,0.025823514343732867,0.6659205798856789,0.015753558470128003,0.24490335190658663,-0.0091224696752056,0,197.58489990234375
2019-11-20,-0.0091224696752056,0.022114821099772506,0.030640236123076304,-0.9281427597762701,0.0098287354818181,-0.37048924405829187,0.026532483842745744,0.055141196466314,0.027869271624482606,0.6209916437756224,0.021062243824655706,-0.19301686641383542,0.0021241773494312,1,195.79063415527344
2019-11-21,0.0021241773494312,0.024446339271242606,0.0386812051585368,0.21625579874861162,0.0098225220397464,-0.3700859829233514,0.025636918889902056,0.0562044821576524,0.029803493521698865,0.6272756044955318,0.011266588238558906,-0.2095255719878435,0.0044866698669718,1,196.20697021484375
2019-11-22,0.0044866698669718,0.018887670075589804,0.040964532963900506,0.4598039209363509,0.0097577894895613,-0.3300623861830728,0.02733966623826126,0.0596387307200853,0.03143951853829563,0.6408648825525722,0.008449893736452227,-0.3549941358982114,0.0048668033791664,1,197.0892639160156
2019-11-25,0.0048668033791664,0.012034723620840704,0.0522975019272527,0.5019810777531104,0.0096951928964144,-0.31215337547589506,0.02958793841686472,0.0632703730462731,0.03271448059230364,0.6556017447725384,0.00860904589070092,-0.01609508488847855,-0.0041127004712296,0,198.05079650878903
2019-11-26,-0.0041127004712296,-0.0017575195508657956,0.022876248182563803,-0.420051243135129,0.0097909494102046,-0.03575067941365895,0.02281638599329088,0.0576804656218481,0.0340863522583279,0.6319920508359972,0.01060461676336364,-0.2394440498348689,0.0151135256346482,1,197.23794555664065
2019-11-27,0.0151135256346482,0.022478475758988002,0.0445932968587605,1.5138893914512048,0.0099832429766619,0.01571997691153859,0.034735273287878975,0.0722072239469342,0.03621404587860222,0.6781196393855395,0.018415847627243184,-0.12943447348167425,-0.0017836477088502,0,200.24154663085935
2019-11-29,-0.0017836477088502,0.018570650700706605,0.04301698997194921,-0.18879829236548093,0.0094473720418899,-0.03819283849285071,0.030255238554749785,0.0689914320538007,0.03759863774474992,0.667416311856946,0.012844655553116433,-0.3817205237706438,-0.0096678371260669,0,199.88470458984375
2019-12-02,-0.0096678371260669,0.004416143707667904,0.0233038137832577,-1.0027952014281578,0.0096408888996459,-0.01198023282224514,0.01876050535184987,0.057610806021514,0.038134871214158705,0.6114066967883287,0.02068096989051945,-0.0726635509309923,-0.0044161437076677,0,197.96156311035156
2019-12-03,-0.0044161437076677,-0.004866803379166196,0.007167920241674499,-0.45632342503254064,0.0096776616439377,-0.0018082417404178264,0.01321180709221859,0.0516139012262894,0.03790134882486185,0.5873305340440058,0.01936420230811241,-0.046907461177587484,-0.0005534014309579,0,197.0892639160156
2019-12-04,-0.0005534014309579,-0.0013075043388944961,-0.0030650238897603,-0.05729887701946857,0.0096581549193341,-0.013562984068949846,0.011519757995548673,0.0490977270775834,0.03715000995778861,0.5842335010727622,0.00996424770087275,-0.3006519353374094,0.0032655609854514,1,196.980224609375
2019-12-05,0.0032655609854514,-0.013155468988091295,0.009323006770896699,0.3648668302525987,0.0089500078239248,-0.10349694534656961,0.012815055430136654,0.0506919991581236,0.037397690254417526,0.5977315365663964,0.015449370800742736,-0.19032822778938763,0.0084416514824642,1,197.62452697753903
2019-12-06,0.0084416514824642,-0.002930169796776896,0.0156404809039297,0.9530950020489327,0.008857093431732,-0.06248072030407914,0.018650508452313433,0.0572655054389922,0.03790799363105268,0.6312547113743495,0.007510617969183896,0.025117920390578474,0.0014412351915015,1,199.29986572265625
2019-12-09,0.0014412351915015,0.008178902520791504,0.012595046228459398,0.16264828044687843,0.0088610539720536,-0.08088828070832166,0.017413373239632293,0.0560979292900538,0.03802245681835581,0.636846570449802,0.014552462148971788,-0.006221300055529455,-0.0023369518280966,0,199.5873107910156
2019-12-10,-0.0023369518280966,0.010258094400362603,0.005391291021196398,-0.2691379029288678,0.0086831018695804,-0.10276860371330665,0.012158944473636014,0.0511197083433831,0.03849273286816457,0.6204246506394178,0.009458899793196958,-0.21505914786157732,0.0068959852377839,1,199.12142944335935
2019-12-11,0.0068959852377839,0.017707481069104403,0.0163999767302099,0.9862911759502714,0.0069918350746064,-0.27606927689575045,0.017166558965591622,0.0554715377973537,0.03765851176892432,0.6492337022149767,0.011618739085035476,-0.3067498898035268,-0.0276201165415016,0,200.4993133544922
2019-12-12,-0.0276201165415016,-0.013178196457848597,-0.026333665445939902,-2.912647577621686,0.0094828213182093,0.059532181956333696,-0.011428192324317115,0.0243501657846862,0.03619196686695414,0.49035430701107374,0.04858956827747775,0.9396508925860745,-0.0135089633267086,0,195.0372772216797
2019-12-13,-0.0135089633267086,-0.0351288112670214,-0.038058981063798306,-1.3486110185884377,0.0100169456874586,0.1309517918791776,-0.02492814264654291,0.0090576223988776,0.03485462613767232,0.43537832937814436,0.018700761791759526,0.47730639529537866,0.0194379348829958,1,192.4202423095703
2019-12-16,0.0194379348829958,-0.0171321115755271,-0.008953209054735605,1.817050725328685,0.0106975191237326,0.2072513221870591,-0.006493035711955291,0.0269981336532659,0.03371004992322457,0.5191630094066709,0.02177646320971929,0.15647978457980427,0.0023719759363221,1,196.19708251953125
2019-12-17,0.0023719759363221,-0.012423183811108398,-0.002165089410745804,0.22826458835800995,0.0103913443315259,0.19673182321285498,-0.004381060846795347,0.0274420474212751,0.03196314073247408,0.5284591033448828,0.01446643039476337,-0.19203893508926062,0.0205050023040692,1,196.6630096435547
2019-12-18,0.0205050023040692,0.0011858332551769046,0.018893314324281298,1.8370783641038013,0.0111617461207608,0.5963972264304507,0.01543459717029522,0.0460456321521548,0.030145747512605015,0.6010851272075424,0.020790156611689734,0.8175776590323833,0.0174274881959248,1,200.7372131347656
2019-12-19,0.0174274881959248,0.04623343799260331,0.0330552415347547,1.5161622843081914,0.0114944741577428,0.21213653321408077,0.031075857613063668,0.0615608232819378,0.029566171532176888,0.6511977024565183,0.0183927428410463,0.26907159573769124,0.001164052446008,1,204.26622009277344
2019-12-20,0.001164052446008,0.060906453765319904,0.025777642498298496,0.10125315713546051,0.011496455803849,0.14770072261076295,0.03011962731287736,0.0599283392188885,0.028937136149680853,0.654350215179598,0.02074655344048705,0.9827939874803313,-0.000581931502778,0,204.5041351318359
2019-12-23,-0.000581931502778,0.040886587379546105,0.023754475804018994,-0.050619175041655244,0.0114962660355314,0.07466655610147677,0.027632038313147672,0.056923487490771,0.02850383024813552,0.6511807247895984,0.01411389933787299,-0.042498288369484105,-0.0051543679723012,0,204.3851623535156
2019-12-24,-0.0051543679723012,0.033360243470922805,0.0209370596598144,-0.4453215659851712,0.0115744854190889,0.11385832764424064,0.020992712327235662,0.0491405658789454,0.027569103297074626,0.6225017984760512,0.008726566540283802,-0.5514642526363891,0.0129326412885064,1,203.3343963623047
2019-12-26,0.0129326412885064,0.025787882455360005,0.026973715710536895,1.0979014237059468,0.0117794193624893,0.05533840628928388,0.0320172315464746,0.0607460185423394,0.027837507085821445,0.6627876787568721,0.012079550732592944,-0.30014157038720235,0.0014909786798922,1,205.9811248779297
2019-12-27,0.0014909786798922,0.009851372939327406,0.0560848109319307,0.1310342937630053,0.0113785379161035,-0.010086258844751561,0.03199380006220433,0.0603205896004839,0.02744860437782881,0.6672286892181745,0.011244576017583885,-0.22314358609254636,-0.0178910502578805,0,206.28846740722656
2019-12-30,-0.0178910502578805,-0.009203729764561094,0.0517027240007588,-1.4706853233205954,0.0121651110364555,0.05816185822961484,0.012998770572737623,0.0400331316994058,0.026687456996007386,0.5708665248627619,0.01956851390997496,-0.21255830448972624,0.0041008162936216,1,202.6305694580078
2019-12-31,0.0041008162936216,-0.004520981968161493,0.036365605411384595,0.34356704796679877,0.0119360000264574,0.038250157883169766,0.01576453560932354,0.042249338856026,0.026073762489468244,0.5855400208646299,0.009549288453486283,-0.32363551482000064,0.0218308598965292,1,203.46322631835935
2020-01-02,0.0218308598965292,0.022464245900668905,0.05582448937159169,1.7209113118600123,0.0126856391413534,0.09600026973397546,0.03537542954787988,0.0630912238742992,0.026768835279896708,0.6542114830416655,0.016779430995111953,-0.0893300482024465,-0.0053054011553186,0,207.9538421630859
2020-01-03,-0.0053054011553186,0.004226203456843905,0.030014085912203895,-0.41469538170772774,0.0127934898466214,0.08608832514795539,0.027371732055516833,0.0546515700267871,0.02655303540101306,0.6268058918258488,0.01653326773621279,-0.1649438215664879,0.0186585251274056,1,206.85348510742188
2020-01-06,0.0186585251274056,0.021393749904357304,0.031245122843684695,1.4030571949011632,0.0132984779203673,0.16873345401842887,0.0433204144274353,0.0716493248451419,0.02715264651775584,0.6782043747209093,0.02944494039096083,0.2393578898462363,0.0021611962812708,1,210.74929809570312
2020-01-07,0.0021611962812708,0.041445996443508604,0.032242266678947494,0.16320032890942973,0.0132425975836739,0.08857186292747099,0.042505513429624026,0.0710869662833129,0.02741611673559574,0.6836951999090148,0.01328265213312212,0.07311284689302511,0.0100870543382383,1,211.20526123046875
2020-01-08,0.0100870543382383,0.0474322344881253,0.04291125251996379,0.7565341506939292,0.0133332438846098,0.11706131493425453,0.049510661467026235,0.0789808811459846,0.028079962177577356,0.7088217400034392,0.01686648481657615,-0.03559909693427865,0.0142095210259723,1,213.3464813232422
2020-01-09,0.0142095210259723,0.039810895617568405,0.06227514151823729,1.0544721358801021,0.0134754827012214,0.06226281159876468,0.06002524146711377,0.0912599448782177,0.02946599966607799,0.740479233875648,0.009619817105626443,-0.10529936111008886,-0.0011000290156101,0,216.3996734619141
2020-01-10,-0.0011000290156101,0.044016267757276906,0.0482424712141208,-0.08143156696594465,0.0135086313157911,0.05589885775839032,0.054813461118133615,0.0869359340288111,0.030453226181458515,0.7337844198900703,0.011281329640509437,-0.15455228467047877,0.0175016971300385,1,216.16175842285156
2020-01-13,0.0175016971300385,0.04285943975990981,0.0642531896642671,1.5050072106556656,0.0116289789219108,-0.12554060761341546,0.06694433205933113,0.102427282738692,0.033256609190541964,0.7697475651435539,0.012437449692617225,0.04268375324049911,-0.012926321668951,0,219.9782562255859
2020-01-14,-0.012926321668951,0.027771921809688006,0.06921791825319659,-1.1164450571500557,0.0115781081981302,-0.12569206117051845,0.046961760705031774,0.0853129162970329,0.03663090385094403,0.6949094399770798,0.017118597835266314,-0.022577820535876203,0.0094954774092644,1,217.15304565429688
2020-01-15,0.0094954774092644,0.027180344880714108,0.07461257936883939,0.8493706677519386,0.0111794270390764,-0.16153734711321766,0.05111556351433882,0.0926868278785321,0.03954966114782121,0.7166642869480419,0.006963569200248897,-0.2483213333617933,0.0027997706104214,1,219.2248382568359
2020-01-16,0.0027997706104214,0.01577059446516321,0.055581490082731604,0.2505738194368315,0.0111734363019805,-0.1708322032154178,0.04823834638258172,0.0928292029910469,0.042538852697333596,0.7229753766639339,0.010100579203723418,-0.24945828098496003,0.0016669192588476,1,219.8394775390625
2020-01-17,0.0016669192588476,0.01853754273962091,0.0625538104968978,0.15682827906368682,0.0106289456773971,-0.21317375321567567,0.04513601939104363,0.091659263537759,0.04451405681513343,0.7268846477169132,0.00792290677803054,0.22582494776762974,-0.0031560822615231,0,220.20623779296875
2020-01-21,-0.0031560822615231,-0.0021202366519406926,0.04073920310796911,-0.3059302860226083,0.0103163446239836,-0.11287614387656963,0.03808685024993017,0.085031765503536,0.045222531469600424,0.706569158586787,0.014676661687898973,0.10977142710551302,-0.0005422032105716,0,219.51234436035156
2020-01-22,-0.0005422032105716,0.010263881806438706,0.038035803616126705,-0.052414337723710805,0.0103445590294337,-0.10654151331006834,0.033884255517721146,0.0811696940197823,0.045735717755352345,0.7029410863831101,0.006641971679269253,0.008570054153823392,-0.0070734943122344,0,219.3933563232422
2020-01-23,-0.0070734943122344,-0.006305089915060094,0.020875254965654004,-0.6686340779561241,0.0105790215387415,-0.05370628550427958,0.02335090458147931,0.0705242229967229,0.04609691378006486,0.6558104446252525,0.01010193518472299,-0.06718672013851801,-0.0083161609415193,0,217.84695434570312
2020-01-24,-0.0083161609415193,-0.017421021467000794,-0.0016504270018375972,-0.7748377919369167,0.0107327766250673,-0.03943815179177179,0.01185552127539771,0.0587362692287573,0.04633146429271706,0.6048574682913167,0.026016326077952175,-0.031600403601504956,-0.0141866660690841,0,216.04281616210935
2020-01-27,-0.0141866660690841,-0.03327460679493249,-0.014737064055311597,-1.2755433783726018,0.0111220569285414,0.046393242200204465,-0.004034924647034527,0.0417575711068721,0.045978013574098586,0.5300467971462589,0.01656814650483024,0.10332855195267676,0.013498012605209,1,212.99952697753903
2020-01-28,0.013498012605209,-0.016620511928200396,-0.018740748580141103,1.180789453995228,0.0114313458335338,0.10808103550147274,0.007237762948031784,0.0534018093641198,0.04583232292738204,0.5828895955924368,0.023968048953677528,0.05838942352264942,0.0246714523032168,1,215.8940887451172
2020-01-29,0.0246714523032168,0.008593143585588006,0.018857025392026702,2.1563615713959012,0.0114412409451565,0.10601533739643965,0.027923386829901333,0.0765813618890089,0.04733618836046527,0.6596680835638196,0.025758187116654736,1.4032865357851496,-0.0633358221296413,0,221.28675842285156
2020-01-30,-0.0633358221296413,-0.04766918423181889,-0.053974274146879,-3.3360649362183405,0.0189851886400739,0.7946072394831718,-0.03611195429692338,0.0091051213303271,0.04691112814275922,0.44000697043057757,0.03188084147710719,2.087499568767295,-0.0370447923854704,0,207.70599365234375
2020-01-31,-0.0370447923854704,-0.07639781567576999,-0.0938188371427708,-1.84110160076324,0.0201209929805684,0.8747239119441037,-0.06948127760095511,-0.0280152717058607,0.04456224780538265,0.3668390690013622,0.037789137459385516,0.8709064469219583,0.0112289292158901,1,200.15234375
2020-02-03,0.0112289292158901,-0.05098222039079579,-0.0842568271857283,0.5527956859944688,0.0203129827174564,0.8263692451824505,-0.05800122298658914,-0.0175000891413864,0.042994890050293666,0.39904039750762393,0.012929131485788404,-0.08727186729758996,0.0272467141965767,1,202.4125061035156
2020-02-04,0.0272467141965767,-0.037233518799428086,-0.053854030727628496,1.3076524647204544,0.0208363574662794,0.8227387894394764,-0.03136308120499792,0.0084422237419636,0.04109414391976718,0.47074559978277597,0.025735162313067498,0.1475040388501283,0.0013334258519438,1,208.00340270996097
2020-02-05,0.0013334258519438,-0.06057154525070108,-0.0519784016651131,0.06401072206581143,0.0208312890233118,0.8207193715407641,-0.029409736824512887,0.0086069860166574,0.03916866290909482,0.4741001979738829,0.019132782837533623,-0.26189547610602804,0.0035158890967755,1,208.28094482421875
2020-02-06,0.0035158890967755,0.006280165975715716,-0.041389018256103194,0.16981956233514373,0.0207036754095314,0.09051723435763614,-0.025007137361702274,0.0109917133562543,0.03692216845623353,0.4834202343808615,0.00877403865289612,-0.37253772641041705,0.0069946921854335,1,209.0145263671875
2020-02-07,0.0069946921854335,0.05031965054661961,-0.026078165129150396,0.34143840550524257,0.0204859560982401,0.01813842477973915,-0.016806357682748393,0.0168652510429501,0.0342471790667187,0.5024128545303621,0.013610957582607688,-0.2722169991204779,0.0034320167667772,1,210.4816436767578
2020-02-10,0.0034320167667772,0.04252273809750671,-0.008459482293289095,0.16729845394704762,0.0205143364197704,0.009912562084787302,-0.012282812731208279,0.0189859627221502,0.03165762007222117,0.5119440212158586,0.014737629895939932,-0.29461816457580803,-0.0279375364054946,0,211.20526123046875
2020-02-11,-0.0279375364054946,-0.012661512504564588,-0.0498950313039927,-1.3397877590993585,0.0208522105204745,0.0007608361596194158,-0.03620683770749212,-0.0095796907638451,0.02762744952486562,0.43910540468301046,0.020995250988260567,0.4437912758686624,0.0170838849432921,1,205.38636779785156
2020-02-12,0.0170838849432921,0.003088946586783714,-0.05748259866391739,0.8054741921427757,0.0212097235515944,0.01816663999328605,-0.017703764285560687,0.0066082148046048,0.024750149910208297,0.48691812142641466,0.018124916605532004,-0.20442179231294877,0.0112290447781449,1,208.92530822753903
2020-02-13,0.0112290447781449,0.010802102268153113,0.017082268243868808,0.5281185477468894,0.0212623563895859,0.02698462804325552,-0.004753601973158553,0.016669951147944,0.02152587857999433,0.516507628237417,0.024162565309285417,-0.12673627850786395,0.0048677637466986,1,211.28456115722656
2020-02-14,0.0048677637466986,0.008675173829418212,0.05899482437603781,0.22862861282832403,0.0212911397505341,0.03930417738048231,0.0018782167218192286,0.0201360860937074,0.01822364142383348,0.5292830650925527,0.01064524632208876,-0.39200517110025124,0.0167604183066431,1,212.3155517578125
2020-02-18,0.0167604183066431,0.02200357536928411,0.06452631346679082,0.7730033328199277,0.0216822070423692,0.05692948573629142,0.019846834426069083,0.0354950267212774,0.015343669036355312,0.5717032104047465,0.021028474595412502,-0.11575556781060681,-0.0014243871161825,0,215.9040374755859
2020-02-19,-0.0014243871161825,0.04851672465859621,0.03585521215403161,-0.06571098727793945,0.0216765441395323,0.03953219339735714,0.019337888522170405,0.0322416233943594,0.012658937745261944,0.5669908190312397,0.01016141734355077,-0.308365938941783,-0.013470199463589,0,215.5967254638672
2020-02-20,-0.013470199463589,0.017962640251715112,0.02105158683849881,-0.6162786678742058,0.0218573190437585,0.030532952991526363,0.00729023367369384,0.0171240512026055,0.009762645561494976,0.523380630058941,0.027122785322748463,-0.2547513213195629,-0.0207183798433723,0,212.71206665039065
2020-02-21,-0.0207183798433723,-0.013984784369802092,-0.0031826821016489905,-0.9312311295559076,0.0222483754954075,0.04637393371435272,-0.01114099449431701,-0.00456652737807,0.006648538446474506,0.46512610893485345,0.02573986036080385,-0.20540663825429994,-0.0460533553410939,0,208.3503570556641
2020-02-24,-0.0460533553410939,-0.06490590345759459,-0.05623072962817639,-1.8953813292459722,0.0242976727851461,0.14121052559135916,-0.05180755720562472,-0.0493564769622028,0.002585002930627134,0.3698194540725675,0.02730169237849644,0.2616247447926774,-0.0198754665310806,0,198.97271728515625
2020-02-25,-0.0198754665310806,-0.10154178829531829,-0.07953821292603419,-0.8127506775979093,0.0244545677769506,0.12786340104418015,-0.06647629150318814,-0.0675795403950279,-0.0011818113260522178,0.33861925245826113,0.03836968484944262,0.14770531226355543,0.0021828953896225,1,195.0570831298828
2020-02-26,0.0021828953896225,-0.09793450578951331,-0.0494177811309171,0.09039776821904885,0.0241476690479015,0.11399994816805314,-0.05984438171128454,-0.0655817897086668,-0.006102615232811859,0.3450965854232304,0.02900609183175822,-0.1224667264097713,-0.0385109486382378,0,195.48333740234375
2020-02-27,-0.0385109486382378,-0.12297525496416209,-0.105012614712447,-1.5914145675481508,0.0241991932357202,0.10714370720733202,-0.08808451445807262,-0.1005113568511068,-0.013627186499250321,0.2917787485284646,0.03362321413866928,0.18771736373700465,0.014232867925391,1,188.09820556640625
2020-02-28,0.014232867925391,-0.0880240071953988,-0.1020087915652009,0.6819117029395059,0.020872010062355,-0.061863637340021094,-0.07120502600249076,-0.0871458394027972,-0.017162897998572846,0.33233768159924126,0.05673610484588442,0.8669090233735504,0.0204168190126655,1,190.7945251464844
2020-03-02,0.0204168190126655,-0.021553832841639392,-0.08645973629923401,1.0178577237144186,0.0200586177586386,-0.17446341729891768,-0.050794305974040665,-0.0681443333455119,-0.018278469546345488,0.3874754717803271,0.03929953738931476,0.45689165109228913,-0.0552021813518363,0,194.72998046875
2020-03-03,-0.0552021813518363,-0.05688054766239509,-0.1584223359577134,-2.3868685064456394,0.0231274497119406,-0.054268718920514325,-0.09778354035290075,-0.1167989488560102,-0.02107632630704548,0.3134049728714919,0.07138632694621364,0.576636520774974,0.0310895350966369,1,184.2717742919922
2020-03-04,0.0310895350966369,-0.027973907955380684,-0.12590841374489398,1.3274278278947234,0.0234208854472671,-0.030097464032353805,-0.06519421911378258,-0.0876696312080961,-0.02404286810572176,0.3839674386475368,0.028368807870467146,0.28690379734968974,-0.0349702181155869,0,190.09068298339844
2020-03-05,-0.0349702181155869,-0.024433177432729783,-0.1474084323968919,-1.4371052354271532,0.0243337907715524,0.00556206707062934,-0.0917986666858782,-0.1172477630791189,-0.028021425932479582,0.3415314301524633,0.027542291699233477,0.05874480030316498,-0.0222799875840916,0,183.5580596923828
2020-03-06,-0.0222799875840916,-0.060946032942212375,-0.1489700401376112,-0.9105616403439312,0.0244684012558185,0.17230689247079245,-0.10527980825192883,-0.1346278450754958,-0.03280135744587154,0.318091887173085,0.041526337315892024,0.29531808198030784,-0.0661412867492692,0,179.51361083984375
2020-03-09,-0.0661412867492692,-0.14750413870414708,-0.1690579715457865,-2.4091552129269496,0.0274541409347023,0.3686955534550074,-0.1535875833073681,-0.1872459795171295,-0.039765952797906956,0.2628951762114777,0.057876091791113464,0.509099493540385,0.049997363368219,1,168.0244903564453
2020-03-10,0.049997363368219,-0.04230459398409178,-0.09918514164648688,1.6358036479131113,0.0305644038830721,0.32156395381942304,-0.10237846674533664,-0.1431451380102628,-0.0454163249817674,0.35348123289358385,0.04932932917503734,0.19723536868587233,-0.045641126828031,0,176.63882446289062
2020-03-11,-0.045641126828031,-0.11903525590875969,-0.14700916386414037,-1.454052840853224,0.031388905234867,0.3402100149262146,-0.13436993370601039,-0.1783823152534182,-0.05084433092283569,0.3153048249172251,0.04828478004856025,0.006325498553159115,-0.0972092076706388,0,168.75804138183594
2020-03-12,-0.0972092076706388,-0.18127424546381157,-0.2057074228965414,-2.6809666971028117,0.0362590135027369,0.49006843377340825,-0.20315284362374159,-0.2508808360337866,-0.05989604408842053,0.2561962009904535,0.07936822469566882,0.9921435515815689,0.097444267219085,1,153.12533569335938
2020-03-13,0.097444267219085,-0.06154999066063496,-0.12249602360284739,2.218501955025924,0.0439234533908474,0.7951092485211946,-0.11177636432902666,-0.1713980273366391,-0.067124607602424,0.38139954104937396,0.07746057832495623,0.5431057135739479,-0.1537692475572811,0,168.79771423339844
2020-03-16,-0.1537692475572811,-0.14917795146864687,-0.296682090172794,-2.8462009596051514,0.0540261386106107,0.967868480718737,-0.22458849212007528,-0.2850617004403059,-0.07798853602982014,0.2983695395344598,0.10978699666033051,0.6219743770471413,0.0230862940897421,1,144.73895263671875
2020-03-17,0.0230862940897421,-0.17608902074712376,-0.2183936147312156,0.4254324865281475,0.0542654705994453,0.7754467192307941,-0.19180431213618387,-0.2640944445750242,-0.08944632287003929,0.3207444800678101,0.09329408788805274,0.36741696645126876,-0.0166008840754385,0,148.1193084716797
2020-03-18,-0.0166008840754385,-0.14704877799453125,-0.266084033903291,-0.30677040836485164,0.054115011170486,0.7240171571952336,-0.18965342270835078,-0.2715000599948218,-0.1010020151624752,0.31299006027552395,0.07539457040062947,0.4266691791193904,0.0411268793644971,1,145.68069458007812
2020-03-19,0.0411268793644971,-0.008712690959395378,-0.18998693642320702,0.7371518154036558,0.055791600190222,0.5386960317056266,-0.14107979788657313,-0.2363773470065556,-0.11095041062661803,0.3551025913900777,0.09880486607182008,0.441159802782912,-0.0224537958774628,0,151.7969970703125
2020-03-20,-0.0224537958774628,-0.1286107540559432,-0.1901607447165782,-0.4024031854426768,0.0557992498313893,0.27037483448458843,-0.145666984715749,-0.24842346515407,-0.12027684591368881,0.34263833713659764,0.07526884788649002,0.1394054229546371,-0.0109456649832553,0,148.4265594482422
2020-03-23,-0.0109456649832553,0.014212828518082631,-0.1349651229505643,-0.1976236350463825,0.0553864166130045,0.025178145937800656,-0.1420882459192972,-0.2513288962048425,-0.1273332015395947,0.33653978998873185,0.06792705701552935,0.03145044217540649,0.0833922435183234,1,146.810791015625
2020-03-24,0.0833922435183234,0.07451877794666394,-0.1015702428004599,1.3996134739404165,0.0595823383176958,0.09797883736227742,-0.05770934321483123,-0.181494825915803,-0.1313665606356461,0.42381236617169543,0.05429239946786647,0.03639030409007904,-0.0300789340520018,0,159.57864379882812
2020-03-25,-0.0300789340520018,0.061040727970100635,-0.0860080500244307,-0.5040819454263168,0.0596707228356754,0.10266488992650258,-0.07452782909151977,-0.2004058732872473,-0.13601494259104596,0.40268630114105264,0.06356832154011283,0.1610236746627156,0.0446327581588697,1,154.85015869140625
2020-03-26,0.0446327581588697,0.06454660676447324,0.0558339158050778,0.7366344938869139,0.0605901006934405,0.0860075797585651,-0.024655308864437328,-0.1591127032262471,-0.13785628361319668,0.44705558598237766,0.04273292447674612,-0.13066079704703315,-0.0409265841979344,0,161.91810607910156
2020-03-27,-0.0409265841979344,0.04607381844400163,-0.0825369356119416,-0.6730892133746371,0.0608041005333344,0.08969387074321689,-0.05368620853745907,-0.1874481606313983,-0.14135052590452934,0.4164514687945479,0.03405827263571225,-0.1751738258529012,0.0567792082668973,1,155.4251251220703
2020-03-30,0.0567792082668973,0.11379869169415424,0.1280115202122368,0.9114604317447204,0.0622947593657032,0.12472990987968435,0.010900925126916566,-0.1349724286961818,-0.14430034654957336,0.47099201183061745,0.05236518590667124,-0.2505455673567645,0.0051087970548348,1,164.50538635253906
2020-03-31,0.0051087970548348,0.03551524523066563,0.1100340231773295,0.08325336543640202,0.0613644508910268,0.02991008113559923,0.022021097224537694,-0.1254966114717079,-0.14433920111517606,0.47588711960001184,0.040347695470069986,-0.2062053064482764,-0.0441245599776672,0,165.34796142578125
2020-04-01,-0.0441245599776672,0.021469619305000236,0.0825103472751008,-0.7196483230497526,0.0613140593320283,0.02754008026479604,-0.012363931240950365,-0.1577835471074426,-0.14724008211770734,0.4388430834747548,0.038283210380259364,-0.3420483028339756,-0.0088739045357915,0,158.21067810058594
2020-04-02,-0.0088739045357915,-0.03203704338966096,0.032509563374812214,-0.14544226776720298,0.0610132437565894,0.006983699619345751,-0.01284873784332231,-0.1596249875162901,-0.1486866859211612,0.4317550052575064,0.03432586036264595,-0.29738756125400023,-0.025676224054829,0,156.8129425048828
2020-04-03,-0.025676224054829,-0.01678668324655556,0.029287135197446006,-0.42050700844341515,0.0610601572370323,0.004211174928202777,-0.029725690145355026,-0.175180810660012,-0.14991133851255678,0.4114035081868511,0.04592036689185042,-0.1280132452664734,0.0711527289779586,1,152.83782958984375
2020-04-06,0.0711527289779586,-0.0024131625354942565,0.1113855291586599,1.1495403978879761,0.0618966754962991,-0.006390326786032574,0.04312387543626465,-0.109361939246156,-0.14618188527095755,0.48546221411149,0.04645123708636848,-0.04270911678127187,0.0196190394191409,1,164.10888671875
2020-04-07,0.0196190394191409,0.012097079828811837,0.0476123250594774,0.3219398505583669,0.0609400774247549,-0.006915623950184413,0.06693726170259433,-0.0871940998600921,-0.14446150405950497,0.5048184094844651,0.04371263876545794,0.04470404336872558,0.0317708189844537,1,167.36033630371094
2020-04-08,0.0317708189844537,0.08799245879093273,0.10946207809593289,0.5249120289655579,0.0605259876537109,-0.012853033821326743,0.09997477201854237,-0.0532736814346563,-0.13931997110440575,0.5360490311716787,0.041657072284179766,-0.28102981969659435,0.0052077566749709,1,172.76287841796875
2020-04-09,0.0052077566749709,0.10207412000169513,0.07003707661203411,0.09312599470093644,0.0559216220099986,-0.083451090830438,0.09853507743456102,-0.0433374171361261,-0.12914698627740306,0.5412515034136658,0.03145153507648808,-0.19252828851220238,-0.0022856523489587,0,173.66493225097656
2020-04-13,-0.0022856523489587,0.12546469170756544,0.1086780084610098,-0.044253385401310893,0.0516492089414473,-0.15412584443653166,0.09447947723933066,-0.0418863385654536,-0.12459421911569113,0.5383938072901704,0.031752407259793294,-0.31755882561899273,0.0191527751648387,1,173.26844787597656
2020-04-14,0.0191527751648387,0.07346473789444552,0.07105157535895121,0.5232151359415703,0.0366059271782565,-0.4085962309810124,0.10452262482788324,-0.0208104835535693,-0.11347264923702494,0.5595570403456541,0.025874168814775698,-0.23472610840937003,-0.0067578719040924,0,176.61900329589844
2020-04-15,-0.0067578719040924,0.04708782657121223,0.059184906400023995,-0.1843861522475117,0.0366506476854126,-0.3985789117077084,0.08779437168601419,-0.0244867520416211,-0.10321907030425836,0.5499174947889882,0.03034409832257656,-0.34536779993345845,-0.0040768581868512,0,175.42945861816406
2020-04-16,-0.0040768581868512,0.011240149399907327,0.09923260819084001,-0.11229382177251257,0.0363052759492877,-0.40017044980740935,0.07370319783945974,-0.0248455982472115,-0.09178402028137234,0.5438634015429621,0.03143267259530139,-0.08966139920013738,0.0168223479610648,1,174.71571350097656
2020-04-17,0.0168223479610648,0.022854740686001226,0.12492886068769629,0.4728590247286893,0.0355758208711717,-0.36382709241139577,0.08330266109155429,-0.004903261858492,-0.08142315727459637,0.5652672602813457,0.02019635687483594,-0.16008661501667332,-0.0055947759831492,0,177.67970275878906
2020-04-20,-0.0055947759831492,0.019545617051810727,0.1450103087593761,-0.15978336585600136,0.0350147585962814,-0.3220659267797059,0.06805686299953728,-0.0068590406956538,-0.07014224269370528,0.5558724808992473,0.02092681560022797,-0.33288170572789966,-0.0426377356138948,0,176.6884002685547
2020-04-21,-0.0426377356138948,-0.04224489372692277,0.0312198441675227,-1.1639751352669732,0.0366311395510311,0.000688751104481744,0.016560719298089582,-0.0438893386339748,-0.05946527028292392,0.4905489048414007,0.04121784788720727,0.03974050942075902,0.0650507768241351,1,169.3131561279297
2020-04-22,0.0650507768241351,0.02956375500130473,0.07665158157251689,1.8689794247025673,0.034805507200534,-0.05034400757978941,0.07805364879809959,0.0239023239796667,-0.05023064007881717,0.5737794604775602,0.03642747111101362,0.382735275992788,0.0155142576239717,1,180.6932373046875
2020-04-23,0.0155142576239717,0.04915487081212763,0.0603950202120349,0.459254211300078,0.033781416135637,-0.06951771464775813,0.08562495439634071,0.0424948908006494,-0.03972832737588794,0.5916169392108422,0.02106632664835806,-0.08248536475388246,0.0263342602023668,1,183.51841735839844
2020-04-24,0.0263342602023668,0.05866678305342963,0.08152152373943079,0.7982591028971476,0.0329896146586879,-0.07269561598730345,0.10592625578399338,0.0728127321268398,-0.02994189122825308,0.6212086097880607,0.05040249098698279,0.22703831255809281,-0.0136136329746595,0,188.4154357910156
2020-04-27,-0.0136136329746595,0.050647926061919334,0.07019354311373,-0.433510837583747,0.0314032125483589,-0.10314353697432166,0.08131179224934762,0.0613788653173671,-0.018434023447127967,0.5969733671259893,0.03381331380208357,0.23298786661191007,-0.0247845609975958,0,185.8677978515625
2020-04-28,-0.0247845609975958,0.06850110067821832,0.02625620695129549,-0.8224620988484338,0.0301345934752468,-0.17735036789488667,0.04970782895745382,0.0390748944600402,-0.010129422877577232,0.5553053048122556,0.03630200238754886,-0.08080409232735153,0.0598427592344935,1,181.31776428222656
2020-04-29,0.0598427592344935,0.06329308308857673,0.09285683808988139,1.8386747112296347,0.0325466809702696,-0.06489852934048723,0.10575225589210427,0.1061213646577847,0.0003338078341812434,0.6246436745778844,0.03558372509004111,0.8563555774589,0.0527572754546249,1,192.4995574951172
2020-04-30,0.0527572754546249,0.10053610091922993,0.14969097173135748,1.6674329923540745,0.0316398174298701,-0.06339576461709284,0.15087407069794534,0.1677442351375657,0.014658566796443395,0.6754669238697756,0.03966584363673645,0.7718554233491177,-0.0119909181365642,0,202.927978515625
2020-05-01,-0.0119909181365642,0.06221092258029892,0.12087770563372849,-0.37757372309172693,0.0317578194753006,-0.03733887758712906,0.12323858704001667,0.1554482603725926,0.028675718323972088,0.6533697362072585,0.04068816707223254,0.14482880884257887,0.0146741159187192,1,200.50921630859375
2020-05-04,0.0146741159187192,0.09049867147367763,0.14114659753559688,0.48151798812868474,0.0304746993476754,-0.029567459037945554,0.12390257144372567,0.173187901091832,0.0438519591469535,0.6677151028793924,0.0348339147745388,-0.266113978457321,0.0087792412419306,1,203.47320556640625
2020-05-05,0.0087792412419306,0.12406247371320403,0.1925635743914223,0.3205709809848998,0.0273862631450853,-0.09120183859188413,0.12106966626943304,0.1826744651975995,0.054951802534420446,0.6764442996288647,0.018737647875471344,-0.18524680840451058,0.0067383421720725,1,205.2674102783203
2020-05-06,0.0067383421720725,0.07095805665078302,0.1342511397393597,0.2465639613812652,0.0273289824446522,-0.16031430456406948,0.11666696115509159,0.1890814503529746,0.06484877919462817,0.6833731504015662,0.02369646669774964,-0.1389566472531074,0.0132944747707788,1,206.65524291992188
2020-05-07,0.0132944747707788,0.03149525596693692,0.1320313568861668,0.49454290193417116,0.0268823487684966,-0.15036334112605,0.12051385107348231,0.2030655857810678,0.07367310509236336,0.6972855045535913,0.012117830559254208,-0.39533998358255473,0.0051461530679933,1,209.42095947265625
2020-05-08,0.0051461530679933,0.04863232717149442,0.1108432497517933,0.19142860380366558,0.0268828846146281,-0.1535034502121262,0.11530400638062088,0.2061680157786525,0.08147017214876073,0.7027800112812435,0.011113729891776437,-0.4897029639542022,0.0039011408188924,1,210.50144958496097
2020-05-11,0.0039011408188924,0.03785935207166762,0.1283580235453452,0.14570591408648764,0.0267740732649793,-0.12143273475734495,0.10848813891096006,0.2080404851852971,0.08980912179370981,0.7071392896774578,0.02171875899186373,-0.4661221445252287,-0.0145532164430704,0,211.32424926757812
2020-05-12,-0.0145532164430704,0.01452689438666662,0.1385893680998706,-0.5346529300546504,0.0272199320811406,-0.006073521716472241,0.08347845098824781,0.1887465514926703,0.09715753959703277,0.6679878541408926,0.025130883512185398,-0.3839653184615178,-0.024085977707907,0,208.2710723876953
2020-05-13,-0.024085977707907,-0.016297425493312877,0.0546606311574701,-0.8605987008900804,0.0279874669610771,0.024094732314256184,0.05007709060880504,0.1579393534720616,0.10271842308331958,0.6090366851411615,0.04227205222299923,-0.13931936466934414,0.0083027568949838,1,203.31459045410156
2020-05-14,0.0083027568949838,-0.021289143369107876,0.010206112597829001,0.298044536261262,0.0278574370097015,0.03627243473411079,0.05061286952996768,0.1656126612244692,0.1094597211111179,0.621344317813168,0.030172575349540615,-0.275522543846239,0.0194887843207017,1,205.0096893310547
2020-05-15,0.0194887843207017,-0.006946512116399479,0.0416858150550949,0.6983164450658926,0.0279082419702471,0.0381416418036129,0.06274787542058329,0.1851172356567347,0.11514430004174203,0.6496171280662437,0.03423748602773085,-0.1798090303012223,0.0108944410537177,1,209.0442657470703
2020-05-18,0.0108944410537177,4.6788118425821965e-05,0.037906140190093404,0.39295413572633947,0.0277244595824913,0.035496515905748094,0.06501002401710151,0.1937918713629867,0.12092078425716046,0.6649098219152921,0.017355396153058755,-0.15451084672894722,0.0171606540430531,1,211.33413696289065
2020-05-19,0.0171606540430531,0.031760658604549324,0.046287552991215904,0.6876932590042237,0.0249539366837791,-0.08324765067769957,0.07111562661077968,0.2080447308705021,0.12783783641827084,0.6883126898081958,0.03531908654395487,0.3166921929322568,0.0586045575359972,1,214.9920654296875
2020-05-20,0.0586045575359972,0.11445119384845352,0.09815376835514061,2.4152916816336503,0.0242639669492665,-0.13304169387636855,0.12254414116679982,0.273610594813159,0.1345750675686901,0.7539584999987379,0.03543937841119894,1.0040882474969823,0.0061556653960498,1,227.9680938720703
2020-05-21,0.0061556653960498,0.11230410234951951,0.0910149589804116,0.2535788179824515,0.0242751561231577,-0.12859334063274563,0.11686564213685549,0.272853444346746,0.13966568253585554,0.7598668916116267,0.025930247702262637,0.8135132021928728,0.0150978923280888,1,229.3757171630859
2020-05-22,0.0150978923280888,0.10791321035690662,0.1009666982405071,0.6281856425203989,0.0240341251154885,-0.1388162270804727,0.12171711211745927,0.2808810501282672,0.14189311751726352,0.7743336836865986,0.030862883176436845,0.2751700682189826,-0.0116034253138811,0,232.86508178710935
2020-05-26,-0.0116034253138811,0.08541534398930782,0.0854621321077336,-0.48485869354408573,0.0239315608204642,-0.1368069502217606,0.09706829937311759,0.2576122445132393,0.14633906132540608,0.7374960607589557,0.03975019745412165,0.23782121856647875,-0.0132658700010144,0,230.1786651611328
2020-05-27,-0.0132658700010144,0.054988819945240325,0.0867494785497896,-0.5728168190678692,0.0231590092319594,-0.07192963076589276,0.0709153002019313,0.2299635623729975,0.14851619184176013,0.6971655235294333,0.04115384786985932,0.2639315287853907,-0.0161904760291494,0,227.1453094482422
2020-05-28,-0.0161904760291494,-0.01980621361990628,0.0946449802285472,-0.7748361170120635,0.0208953553837725,-0.13883185600019265,0.04607240248868339,0.2004109493889732,0.14754097950878653,0.6510544361735435,0.03384194382862661,0.1034413335258968,-0.0016422846208136,0,223.4973297119141
2020-05-29,-0.0016422846208136,-0.027604163636769676,0.08469993871274979,-0.09106571857577835,0.0180340598690495,-0.25709808919228316,0.03944150495943007,0.188552731754492,0.14345321606229477,0.6464254660197143,0.020480699655045023,-0.08763210864485405,0.0298488600401806,1,223.13058471679688
2020-06-01,0.0298488600401806,-0.01285319592467788,0.0950600144322287,1.6210570417170058,0.0184132077231317,-0.2338723529709208,0.06365598359828369,0.2144605018577733,0.14177941043430886,0.6901586868598651,0.038549447200353464,-0.2670677380582994,0.003486777723128,1,229.89117431640625
2020-06-02,0.003486777723128,0.0022370071123312216,0.087652351101639,0.1901980121268952,0.0183323562856257,-0.23396737792591216,0.060691729538949586,0.2082007616873302,0.13906871152139377,0.6949843460867566,0.027672750118709184,-0.16148414780550469,-0.0110613157268363,0,230.69415283203125
2020-06-03,-0.0110613157268363,0.004441561386509321,0.059430381331749604,-0.5908019036308494,0.0187225458463447,-0.19156533602881376,0.043532677675513866,0.1848148580568906,0.1353883624383332,0.6599990885818852,0.01790056939361168,-0.3763842792705947,-0.0169573911464182,0,228.15643310546875
2020-06-04,-0.0169573911464182,0.0036746462692405224,-0.016131567350665798,-0.8756930830142656,0.0193645370453862,-0.07326117743731442,0.021858231559911963,0.1571124080404702,0.13236099911245702,0.6100070716240245,0.03102215953307528,-0.30221645518670825,0.01960421832927,1,224.3201141357422
2020-06-05,0.01960421832927,0.02492114921932412,-0.0026830144174455964,1.0016215188462114,0.019572481182166,0.0853064326217956,0.03751827765624994,0.1710908082762345,0.12874233977036464,0.6436565107513172,0.02617328263248057,-0.31637298615433274,0.0027263200328638,1,228.76112365722656
2020-06-08,0.0027263200328638,-0.002201390787992678,-0.015054586712670598,0.13927409224773554,0.019575213084242,0.06310716625710588,0.03591459505271465,0.166231956352377,0.12579932932891147,0.6482527851392055,0.017891095500635345,-0.3725627807397687,0.0309339508563687,1,229.3856506347656
2020-06-09,0.0309339508563687,0.025245782345248022,0.0274827894575792,1.5119349810028937,0.0204598420203557,0.11605086119770358,0.06239870782061184,0.1930254694890043,0.12295455623845619,0.6968454643855234,0.039217332225083404,0.08216129632858604,-0.00816165388458,0,236.59234619140625
2020-06-10,-0.00816165388458,0.028145444187504323,0.0325870055740136,-0.4045298632843533,0.0201756523444673,0.07761265535404194,0.04755427773093834,0.1750135537417759,0.12167319509870334,0.6702367016810507,0.02504966857429993,-0.19307611036881644,-0.0533562177997175,0,234.66921997070312
2020-06-11,-0.0533562177997175,-0.008253382465794976,-0.004578736196554495,-2.2908119538147234,0.023291400112902,0.20278631285179194,-0.011103668043355969,0.1076258065443818,0.12006260995307572,0.5316307913383037,0.04161652471906232,0.028036771631509305,0.0183222787348947,1,222.4763336181641
2020-06-12,0.0183222787348947,-0.009535322060170274,0.015385827159153806,0.7801900276073471,0.0234843795569711,0.19986726968318824,0.0023745741082369987,0.1204780780833964,0.1178237228136303,0.5643650442505731,0.03132384112675502,-0.15763456354489447,0.0170040486414574,1,226.59017944335935
2020-06-15,0.0170040486414574,0.004742406548423325,0.0025410157604306045,0.7263528735407501,0.0234101760464825,0.1959091298642177,0.01475436458996565,0.1314507862998979,0.11499967458340143,0.5932809201311378,0.03858065041162632,-0.4105165027173735,0.013457340686381,1,230.47607421875
2020-06-16,0.013457340686381,-0.012734203621564374,0.012511578723683605,0.5738295492775415,0.0234518084740041,0.1462360486787564,0.023486070122145368,0.1377582760530399,0.11164998651838709,0.6153740120552172,0.023169984533356863,-0.4089154391440918,-0.0005094339973207,0,233.5986328125
2020-06-17,-0.0005094339973207,-0.005081983734305075,0.023063460453199205,-0.021862001217621337,0.0233022582081865,0.15496925751580948,0.01883844182533508,0.1295459012613585,0.10866046557654596,0.614005477118323,0.024880060462458036,-0.2219883147835573,0.0017393816137516,1,233.4796600341797
2020-06-18,0.0017393816137516,0.05001361567916403,0.041760233213369004,0.08939656661705027,0.0194569174138714,-0.16463083715205828,0.019295987799591737,0.1242755051704767,0.10299218149333633,0.617138168223053,0.016911102194952888,-0.32683606981455304,0.0120069894068939,1,233.88612365722656
2020-06-19,0.0120069894068939,0.043698326351163226,0.0341630042909929,0.6132997825879717,0.0195776841078068,-0.16635293428497833,0.029962081133007263,0.1309033329039241,0.09800482330366633,0.6390650486050705,0.02211147421479289,0.3333797277416546,0.0017991152641372,1,236.71131896972656
2020-06-22,0.0017991152641372,0.028493392973843023,0.0332357995222663,0.09313008221310483,0.0193183042619932,-0.17479030385609273,0.030858577607871397,0.1261100546123792,0.0924001401099468,0.6423927628462665,0.015843128780173462,-0.13260094086144758,0.0125452872831117,1,237.1375732421875
2020-06-23,0.0125452872831117,0.027581339570573724,0.014847135949009303,0.6517155160309136,0.0192496372643008,-0.1791832478233536,0.04161917872928528,0.1331306813049059,0.08785504764539698,0.6657043455419196,0.022002979318810657,0.12486640458078901,-0.034522492416386,0,240.1312713623047
2020-06-24,-0.034522492416386,-0.006431718848491575,-0.011513702582796694,-1.6695672706835794,0.0206775090902754,-0.11263925987177414,0.005218852023670173,0.0889897335108718,0.08333596342583216,0.5589075790408669,0.04503892125670809,0.008531779310792187,0.0070685197891681,1,231.98280334472656
2020-06-25,0.0070685197891681,-0.0011025806730750728,0.048911035006088906,0.3480765515568375,0.0203073713456216,0.043709592514582285,0.010132217792509328,0.0907546335936916,0.0798137257490612,0.5737785993237383,0.019348259081401153,-0.07059378881987577,-0.0868263230264576,0,233.62838745117188
2020-06-26,-0.0868263230264576,-0.09993589310642657,-0.056237566755263396,-3.051129343661016,0.0284571098917346,0.45354832241812715,-0.07208241718288412,-0.0036299163935061,0.07377002231336038,0.40161397438077634,0.08186783733571731,2.3513387989176526,0.0208837970027878,1,214.1989898681641
2020-06-29,0.0208837970027878,-0.08085121136777598,-0.05235781839393299,0.7459783309704305,0.0279951791302308,0.4491530286800829,-0.05020184717130359,0.0135272174818784,0.06709748220017442,0.44345432968143483,0.06182015694062944,1.3599571601045306,0.028725844836759,1,218.7193145751953
2020-06-30,0.028725844836759,-0.06467065381412868,-0.037089314243554994,0.9962118817679795,0.0288350755120278,0.4979542271948971,-0.021332288551824737,0.0384054658368646,0.061039874606972466,0.4968759066022301,0.03976746592694427,0.3333477434707339,0.0451197593867903,1,225.09332275390625
2020-07-01,0.0451197593867903,0.014971597989047618,0.008539879140556005,1.478636960075104,0.0305144268708788,0.47573030860035703,0.02220839573231667,0.0797392869695786,0.056280980940335956,0.5694205167163956,0.04815829212561064,0.6166157963079817,-0.0175387542337617,0,235.48208618164065
2020-07-02,-0.0175387542337617,-0.009635676033882185,-0.010738256706957296,-0.5744142328872661,0.0305332863108283,0.5035568016739633,0.0028979305251876954,0.0560575532948514,0.05300601502071656,0.5365850550771877,0.0316596668992332,0.11291205921754721,0.0289656128826192,1,231.38803100585935
2020-07-06,0.0289656128826192,0.10615625987519461,0.006220366768768006,0.9375737290055463,0.0308942240876801,0.08564166231980441,0.030267453642807043,0.0816962657456132,0.04991792366240899,0.5799166861063371,0.0338354822096159,-0.06401130206834926,0.0024109423876354,1,238.18833923339844
2020-07-07,0.0024109423876354,0.0876834052600422,0.006832193892266206,0.07803936910254533,0.030893924635236,0.10354445283312974,0.030664058375576925,0.0793714153238714,0.047258227889562576,0.5834629875419464,0.03666024474752948,-0.02556580343178838,0.0112295682374575,1,238.76329040527344
2020-07-08,0.0112295682374575,0.07018712866074071,0.005516474846612007,0.37147330573355675,0.030229812113369,0.04836944507946317,0.04120938806484885,0.0861015825361614,0.043115433827145555,0.6004958107864619,0.04269648196524271,0.036727577698975944,0.0037699247222606,1,241.45960998535156
2020-07-09,0.0037699247222606,0.028837293996211023,0.043808891985258606,0.12501093152985768,0.0301567605018621,-0.011721221916772606,0.043409295358065425,0.0842486107187234,0.03914026407694915,0.6063591175336416,0.029815923460665836,-0.23026831214695886,0.0023285538826616,1,242.37161254882812
2020-07-10,0.0023285538826616,0.048704602112634325,0.039068926078752106,0.08546924639764107,0.0272443478889252,-0.10771648974898307,0.04125598638465777,0.0818941251868269,0.03902800015898955,0.6101763783601241,0.025176471965345972,-0.197036160746494,-0.0250802929538613,0,242.9366455078125
2020-07-13,-0.0250802929538613,-0.005341303723846176,0.10081495615134842,-0.9021732030501491,0.0277998646701848,-0.10015980361614774,0.013222840908886983,0.0519126188396411,0.03818486552874045,0.5491086547819993,0.04907948003154422,-0.14178768349905801,0.0030496212897502,1,236.91949462890625
2020-07-14,0.0030496212897502,-0.004702624821731376,0.08298078043831081,0.1105584408288807,0.0275837942981696,-0.10714502531319825,0.014762331974313219,0.0516576526425285,0.036358583193004446,0.5548781540820519,0.034622296749176974,-0.1981003930930869,0.0022916824340959,1,237.6431121826172
2020-07-15,0.0022916824340959,-0.013640510625092977,0.0565466180356477,0.08350900017361178,0.0274423406977881,-0.09220935297669786,0.016094812275901323,0.0508417251164188,0.03419652617130242,0.5594523222433336,0.028175479885362172,-0.34804960228456594,0.0027014880362566,1,238.18833923339844
2020-07-16,0.0027014880362566,-0.014708947311096978,0.01412834668511401,0.09844138537410962,0.0274426048149369,-0.09000156653953628,0.01768152417985801,0.0505729477802555,0.03231995749053662,0.56513955121162,0.022537636827509328,-0.35590152959186716,0.0045551837438042,1,238.83267211914065
2020-07-17,0.0045551837438042,-0.012482317449954376,0.03622228466267992,0.16592603484291335,0.0274530982923609,0.007662154524188836,0.02101460277403754,0.0522896180153106,0.030631310420341284,0.5751354497099804,0.026029843752975117,-0.3832400047975205,0.0139094665985202,1,239.9230804443359
2020-07-20,0.0139094665985202,0.02650744210242712,0.02116613837858091,0.5058814278991411,0.0274955075071334,-0.01094815268571514,0.03386978812652893,0.0638685649888013,0.029016010726682584,0.6052512638871709,0.04241709616077498,-0.2795588341128661,-0.0150669324308465,0,243.2835998535156
2020-07-21,-0.0150669324308465,0.008390888381830424,0.0036882635600990095,-0.5431639640558725,0.0277391974208669,0.005633855916175268,0.01786688564480779,0.0452951106939689,0.02694677018772018,0.5590510589929059,0.028252334358033846,-0.33212468141824436,-0.0078070794127003,0,239.64553833007812
2020-07-22,-0.0078070794127003,-0.0017078734649657772,-0.015348384090058793,-0.28237178587291045,0.0276482276321123,0.007502528176861922,0.01045540997784395,0.0347778325106137,0.02407075294228278,0.5364606310082339,0.015758531105360442,-0.4598875131786305,-0.0307767923893174,0,237.78189086914065
2020-07-23,-0.0307767923893174,-0.03518615389053978,-0.04989510120163679,-1.1225319807592555,0.0274172967156808,-0.0009222192800855122,-0.01987634388505486,0.0014716613317367,0.0217809304811718,0.4591887748495019,0.04587273383044008,-0.2390430560468182,-0.0081588095241854,0,230.5751953125
2020-07-24,-0.0081588095241854,-0.047900147158529374,-0.06038246460848379,-0.29762329835805695,0.027413208472577,-0.0014530170459849945,-0.026821411182097108,-0.0088516952204378,0.018464972583795314,0.44138868821911964,0.028564047526784445,-0.3590619524831199,0.0120205837441302,1,228.70162963867188
2020-07-27,0.0120205837441302,-0.04978903001291937,-0.023281587910492292,0.6446624043314844,0.0186463235072558,-0.3218410861331358,-0.018658137119682512,0.0008392103551831,0.01986804824328936,0.4738146619732478,0.01764451870315873,-0.48244247706189347,-0.0145812061589815,0,231.46734619140625
2020-07-28,-0.0145812061589815,-0.04930330374105437,-0.04091241535922399,-0.7826661088239067,0.0186301744697906,-0.32838091213929665,-0.034786267138385916,-0.0152725102213068,0.020217031992723067,0.4404577861343533,0.02229273853495462,-0.3896382673860872,0.013681559674978,1,228.11676025390625
2020-07-29,0.013681559674978,-0.02781466465337607,-0.029522538118341893,0.7693552552405704,0.0177831496981195,-0.356806883437798,-0.02276465349388181,-0.0034216695294884,0.019793577906846993,0.4776034559625739,0.014531267894935378,-0.38788587666136687,0.0051731245112258,1,231.2592010498047
2020-07-30,0.0051731245112258,0.008135252247167126,-0.027050901643372687,0.35530480210712434,0.0145596808164335,-0.46896001573684076,-0.017068285821564874,0.0002413554229351,0.017610217469651968,0.4914798570166065,0.02511726818613394,-0.021104006719929402,0.0785786476940943,1,232.45863342285156
2020-07-31,0.0785786476940943,0.09487270946544682,0.046972562306917404,3.503652712647958,0.0224276359955513,-0.18186752864091238,0.05879132310646144,0.0798263130504911,0.019866983686940065,0.6500739064935047,0.027003611593648273,1.3899510873682046,-0.0067638037188917,0,251.46176147460935
2020-08-03,-0.0067638037188917,0.07608832200242492,0.026299291989505508,-0.31082470113526006,0.0217608307646963,0.16703063508624427,0.0490968020053776,0.0706722050137235,0.02056569323927393,0.6311645837630174,0.02012220959807837,0.04997422160250142,-0.008489749368776,0,249.76666259765625
2020-08-04,-0.008489749368776,0.08217977879263043,0.03287647505157601,-0.3877318327342718,0.0218959307749033,0.17529391957161877,0.03828899747136655,0.0602764994635912,0.0211766685824204,0.6074612944564771,0.021494657713719997,-0.20035981132707648,-0.0028460092089649,0,247.6551818847656
2020-08-05,-0.0028460092089649,0.06565220990868752,0.03783754525531141,-0.13052774441314371,0.0218038641651293,0.22609686896101278,0.03414770639949263,0.0557470055004743,0.02088608712983775,0.5993809043716848,0.018063584169079664,-0.3680944877924538,0.0628512571777404,1,246.95135498046875
2020-08-06,0.0628512571777404,0.12333034257520212,0.1314655948223692,2.4347220194759056,0.025814551589454,0.773016312302474,0.09650193158037243,0.120798479533986,0.02215823543383566,0.6978842089989115,0.06758899282673565,1.0747969015811054,0.011841611722274,1,262.970703125
2020-08-07,0.011841611722274,0.05659330660338182,0.15146601606882862,0.45776718671230965,0.0258681969044584,0.15340720304135336,0.10423019719698483,0.1300453545575149,0.023378420030587987,0.7127572628194369,0.057592094442149265,1.9951799790075944,-0.0204733729838395,0,266.10321044921875
2020-08-10,-0.0204733729838395,0.04288373733843402,0.11897205934085892,-0.7994399547401886,0.0256096444297598,0.17686887539733198,0.07653871233550552,0.1036222261353199,0.02515795622533412,0.6531456701177484,0.053878262015803285,0.23096732028537592,-0.0264690228331222,0,260.7105712890625
2020-08-11,-0.0264690228331222,0.02490446387408782,0.10708424266671822,-0.9970139183685071,0.0265482982187807,0.21247634967908535,0.044910346098588474,0.0726133602033698,0.026512335922614705,0.5864407195385131,0.042127077418589176,0.13789759554291248,0.0145732611195612,1,253.9003448486328
2020-08-12,0.0145732611195612,0.04232373420261392,0.1079759441113014,0.5465248727450711,0.0266653209146054,0.22296308180322377,0.05602544346091951,0.0858882105210159,0.028278454127228958,0.6099214518204591,0.022278687977890305,-0.14097738856837316,0.0054107465260628,1,257.6275939941406
2020-08-13,0.0054107465260628,-0.01511677644906368,0.1082135661261384,0.20291056081518652,0.0266656723254093,0.03297057990745844,0.05737882782568236,0.0889459246642591,0.029854103380799746,0.6186652777327075,0.021393021810317162,-0.3009850140666004,-0.0002295337881927,0,259.02532958984375
2020-08-14,-0.0002295337881927,-0.02718792195953038,0.029405384643851406,-0.008602429864970331,0.0266824364505867,0.031476470862488615,0.053043211313994185,0.085533815987251,0.030854008956303858,0.6180307389275995,0.015196759183543707,-0.4007896466924481,-0.0003063234963878,0,258.96588134765625
2020-08-17,-0.0003063234963878,-0.00702087247207868,0.0358628648663553,-0.01152082842527429,0.0265886692415096,0.038228754578572666,0.04939165335749881,0.0824674646540228,0.03151903409055978,0.6171212969655354,0.01799667690735741,-0.4508191478443754,0.0045080503725813,1,258.8865661621094
2020-08-18,0.0045080503725813,0.02395620073362482,0.0488606646077126,0.17178465687002062,0.0262424506048423,-0.011520422567878219,0.04979034788588569,0.0845765479466841,0.033136330631018396,0.6258650736619435,0.022451719955325106,-0.23012681216505415,0.0009527792096504,1,260.0562744140625
2020-08-19,0.0009527792096504,0.010335718823714021,0.05265945302632791,0.036496227206062895,0.0261062384413291,-0.020966650844621015,0.0460358938158132,0.0834674935636477,0.0357842402628159,0.6278049857392205,0.024981902014852814,-0.05589384860617519,0.0241546393438381,1,260.3041687011719
2020-08-20,0.0241546393438381,0.029079611641489318,0.013962835192425607,0.9636558951398634,0.0250656271244336,-0.0600039324510504,0.06389474535483772,0.1070080431974583,0.040524025549389275,0.674470838901348,0.030370667005486032,-0.174702258259401,-0.0074624991789991,0,266.66827392578125
2020-08-21,-0.0074624991789991,0.02184664625068292,-0.005341275708847493,-0.2979809943485628,0.0250435407644484,-0.06142226513584603,0.048459076996876044,0.0949405965797579,0.04433317484934163,0.647245023029544,0.015242787377945889,-0.3646682852593851,0.0162707376598426,1,264.6856689453125
2020-08-24,0.0162707376598426,0.038423707406913324,0.0314028349348346,0.6481433330904104,0.0251036103114139,-0.05585307472918799,0.05778885136048759,0.1090080180145444,0.04842097417474278,0.6779084799097173,0.031246584356883052,-0.05195351267642334,0.0341570653057319,1,269.02752685546875
2020-08-25,0.0341570653057319,0.06807272234006392,0.0920289230736887,1.3548612054067037,0.0252107486504336,-0.03931423821441149,0.08383501938921409,0.1430289162385749,0.054615228139351935,0.731935585312031,0.045687580078483586,0.5968499066010042,0.0790176300635269,1,278.3754577636719
2020-08-26,0.0790176300635269,0.14613757319394044,0.15647329201765442,2.6718228024920836,0.0295744276116758,0.1328490574442993,0.1571815288666231,0.2301767838804716,0.06308021100660177,0.8141424638344803,0.0680136000087563,1.3673621576806472,-0.035808570030055,0,301.2644348144531
2020-08-27,-0.035808570030055,0.08617436382004733,0.11525397546153661,-1.1361530038143857,0.0315173835828762,0.25739457570377433,0.10413425119443682,0.1813877420897512,0.06996747978041862,0.7061687367737255,0.03140993770654806,0.02241161706692818,0.0014996218610681,1,290.6674499511719
2020-08-28,0.0014996218610681,0.09513648486011453,0.1169831311107974,0.05499706224146502,0.0272673084697506,0.08879605828178416,0.09752774867130769,0.1776831888593259,0.07303272312254183,0.7078861548875466,0.02128311626390702,-0.38381810542042116,-0.0015676585929499,0,291.1036682128906
2020-08-31,-0.0015676585929499,0.07729808860732203,0.11572179601423531,-0.0577394492692848,0.0271505636577631,0.0815401976431458,0.08742823786300315,0.1707292774825237,0.0766037120603218,0.703258799559882,0.018178775129382374,-0.37054425380438394,0.0076107624616699,1,290.6476745605469
2020-09-01,0.0076107624616699,0.050751785763260025,0.11882450810332391,0.28307062374618264,0.0268864439585725,0.06646749493137638,0.08654598023966822,0.1744007547294006,0.08085693204658817,0.7130940100114853,0.029718381758537162,-0.37245771521185667,0.0236152806780853,1,292.8681640625
2020-09-02,0.0236152806780853,-0.0046505636221815735,0.1414870095717588,0.8760772461781918,0.026955705996366,-0.0885468232790394,0.10169637542971076,0.1967313525228648,0.08626240333784008,0.7421065312728231,0.03487609358858458,-0.13455554036591544,-0.0383453408846465,0,299.86663818359375
2020-09-03,-0.0383453408846465,-0.007187334476773076,0.0789870293432742,-1.4786053430422634,0.0259334521311482,-0.1771698921975815,0.05528556565261418,0.1465310285404977,0.08646518616167675,0.6312916687312594,0.04798708936182716,0.1752488853111449,-0.0292431392902967,0,288.5858154296875
2020-09-04,-0.0292431392902967,-0.03793009562813788,0.0572063892319766,-1.0854423095196644,0.0269412192926564,-0.011958979283047011,0.022224982754610996,0.1093770168298346,0.08525719439997781,0.5643786499329481,0.06316975438601799,0.19627075644346692,-0.04178360954462,0,280.26885986328125
2020-09-08,-0.04178360954462,-0.07814604657980798,-0.0008479579724859979,-1.4770168233802294,0.0282891899964931,0.041937484358798294,-0.021051314740888363,0.0593990960447209,0.0821804166010145,0.4876208783088962,0.03643595748562447,-0.008914547379795912,0.0093966520371947,1,268.79949951171875
2020-09-09,0.0093966520371947,-0.07636015700428317,-0.025608371241023196,0.34109967971640603,0.0275481115813629,0.02460971126601641,-0.01493688515319139,0.0649837141784863,0.08113246565333676,0.5037044071268945,0.026048534454972263,-0.07666164283063948,-0.020782840492479,0,271.33721923828125
2020-09-10,-0.020782840492479,-0.12075827817484747,-0.1254088417970291,-0.7443723346789005,0.027919952857254,0.035771530562694,-0.03661950627836762,0.039759830849388,0.07928262781478468,0.4688487809390562,0.045246018309180965,-0.007079172938769029,-0.0055360049302329,0,265.7562561035156
2020-09-11,-0.0055360049302329,-0.08794894222043387,-0.09513627669720699,-0.19808490975569962,0.0279476358752442,0.07766739784237209,-0.04285123804058627,0.0316940532685278,0.0778826596991149,0.459840167241081,0.03281947594146528,-0.24551476018918472,-0.0017266181362591,0,264.2890930175781
2020-09-14,-0.0017266181362591,-0.06043242106639628,-0.09836251669453419,-0.06176834406064426,0.0279531232788741,0.03755969524710867,-0.04534384432716076,0.027311971456874,0.07610679023258093,0.45690214335187823,0.041104650356149255,-0.056391031919814094,0.0232849483039477,1,263.8331604003906
2020-09-15,0.0232849483039477,0.004636136782171424,-0.0735099097976366,0.8201102743775304,0.0283924601744822,0.0036505173178129624,-0.0248232107793358,0.048911050414312,0.07561117328538391,0.5034761190097753,0.019161592259769353,-0.28350246839477566,-0.0332160168197691,0,270.048583984375
2020-09-16,-0.0332160168197691,-0.037976532074792374,-0.1143366890790756,-1.127576508792664,0.0294578829558401,0.06932494696911329,-0.056881832745411434,0.0128752439602504,0.07396430174675173,0.44512397519642355,0.040414368323049045,0.10901553466903846,-0.0335716254164409,0,261.2259826660156
2020-09-17,-0.0335716254164409,-0.05076531699875428,-0.1715235951736018,-1.1039974233044976,0.0304091519669982,0.08915484644514615,-0.08674846648916415,-0.0214097274537088,0.07154517308530761,0.3967211737303182,0.04438426039366501,0.17096591193030974,-0.009027420566621,0,252.60177612304688
2020-09-18,-0.009027420566621,-0.05425673263514238,-0.1422056748555763,-0.30257350849614295,0.0298354625012919,0.0675487055318309,-0.09227502589334295,-0.0308018753237553,0.06772222019129392,0.3848581074512351,0.03623335524295565,0.03781708228589231,-0.0174967820826085,0,250.33169555664065
2020-09-21,-0.0174967820826085,-0.07002689658149178,-0.1304593176478881,-0.5833127131289514,0.0299955438803209,0.07306591757459824,-0.10498537212688464,-0.0478373364657445,0.06385151022273772,0.36252868208165817,0.023453524918713012,-0.1035717239848093,0.0262494965677526,1,245.9897918701172
2020-09-22,0.0262494965677526,-0.06706234831768687,-0.062426211535515495,0.8627753381378792,0.0304244864305077,0.07156922096704355,-0.0784151208238344,-0.0236926525781076,0.05937865245211582,0.41738349363364796,0.027870485195350833,0.08598224283469369,-0.0227495591273233,0,252.5323944091797
2020-09-23,-0.0227495591273233,-0.05659589062524108,-0.09457242270003349,-0.7739513501928232,0.0293940428189129,-0.002167166494038253,-0.09393239074414289,-0.0463315510011679,0.05253563780088011,0.3863038054688825,0.039514883017688594,-0.26630422601713233,0.0020459705997887,1,246.8522491455078
2020-09-24,0.0020459705997887,-0.020978294609011475,-0.0717436116077658,0.0942401716183841,0.0217101748081874,-0.286064444291358,-0.0830047125764071,-0.0450549470112019,0.04138490795501193,0.39065303278953956,0.026529917879059492,-0.17734994411992788,0.0209782946090114,1,247.3578186035156
2020-09-25,0.0209782946090114,0.009027420566620923,-0.0452293120685215,0.9600817667562171,0.0218505291272115,-0.2676322974290962,-0.05691028426194886,-0.0258458782353264,0.03293897230372367,0.43535219085240107,0.03586845273895304,-0.2264160010521683,0.0078179763069701,1,252.60177612304688
2020-09-28,0.0078179763069701,0.03434217895619952,-0.0356847176252923,0.35495691052518896,0.0220251418556769,-0.26571953675669546,-0.04298411754889767,-0.0193090994505229,0.02473837533159684,0.4517273781160421,0.018612252328388215,-0.2091745381446647,0.0191671734590954,1,254.5843505859375
2020-09-29,0.0191671734590954,0.027259855847542324,-0.0398024924701446,0.8423112480020958,0.0227554523396887,-0.2520678239987969,-0.018721140258987256,-0.0015789586472691,0.017469225431232083,0.49121463268938514,0.024561642789655804,-0.1565199526987754,0.0004203189159596,1,259.5110778808594
2020-09-30,0.0004203189159596,0.050429733890825224,-0.006166156734415901,0.018605706104535564,0.0225908607605673,-0.2314476474113406,-0.012098691482788101,-0.0026920524822441,0.009521840814911808,0.49208700520556825,0.022833068377670827,-0.16389834033249806,0.0178991272801318,1,259.62017822265625
2020-10-01,0.0178991272801318,0.06628289057116832,0.0453045959621568,0.8052007839195158,0.0222293962420197,0.02391604113830037,0.012593437250851455,0.0132545616810154,0.000652902147933121,0.5294303083266079,0.013239315585837321,-0.1618717797606557,-0.0254112564315048,0,264.3089904785156
2020-10-02,-0.0254112564315048,0.01989333953065213,0.028920760097273002,-1.186229859033332,0.0214218654487526,-0.01961799991035751,-0.00693400981649252,-0.0142175373900039,-0.007334384266009852,0.4761109194831509,0.022966842981579447,-0.290772428277674,0.0179572756893057,1,257.67718505859375
2020-10-05,0.0179572756893057,0.030032638912987727,0.06437481786918721,0.8435766472220332,0.0212870706514227,-0.03351039503357234,0.014563752338373226,0.001067334357984,-0.013302681028454333,0.5132758871262756,0.015227654911162378,-0.42248382445306254,-0.0228935433782745,0,262.3461608886719
2020-10-06,-0.0228935433782745,-0.012028077924382173,0.015231777923160099,-1.1526762266781254,0.0198612089400429,-0.12718900755920526,-0.006017773489023703,-0.0234490756362718,-0.017536834847072247,0.4678226652421836,0.028802335504345005,-0.1460317692314016,-0.0020899619028753,0,256.4083557128906
2020-10-07,-0.0020899619028753,-0.014538358743217072,0.035891375147608096,-0.10625934253610154,0.0196685002277822,-0.12936030033375823,-0.005110916469689324,-0.0275439020748055,-0.022548227713499513,0.46383468894692503,0.020765479052209965,0.05608478845115261,0.0216149810065087,1,255.87303161621097
2020-10-08,0.0216149810065087,-0.010822505016840171,0.0554603855543281,1.0847280828791601,0.0199266353915506,-0.10359079596216147,0.0174767438934323,-0.0085716738531723,-0.02560099570131591,0.5107437798563789,0.020738554057393777,-0.24055070409257084,0.0026127038543995,1,261.46392822265625
2020-10-09,0.0026127038543995,0.01720145526906413,0.03709479479971621,0.13123687111262308,0.0199083065014356,-0.07065486201180182,0.020563761042894337,-0.0082110312798523,-0.028194997138975775,0.5163193549345811,0.009756046334555743,-0.3357743860840219,0.0418423369678198,1,262.14794921875
2020-10-12,0.0418423369678198,0.04108651654757822,0.07111915546056591,1.899570902777598,0.0220272572645943,0.03477165201789423,0.062204884633700455,0.0324582512528598,-0.02800460985556341,0.5972610387981362,0.04464187691239803,0.4370270750442016,0.0014134065092765,1,273.34954833984375
2020-10-13,0.0014134065092765,0.06539346643512922,0.05336538851074701,0.06592987285329661,0.0214380287433821,0.0793919347054508,0.06294569641136444,0.0320498471616966,-0.02906625367032012,0.5997507052064269,0.020677884957555747,-0.16237827199972543,-0.0157677326048717,0,273.7361755371094
2020-10-14,-0.0157677326048717,0.051715695733132824,0.037177336989915696,-0.7762938718454699,0.0203115510462389,0.0326944510770768,0.044648094064131276,0.0142372617288145,-0.02911107817849501,0.5585633192380588,0.026672061675549905,-0.25410485807676,-0.0189410028037175,0,269.4538269042969
2020-10-15,-0.0189410028037175,0.011159711922906625,0.0003372069060663986,-0.9858003011494825,0.0192138334525071,-0.03577131437582004,0.0227090255455746,-0.0060980187672548,-0.028167390326356068,0.5137099632290686,0.020133454906308107,-0.23270308151133023,-0.0029663757609389,0,264.39813232421875
2020-10-16,-0.0029663757609389,0.0055806323075682255,0.0227820875766323,-0.1555246314535215,0.0190733502032146,-0.04194009662051312,0.017066903998949747,-0.0090899356015991,-0.025717914424020938,0.5069193989978106,0.022825583767902634,-0.14825424324151903,-0.0171809819571263,0,263.614990234375
2020-10-19,-0.0171809819571263,-0.053442686617377874,-0.0123561700697997,-0.9016061218820718,0.0190559730464802,-0.13489124780369366,-0.0027847798565317945,-0.0254580339217891,-0.022736570408537604,0.46866453161196664,0.033167494692404785,-0.28338286326705575,0.0232919507972054,1,259.12451171875
2020-10-20,0.0232919507972054,-0.03156414232944897,0.0338293241056802,1.234115339187966,0.0188733986667172,-0.11962993927119348,0.01822694517183876,-0.0028316790657022,-0.02068166074114952,0.5215414492840575,0.02548963741384855,0.020658832796073945,0.0408998045623446,1,265.2308654785156
2020-10-21,0.0408998045623446,0.025103394837767332,0.0768190905709001,2.0712773324726275,0.0197461749429371,-0.027835200867463494,0.054772730081280675,0.0370508522891886,-0.01680160785985274,0.5993942243126326,0.02396581786131707,0.5382824035602878,-0.0021909536622561,0,276.30364990234375
2020-10-22,-0.0021909536622561,0.04185344397922874,0.053013155902135296,-0.11060205785090256,0.0198093390378832,0.030993585264912138,0.0468015991560284,0.0333793841163862,-0.012822119349515382,0.5937125286017024,0.02664318924278394,-0.10525770798811684,0.0236992879697901,1,275.6989440917969
2020-10-23,0.0236992879697901,0.06851910770995773,0.0740997400175259,1.189080894764602,0.0199307617119538,0.04495337733560256,0.06589458470917828,0.0563183558099516,-0.008984217610824463,0.6345078882616761,0.02956558396545056,-0.05958015975424402,-0.0273373595405852,0,282.31085205078125
2020-10-26,-0.0273373595405852,0.05836273012649884,0.004920043509120901,-1.287732405400564,0.0212290685750675,0.11403750012066127,0.03322734549709318,0.0266239206734883,-0.006391066644125476,0.5642538662966494,0.03958717404854867,0.13595088586258464,0.0220566316357274,1,274.69775390625
2020-10-27,0.0220566316357274,0.05712741096502083,0.025563268635571804,1.0331635915163175,0.0213486342500282,0.13114943561680947,0.05205317124727062,0.0478012480568079,-0.004041547810194612,0.6024036795624008,0.028945645662370668,-0.12318065045447402,-0.0567162695090847,0,280.823974609375
2020-10-28,-0.0567162695090847,-0.04048866310640846,-0.015385268268641193,-2.241555342204676,0.0253021946151468,0.281371946124533,-0.00701869169901504,-0.0103624927011513,-0.0033674359972168944,0.48647396064825643,0.04307542197815046,0.23485623082536922,0.0479944003527917,1,265.3399353027344
2020-10-29,0.0479944003527917,0.009696690908639338,0.051550134887868006,1.7658148742628914,0.0271797463325968,0.37206730020716483,0.039064234728692214,0.0368943131331323,-0.002088342109211827,0.5628107338328869,0.03496780185078915,0.6734445926523354,-0.0651773917991816,0,278.38531494140625
2020-10-30,-0.0651773917991816,-0.07917998886033235,-0.010660881150374689,-2.131488883010918,0.0305783400132553,0.5342283679461903,-0.027069983449471115,-0.0281089769839545,-0.001067901613486133,0.4630056512048901,0.06689220129748727,1.2621528750309414,-0.0066733337482703,0,260.8195495605469
2020-11-02,-0.0066733337482703,-0.05851596306801746,-0.00015323294151869254,-0.2199676595056619,0.0303377949434359,0.42906858283298166,-0.03295281118932099,-0.0341699909170677,-0.0012586559806286868,0.4544349895422451,0.050237242189736644,0.2574745248197272,0.014962490734086,1,259.0848083496094
2020-11-03,0.014962490734086,-0.06561010396965886,-0.008482693004638093,0.49783756668939777,0.0300549651838973,0.40781676391582744,-0.01957894534154267,-0.0191686395578174,0.0004184995638105704,0.4778695094003171,0.03456458097281259,-0.1671438699509381,0.079944327178775,1,262.9905090332031
2020-11-04,0.079944327178775,0.07105049271820085,0.03056182961179231,2.2974866996469028,0.0347964265434318,0.375233534983618,0.056307342736540686,0.0619476730086946,0.0053396677689863115,0.5853598995780379,0.035910665839215226,0.5945582550055957,0.0250844197726691,1,284.87835693359375
2020-11-05,0.0250844197726691,0.048140512138078254,0.05783720304671751,0.7189531145571965,0.0348902025247065,0.28368389085598333,0.07701911491950275,0.0896662450762751,0.011742716523390317,0.613676751152831,0.02860727869318311,0.05630468055824056,-0.0043189592430193,0,292.11474609375
2020-11-06,-0.0043189592430193,0.10899894469424055,0.029818955833908114,-0.12355697035819646,0.0349552051211556,0.14313612530971231,0.0667321204901023,0.084954920822478,0.017082827058777728,0.6059241089793491,0.022289657691608022,-0.3837965690275599,-0.0511840475022481,0,290.8558349609375
2020-11-09,-0.0511840475022481,0.06448823094026275,0.00597226787224521,-1.421937643827387,0.0359959859874569,0.18650633820192164,0.012950145461165186,0.0319561645549615,0.01876303506047039,0.5237771380148265,0.05039992949987058,0.12899702442488703,-0.0230051870776758,0,276.3432312011719
2020-11-10,-0.0230051870776758,0.026520553128500955,-0.03908955084115799,-0.632409005057449,0.0363770706832139,0.21035144977322506,-0.009419268134229,0.0100399888486115,0.019644291834940875,0.49262972748402667,0.03670667793138701,0.27500984734639244,0.0147566578960815,1,270.0584716796875
2020-11-11,0.0147566578960815,-0.03866711615419255,0.03238337656400821,0.4059502579152874,0.0363509016396804,0.04467341191798391,0.004455809379467322,0.0264984674171218,0.021944875853993073,0.5125702962513857,0.0214119743739775,-0.3430397883250216,-0.0050764264443484,0,274.07318115234375
2020-11-12,-0.0050764264443484,-0.06882796237121004,-0.020687450233131892,-0.14068029455572365,0.0360848437258398,0.03424001910815355,-0.002145664528670477,0.0233844021069341,0.025584963384005066,0.5051791587356724,0.019339855983383766,-0.4302630387590737,0.0067751597120613,1,272.6853942871094
2020-11-13,0.0067751597120613,-0.05773384341612944,0.05126510127811101,0.1877476799010755,0.0360865163054539,0.032364598644955445,0.002633874376117032,0.0314290113288916,0.02871949341497393,0.5152346837282373,0.016826154384228242,-0.5346440762979143,0.0072312702762546,1,274.5391540527344
2020-11-16,0.0072312702762546,0.0006814743623732552,0.06516970530263591,0.20190988134976576,0.0358143456274335,-0.005046128201258271,0.006710547820011522,0.0392064079331425,0.03227924867132814,0.5263753803841941,0.017135069277726903,-0.4183349780447285,-0.0142972273616825,0,276.5316162109375
2020-11-17,-0.0142972273616825,0.009389434078366553,0.0359099872068674,-0.40055692245617136,0.0356933723027765,-0.018794761854007414,-0.00891073180996754,0.0241613280704889,0.03336940570535485,0.5019022101970424,0.0159635786576705,-0.31983122744498615,-0.0110794741099832,0,272.6061096191406
2020-11-18,-0.0110794741099832,-0.016446697927698147,-0.0551138140818908,-0.32079680243339614,0.0345373583088738,-0.049889913289714594,-0.018635426338956804,0.0130088318748145,0.03224516052757065,0.483382851242657,0.02040672973356007,-0.4286450388722499,0.0035603075431115,1,269.6024475097656
2020-11-19,0.0035603075431115,-0.007809963940238246,-0.0766379263114484,0.10303946195587854,0.034552854562032,-0.04245519740773529,-0.014213957132275502,0.0162547141458722,0.030907996211340327,0.489872244417686,0.015681097461027912,-0.38509664413613187,-0.0119417478167346,0,270.56402587890625
2020-11-20,-0.0119417478167346,-0.026526871469034145,-0.08426071488516369,-0.3498723453606775,0.0341317282576994,-0.05416948622051021,-0.02325427664593549,0.0039600126827707,0.027862204745831454,0.4686948343733189,0.01331107221135331,-0.14195005322934562,-0.0047200470378041,0,267.35223388671875
2020-11-23,-0.0047200470378041,-0.038478188783092844,-0.03779671442071969,-0.14029201403333377,0.0336444456252699,-0.0605874535510561,-0.02632329477641274,-0.0009371455223138,0.02607246236651961,0.460295029994169,0.02391690050630324,-0.004933426942190233,0.0311384211517437,1,266.0932922363281
2020-11-24,0.0311384211517437,0.006957459730333359,0.01634689380869981,0.9147763504004515,0.0340393814707962,-0.046338878208255996,0.0056342529838098645,0.030316386833317,0.02454384760291628,0.5219717578439095,0.03593099712754361,-0.19863795337063472,-0.0048143954454096,0,274.5093688964844
2020-11-25,-0.0048143954454096,0.013222538394906957,-0.00322415953279129,-0.15303308492201007,0.0314598339820644,-0.08910711407880545,-0.0006327874433402938,0.0244478371402499,0.025096505337039332,0.5120987932797295,0.02732319343719794,-0.39463802830784644,0.0080230947216319,1,273.1909484863281
2020-11-27,0.0080230947216319,0.01768532557342736,0.00987536163318901,0.27141565042267624,0.0295601772010476,-0.14449391878813234,0.007969414223790921,0.030938053377515,0.02278703979466634,0.5281421094974322,0.015514191701055474,-0.5968048628791088,-0.003028062142439,0,275.3916015625
2020-11-30,-0.003028062142439,0.02659901124772296,7.213977868870914e-05,-0.11931542331607278,0.0253786313477471,-0.2564504452826172,0.0024013962927824967,0.0259600291608427,0.023502194784632113,0.5211593990728033,0.024154249239704908,-0.06420241969932583,0.0340036537282181,1,274.5589599609375
2020-12-01,0.0340036537282181,0.06532271201374515,0.026844523230652208,1.2970925967337479,0.0262152862593186,-0.22081384394609727,0.03236696281443865,0.0584352455609181,0.025250985052264863,0.5880559830939444,0.03608444173224398,0.18391367589871455,0.0033793537625081,1,284.0555114746094
2020-12-02,0.0033793537625081,0.037563644624509555,0.044521104354842814,0.12946710200037828,0.0261020267720075,-0.23318151963479383,0.03173193799740481,0.0594533362497048,0.02686879918257401,0.5942372122860032,0.038084351090144734,-0.007183815613969635,-0.0199172810118185,0,285.0170593261719
2020-12-03,-0.0199172810118185,0.022460759058100653,0.03568329745300751,-1.0192545210425457,0.0195410278793231,-0.3788578830243142,0.012390423703077903,0.0360539905574998,0.023373953664897806,0.5429516967790282,0.019797716698349847,-0.2104106974052694,-0.0076572038911742,0,279.3964538574219
2020-12-04,-0.0076572038911742,0.006780460445294555,0.024465786018721812,-0.41186160225224167,0.0185916916005309,-0.37105615185987384,0.0073781520847317275,0.025875572019429,0.018361942728674086,0.5244681626566433,0.014873090742056116,-0.3077775851456219,0.0208044264121251,1,277.2652282714844
2020-12-07,0.0208044264121251,0.030612948999858655,0.05721196024758151,1.0776645015939126,0.0193051050501844,-0.23931654210745512,0.030007959101536925,0.0450837454665805,0.014636572690364558,0.5678030243958015,0.03603185976318375,-0.17009702840926488,-0.0076630468843057,0,283.093994140625
2020-12-08,-0.0076630468843057,-0.011053751612665143,0.05426896040107991,-0.4955729875027264,0.0154630035888781,-0.4101531665181968,0.021292391108697215,0.0350921645428688,0.013512069172659569,0.5478682549303764,0.01721949537019046,-0.28134315284388234,-0.0195257540501969,0,280.93292236328125
2020-12-09,-0.0195257540501969,-0.03395885942537014,0.0036047851991393084,-1.284749354003196,0.0151981038086191,-0.41774238677442677,0.0005545405984587834,0.0138826216186869,0.013320694154519863,0.5003180327039999,0.0571387597710434,0.7064620062108098,-0.002882876724581,0,275.5007019042969
2020-12-10,-0.002882876724581,-0.016924455138132642,0.0055363039199679085,-0.19392666800821,0.0148658085769769,-0.23925145244243673,-0.0024407049212790775,0.0098425233133701,0.012313281320966318,0.4935825851014071,0.024790797329007044,0.3361799295653891,-0.0129661588642658,0,274.7076110839844
2020-12-11,-0.0129661588642658,-0.022233410111224244,-0.015452949665929793,-0.8579213500980751,0.0151134586670253,-0.18708533942152294,-0.015020477248924352,-0.0036692170489131,0.0115243616114038,0.4635918334779601,0.022774671044925206,-0.046381505709227056,0.0023369930615406,1,271.168701171875
2020-12-14,0.0023369930615406,-0.040700843461808744,-0.010087894461950193,0.1554180140647339,0.0150368223117766,-0.2210960638293461,-0.01222506572530558,-0.0023736482379206,0.009973342251915707,0.46981164800926867,0.020642633253263425,0.06408145987383884,0.0049477428343318,1,271.80316162109375
2020-12-15,0.0049477428343318,-0.028090053743171244,-0.03914380535583649,0.3302106140874477,0.0149835972050902,-0.031003445160726617,-0.006715595267574012,0.0017799856036424,0.008553019488416247,0.4835159079122415,0.031246545937180355,0.5042562934803747,0.0004354056573895,1,273.15130615234375
2020-12-16,0.0004354056573895,-0.00812889403558484,-0.04208775346095509,0.029753833606311675,0.0146335985860033,-0.03714313507292,-0.006403002375007284,0.0009782334027306,0.007428802417259073,0.48478139311714846,0.019407172798429757,-0.0061523455524143955,-0.004326158646024,0,273.270263671875
2020-12-17,-0.004326158646024,-0.00957217595702784,-0.026496631095160594,-0.299634019794851,0.0144381424011398,-0.028768443614929806,-0.011139478370838533,-0.0045255138469572,0.00668847059743527,0.47241973632979106,0.024883477180361786,0.011313661731270575,0.0069704841193539,1,272.0906066894531
2020-12-18,0.0069704841193539,0.01036446702659186,-0.011868943084632495,0.48083218241114845,0.0144967087776866,-0.04080799126968404,-0.004842793297254847,0.0015194304795605,0.006393184648579631,0.49480240895385236,0.02481905030045557,0.5812518826578079,-0.0131465187723244,0,273.99383544921875
2020-12-21,-0.0131465187723244,-0.005119044807273139,-0.045819888269081996,-0.903287093438845,0.0145540868100696,-0.032103558298280044,-0.01838606458430064,-0.0121579366212432,0.006344783563428047,0.4556591364431245,0.025220882977022845,-0.014836929465890214,-0.0211168546272288,0,270.41534423828125
2020-12-22,-0.0211168546272288,-0.031183642268833738,-0.05927369601200509,-1.3792911511987527,0.0153099326482853,0.021779512538166568,-0.03866555084055962,-0.0321923328333758,0.0067335754095192435,0.40163094989268416,0.02572164892501784,0.04174651951879493,0.0038117328726179,1,264.764892578125
2020-12-23,0.0038117328726179,-0.027807315053605335,-0.03593620908919029,0.28297844244487536,0.0134700468335514,-0.07951234589452327,-0.03346176839742744,-0.02793058093854,0.00572267839805618,0.41499843415773313,0.02215509591564577,-0.13099852993260974,-0.0026517082242014,0,265.7760314941406
2020-12-24,-0.0026517082242014,-0.02613286463178274,-0.035705040588810695,-0.19712822050447704,0.0134516925958918,-0.06832248760547788,-0.034596166142778724,-0.0301939748713641,0.004559947989667634,0.4081631886921422,0.01570673816499412,-0.586316469752401,0.0352719135896054,1,265.07220458984375
2020-12-28,0.0352719135896054,0.0021685648384687645,0.01253303186506051,2.251546635186798,0.0156656375836866,0.08063408211657119,0.0002093801728265716,0.0038748069096048,0.0036646594297535806,0.5226463572969181,0.04202160336050324,0.37256039711687916,-0.0007945166541525,0,274.5886535644531
2020-12-29,-0.0007945166541525,0.014520566956640663,0.009401522149367408,-0.05076146106117866,0.0156519658327985,0.07543441488677294,-0.0005506958078996695,0.0022892963892183,0.002841557030662578,0.5201632119682497,0.015282935923780957,-0.034012113321823745,-0.0178989227693299,0,274.3705749511719
2020-12-30,-0.0178989227693299,0.017738498814539563,-0.013445143454294291,-1.28601652389457,0.0139181125877954,-0.0909096135472407,-0.015671691158624414,-0.0162369777224701,-0.0005742866061742014,0.4668508974466736,0.023430298420543765,-0.2851850517332164,0.0047336091088731,1,269.5033264160156
2020-12-31,0.0047336091088731,0.018660375050794764,-0.009146940002810692,0.33927483970070726,0.0139521371907474,0.03578980557032674,-0.008423539860733688,-0.0119696076551063,-0.003576191990151356,0.48187566870503856,0.026651042179300807,-0.20807979116054154,-0.0155693759815483,0,270.7820739746094
2021-01-04,-0.0155693759815483,0.005742707293447863,-0.02039015733833499,-1.1365290391942426,0.0136990569045085,0.018389084262321553,-0.021449283154648814,-0.0265440699505894,-0.0052064616664583285,0.4383546250425787,0.03643930878264894,-0.07885393504396088,0.0075198099105524,1,266.59881591796875
2021-01-05,0.0075198099105524,-0.02200939638560514,-0.019840831547136492,0.5445514207566691,0.0138091824278108,-0.1185049217408819,-0.012494635214440115,-0.0186883410094053,-0.006272073059886862,0.46345827329623007,0.015462975320258839,-0.39618846876316993,-0.0286757359405436,0,268.61114501953125
2021-01-06,-0.0286757359405436,-0.049890615671996236,-0.03537004871535569,-2.0457042584166847,0.0140175373945488,-0.10442320509189817,-0.03650007883532941,-0.0449426786276441,-0.00876242914696812,0.392219541294217,0.02939497286901413,0.43969690467027633,0.0204120520200335,1,261.0179138183594
2021-01-07,0.0204120520200335,-0.011579640882632834,0.006158857931906608,1.3600407372284449,0.0150084122197914,0.07833674466407681,-0.013986311889734985,-0.0246554623348373,-0.010820489181595616,0.4560488895450796,0.025414850117055753,-0.08028984924775318,-0.0043629461042385,0,266.40057373046875
2021-01-08,-0.0043629461042385,-0.020676196095744438,-0.0020158210449497927,-0.30119956234659406,0.0144852338769935,0.03820896246631178,-0.01641130830874667,-0.0277922211896543,-0.01157080492796081,0.4452000186673009,0.021564522828817705,0.1005713338716907,-0.0409280147639117,0,265.2408142089844
2021-01-11,-0.0409280147639117,-0.04603483487810784,-0.040292127584660095,-2.41953462453478,0.0169156557417653,0.23480440001663072,-0.05232252810075607,-0.066044444130198,-0.01447952118344853,0.3604975402483558,0.02947363117954518,0.7526152533997215,-0.0226419039702984,0,254.60418701171875
2021-01-12,-0.0226419039702984,-0.07619654875895863,-0.09820594514456389,-1.3068905701985538,0.0173250190081779,0.25460135665138517,-0.06968380381513765,-0.084974275699014,-0.016435779519459293,0.32483179101676585,0.03751642162704435,0.46965847506674696,0.002187991322147,1,248.90423583984375
2021-01-13,0.002187991322147,-0.04533282149626804,-0.0952234371682644,0.12631246436546129,0.0173220539488206,0.23574159007108286,-0.06373478719609542,-0.0822027552465383,-0.019725146035422525,0.3316429996098098,0.018876172355432826,0.07836505569105667,-0.0241323832041654,0,249.44943237304688
2021-01-14,-0.0241323832041654,-0.08987725672046694,-0.1014568976030999,-1.3617487319847656,0.0177216123924655,0.18077862820800172,-0.08094480984121918,-0.1030577557246063,-0.024060520108228567,0.2965012548359093,0.04241979398646932,0.616471601787721,0.0230190838019516,1,243.50167846679688
2021-01-15,0.0230190838019516,-0.06249522681427684,-0.0831714229100214,1.2230201775112963,0.0188215077929399,0.29935822595405814,-0.055247118204045806,-0.0812361752435446,-0.0275088412433252,0.36552475413034285,0.026654984611605783,0.32318724795258724,0.0380174210563292,1,249.171875
2021-01-19,0.0380174210563292,0.016450209005964063,-0.029584625872143902,1.8018147620129428,0.0210995169191849,0.24733662361604525,-0.016164750913765128,-0.0437976772511788,-0.028086944804100678,0.4622734089233863,0.036307969225284925,0.4423031154745589,0.0241412099740233,1,258.8271179199219
2021-01-20,0.0241412099740233,0.06323332295028576,-0.012963225808672995,1.1052963099715063,0.021841391992565,0.2606850233327447,0.009571851141658755,-0.0184774767991186,-0.027783389472535558,0.5144968338671879,0.02512337724199739,0.3017492583357484,0.0199506915016154,1,265.15155029296875
2021-01-21,0.0199506915016154,0.08099602312975417,0.035663201633486005,0.8996929674412223,0.0221749999428764,0.2801599630386915,0.02990022529584495,0.0028128982985634,-0.026300923460328973,0.5539133101305741,0.022391673611884627,0.06467975357563627,0.0059558949797108,1,270.49462890625
2021-01-22,0.0059558949797108,0.11108430131363037,0.021207044593163304,0.27526502610349113,0.0216369477227796,0.22093561486418367,0.03460570906624058,0.0091200750846912,-0.02463318514311197,0.5654044664753333,0.02357013195155965,0.1085194267347882,0.0127058823518334,1,272.1104736328125
2021-01-25,0.0127058823518334,0.10077109986351217,0.0382758730492352,0.5833541622651621,0.0217807348840994,0.15722582503562932,0.04588385168751954,0.0216045063816174,-0.023214188905132938,0.5899023658808891,0.030898154872669493,-0.047682958803693776,0.0144271302808363,1,275.5899353027344
2021-01-26,0.0144271302808363,0.07718080908801926,0.09363101809398322,0.6578490933267366,0.0219307595422507,0.03939628695053132,0.058166335423745816,0.0360260480824074,-0.020923258092946373,0.6166849207817102,0.02687472936679466,-0.06300336980428056,-0.0357677130434397,0,279.5947265625
2021-01-27,-0.0357677130434397,0.017271886070556255,0.0805052090208419,-1.6166878810655476,0.02212406826472,0.012942227869506828,0.02191865682835052,-0.0001594070466853,-0.021604521776281027,0.5259471539329055,0.05633135983198859,0.6611149229742559,-0.0265870640239173,0,269.77099609375
2021-01-28,-0.0265870640239173,-0.029265869454976442,0.05173015367477761,-1.1631368214593603,0.0228580709796111,0.030803654498052557,-0.0026873274344360993,-0.0255362960287894,-0.02291053670818688,0.4720544226858013,0.08335847674675696,0.6896290797269837,-0.0254918815400609,0,262.6930847167969
2021-01-29,-0.0254918815400609,-0.06071364597474814,0.05037065533888211,-1.0990924909191189,0.0231935726526011,0.07194290755634958,-0.025306015794300713,-0.048619805142516,-0.023919086119336574,0.42794030120634624,0.04532958643499298,0.3055773644646411,0.014144891345954,1,256.0811767578125
2021-02-01,0.014144891345954,-0.059274636980627536,0.0414964628828845,0.6033649694020762,0.0234433420289072,0.07633384060064707,-0.009337271258434752,-0.0341428815468841,-0.025039410052258515,0.4580334969736246,0.035342198467563625,-0.03629795894163235,0.0191657367504698,1,259.7291564941406
2021-02-02,0.0191657367504698,-0.05453603051099404,0.0226447785770251,0.8094603080633793,0.0236771791767326,0.07963334015483303,0.010187830790748942,-0.0150979106653735,-0.025030732587947968,0.4972715411451937,0.02089268148264596,-0.27491946305493886,-0.0016115808408995,0,264.75506591796875
2021-02-03,-0.0016115808408995,-0.020379898308453836,-0.003108012237897701,-0.06827161303182257,0.023605430856721,0.06695706116416411,0.009385799387170603,-0.0162274979743247,-0.025375131468112544,0.49400429295150405,0.020101316301628903,-0.40995685874230137,-0.0006000744383216,0,264.3287353515625
2021-02-04,-0.0006000744383216,0.005607091277141864,-0.023658778177834704,-0.026461535430467274,0.0226772342783513,-0.007911284439579336,0.008173483590446555,-0.0165847269439078,-0.02455749029044285,0.49270760580066786,0.01561035616553824,-0.322105154744483,0.0060234145303035,1,264.170166015625
2021-02-05,0.0060234145303035,0.03712238734750627,-0.023591258627242005,0.2708413292495373,0.0222396432146952,-0.041129042609954314,0.014387253297638396,-0.0106192369901431,-0.024651818333174758,0.506741546686019,0.013054829990002468,-0.4705711815312048,-0.0056856839977088,0,265.76617431640625
2021-02-08,-0.0056856839977088,0.017291812003843464,-0.041982824976784204,-0.2554802209900441,0.0222548891482694,-0.05069468675465971,0.00882508105462173,-0.0154772321188155,-0.024089719446736768,0.49287848772232323,0.018230871019438075,-0.40928210245274277,0.0107086298193895,1,264.2593994140625
2021-02-09,0.0107086298193895,0.008834705072763162,-0.04570132543823101,0.5307138000888367,0.0201777866292472,-0.1477960073438237,0.017259060276896127,-0.004426182235797,-0.021317325506828633,0.5196024833021117,0.0283541076352495,-0.35038909796662643,0.0089409090950305,1,267.1044616699219
2021-02-10,0.0089409090950305,0.01938719500869316,-0.0009927032997608023,0.4624616130444313,0.0193332999817468,-0.1809808472001615,0.02238470726325734,0.0049561854472648,-0.0170469312502195,0.5415400971074439,0.022363580687324094,-0.3296823188376694,-0.0054587101268887,0,269.5033264160156
2021-02-11,-0.0054587101268887,0.014528559320126061,0.020135650597267796,-0.28071415038948266,0.0194457960858578,-0.14249701497234057,0.013246782029424945,-2.8189996385808774e-05,-0.013101420365947192,0.5257276978838459,0.0188246461116867,-0.4054169047807751,0.0004068392302402,1,268.03619384765625
2021-02-12,0.0004068392302402,0.008911984020062762,0.046034371367568896,0.022174116691037443,0.0183474830546301,-0.17501000904067077,0.008959402647544332,0.0015677197626427,-0.00732604588995911,0.5268338141821749,0.01049906224728509,-0.5571586423088344,0.0127464968633943,1,268.145263671875
2021-02-16,0.0127464968633943,0.02734416488116586,0.04463597688500919,0.7100836045822303,0.0179506987362334,-0.19340426201901362,0.017611409854724813,0.0154348140102786,-0.0021389263360921396,0.5615628129341207,0.023907793851014936,-0.23172964729139256,-0.0014609569458401,0,271.5850524902344
2021-02-17,-0.0014609569458401,0.015174578115936262,0.02400928318869929,-0.09059329760071556,0.0161265456113451,-0.2007772751462208,0.013778023424182795,0.0145751089910702,0.0007862525606889825,0.5564927071691582,0.016047134301658803,-0.3388364678061453,-0.015397396960339,0,271.1885681152344
2021-02-18,-0.015397396960339,-0.009163727939433238,0.010223467069259794,-0.9787931118226229,0.0157310025728188,-0.18632604947572562,-0.002065132719480494,-0.0001624529245809,0.0019066172124886371,0.5051609073884858,0.021975623095979172,-0.1891627465024266,-0.0294963279702362,0,267.0449523925781
2021-02-19,-0.0294963279702362,-0.033201345782780736,-0.018672786462654807,-1.8027025950169322,0.0163622818604525,-0.1585697089381609,-0.029036651846740473,-0.027489306999868,0.0015936181832356677,0.4259086393805827,0.03869091302816835,0.3453146244015415,-0.0047140251271203,0,259.28314208984375
2021-02-22,-0.0047140251271203,-0.038322210140141234,-0.029410226120078608,-0.28993604363387565,0.0162588447715492,-0.11383786412893393,-0.03105459508006658,-0.0303995711420447,0.0006760173841537931,0.41489613852212126,0.021280716132115702,-0.0735898532666307,0.0210197303171266,1,258.0637512207031
2021-02-23,0.0210197303171266,-0.030048976686408935,-0.002704811805243207,1.2533864158763384,0.0167703511470005,-0.06575496623150245,-0.008229540970725705,-0.0089127731822788,-0.0006889015551257982,0.4799912558428815,0.04701717230850463,0.15625525729983503,-0.0058470520027049,0,263.54559326171875
2021-02-24,-0.0058470520027049,-0.03443507174327373,-0.01926049362733761,-0.3583447699490487,0.0163168336558568,0.011799677940812714,-0.010738193175778562,-0.013748857955797,-0.0030433448044289158,0.46439623468268104,0.030229617903892378,-0.16207553253206697,-0.0370754731344054,0,262.0091247558594
2021-02-25,-0.0370754731344054,-0.056113147917340137,-0.06527687585677351,-2.2530011738381974,0.0164560380904036,0.0460895937324155,-0.0436207974137008,-0.0483055388513727,-0.004898414169822174,0.381539106435942,0.05064984503363546,0.060555963752143116,0.0114385168428009,1,252.4728851318359
2021-02-26,0.0114385168428009,-0.015178303104303037,-0.04837964888708391,0.7235200980321247,0.0158095357321961,-0.03378172634908483,-0.031276157334509905,-0.0361635136404135,-0.005045149185608833,0.4157316750110618,0.03524565928252303,0.5291326202799997,0.0279046023219078,1,255.37738037109375
2021-03-01,0.0279046023219078,0.01744032434472506,-0.020881885795416305,1.7401118707266552,0.0160360967540869,-0.013700113420855087,-0.005094453367579685,-0.0080995697014442,-0.00302050415141053,0.4911164545175795,0.033030085232872416,0.30362939701264224,-0.0225620758704142,0,262.60394287109375
2021-03-02,-0.0225620758704142,-0.02614148184281574,-0.05619045852922481,-1.3612091148507193,0.0165750255594553,-0.011647077979052067,-0.026740151603801634,-0.0290162047742108,-0.002338587350705912,0.4413952008488275,0.03111968169341196,-0.08541557611618433,-0.0139580148750024,0,256.7453918457031
2021-03-03,-0.0139580148750024,-0.03425244471511324,-0.06868751645838711,-0.864392049167409,0.0161477825813494,-0.01036053183313057,-0.03812148828402568,-0.0411039792343767,-0.0031006940211506517,0.4139776982851257,0.02306089834543624,-0.06093353986923833,0.0086932201043612,1,253.18663024902344
2021-03-04,0.0086932201043612,0.011516248523653363,-0.04459689939368691,0.5322802631425457,0.016332035407507,-0.007535391095680244,-0.028074267002465663,-0.03136730994498,-0.0033881631391302625,0.43735689553818813,0.0504191487960459,0.8186303444710654,0.0254455383053916,1,255.3972320556641
2021-03-05,0.0254455383053916,0.025523269986244067,0.010344966881940892,1.4600721717572847,0.0174275894011228,0.10234669103100447,-0.0026099822056239812,-0.0057674640998473,-0.0031657444308554883,0.5011696455418527,0.037233281527661755,0.4959653151527559,-0.0345304498308836,0,261.9793395996094
2021-03-08,-0.0345304498308836,-0.036911782166547336,-0.01947145782182241,-1.8238164573518751,0.0189330728383824,0.1806534425877162,-0.034131375243153086,-0.0386607191857926,-0.0046893996000541005,0.4301881316844424,0.04124391375661337,0.009143403953655316,0.0400399443500825,1,253.0874786376953
2021-03-09,0.0400399443500825,0.025690238053949363,-0.0004512437888665108,1.8929768499463822,0.0211518404734937,0.27612717082222127,0.005486393116174393,0.0007908667354455,-0.004669905443649647,0.5160232005805583,0.032814034549381595,0.18242635151320719,-0.0031660478253809,0,263.42669677734375
2021-03-10,-0.0031660478253809,0.036482205103570864,0.002229760388457489,-0.15073763496027084,0.0210036984208712,0.30071719228684435,0.003171550661621823,-0.0021847851944699,-0.005339401673182476,0.5093681406306733,0.023027581140297706,-0.23679443242282305,0.0333377615116435,1,262.593994140625
2021-03-11,0.0333377615116435,0.06112674651085316,0.07264299503450639,1.4968137990996224,0.0222724840803159,0.3637298428877016,0.03678416151640705,0.0318833802445395,-0.004726905998158393,0.5727976890601859,0.0368043902167252,0.15057673752422063,-0.0202117089596585,0,271.495849609375
2021-03-12,-0.0202117089596585,0.015469499245803056,0.040992769232046984,-0.8897750600181504,0.0227155265053689,0.30342332393402716,0.016422175219840743,0.0118755654229909,-0.004473150928516967,0.5279426277845729,0.021311480442541407,0.0637769395021468,0.0197367961305147,1,266.06353759765625
2021-03-15,0.0197367961305147,0.06973674520720136,0.03282496304065388,0.8522955803286992,0.0231572198496007,0.22310942588541804,0.03604481250644559,0.0318988603036695,-0.004001711270331998,0.5638513203265653,0.027251110338184906,-0.14720711443760814,0.0199997369732849,1,271.366943359375
2021-03-16,0.0199997369732849,0.04969653783040376,0.07538677588435298,0.8542191428595526,0.0234128878291518,0.10689601023095441,0.05591302011063665,0.0522588217750591,-0.0034607001391029346,0.59789998448394,0.02628196393422802,0.11610719209333076,0.0167946491720132,1,276.8488464355469
2021-03-17,0.0167946491720132,0.06965723482779787,0.10613943993136858,0.7095927130262732,0.0236680124580019,0.12684975682583555,0.07168139231048722,0.0688665626573818,-0.0026265545649130084,0.6248749317318396,0.03809727457545533,0.038179836711334625,-0.0191607080790843,0,281.5376892089844
2021-03-18,-0.0191607080790843,0.017158765237070064,0.07828551174792309,-0.8041606824615807,0.0238269645569245,0.06979376305772855,0.049515049705694696,0.0479778419633568,-0.001464683848763193,0.5773442122448955,0.024800817540762004,-0.09547340665348636,0.0404111235288133,1,276.194580078125
2021-03-19,0.0404111235288133,0.07778159772554186,0.09325109697134479,1.6741924771206476,0.0241376807512086,0.06260714430297565,0.08695107174050053,0.0889996677266602,0.001884717757239418,0.6401764220800468,0.039984751203514454,0.8216951608012548,0.0117539840854755,1,287.5845031738281
2021-03-22,0.0117539840854755,0.06979878568050267,0.1395355308877039,0.48846342897144657,0.0240631813731189,0.03912220592118376,0.09300246886496256,0.0998275481894797,0.0062443402635721235,0.6565890804361697,0.044150681603236375,0.2902791525707602,-0.0099630619426509,0,290.9847106933594
2021-03-23,-0.0099630619426509,0.039835986764566865,0.08953252459497049,-0.41438749858753465,0.0240428632056001,0.026907205170304094,0.07719928534968921,0.0870458812382804,0.009140923153689862,0.6303208051255453,0.02818016826827151,0.04710394899801762,-0.0296474120097216,0,288.1000061035156
2021-03-24,-0.0296474120097216,-0.006606074417167939,0.06305116041062979,-1.1791339423585656,0.0251433793436726,0.06233590117838128,0.04228786127615305,0.0532973697973941,0.010562829070811075,0.5599376085164084,0.0374282165248774,-0.15547988414133673,-0.0121240245267244,0,279.6839599609375
2021-03-25,-0.0121240245267244,0.00043060913519196026,0.017589374372261893,-0.5135418837999237,0.023608638183537,-0.009162995683562603,0.02517330169866396,0.0384603835888006,0.012960815374454926,0.5342110826888985,0.03698786654159219,0.09469518030981727,0.0152380998984607,1,276.31353759765625
2021-03-26,0.0152380998984607,-0.02474241449516064,0.05303918323038109,0.6434333189900009,0.0236824849580062,-0.018858306972164618,0.03607520705115113,0.0519461111990447,0.0153182935368803,0.5615219688003585,0.023779277957653392,-0.1963443175819397,0.0271870105057563,1,280.5562744140625
2021-03-29,0.0271870105057563,-0.009309388074879837,0.06048939760562269,1.1497510715182815,0.0236459971025337,-0.017337037198715488,0.059604165866130515,0.0773194541871739,0.016718779419447438,0.6067728580175242,0.029158862028691553,-0.008922698315965372,-0.0097441072276843,0,288.28839111328125
2021-03-30,-0.0097441072276843,-0.00909043335991324,0.030745553404653493,-0.4230132795457805,0.0230349913320623,-0.041919794032810764,0.0438148545341721,0.0639846251005732,0.01932313041799194,0.5833339260574638,0.020034684075249568,-0.20673128757210835,0.022420452496626,1,285.492919921875
2021-03-31,0.022420452496626,0.04297743114643436,0.036371356729266294,0.9803683962613575,0.0228694158054529,-0.09043985325671633,0.059967608935558726,0.0854279896483755,0.024019961080117058,0.6199444362417265,0.02678849244945618,-0.12279762512647496,0.0139249612214516,1,291.9660949707031
2021-04-01,0.0139249612214516,0.06902641689461037,0.0694570260298022,0.6075950703866086,0.022918160301385,-0.029246832315533156,0.06695541873097981,0.0981246047379805,0.02921320371948899,0.6414050823908408,0.019420035230196395,-0.1816858544208172,0.0337441479946904,1,296.0601501464844
2021-04-05,0.0337441479946904,0.08753246499084005,0.06279005049567929,1.44615694749472,0.0233336693179449,-0.014728844573524191,0.09484516643308635,0.1328099270668995,0.034675917470138096,0.6884281897124365,0.03266322300435196,0.307387757124145,-0.0086155284484422,0,306.2209167480469
2021-04-06,-0.0086155284484422,0.05172992603664156,0.042420537961761595,-0.4005875157155868,0.0215072315297992,-0.09044937134435016,0.07574025342857497,0.1204820938091234,0.04159167627868188,0.6641789682726946,0.019917736266592052,-0.19540315244230733,0.0220562546526628,1,303.593994140625
2021-04-07,0.0220562546526628,0.08353028791698866,0.0744398545570753,1.0760331963935426,0.0204977455403672,-0.11014746023209998,0.09066086502288316,0.1425375470505804,0.04756444802538029,0.6940876185935261,0.02794723594604072,0.058798594921007696,-0.0002238199725792,0,310.3645324707031
2021-04-08,-0.0002238199725792,0.060886015447783465,0.10386344659421769,-0.010959582486629768,0.0204223083180633,-0.10700349795582087,0.08135353879394693,0.1397057428170375,0.053962188987860316,0.6934053428798953,0.018625063237060785,-0.046809182321392195,-0.0017906905537133,0,310.2950744628906
2021-04-09,-0.0017906905537133,0.04517036367261856,0.1141967805672288,-0.09110160035342303,0.0196559725270075,-0.14234073466099095,0.07227340270473155,0.1343361875629562,0.0578796272496136,0.6875877577099899,0.01411381867346482,-0.2607417411634373,-0.0029484113876635,0,309.73992919921875
2021-04-12,-0.0029484113876635,0.008477804290264662,0.0960102692811046,-0.15702693078437072,0.0187764695707659,-0.19530574831941494,0.06126087447614491,0.1271877120053521,0.06212123627166588,0.6775321411207365,0.01354561566719176,-0.48529418720479345,-0.0057299068868539,0,308.8280334472656
2021-04-13,-0.0057299068868539,0.011363425851852963,0.0630933518884944,-0.3053821590865331,0.0187630701937315,-0.1275924952156462,0.04876482876757292,0.1165919932920972,0.06467337830562969,0.657495116419625,0.01649659475226936,-0.3316266367514642,-0.0226593040993057,0,307.06353759765625
2021-04-14,-0.0226593040993057,-0.03335213290011554,0.050178155016873,-1.1608985530712854,0.0195187633229088,-0.047760482514062064,0.02119828294769286,0.0883731306572821,0.06578041584215044,0.5848694674681085,0.02007788925834076,-0.16044561237968524,0.0163765508977712,1,300.1839294433594
2021-04-15,0.0163765508977712,-0.016751762029765138,0.0441342534180182,0.8396246420657383,0.0195046096520938,-0.04493608908831359,0.03390883342558429,0.1031132180115165,0.06693470676388524,0.6176384906938848,0.01962188422197025,-0.2868100545071054,-0.0053421620101412,0,305.140380859375
2021-04-16,-0.0053421620101412,-0.020303233486193034,0.024867130186425397,-0.2830340834948277,0.0188746243709508,-0.039751182750338065,0.02366230082173889,0.0941359951131246,0.06884467097676006,0.6008836517684477,0.014174756546109338,-0.35124007177532657,-0.0129516569561404,0,303.5146179199219
2021-04-19,-0.0129516569561404,-0.030306479054669936,-0.021828674764405403,-0.7501087545784186,0.0172663722121462,-0.08042498899637951,0.008444802529234526,0.0773039221218061,0.06828248746968524,0.5614777319425951,0.023623659605404017,-0.23040639047985179,0.0013556260088753,1,299.60894775390625
2021-04-20,0.0013556260088753,-0.02322094615894074,-0.011857520307087902,0.07920866200609815,0.0171146182064145,-0.08785619678957046,0.008280415829324227,0.0761148654494534,0.0672773650615186,0.5646770750252493,0.02606976642178981,-0.08400568365409544,-0.0039065499751459,0,300.015380859375
2021-04-21,-0.0039065499751459,-0.004468192034780936,-0.03782032493489661,-0.23042850804246312,0.0169534143510837,-0.1314298928362022,0.002538940754793528,0.0692661875042194,0.06655825927239101,0.5521905209615587,0.0152253833525889,-0.17102274549391594,-0.016555672621296,0,298.84564208984375
2021-04-22,-0.016555672621296,-0.03740041555384814,-0.0541521775836134,-1.0416529469765359,0.0158936550502256,-0.18513339493982484,-0.016274251428790826,0.0496938164081908,0.06705940952831169,0.5020394944973976,0.02320249945272755,-0.08080546978955028,0.0154274472840803,1,293.93878173828125
2021-04-23,0.0154274472840803,-0.016630806259626645,-0.0369340397458198,0.9792641311596669,0.0157541227062108,-0.16532788167920542,-0.004676858712442102,0.0638096463713628,0.06880831183650593,0.5436124542050254,0.018065295231949115,0.004024560150986067,0.0063226369161088,1,298.5086669921875
2021-04-26,0.0063226369161088,0.0026434876126225594,-0.0276629914420475,0.40686209470928875,0.0155399999123203,-0.09998465680077628,-0.0016669406606681302,0.0680930825817969,0.0698765032269193,0.5600022936817343,0.013991519650272517,-0.07020224305674327,0.0017475321969594,1,300.4020080566406
2021-04-27,0.0017475321969594,0.0030353938007066593,-0.0201855523582342,0.12053418373740694,0.0144982289900974,-0.15287453010996688,-0.002016741325807715,0.0674727811972577,0.06962994811694667,0.5646744615131869,0.013934219073923067,-0.1033139657474873,0.0115610881697727,1,300.92742919921875
2021-04-28,0.0115610881697727,0.018503031945625262,0.014034839910844199,0.8050494851736681,0.0143607174250645,-0.1529306647220281,0.0064282470584699,0.0773752949581898,0.07049389572190545,0.595481959015026,0.018072348421497957,0.8948037240913369,0.0704333252982105,1,304.4266662597656
2021-04-29,0.0704333252982105,0.10549202986513176,0.0680916143112835,3.4426268177860813,0.0204591810341806,0.2872546289401312,0.07371601000857672,0.1514750919681091,0.07242052948331401,0.7273836873337746,0.03095509060342762,1.862657824150542,-0.0135356242179631,0,326.6416015625
2021-04-30,-0.0135356242179631,0.07652895836308836,0.0598981521034616,-0.6510440011722187,0.0207906442476882,0.3196954622863153,0.05474038334179609,0.13158981857679,0.07286099636339638,0.680168408886498,0.016365225618206646,0.30474130893810036,-0.0077199604599675,0,322.2500915527344
2021-05-03,-0.0077199604599675,0.06248636098701205,0.0651298485996345,-0.391200445087945,0.0197340278031432,0.2698859661831674,0.04431325361195643,0.1181375975309395,0.07069176194369597,0.6543555315139236,0.020801015978636782,-0.050071018222174635,-0.0131683290889423,0,319.77191162109375
2021-05-04,-0.0131683290889423,0.04757049970111036,0.05060589350181689,-0.6620388080248419,0.0198905697510835,0.37193099685962916,0.02863684097557547,0.0990885752258899,0.06849038595924384,0.6121249968399648,0.028489784337069838,0.19916691116446827,-0.0105468461632331,0,315.5886535644531
2021-05-05,-0.0105468461632331,0.02546256536810456,0.0439655973137297,-0.5412291660221616,0.0194868400030039,0.3569544909359832,0.017527723890711413,0.083878511445526,0.06520784249603517,0.5802079785802138,0.020855842655539008,-0.2083426503770862,0.0157473903986822,1,312.2776794433594
2021-05-06,0.0157473903986822,-0.029223369531423744,0.0762686603337079,0.7957713993711475,0.019788836858332,-0.032764956462757455,0.032510686141917385,0.0968768916341097,0.06233950539795696,0.6127590922320131,0.021779893319118022,-0.02915293565550514,-0.0029416597271212,0,317.2341613769531
2021-05-07,-0.0029416597271212,-0.01862940504058184,0.057899553322506396,-0.1485733673483138,0.0197993744075599,-0.047678649507868154,0.028379603723909616,0.0888488516530823,0.05880051268053643,0.6032879739255206,0.013131511275331147,-0.1870736295239258,-0.0419545137009872,0,316.3023376464844
2021-05-10,-0.0419545137009872,-0.052863958281601536,0.009622402705410399,-1.9060409539422303,0.0220113390607969,0.11540022545681095,-0.012987090113148235,0.0406776639395695,0.05437087348621383,0.48962295630520103,0.03186586907573049,0.1971527173275549,0.0018284369941513,1,303.3065490722656
2021-05-11,0.0018284369941513,-0.03786719219850794,0.009703307502602296,0.08315250152636497,0.0219889595693229,0.10549671751484602,-0.01066532669292251,0.0396388008567893,0.050846421243438966,0.49400812828051394,0.023325592682471447,-0.07668703198662274,-0.0130690408464244,0,303.86163330078125
2021-05-12,-0.0130690408464244,-0.04038938688169924,-0.014926821513594804,-0.6055627154248688,0.021581647141626,0.10749855483491344,-0.023468312283992154,0.0231177090149161,0.04770559100633753,0.46352370321113917,0.02237643129010641,0.18188305229912238,0.00891739391221,1,299.9162902832031
2021-05-13,0.00891739391221,-0.04721938336817144,-0.0764427528995953,0.4177528441621197,0.0213460998215236,0.07869401189872982,-0.014314032992260174,0.0288134023794265,0.043753727673134346,0.4867483960141657,0.01995019374652586,-0.14026416647466788,0.0343883687094209,1,302.60272216796875
2021-05-14,0.0343883687094209,-0.00988935493162934,-0.028518759972211302,1.516826224493555,0.0226712646143118,0.14504954286107852,0.018566631958492084,0.0606399144676971,0.04130636247950403,0.566411804364644,0.024593338833979954,-0.09805976255629012,-0.0015204582635935,0,313.1897277832031
2021-05-17,-0.0015204582635935,0.03054470050576436,-0.022319257775837303,-0.06779068810018227,0.0224287185482841,0.018962021635047677,0.014856442383408393,0.055401776740706,0.03995179284872674,0.5621882917469457,0.01299691312550957,-0.2796566965225322,-0.0175887198833666,0,312.7138977050781
2021-05-18,-0.0175887198833666,0.011127543628246458,-0.026739648570261607,-0.7694269295270905,0.0228595064825416,0.03959018208543208,-0.004008645511218549,0.0332226853027972,0.03738117870824875,0.5148190360549976,0.021583438591544227,-0.31713280794477783,0.0116430078134409,1,307.2617492675781
2021-05-19,0.0116430078134409,0.03583959228811176,-0.004549794593587607,0.5075150191723856,0.0229412083851772,0.06299617608560193,0.00569711762789109,0.041998763623686,0.03609600282182246,0.5422335245922626,0.035364636842373134,-0.11046800039201199,0.0158815406387738,1,310.860107421875
2021-05-20,0.0158815406387738,0.04280373901467556,-0.004415644353496003,0.699382993824631,0.0227079308175973,0.06379764956877731,0.0181900325611228,0.0549140480830213,0.03606793854534618,0.5777656413702283,0.019114267028293927,-0.19538886959712998,-0.0074977980020288,0,315.8364562988281
2021-05-21,-0.0074977980020288,0.0009175723032258569,-0.008971782628403603,-0.33091689949399195,0.0226576461144588,-0.0006006943187634173,0.008151954005952868,0.0441059920138747,0.035663312326139174,0.5557418078663745,0.0130284760271082,-0.3623396460656615,0.0262160712113967,1,313.47723388671875
2021-05-24,0.0262160712113967,0.028654101778216055,0.05919880228398029,1.12683223833897,0.0232652832599474,0.03729881891657616,0.03138174862925708,0.0678751496098666,0.03538301994301385,0.6119640049802529,0.02439704681824911,-0.22947174298670014,0.0096871352059953,1,321.8040466308594
2021-05-25,0.0096871352059953,0.05592995686757796,0.06705750049582429,0.4157109694029323,0.0233025729869686,0.01938215528692111,0.037429960705767526,0.0744500647958461,0.035684437014806836,0.6308886502718271,0.013362228160204043,-0.23189453164702478,-0.0003967907720051,0,324.9365539550781
2021-05-26,-0.0003967907720051,0.043890158282131955,0.07972975057024359,-0.017068231234504808,0.0232473281240153,0.013343662360692843,0.03365536712393071,0.0706281540400662,0.03576896912847238,0.6295280286485297,0.012238232323839164,-0.5201747142788504,0.0154151398911118,1,324.8076477050781
2021-05-27,0.0154151398911118,0.043423757534469955,0.08622749654914538,0.8860936345661724,0.0173967392268414,-0.23389148194163245,0.04917656861814292,0.0838078007401759,0.033008011385200264,0.6604015674076485,0.021096886592552645,0.11376984635266041,-0.0121548370343488,0,329.8533935546875
2021-05-28,-0.0121548370343488,0.03876671850214995,0.039684290805375694,-0.7009385831008609,0.0173408017869089,-0.23466004812198915,0.03590509118147565,0.0672302845408849,0.03023944338731077,0.6166905381192841,0.013810751660001947,-0.3188119529052522,0.0012159615145971,1,325.86834716796875
2021-06-01,0.0012159615145971,0.013766608805350355,0.042420710583566286,0.07056802680963163,0.0172310544813354,-0.25936622869321746,0.03609620670587634,0.0658284139879472,0.028696376928741385,0.6193897735757061,0.01452313283013744,-0.3208129648128366,6.107728453038575e-05,1,326.26483154296875
2021-06-02,6.107728453038575e-05,0.004140550883885442,0.060070507751463276,0.0036120639839202382,0.0169092476773065,-0.27436134684514935,0.03440271949538069,0.0634408633209023,0.028072377690274708,0.6195347936187161,0.014431110703571367,-0.30232947950234035,-0.0094935601869618,0,326.2847595214844
2021-06-03,-0.0094935601869618,-0.004956218531071258,0.038933939751060576,-0.5627212912517202,0.016870803245856,-0.27429065586131285,0.022857832086522173,0.0509880235751136,0.02750156532624759,0.5825544001313357,0.011961703454400027,-0.23830577576443945,0.0131325629766918,1,323.2018127441406
2021-06-04,0.0131325629766918,-0.007238795445491258,0.036184962088978576,0.7832771425365511,0.0167661766998122,-0.03624601822255913,0.03470255877707609,0.0615817233364872,0.0259776728407628,0.6167004804704278,0.022037229135136453,-0.18320158868010117,0.0186831141763242,1,327.4742736816406
2021-06-07,0.0186831141763242,0.02359915576518174,0.062365874267331575,1.0892984303630349,0.0171515111520886,-0.010915910183760924,0.05133442534611806,0.0775959752759535,0.024979254266490614,0.6599940883630913,0.026026531924363886,0.22180484202823725,-0.0086533224380247,0,333.6500244140625
2021-06-08,-0.0086533224380247,0.013729871812559942,0.027496480617910178,-0.6225611963550481,0.0138995531502572,-0.19334285865597312,0.037784901234525936,0.0648571636625259,0.026086583448839296,0.6246271362309581,0.018161105525082866,-0.08861479512506898,-0.0103326143803574,0,330.7752990722656
2021-06-09,-0.0103326143803574,0.003336180147672155,0.007476731031557479,-0.723781679089625,0.0142758716873765,-0.15573584586286426,0.023342379317765897,0.0512654180733302,0.02728611588838903,0.5847161439604417,0.020590424808383804,-0.12775402331788188,0.0066697127638018,1,327.3751220703125
2021-06-10,0.0066697127638018,0.019499453098435756,0.01454323456736438,0.48594298802855057,0.0137252989097765,-0.1864466255838847,0.02543861585286808,0.0553133845939381,0.029133649034879472,0.6023465187015188,0.01621252116637255,-0.12711378335080403,-0.003616051323998,0,329.56591796875
2021-06-11,-0.003616051323998,0.002750838797745954,-0.004487956647745421,-0.2618594058226074,0.0138091328537102,-0.17636959809299402,0.01765676626727564,0.0490580066417526,0.03085641585193355,0.5877554263438534,0.011773210715183424,-0.09072932570070336,0.016496551813284,1,328.3763427734375
2021-06-14,0.016496551813284,0.0005642764347057565,0.02416343219988738,1.348602543903956,0.0122323303391743,-0.28680742876205834,0.03128417154667281,0.063939255563136,0.031664486780097256,0.631852356116924,0.020815422972088084,-0.16055855869436664,-5.942101988332468e-05,0,333.8383483886719
2021-06-15,-5.942101988332468e-05,0.009158177852847131,0.022888049665406956,-0.004867766343360181,0.0122070402915656,-0.12176742952778163,0.027872246288848667,0.0620078963441713,0.03321001241017063,0.6315881253872075,0.014521201628619227,0.08084990199255015,-0.0169808540223968,0,333.8185119628906
2021-06-16,-0.0169808540223968,0.002509938210807732,0.005846118358479771,-1.3972536594106606,0.0121530216850955,-0.14870195311142642,0.007318612614381343,0.042494332045765,0.03492015236379786,0.5601133618288457,0.026670251692602082,0.16835009415780888,0.0162680751497342,1,328.1978454589844
2021-06-17,0.0162680751497342,0.012108300596740132,0.031607753695175766,1.3159301494174076,0.0123624154039912,-0.09929718214111316,0.020282304241657494,0.0580319336543339,0.03699920037399296,0.6060885479680127,0.023268303654019943,0.21183744824998274,-0.0205661530670328,0,333.5806579589844
2021-06-18,-0.0205661530670328,-0.004841801146294667,-0.0020909623485488305,-1.5688298695268288,0.01310923094117,-0.05068398718114664,-0.002158213173523216,0.0354110947727486,0.03765056589357396,0.5307307646182476,0.021688994166889925,0.5390925636634671,0.0079463882794655,1,326.7902526855469
2021-06-21,0.0079463882794655,-0.013391964680113168,-0.01282768824540753,0.6115908688721811,0.0129929805755917,0.062183591787200454,0.003363855490946239,0.0423732025983745,0.038878565232291606,0.5536762162616458,0.015859699045201753,-0.2368590836318305,0.0200804488336191,1,329.39739990234375
2021-06-22,0.0200804488336191,0.006747905173389258,0.01590608302623627,1.6109903315186593,0.0124646612960672,0.02110429705713357,0.0214946998509372,0.0616850190049694,0.0393446183909687,0.6067439306082562,0.021591031326357396,0.03674932573763501,0.0045908005581215,1,336.0787048339844
2021-06-23,0.0045908005581215,0.028319559753907556,0.030829497964715173,0.3715891051832417,0.0123545079607693,0.016579109368405343,0.024219941412190134,0.0645147329058417,0.03934193220070803,0.6180632894461535,0.01532634920822671,0.006616668025325456,0.0075756539614029,1,337.6251220703125
2021-06-24,0.0075756539614029,0.01962713856557626,0.031735439162316276,0.6107183758840238,0.0124044965086191,0.0034039549111344325,0.029605868831868207,0.0699104709228295,0.03914566079221049,0.6367572902142676,0.009062257176806457,-0.16989788258011607,-0.0052881779550034,0,340.19256591796875
2021-06-25,-0.0052881779550034,0.034905113677605654,0.030063312531310872,-0.43653071315639713,0.0121141028468913,-0.07591048618675766,0.02285287357159451,0.062045798293491,0.03831726510680156,0.6141347520866339,0.013006422664306188,0.0024765864526496983,0.0409520651795384,1,338.3983154296875
2021-06-28,0.0409520651795384,0.06791079057767856,0.05451882589756528,2.8081515881903036,0.0145832815264541,0.12239693129765006,0.06133153191293665,0.1030469523848607,0.0393047970568976,0.703555672072915,0.04602976313266647,0.8914993110284748,-0.0106001543747018,0,352.5440979003906
2021-06-29,-0.0106001543747018,0.03723018736935766,0.0439780925427468,-0.7097847786484904,0.0149343219149975,0.19813299056184674,0.04658632333310288,0.0880651306601278,0.039632475986238536,0.6602546150415881,0.02185342613114235,0.3472669113692335,-0.0119501889714209,0,348.8268127441406
2021-06-30,-0.0119501889714209,0.02068919783981526,0.049008757593722696,-0.7805458362475607,0.0153100412768466,0.23922711656849027,0.03130741628605163,0.0721523119808416,0.03960496652092438,0.6148285490864239,0.016536769553091427,-0.05986554661592047,0.0190294865320534,1,344.6830749511719
2021-07-01,0.0190294865320534,0.03214303041046576,0.05177016897604189,1.23262609307088,0.0154381662363196,0.24456210097625464,0.046719857608688874,0.0891955425050493,0.04057980231061964,0.6556066198781193,0.0230537348402415,0.05161937232983682,0.0008743902184995,1,351.3050231933594
2021-07-02,0.0008743902184995,0.03830559858396866,0.07321071226157419,0.05712602191805879,0.015306338322555,0.26351398167986373,0.04388171108009003,0.0862635878136275,0.04060026752426338,0.6574192698707156,0.010769684783628003,-0.28913401674480477,-0.005427912855399,0,351.6123352050781
2021-07-06,-0.005427912855399,-0.008074379450968741,0.0598364111267097,-0.3618943269543183,0.0149986127195748,0.02847995441679485,0.03576188546440341,0.0769763554691733,0.03979145263323791,0.6351225645138949,0.02724081836383461,-0.15033097627370828,-0.0065125900702161,0,349.708984375
2021-07-07,-0.0065125900702161,-0.003986815146483042,0.0332433722228745,-0.4364011652179681,0.014923402110907,-0.0007311884766281196,0.026505209883542415,0.0668943099800418,0.039346220270115806,0.6086100843879817,0.018516906089201347,-0.1033002930896123,-0.0139052519691677,0,347.4388732910156
2021-07-08,-0.0139052519691677,-0.005941878144229841,0.014747319695585296,-0.9205828276574084,0.0151048352754441,-0.013403360428089317,0.010052351168697751,0.0494729676083327,0.03902829035942812,0.5558029592236943,0.01669315525982589,-0.09340938546100885,0.01370575692551,1,342.6410827636719
2021-07-09,0.01370575692551,-0.01126560775077324,0.020877422659692394,0.8961967020224962,0.0152932463315023,-0.009387119078713146,0.02131114430031122,0.0611643229474718,0.03902158403888123,0.5932601759303568,0.015524234441387367,-0.18017126181848864,0.0077887995671478,1,347.36956787109375
2021-07-12,0.0077887995671478,-0.0043511984021249415,0.0339544001818436,0.5103842453685321,0.0152606582938777,-0.0029843864492389294,0.02602252460945955,0.0679321182527728,0.040846660417387604,0.6134257298350348,0.01288364408706387,-0.36192605523804855,-0.0030345144694818,0,350.0857238769531
2021-07-13,-0.0030345144694818,-0.001957800016207741,-0.010032179467176605,-0.20246920266546248,0.0149875360278654,-0.000738514415732916,0.020642393212972465,0.0629599975867881,0.0414617349379347,0.6008963989866554,0.027521379596672935,-0.26852822912127294,-0.0127480351564708,0,349.0249938964844
2021-07-14,-0.0127480351564708,-0.00819324510246244,-0.012180060248945605,-0.8303075564288519,0.0153533893046813,0.028812946979431597,0.006127167243781582,0.0479103673490032,0.04152874652980887,0.5504321258017175,0.024364988929992972,-0.10743084921008383,-0.0091606934791283,0,344.6038513183594
2021-07-15,-0.0091606934791283,-0.0034486866124230405,-0.009390564756653005,-0.6127625028187768,0.0149498271140745,-0.010262155034659437,-0.004974200137384382,0.0367232927271874,0.04190594140406123,0.5171859224634119,0.02615691223693251,-0.04289013302581357,-0.0096264806184635,0,341.4614562988281
2021-07-16,-0.0096264806184635,-0.02678092415639654,-0.0380465319071699,-0.6518670506220007,0.0147675520787223,-0.034374274852104536,-0.015168261604683356,0.0251780854814344,0.040967756737671834,0.48438589414818833,0.017147307782688904,-0.2700651645962969,-0.0124169895569709,0,338.1901550292969
2021-07-19,-0.0124169895569709,-0.04698671328051524,-0.051337911682640305,-0.8711357535788042,0.0142537939763801,-0.065977777505282,-0.02834368627398348,0.0114979792955863,0.041003866291764,0.4455632772754949,0.015580946163534313,-0.020442352511393147,0.0138816510456776,1,334.0168151855469
2021-07-20,0.0138816510456776,-0.030070547765355837,-0.0320283477815637,0.9597241247840703,0.0144642097527775,-0.03491743233276712,-0.01609070713256925,0.0242486055331426,0.040999015822027696,0.4943879118711106,0.026195668533336748,-0.24782563457015028,0.0132870089103742,1,338.68585205078125
2021-07-21,0.0132870089103742,-0.0040355036985108405,-0.012228748800973405,0.9438956200642658,0.0140767778003563,-0.08314851392035993,-0.003962870268257111,0.0354491793761275,0.03956885588692782,0.5369914905014089,0.015221063589083123,-0.353479462381286,0.014224143209776,1,343.21600341796875
2021-07-22,0.014224143209776,0.01934933299039346,0.0159006463779703,0.9901170281708943,0.0143661232006616,-0.039044191545424156,0.008768069961334127,0.0474847231142495,0.03838013345763347,0.5785040967899107,0.018024479756936898,-0.12972998610493847,0.0516078767828073,1,348.1328430175781
2021-07-23,0.0516078767828073,0.08058369039166427,0.0538027662352676,2.8351797839050774,0.0182026822693143,0.23261337913556313,0.058151215459975106,0.0985560026281286,0.03818432240857916,0.6905499747442799,0.04905482493223108,1.2022511860344505,0.0071943773858517,1,366.5709228515625
2021-07-26,0.0071943773858517,0.10019505733448686,0.0532083440539715,0.39768363121684785,0.0180907053273429,0.26918526795889774,0.061071555870121266,0.1020876295851423,0.0386553324213712,0.7027647703746651,0.016699783502661974,-0.025546021522576234,-0.0125631668673389,0,369.2176818847656
2021-07-27,-0.0125631668673389,0.07375023942147035,0.043679691656114406,-0.7727305345127915,0.0162581473181463,0.12402596450347514,0.04601125582662517,0.0849980139803482,0.03727183425279046,0.6543235649311712,0.023381654007775154,0.07248459089561954,0.0147625025537551,1,364.608154296875
2021-07-28,0.0147625025537551,0.07522573306485127,0.0711902293663403,0.9090871961058282,0.0162388191330731,0.15358922072791925,0.05834853203227486,0.0973906352796686,0.036889646525444686,0.6820848985860296,0.028450479939769336,0.9709807849148431,-0.0409025361998472,0,370.0306091308594
2021-07-29,-0.0409025361998472,0.020099053655228058,0.039448386645621406,-2.183145077539995,0.0187356015047506,0.3041515266893837,0.01440697493077039,0.0504233559667165,0.03550486335960401,0.5516098193594327,0.024503233422164098,1.0919591252428829,-0.0056534422884813,0,355.2007751464844
2021-07-30,-0.0056534422884813,-0.03716226541606055,0.0434214249756036,-0.30844467916288965,0.0183288695523119,0.00693234552636901,0.008415636516549115,0.041892591099528,0.033197575851383165,0.5366813978750674,0.021863622822935174,0.003898099586123527,-0.012283781776001,0,353.1983337402344
2021-08-02,-0.012283781776001,-0.05664042457791324,0.043554632756573494,-0.6625230093385345,0.018540913451844,0.024886156529266845,-0.0035079558858674034,0.0271696593074439,0.03078560975424871,0.504987649711841,0.024605777416524827,-0.1760766938048849,-0.0020195663506563,0,348.8862609863281
2021-08-03,-0.0020195663506563,-0.04609682406123065,0.0276534153602396,-0.10911976000956117,0.0185077968507202,0.1383705958958179,-0.005301546662965432,0.0230067651200555,0.02845918950416748,0.49979899741450096,0.01728156524144722,-0.22184657843567712,0.021629986736342,1,348.182373046875
2021-08-04,0.021629986736342,-0.03922933987864374,0.0359963931862074,1.1345081102792978,0.0190655197088164,0.17407057450293584,0.015236267983812368,0.0432915258060554,0.027634215509222182,0.5532645192248222,0.02499164405751127,-0.11043696210138776,0.0112206508183195,1,355.79559326171875
2021-08-05,0.0112206508183195,0.012893847139522957,0.0329929007947509,0.5954133645588158,0.0188451443756787,0.005846776304477164,0.024183232773005204,0.0529104545862378,0.028048908529241245,0.5788303569426175,0.019285340321399343,-0.3486860838791035,0.0014865625222816,1,359.8103332519531
2021-08-06,0.0014865625222816,0.02003385195028586,-0.017128413465774803,0.0796743166812453,0.018657988975656,0.017956340537247595,0.02381610918534035,0.0522881922102,0.027809762680443884,0.5822629278186503,0.010316084562342075,-0.42524794031079116,-0.0052405896444402,0,360.3456115722656
2021-08-09,-0.0052405896444402,0.027077044081846663,-0.029563380496066702,-0.2807471326611827,0.0186665829665472,0.006777957031599335,0.017254257276262955,0.0450418714197194,0.027316291816618987,0.5648192178887903,0.013910010738244993,-0.49415110799775575,-0.001328302586171,0,358.4621276855469
2021-08-10,-0.001328302586171,0.02776830784633196,-0.018328516214898803,-0.07122193782691766,0.018650188785919,0.007693618875725949,0.014613818467454884,0.041703862198749,0.026699856869890626,0.5602527711654536,0.014011567829252286,-0.5091451684814411,-0.0032450203700759,0,357.9862976074219
2021-08-11,-0.0032450203700759,0.002893300739914057,-0.036336039138729806,-0.17642107702697138,0.0183936093394317,-0.03524217433600785,0.009578034134669051,0.0364854689811151,0.026652159552489785,0.5486103030769877,0.012640259753802615,-0.4378607349708401,0.0074453016154712,1,356.8265075683594
2021-08-12,0.0074453016154712,-0.0008820484629342429,0.012011798676588595,0.4079671370089512,0.0182497582282169,-0.03159361030049723,0.01453475301957582,0.0422205349152058,0.027289140971493042,0.5706997396604997,0.016241595884649917,-0.5076051103814796,0.0014603245465174,1,359.49310302734375
2021-08-13,0.0014603245465174,-0.0009082864386984431,0.019125565511587294,0.08100892476301343,0.018026711881308,-0.033834144460673676,0.012897547885605836,0.0415202604937027,0.028258250469503032,0.5751113059767878,0.008755968775571133,-0.4993036509703136,0.009263581317237,1,360.0184631347656
2021-08-16,0.009263581317237,0.013595884522978757,0.04067292860482529,0.5236169830138684,0.0176915218905183,-0.05223564900851596,0.018120319115937807,0.0490346139707477,0.030364087892532865,0.6031225550602497,0.02610761509154853,-0.210482714952819,-0.0223729453139547,0,363.3690185546875
2021-08-17,-0.0223729453139547,-0.007448758204804944,0.020319549641526893,-1.210134787507753,0.0184879779879986,-0.008697541873831982,-0.006721145043679811,0.0245427298754484,0.031475425821385405,0.5153343514583848,0.02678199407612486,-0.13659093941177647,-0.0084045660805783,0,355.32965087890625
2021-08-18,-0.0084045660805783,-0.012608303915307345,-0.009715003175393408,-0.4554869459777543,0.0184518264569294,0.0031650730655075066,-0.016290882374927606,0.0147051915608579,0.031509389697045975,0.4870903696880232,0.013250784339078349,-0.29857940397688654,-0.0009290652229592,0,352.35577392578125
2021-08-19,-0.0009290652229592,-0.020982670753737744,-0.02186471921667211,-0.051038422250509516,0.0182032512368645,-0.0025483620533939266,-0.017738546585277987,0.0123254736528484,0.030606942920963,0.483947526875835,0.018500809344882664,-0.16041791318268717,0.0118969382217897,1,352.028564453125
2021-08-20,0.0118969382217897,-0.010546057078465444,-0.011454343517164005,0.8480391827909042,0.0140287600658224,-0.22177931515237104,-0.00454832304739323,0.0228716601064479,0.027545267930817463,0.5263264687945349,0.01858806457562768,-0.3334255544089657,0.011014114023175,1,356.24163818359375
2021-08-23,0.011014114023175,-0.008795524372527444,0.004800360150451194,0.7768700026391417,0.014177550923267,-0.19862457221018381,0.00774779986398063,0.0323141756893628,0.024377503804719813,0.5625552100505722,0.01813677233299158,-0.14842914283735287,0.0059270188122458,1,360.18701171875
2021-08-24,0.0059270188122458,0.019504439753673056,0.012055681548867995,0.4232990777194062,0.0140019648617677,-0.24264487599146745,0.014061910972932055,0.0367577952711703,0.02238116238530541,0.5812729631103672,0.016743714135522027,-0.2627066953650421,0.0078484942348023,1,362.32818603515625
2021-08-25,0.0078484942348023,0.035757500069053656,0.023149196153746193,0.5732143682662707,0.0136920751978717,-0.2579555617525453,0.022745858771009667,0.0430545996099665,0.01985707462395503,0.6055107074275512,0.014821225434920399,-0.15977359132262026,-0.0109447263165773,0,365.18310546875
2021-08-26,-0.0109447263165773,0.025741838975435555,0.004759168221697696,-1.0658579699517159,0.0102684659918367,-0.4358993424734252,0.01076295140623661,0.0297590707817775,0.018793842165576446,0.5571528026236569,0.01457269193544661,-0.2303583423538037,0.0223886313787934,1,361.20806884765625
2021-08-27,0.0223886313787934,0.03623353213243925,0.025687475053973695,1.9977411339194955,0.0112069732152272,-0.20114299748199316,0.031311938566293364,0.05092847069709,0.01902094933378451,0.6237324710933267,0.025923848148372584,0.12056756006304448,0.0213204966275546,1,369.38623046875
2021-08-30,0.0213204966275546,0.04653991473681885,0.037744390364291294,1.865049386665955,0.0114315989592469,-0.19368309652929372,0.049366997633699554,0.0704958497292672,0.020134854767886567,0.6749565413144881,0.02881837102707701,0.3506342017830928,-0.0033681724735778,0,377.3462829589844
2021-08-31,-0.0033681724735778,0.037244723450995255,0.0567491632046682,-0.2935894836364787,0.0114723880156016,-0.18065870548447793,0.04179768509814761,0.0640780489838114,0.021386459390687618,0.6595433470173355,0.01043814097129205,0.2311801094812258,0.0070130726754255,1,376.0774536132813
2021-09-01,0.0070130726754255,0.03640930189161845,0.072166801960672,0.6541231674969943,0.0107213335712616,-0.21696796020166997,0.04580828735739701,0.068987020131577,0.022163462514481758,0.6761561662668558,0.014448342337503492,0.16880308630623375,-0.0178788950905667,0,378.72418212890625
2021-09-02,-0.0178788950905667,0.029475133117629053,0.0552169720930645,-1.5533309948928251,0.0115100356262448,0.12091091652785657,0.025548655829005434,0.0480100772427072,0.02190185837213643,0.5966560127837915,0.020491373018599778,0.46484684578810476,0.0026078080124262,1,372.01318359375
2021-09-03,0.0026078080124262,0.009694309751261855,0.045927841883701,0.22653272590781984,0.0115118378679086,0.027203121380460882,0.02643839379572934,0.0488088854123672,0.021794285708578,0.6039155122089463,0.010763881904616046,-0.25315771493868555,0.0156112377967076,1,372.9845886230469
2021-09-07,0.0156112377967076,0.003985050920414854,0.05052496565723359,1.324240907486885,0.0117888200768048,0.031248569761008538,0.03967104494906316,0.0628923518266618,0.022335244393322906,0.6454334487611672,0.025668527255732005,0.057709644797391046,-0.0121355192170867,0,378.85302734375
2021-09-08,-0.0121355192170867,-0.004782295823094047,0.03246242762790109,-0.9926026741803167,0.0122259586164304,0.06568559220660952,0.024838650754572984,0.0487922290127235,0.023373023880894683,0.5932818426507709,0.01610293840698194,0.0657170686425137,0.0011381661159062,1,374.2832336425781
2021-09-09,0.0011381661159062,-0.010657202382613345,0.02575209950900499,0.09358499201372243,0.0121618444519321,0.13435930065003943,0.023499916451061774,0.0484657728433504,0.024392631587950353,0.5965563082752755,0.008624283724991803,-0.1267577923495694,0.0018236435179265,1,374.70947265625
2021-09-10,0.0018236435179265,0.009045336225879854,0.03852046934350879,0.15065173788872466,0.012105028083204,0.051693363624567557,0.02314630790449883,0.0485774613782753,0.024855832716497606,0.6020922490749829,0.0146029700906945,0.08562952713791816,-0.0057732073389008,0,375.3934326171875
2021-09-13,-0.0057732073389008,0.0006643208745528532,0.010358630625814595,-0.47187820693274984,0.0122345284314509,0.0627780352568148,0.015427951434503397,0.0412657100093795,0.025445191397750033,0.5752351724602505,0.01965417573118651,0.19177687405936794,5.306447117828372e-05,1,373.2324523925781
2021-09-14,5.306447117828372e-05,-0.014893852450976462,-0.01090880153056172,0.00438128434151918,0.0121116245926837,0.027382258256196224,0.01411842209540458,0.0400651427307011,0.02558549383383113,0.5754221036349602,0.009242320658673288,-0.19371565417587377,-0.0069557739890938,0,373.2522583007813
2021-09-15,-0.0069557739890938,-0.009714107222983562,-0.014496403046077721,-0.6347338048845981,0.010958568671726,-0.10366385037498504,0.004995221226789474,0.0316509459817825,0.026523235326885164,0.5418745964396422,0.026449464526377392,0.6184003814092749,-0.002302757389001,0,370.6650085449219
2021-09-16,-0.002302757389001,-0.013155030727890763,-0.02381223311050422,-0.2145498474263748,0.0107329714591907,-0.11748818186162546,0.00031633584896204715,0.0279977467211253,0.027672657018712243,0.5308907355846819,0.01032007218332479,0.0674793231897366,-0.0226091498477022,0,369.81243896484375
2021-09-17,-0.0226091498477022,-0.03758782409351946,-0.02854248786763972,-1.8689987921070037,0.012096931224987,-0.0006688838853859957,-0.023303299453545197,0.0039612211558036,0.027915032982188448,0.43814491640356684,0.026924784194317864,1.2110181831633389,-0.0250423054081041,0,361.5451049804687
2021-09-20,-0.0250423054081041,-0.05685692216272276,-0.05619260128817002,-1.9012529571137082,0.0131714747973993,0.07658213973656891,-0.04699001795903613,-0.0211526286315994,0.027111352256881327,0.36406540884186256,0.03157157886121121,0.592093664852188,0.0049916256800439,1,352.6036071777344
2021-09-21,0.0049916256800439,-0.05191836095385714,-0.06681221340483372,0.3851196793119736,0.0129612324380867,0.07014813239144035,-0.041467299154965366,-0.0164882145438144,0.026059710418986803,0.38612256502802417,0.01356720922698292,-0.05919093895176386,-0.0407368379062809,0,354.3680725097656
2021-09-22,-0.0407368379062809,-0.08569942487104425,-0.09541353209402792,-2.6092150310684277,0.0156126794538662,0.4247006084059304,-0.0769706482361589,-0.0552866760632682,0.02349218053732982,0.2971414411133516,0.02666004523263414,2.0738995480563043,0.007980606399678,1,340.2223205566406
2021-09-23,0.007980606399678,-0.07541606108236525,-0.08857109181025612,0.5110006941872256,0.0156176038319705,0.45510531648689545,-0.06676003828650538,-0.0476295676168852,0.02049898359956126,0.32922207386049024,0.019279724801937004,0.47138543546836265,0.0200315531568535,1,342.9483642578125
2021-09-24,0.0200315531568535,-0.032775358077809555,-0.07036318217132913,1.2271974490531128,0.0163230074934637,0.3493511031746188,-0.04640847952817887,-0.0288142458208952,0.018450493035611748,0.4038166297238713,0.033941555066738606,0.22361122771121278,0.0017550055242341,1,349.8874206542969
2021-09-27,0.0017550055242341,-0.005978047145471348,-0.06283496930819421,0.11432772678336192,0.0153506552925664,0.16544696237033207,-0.04226885064586222,-0.0277728135216035,0.015135810434937058,0.4100740896152282,0.022823710703912686,-0.023092794234848224,-0.0372540364151094,0,350.50201416015625
2021-09-28,-0.0372540364151094,-0.04822370924062465,-0.1001420701944819,-2.312368084058122,0.0161107726196125,0.2429969678092374,-0.07226467317771515,-0.0635163944682204,0.009429713902842973,0.3318477271309521,0.03135180644983839,0.35915376787464415,-0.0030578323334848,0,337.68463134765625
2021-09-29,-0.0030578323334848,-0.010544703667828547,-0.0962441285388729,-0.18977263271061806,0.0161131364929086,0.03205452597173952,-0.0700610799320434,-0.0662703829723866,0.004076285955834313,0.3264531411453133,0.018697936978920436,-0.10116063235074158,-0.0006479932522057,0,336.65362548828125
2021-09-30,-0.0006479932522057,-0.019173303319712245,-0.0945893644020776,-0.04078358184801003,0.0158885812094829,0.017350765227997833,-0.06520361485716013,-0.0665241382526563,-0.001412632115917356,0.32524873899935514,0.0137010333120765,0.013435425500054166,0.0106099325953655,1,336.435546875
2021-10-01,0.0106099325953655,-0.028594923881200246,-0.06137028195900991,0.661616677632698,0.0160363741635541,-0.017560080764796537,-0.05101527408449556,-0.0561425867482874,-0.005402945404464177,0.3666565268957849,0.01859996555084133,-0.08731978679043684,-0.0501570756139205,0,340.02410888671875
2021-10-04,-0.0501570756139205,-0.08050700501935484,-0.0864850521648263,-2.654898890372867,0.0188922733727446,0.23071445568146132,-0.0911496687196455,-0.1001589079155158,-0.009912786391548689,0.28067543923887994,0.04058483213835847,1.3693213083670162,0.0204196237700877,1,323.39013671875
2021-10-05,0.0204196237700877,-0.02283334483415775,-0.07105705407478251,1.062159559187537,0.0192246292880017,0.19327792290970192,-0.06599685473992459,-0.0795899802155166,-0.014553618523208578,0.34683204469236656,0.02709030888141669,0.8302708449467324,0.0020402721694335,1,330.0615234375
2021-10-06,0.0020402721694335,-0.01773524033123945,-0.028279943999068097,0.10580994034572436,0.0192824243428084,0.19668969174900264,-0.05828690634647639,-0.075964544319752,-0.01877178738663654,0.3533041132667961,0.02571639105964156,0.31569552667003853,-0.0133362761146928,0,330.7356262207031
2021-10-07,-0.0133362761146928,-0.03042352319372655,-0.0495968265134389,-0.6922635913745264,0.0192647371331676,0.21248945259314178,-0.06432109766639599,-0.0859752167488438,-0.023142681777308494,0.33038884137503727,0.029949533184505807,0.3442286729686215,0.0025178739295927,1,326.3541259765625
2021-10-08,0.0025178739295927,-0.038515581859499354,-0.0671105057406997,0.1305821403398567,0.0192819165242629,0.20238629553087817,-0.05543336066743802,-0.0822302591621497,-0.028369516113385673,0.33905789198183356,0.01420997610927997,-0.25059579281683697,-0.0140353507463197,0,327.1768798828125
2021-10-11,-0.0140353507463197,-0.0023938569918985457,-0.08290086201125349,-0.725509845946037,0.0193455000297317,0.02399005392548248,-0.061742793706894575,-0.0934661736998331,-0.033810963326647125,0.31473733310689495,0.015824224007735792,-0.31149331315463824,-0.0051754509431057,0,322.6169128417969
2021-10-12,-0.0051754509431057,-0.027988931705091945,-0.0508222765392498,-0.2684878274192576,0.0192762964073748,0.002687548279817653,-0.05943292317729921,-0.0967277303676371,-0.03965140616692886,0.3061015799268091,0.021651203025271598,0.40643950062683754,0.0023754347342915,1,320.9515380859375
2021-10-13,0.0023754347342915,-0.027653769140233948,-0.04538900947147349,0.12242051845339554,0.0194038937614515,0.006299488927511643,-0.05038483550459175,-0.0932286242447978,-0.045117001436020376,0.3153736512010512,0.013372762136012236,-0.33955620539325526,0.0122192526099902,1,321.71484375
2021-10-14,0.0122192526099902,-0.0020982404155509456,-0.032521763609277596,0.6153154518138645,0.0198585174059412,0.03082213209913487,-0.03240637047041333,-0.0805191130359158,-0.04972412084698552,0.36288086199972364,0.010409956237980491,-0.36347760141846996,-0.0115416191803177,0,325.6700744628906
2021-10-15,-0.0115416191803177,-0.016157733525461345,-0.05467331538496079,-0.5908689405006379,0.0195332981465206,0.013037169927656356,-0.037847928147344174,-0.089122196968842,-0.05329123152306636,0.338948103029327,0.02019952383708818,-0.028683354209627976,0.0320585405474745,1,321.93292236328125
2021-10-18,0.0320585405474745,0.029936157768332854,0.0275423007764342,1.5479270845945954,0.0207106270486059,0.0705656104404726,-0.003497548993171891,-0.0579590432163259,-0.05465264452498664,0.4488133767010669,0.025019427268030678,-0.03302801777239406,0.01377110027574,1,332.42083740234375
2021-10-19,0.01377110027574,0.04888270898717856,0.020893777282086502,0.6564214324926995,0.020979053385636,0.08833423922708272,0.012952654421657456,-0.0437347857123083,-0.055962576223595906,0.48900947710914094,0.015235721122878828,-0.17145997306163274,0.0023210496462399,1,337.0303039550781
2021-10-20,0.0023210496462399,0.04882832389912695,0.021174554758892898,0.12240628409891373,0.0189618503929448,-0.02278116825113119,0.015674164297591584,-0.0404141946726299,-0.05522278791940183,0.49573820281666037,0.013293030094265206,-0.3557555011947773,0.0032227781751518,1,337.8134765625
2021-10-21,0.0032227781751518,0.039831849464288555,0.037733609048737494,0.1706849702163727,0.0188814408853127,-0.04920188655856961,0.01957263944957794,-0.0363354611303411,-0.05483483806519307,0.5055020078043142,0.013191791567836434,-0.21744470892109868,-0.0518355105985168,0,338.9039306640625
2021-10-22,-0.0518355105985168,-0.00046204195391054415,-0.016619775479372004,-2.4201928566832875,0.0214179256233133,0.09648280913217944,-0.027821304552897202,-0.0830485535449163,-0.056807713695701034,0.3808301750926318,0.02624694222521404,0.6217657170205404,0.012490819052445,1,321.7842102050781
2021-10-25,0.012490819052445,-0.020029763448940044,0.009906394319392699,0.575421442956286,0.021707253362461,0.04812149393237175,-0.011919106936671755,-0.0697105526317809,-0.05848857730255219,0.4173882667047735,0.029937011362688913,0.6787146681130534,-0.0399745931212434,0,325.8287658691406
2021-10-26,-0.0399745931212434,-0.07377545684592345,-0.024892747858745002,-1.8223088914131094,0.02193623337383,0.04562550895882489,-0.047080363294123066,-0.1035898529845995,-0.059301422191091246,0.34761244823325554,0.0652607121715285,1.6180764272233055,-0.0114324964817227,0,313.060791015625
2021-10-27,-0.0114324964817227,-0.08752900297388605,-0.0387006790747592,-0.5196249029084821,0.0220014406887197,0.16030029943205593,-0.05400343535671331,-0.1114477587040895,-0.060723606717363876,0.33100323026164363,0.023028641385225382,0.15930851032968096,0.0149412175516107,1,309.5021057128906
2021-10-28,0.0149412175516107,-0.07581056359742713,-0.035978714133138696,0.6668255284672445,0.0224064870251059,0.18669370421487397,-0.0364830719049533,-0.0960896965975752,-0.06186359881654513,0.3732270290890372,0.05493500859667,0.8430862048044059,0.0207660706497834,1,314.1611633300781
2021-10-29,0.0207660706497834,-0.0032089823491269487,-0.003671024303037604,0.9087214233531719,0.0228519655376417,0.0669551262596344,-0.013349730750876256,-0.0754588660503643,-0.06294949409658124,0.4282160246405941,0.019779317463350474,0.2924454538035688,0.0196167202006808,1,320.7532653808594
2021-11-01,0.0196167202006808,0.00391691879910885,-0.016112844649831305,0.9587135385640843,0.0204615032662017,-0.05738865601548726,0.005621244139881587,-0.055557125614146,-0.060836393533386546,0.4759435103371997,0.022577162127980964,0.12144734377243216,-0.0057748252491373,0,327.1075134277344
2021-11-02,-0.0057748252491373,0.03811668667121495,-0.0356587701747086,-0.28937385221689127,0.0199562787200585,-0.09025955459306856,0.0005747211288072223,-0.0590957670152887,-0.05963621395189578,0.4635906440422349,0.033497991958532404,0.021571064097792414,0.0107324473141179,1,325.2239685058594
2021-11-03,0.0107324473141179,0.06028163046705556,-0.027247372506830604,0.5335809461967486,0.0201140003042022,-0.085787126907794,0.011682795748913575,-0.0470908471132923,-0.058094931641787806,0.49014185362028406,0.02698866721317688,-0.24334268788163438,0.0126749848048734,1,328.73321533203125
2021-11-04,0.0126749848048734,0.05801539772031826,-0.017795165877109005,0.6316065338439169,0.0200678494057594,-0.10437323872886073,0.0235523330231573,-0.0331277509629365,-0.05537585344433138,0.5206725899673372,0.013756126345769799,-0.17238499496429016,0.0155989195616517,1,332.9264221191406
2021-11-05,0.0155989195616517,0.052848246632186555,0.049639264283059495,0.7672304047838353,0.0203314668766896,-0.11029679949413285,0.03789144938361373,-0.0166108969986261,-0.05251256903080559,0.5563810298632709,0.020959733222355052,-0.03081485659754446,-0.0073851283223547,0,338.1604309082031
2021-11-08,-0.0073851283223547,0.025846398109151063,0.029763316908259795,-0.36715177390102394,0.0201146469861414,-0.016951651867789908,0.028194740053423085,-0.0219287584669765,-0.0487490322288513,0.5359408882642076,0.019047936625239934,-0.3427729659956448,-0.009644048519345,0,335.6722717285156
2021-11-09,-0.009644048519345,0.02197717483894336,0.06009386151015819,-0.47688799949033994,0.0202228794384673,0.013359240074194423,0.01653618685887285,-0.0287749582040117,-0.04457406007640263,0.5098240393307137,0.020395373579859277,-0.3546238442571954,-0.0233189850320836,0,332.4505920410156
2021-11-10,-0.0233189850320836,-0.01207425750725814,0.048207372959797296,-1.1112968087323238,0.0209835795881426,0.043232538072435434,-0.007360520389686079,-0.0483089277046509,-0.04125204382465242,0.45324886788331253,0.023440337969774575,-0.20634644175594663,0.0003050466835736,1,324.7878723144531
2021-11-11,0.0003050466835736,-0.02444419562855794,0.0335712020917602,0.0146650337247777,0.020800953431031,0.03653127001547074,-0.006938833163651078,-0.0450055000541784,-0.03833265075886361,0.4540925109029552,0.016659521626193816,-0.5493371105228471,0.0393394011808638,1,324.886962890625
2021-11-12,0.0393394011808638,-0.0007037140093458447,0.0521445326228406,1.7576380238234217,0.0223819698070073,0.1008536640643789,0.03038821647980319,-0.0046930724383656,-0.034046671300279274,0.5520210802953656,0.03543661020615049,-0.0809899256870481,0.0193772929695192,1,337.92254638671875
2021-11-15,0.0193772929695192,0.026058707282528057,0.051905105391678995,0.8943459413924943,0.0216664403254839,0.07714743094480614,0.04861244432531161,0.0164849056668362,-0.030638143608095914,0.5919998716228067,0.03006669859264051,-0.09889025938266693,-0.0133234320354197,0,344.534423828125
2021-11-16,-0.0133234320354197,0.02237932376645336,0.0443564986053966,-0.6132811665818144,0.0217248348089331,0.0742701045632912,0.03427059225048593,0.0053379829902052,-0.027973926240449032,0.555200483051396,0.0168532742107149,-0.3459639550095033,-0.0064062199251642,0,339.9744873046875
2021-11-17,-0.0064062199251642,0.03929208887337276,0.027217831366114498,-0.2942337806911673,0.0217725507591811,0.0375994556946011,0.02766756512205484,0.0010779611703938,-0.025873740550041546,0.5380519525828432,0.021128567425473192,-0.5106286839196905,-0.0061222455339862,0,337.8034973144531
2021-11-18,-0.0061222455339862,0.03286479665581296,0.0084206010272549,-0.2808373106986289,0.0217999720861737,0.04802754154780042,0.0218866876991136,-0.0027288498814681,-0.02408832395694105,0.5215753697809052,0.021140286428584787,-0.37216369297227747,0.0193283692268247,1,335.74169921875
2021-11-19,0.0193283692268247,0.012853764701773861,0.012150050692427899,1.0426183767946335,0.0185382970960542,-0.17173076114818675,0.03858848758552494,0.0187374384376244,-0.019113488532931378,0.5669604781572914,0.03533163231487286,-0.03384188687613798,-0.0125018006566216,0,342.2941589355469
2021-11-22,-0.0125018006566216,-0.019025328924366938,0.007033378358160999,-0.6680900702325732,0.0187127472980844,-0.13632571770109314,0.023788218932038772,0.0081925373398603,-0.015233308318830852,0.5317061830225875,0.03906036897801145,0.009872369394723801,-0.0110873843514497,0,338.04150390625
2021-11-23,-0.0110873843514497,-0.016789281240396935,0.005590042526056301,-0.6814232893776948,0.0162709207687562,-0.25104513282348595,0.009251613776010945,-0.0006027232962912,-0.009764004275834792,0.5022294266757968,0.023424740982903848,-0.29493177723036923,0.0112338941749336,1,334.314208984375
2021-11-24,0.0112338941749336,0.0008508328597008636,0.0401429217330735,0.7030554424565129,0.0159786746485907,-0.2661092021175896,0.016267846900727464,0.0126598840525202,-0.0035502085982650478,0.5306246964114198,0.026300361475731535,-0.4254040028835264,-0.023555718026299,0,338.0910339355469
2021-11-26,-0.023555718026299,-0.016582639632611938,0.0162821570232009,-1.390999187206722,0.0169343866214627,-0.2231922795808039,-0.009781297041415137,-0.0085638422257377,0.0012294807319230827,0.4704009487723893,0.017561257772766348,-0.3235850127309017,0.0146318368772405,1,330.2201232910156
2021-11-29,0.0146318368772405,-0.021279171982196143,-0.008425407280422398,0.879371121058729,0.0166389781593286,-0.10245379750278483,0.0026590665246951574,0.0076501990937604,0.004977896012415384,0.5076167053831073,0.015856627780069427,-0.1989656872767508,-0.0409723036461674,0,335.0873718261719
2021-11-30,-0.0409723036461674,-0.04974967497174194,-0.068775003896109,-2.192451892597556,0.0186878917546622,-0.0013282679996829971,-0.03680342332670094,-0.0309964306649423,0.0060288759349775844,0.4198120549419354,0.03815572091737095,0.23972763100940142,-0.043656359967773,0,321.6355285644531
2021-12-01,-0.043656359967773,-0.08231865058806523,-0.0991079318284623,-2.079695809976744,0.0209917045359923,0.2901362396343947,-0.07554988144751527,-0.0697847453741919,0.006236286801877933,0.352705765839451,0.06506758228569566,0.47380344217577663,-0.0006763019876133,0,307.89617919921875
2021-12-02,-0.0006763019876133,-0.09422884675061213,-0.0933780138909114,-0.03257695504681676,0.0207601350906301,0.2992401151656916,-0.07324691027719085,-0.0685826111155267,0.0050329469773433555,0.3517882653642903,0.023840953469028193,0.1751756535042548,-0.0115030554407025,0,307.6880187988281
2021-12-03,-0.0115030554407025,-0.08217618416501565,-0.0987588237976277,-0.5616029655229677,0.0204825404189075,0.20952360878237286,-0.07986133012700303,-0.0770684915673241,0.0030352365910937262,0.3358810505407311,0.046441142517509255,0.3076194980056792,0.0353160775346894,1,304.1689453125
2021-12-06,0.0353160775346894,-0.061491943507566746,-0.08277111548976299,1.6107384120676995,0.0219253959985683,0.3177128900957107,-0.043448996213902545,-0.0418692535268474,0.001651498645448335,0.4231588993150632,0.04328816804666377,0.048457355869217844,0.0154213439579144,1,315.1029357910156
2021-12-07,0.0154213439579144,-0.005098295903484941,-0.054847970875227,0.6914098636342217,0.0223042001120088,0.19351077183141419,-0.026267036815726962,-0.0251708123739968,0.0011257957604160485,0.4575429612796894,0.01716182456188115,-0.09536609779278282,0.0237242409209179,1,319.9999084472656
2021-12-08,0.0237242409209179,0.062282304985205955,-0.0200363456028594,1.032785364661876,0.0229711242361427,0.09429532969828625,-0.002165869661510903,-0.0011585149425012,0.0010095412537833859,0.5071742339792823,0.02928361794310991,-0.045783049496022965,-0.0022412062027174,0,327.68243408203125
2021-12-09,-0.0022412062027174,0.06071740077010186,-0.033511445980510396,-0.10025479018721362,0.0223551034173252,0.07682841752869773,-0.004727184957713776,-0.0028046355811583,0.0019316807889238063,0.5024469753795732,0.02464982324380508,-0.18239290740669423,-0.00021218552712,0,326.9488525390625
2021-12-10,-0.00021218552712,0.07200827068368436,-0.010167913481331394,-0.009491451545246582,0.02235543489934,0.09143858340460653,-0.005240030247753376,-0.0024347022907707,0.0028201053945520194,0.5019705266370621,0.026262331045062582,-0.2999298146871622,0.0142720782435813,1,326.8794860839844
2021-12-13,0.0142720782435813,0.05096427139257626,-0.010527672114990594,0.6897161605302927,0.0206926835418908,-0.05622304184416993,0.010034102692936787,0.0124266193523534,0.0023687483947698595,0.5341920272120395,0.03438069997832226,0.1124525393349387,-0.0022447314878275,0,331.57818603515625
2021-12-14,-0.0022447314878275,0.033298195946834364,0.028199900043349303,-0.11149988678765842,0.02013214140838,-0.09738339383259675,0.00987656055285171,0.0096975143406062,-0.00017729514600028917,0.5283670209869447,0.024120628471564282,0.003081407647607115,0.0234540819837538,1,330.834716796875
2021-12-15,0.0234540819837538,0.03302803700967026,0.0953103419948761,1.132100498146406,0.0207173144276107,-0.09811491093613356,0.03404561075135715,0.0331150844905548,-0.0008998889905118546,0.5804010573025984,0.05306437443922869,0.19100108067521582,-0.019984255743719,0,338.68585205078125
2021-12-16,-0.019984255743719,0.01528498746866866,0.0760023882387704,-0.9448951862474237,0.0211497063744021,-0.05392044136055829,0.01448724203472598,0.0125968194732007,-0.0018634266486522444,0.526961014673295,0.032009559319420684,0.06896109590826627,-0.0033197562155303,0,331.9846496582031
2021-12-17,-0.0033197562155303,0.012177416780258358,0.0841856874639426,-0.15716805495269537,0.021122334411592,-0.05515886822601712,0.011875947328395395,0.0089619850899569,-0.0028797623326575206,0.5185191407540926,0.019053851789295126,0.7942037219348788,-0.0253033846819257,0,330.8843688964844
2021-12-20,-0.0253033846819257,-0.027398046145248642,0.023566225247327505,-1.1907993552599436,0.0212490748925558,0.0268883129410753,-0.010429356063046478,-0.01597422488301,-0.0056033077112146445,0.459015834033493,0.022645551822868388,-0.18150852471458556,0.0265308624718172,1,322.6169128417969
2021-12-21,0.0265308624718172,0.0013775478143960573,0.0346757437612303,1.2003843392901228,0.0221019731792793,0.09784511895388137,0.017229352280184237,0.0099478392608978,-0.00715818217687525,0.5211082796116719,0.03665469644690298,-0.2441128052641206,-0.0112844104635717,0,331.290771484375
2021-12-22,-0.0112844104635717,-0.03336094463292944,-0.0003329076232592987,-0.510451009228328,0.0221067453282752,0.06706616851906033,0.006857027245585612,-0.001787779684161,-0.008585932953555364,0.4948916522176804,0.018913601964354838,-0.21288079824665196,0.0143914817516155,1,327.5733642578125
2021-12-23,0.0143914817516155,0.0010147928624050576,0.016299780331073602,0.6479763372232616,0.0222098878074569,0.050127477624841044,0.022358438398065224,0.0120276228893413,-0.010104886036751748,0.5275850413885346,0.024788295902174875,-0.34390897081134375,0.0321121498398421,1,332.32171630859375
2021-12-27,0.0321121498398421,0.03644669891777746,0.0486241156980357,1.4147058743709553,0.0226988170626779,0.07463581535858665,0.05362317549176217,0.0439409626345121,-0.00918944560300794,0.5924638849570993,0.028482250737109888,-0.17124511630744643,0.0001156014982885,1,343.1664733886719
2021-12-28,0.0001156014982885,0.06186568509799166,0.0344676389527429,0.005137323595807839,0.0225022808340968,0.05897696477977199,0.052433279941084175,0.0427120702498523,-0.009236889289339079,0.592684263304126,0.021691350070961186,-0.2251239503141519,-0.0095190471324292,0,343.2061462402344
2021-12-29,-0.0095190471324292,0.02581577549374526,0.0271933233081412,-0.4665969898863697,0.02040100416153,-0.07696005256869842,0.039542825399364684,0.0323609452622204,-0.006908690976136778,0.5656850015656325,0.023473458143291808,-0.48180145237354177,0.0041321613972415,1,339.95465087890625
2021-12-30,0.0041321613972415,0.041232347354558455,0.007871402721628902,0.23983369695131543,0.0172292778277954,-0.22063254577060565,0.038533323659582994,0.0363629808381527,-0.0020898152923801705,0.5747174086501975,0.011644819189811287,-0.4636939218340713,-0.023535444188079,0,341.3623046875
2021-12-31,-0.023535444188079,0.003305421414863962,0.004320214277268902,-1.2820263417922673,0.018358003592326,-0.17343105235487255,0.01042102469805811,0.0125264961994451,0.002083756622162758,0.5102542663694395,0.021317119957261845,-0.32882441148609554,0.0064900405621931,1,333.4219970703125
2022-01-03,0.0064900405621931,-0.022316687862785036,0.014130011054992302,0.3606633648038074,0.0179947319177359,-0.2072392200859049,0.012180571038242055,0.0193241839810154,0.007057646774869308,0.5259115202244385,0.011490470941909962,-0.2154144224853476,-0.0059549257449716,0,335.59295654296875
2022-01-04,-0.0059549257449716,-0.02838721510604514,0.033478469991946404,-0.35785709618261713,0.0166405132341787,-0.2604965977953666,0.003372099326202847,0.0125454066697219,0.00914247799961676,0.5098022315287165,0.03334027058925419,-0.12298326031713047,-0.0374192480550894,0,333.6004638671875
2022-01-05,-0.0374192480550894,-0.05628741602870534,-0.030471640534960195,-2.009924648657744,0.0186172392482865,-0.08743515265817803,-0.03367546349241441,-0.0243777909852149,0.009621687286139213,0.42382890108701377,0.03677087001877059,0.12190949109951976,0.0252515755499994,1,321.3480529785156
2022-01-06,0.0252515755499994,-0.03516800187594744,0.006064345478610903,1.3487930370573487,0.0187216087688965,0.08661598913296142,-0.00924412522256068,-0.0004298796768231,0.008896485774275709,0.48639170193407305,0.04947967463704266,0.4928489498651045,-0.0020173649964109,0,329.56591796875
2022-01-07,-0.0020173649964109,-0.013649922684279342,-0.010344501269415498,-0.10776473521402806,0.0187200849369163,0.019723350786447158,-0.011530983812804204,-0.0036168660833192,0.008006439857884295,0.48183783770690025,0.024473296085069145,-0.20948510481893523,-0.0112752539711664,0,328.9017333984375
2022-01-10,-0.0112752539711664,-0.03141521721763885,-0.053731905080424,-0.5966202108320378,0.0188985451153961,0.05022654417926553,-0.022368970933469425,-0.0154475771587639,0.007079760736843799,0.45629428743349626,0.039351368225962025,0.30288170852263296,0.0190212257994442,1,325.214111328125
2022-01-11,0.0190212257994442,-0.006439065673223041,-0.03482628077926829,0.9948737758363706,0.0191192352853541,0.14895706738685455,-0.003577439899789482,0.0028090117373656,0.0064093808118041995,0.5042284428648669,0.02796305362339305,-0.13723626151309576,-0.0033252115119469,0,331.45928955078125
2022-01-12,-0.0033252115119469,0.02765497086991946,-0.02863244515878599,-0.17384560393677045,0.019127383359986,0.027401705746809668,-0.006814228228547003,-0.0007166016005154,0.006139462325518208,0.4959323974528354,0.019024173774553378,-0.23716578443899106,-0.0205543636550398,0,330.35894775390625
2022-01-13,-0.0205543636550398,-0.018150968335119737,-0.05331897021106729,-1.0928993244969507,0.0188071885436481,0.0045711763240017245,-0.024814298058661942,-0.0209526459538518,0.003959914606133541,0.44750076902232666,0.030231544918689877,-0.17775228433786228,0.0164650738811517,1,323.637939453125
2022-01-14,0.0164650738811517,0.00033147054244286184,-0.013318452141836593,0.8773651011496744,0.0187665019495035,0.0024795300204898396,-0.00818050016915443,-0.0047158321196114,0.003493244537069451,0.49034901726655006,0.03470930925911065,-0.04738589497497969,-0.0423107660880282,0,329.0107727050781
2022-01-18,-0.0423107660880282,-0.030704041574418937,-0.062119258792057895,-2.017143274492958,0.0209755879133889,0.10990490460033842,-0.04704282199022642,-0.0449347632250714,0.002212123287173906,0.4046187049995287,0.020650563987684126,0.3448112860200341,0.0045160354900575,1,315.3804626464844
2022-01-19,0.0045160354900575,-0.04520923188380564,-0.051648297557028794,0.2223427978598287,0.0203111390768076,0.062340557750577785,-0.04188864272020863,-0.0393695827185077,0.0026291933422570857,0.416131902027183,0.02431246165488571,0.22548371684588964,-0.0095262496236882,0,316.8079528808594
2022-01-20,-0.0095262496236882,-0.05141026999554694,-0.0237552991256276,-0.49298461425834894,0.0193236246084872,0.010259701748422723,-0.04845645433780991,-0.0472137818706971,0.0013059543861946299,0.3986628579781651,0.03740206099698072,-0.005890940509400866,-0.0432187873342431,0,313.8042907714844
2022-01-21,-0.0432187873342431,-0.07407469367475024,-0.09222566200987009,-2.0301226693557446,0.0212887565794034,0.1319478469626667,-0.08495329679306295,-0.0857427716127475,-0.000862769973289601,0.3322799483895922,0.050367741984191146,0.6291977347269984,0.0181083728970901,1,300.53094482421875
2022-01-24,0.0181083728970901,-0.07243139465881185,-0.07209992411636909,0.8431915277956715,0.0214759900925834,0.14437896579610476,-0.06448681248730967,-0.0679721300881462,-0.003725567578692468,0.37839829386063323,0.06647011623094104,1.0606271651423218,-0.0281199396187656,0,306.02264404296875
2022-01-25,-0.0281199396187656,-0.05824056818954923,-0.0889446097639683,-1.3838936759191778,0.0203194364625508,-0.03128167151011163,-0.08403862977705091,-0.0923034676891436,-0.009023129337955682,0.3393919805321599,0.028819005796967292,0.30550447815827075,-0.0185621442075828,0,297.53717041015625
2022-01-26,-0.0185621442075828,-0.08131874788718953,-0.12652797977099528,-0.9100080212955407,0.0203977808691803,0.004265727886804349,-0.09375018006479499,-0.1064968811147024,-0.014065328091120377,0.31671877003254295,0.056545509235340144,0.430431536825332,3.4062810362821185e-05,1,292.065185546875
2022-01-27,3.4062810362821185e-05,-0.07175843545313851,-0.12316870544868558,0.0016637335261314747,0.0204737175922783,0.0595174563309393,-0.0869368268789944,-0.1035892075636723,-0.018237928299919548,0.3168081338251835,0.025285030271066242,0.06224186617556793,0.023711911292015,1,292.07513427734375
2022-01-28,0.023711911292015,-0.0048277368268804105,-0.07890243050163079,1.1025799964131369,0.0215058420877882,0.010197190595660599,-0.05880782237735041,-0.0797698299025512,-0.02227176130824693,0.3784757931863021,0.029399076491996676,0.04516707711282608,0.0375674473063922,1,299.08355712890625
2022-01-31,0.0375674473063922,0.014631337582421688,-0.057800057076390285,1.616161037063723,0.0232448663498568,0.08236529490131717,-0.019244911009413366,-0.042935477375992,-0.024155435574605533,0.46365114748896297,0.04619166433509756,0.010188014950941682,0.0181575845138726,1,310.5330810546875
2022-02-01,0.0181575845138726,0.060908861715059895,0.002668293525510526,0.7676623945808378,0.0236530858383223,0.1640620979777414,0.001790151413799485,-0.0242247850318591,-0.02596844898998496,0.5003013291374154,0.023636390422952704,-0.16309128461155564,0.0124610277236246,1,316.2231140136719
2022-02-02,0.0124610277236246,0.0919320336462673,0.010613285759077627,0.5216402200082977,0.0238881651484358,0.17111588273454004,0.016511153215208477,-0.0106398120257058,-0.026709953112699525,0.5246763107751886,0.034458219451431876,1.4708511602792576,-0.3063904265111584,0,320.188232421875
2022-02-03,-0.3063904265111584,-0.2144924556752539,-0.2862508911283926,-4.253261028820235,0.0720365913201769,2.5184910114880954,-0.2414327343778071,-0.2670970520118388,-0.03383261946187632,0.24755122915815547,0.05152254493195578,4.871967505016474,-0.0028220177197606,0,235.69029235839844
2022-02-04,-0.0028220177197606,-0.2410263846870295,-0.24585412151391006,-0.03948422802729851,0.0714720246729788,2.3233771726410666,-0.23188446617393402,-0.2646214913794324,-0.04261992338890974,0.2464493362833734,0.052722595609582444,1.5449329550305126,-0.0527395743868685,0,235.0261077880859
2022-02-07,-0.0527395743868685,-0.3313334063802902,-0.31670206879786866,-0.734380267718579,0.0718150755203553,2.0895026213303103,-0.25850715740723834,-0.2973372351384584,-0.05236743431729396,0.22669497930208593,0.06353656267948961,1.2838310996209974,-0.0212549423636776,0,222.95211791992188
2022-02-08,-0.0212549423636776,-0.37074593325784044,-0.30983707154278073,-0.2960709711010924,0.0717900248194889,2.0351229987579886,-0.2609574940236942,-0.3072258281322086,-0.06260578212262924,0.21934213377870931,0.04369157369417389,1.2400092504422453,0.0522920332529601,1,218.26329040527344
2022-02-09,0.0522920332529601,-0.33091492772850495,-0.23898289408223777,0.7152160341020865,0.0731136198849482,2.060662860903559,-0.2076706022340325,-0.265132125422223,-0.0725222658028436,0.28201374697257053,0.04810339829017376,0.8897521421268222,-0.017084744279281,0,229.98040771484375
2022-02-10,-0.017084744279281,-0.04160924549662755,-0.2561017011718816,-0.23394072640245445,0.0730302266818205,0.013793481110554673,-0.20684547568367795,-0.2731420489750179,-0.0835859485873649,0.2741336583829884,0.036392347898506226,0.036652113851271206,-0.0380726671873757,0,226.08462524414065
2022-02-11,-0.0380726671873757,-0.07685989496424264,-0.3178862796512723,-0.5204364933330414,0.0731552603921877,0.023550972942358417,-0.22200986558804878,-0.2962108387387983,-0.09537521090397227,0.257345227358838,0.05306305504235374,-0.060609797993119385,-0.0084620167063951,0,217.63877868652344
2022-02-14,-0.0084620167063951,-0.03258233728376925,-0.3639157436640596,-0.11637204475498865,0.0727152016982356,0.012533944598097202,-0.21263407357228542,-0.297969342653254,-0.10838069849953424,0.2537119040868559,0.028571434579220102,-0.23937368646096513,0.0150446535485703,1,215.8048858642578
2022-02-15,0.0150446535485703,0.003717258628478652,-0.36702867462936195,0.20619101736798584,0.0729646409461201,0.01636182923163343,-0.18640535018190296,-0.2833601703308023,-0.1191684583601631,0.27341787463506007,0.027556544515342167,-0.1663432789618835,-0.0203872643754122,0,219.07614135742188
2022-02-16,-0.0203872643754122,-0.06896203899989364,-0.3998769667283987,-0.28016612149578024,0.0727684855919286,-0.004720519836970305,-0.1874107483218194,-0.2931775547470665,-0.1301602331150883,0.263298707219341,0.023552259451567383,-0.12650156225960563,-0.041632382841839,0,214.65499877929688
2022-02-17,-0.041632382841839,-0.09350967756245164,-0.1351189230590793,-0.5711534209188777,0.0728917683358359,-0.0018959046449060768,-0.20429511525226687,-0.3168669824083242,-0.1414743949847017,0.24404142994410974,0.04978092534624274,-0.2763427532816706,-0.0074904939835894,0,205.90187072753903
2022-02-18,-0.0074904939835894,-0.06292750435866534,-0.1397873993229081,-0.102950752562038,0.0727580303900706,-0.00542995814637981,-0.1952801415272105,-0.3163709161101337,-0.15047568828825886,0.24071320477579747,0.02701788526036235,-0.3119895754423988,-0.0199887393482852,0,204.3653259277344
2022-02-22,-0.0199887393482852,-0.07445422700055544,-0.1070365642843248,-0.276759013419373,0.072224348184087,-0.0067503562210501356,-0.194441423703611,-0.3241747123641638,-0.1610476164961343,0.23175388641739034,0.036718122039352694,-0.2621783460256626,-0.0181264965419742,0,200.3208770751953
2022-02-23,-0.0181264965419742,-0.10762537709109996,-0.10390811846262141,-0.2510302124608021,0.0722084260865796,-0.010364127743723417,-0.19254429084119226,-0.3304344045859148,-0.1707711174503601,0.22377358807133574,0.04479717574380739,-0.1909860347632254,0.0450760203166397,1,196.72247314453125
2022-02-24,0.0450760203166397,-0.04216209239904804,-0.11112413139894178,0.6116659882171499,0.0736938479251148,0.012716525919962862,-0.14008954052861466,-0.2935132134805234,-0.17841819605988196,0.2901282175006077,0.08733142750377536,-0.10890421539042205,0.0137773642866683,1,205.79283142089844
2022-02-25,0.0137773642866683,0.013247654729459254,-0.0802620228329925,0.18635763441305836,0.0739297015121528,0.014239374349306777,-0.11269436179405785,-0.2776522939325151,-0.18590880643110574,0.3101180596838428,0.038673578552208536,-0.3382709127774707,0.0026096649925181,1,208.64773559570312
2022-02-28,0.0026096649925181,0.023347813705566753,-0.039579690653098694,0.035520157195846405,0.073469973067103,0.009785073526805688,-0.09304044919939847,-0.2692123558323591,-0.19424450238982338,0.3140904752391036,0.029948311150015137,-0.4043279204390393,-0.0363832996407259,0,209.1929473876953
2022-03-01,-0.0363832996407259,0.006953253413126061,-0.06750097358742949,-0.5026302610961971,0.0723858121104304,0.0022355885570866096,-0.10431789202355883,-0.2888505333787089,-0.20602470420231256,0.2894815434313904,0.04683276093192206,-0.5308788716811765,0.0224498749613944,1,201.71861267089844
2022-03-02,0.0224498749613944,0.047529624916494664,-0.06009575217460539,0.3095849246502583,0.0725160470483383,0.004260180957134541,-0.06106818994049286,-0.2662592578376436,-0.21853670916117562,0.3244098395463635,0.03426067754126359,-0.4950619032254414,-0.0250085488954095,0,206.2983856201172
2022-03-03,-0.0250085488954095,-0.02255494429555454,-0.06471703669460269,-0.3469598484981596,0.0720790863947537,-0.021911754859129662,-0.05877270226844871,-0.2781471164957416,-0.23307272829422443,0.30636523548290867,0.03773958523939772,-0.5197416168149886,-0.0144409690289191,0,201.20314025878903
2022-03-04,-0.0144409690289191,-0.05077327761114194,-0.0375256228816828,-0.5255053643505246,0.0274801553106252,-0.6282934362164587,-0.06408619461431514,-0.2816424368018796,-0.2324532888986618,0.29631613321189476,0.03548938413555742,-0.34385156308232057,-0.0649985177345719,0,198.3184509277344
2022-03-07,-0.0649985177345719,-0.11838146033823194,-0.0950336466326653,-2.1541738482690254,0.0301732925533383,-0.5893112343218112,-0.11268568251234652,-0.3198658892455334,-0.23349133745502726,0.25703418025004554,0.07259828517485788,-0.16948722880335443,0.0149304155100493,1,185.83804321289065
2022-03-08,0.0149304155100493,-0.06706774518745674,-0.0601144917743308,0.5129091687727116,0.0291092778586407,-0.5978593454994723,-0.09189824536447312,-0.3022969512999701,-0.2316906721757651,0.2800562774610107,0.055651882450627826,-0.145106443741861,0.0422398172497331,1,188.6334991455078
2022-03-09,0.0422398172497331,-0.04727780289911804,0.00025182201737651566,1.3613516908874974,0.0310278508723899,-0.5721243485361645,-0.04779271791513922,-0.2642268039533672,-0.22729723885785125,0.3438069947492792,0.026095757856777393,-0.2169781455182287,-0.0167129233431695,0,196.7720184326172
2022-03-10,-0.0167129233431695,-0.03898217734687803,-0.06153712164243269,-0.5971442463054811,0.0279880840292308,-0.6117031245936002,-0.055237964407562415,-0.2682294579890458,-0.22544459404311434,0.3311524805853023,0.026689161804675267,-0.33984676731305175,-0.0397107338539533,0,193.51071166992188
2022-03-11,-0.0397107338539533,-0.06425194217191224,-0.11502521978305429,-1.3791618468390947,0.0287933819696118,0.04778818184040046,-0.08304229649018918,-0.2884326292025931,-0.22399106515626366,0.3033732937173511,0.03672511788941538,-0.06019052443316375,-0.0052374419100514,0,185.97683715820312
2022-03-14,-0.0052374419100514,-0.004490866347391746,-0.12287232668562378,-0.18691763478455184,0.028020052340638,-0.0713624543590643,-0.08043439653216689,-0.2835778525889682,-0.22091241265518624,0.2998799086079433,0.0346674478521106,-0.14238988384838658,0.0285237499248588,1,185.00534057617188
2022-03-15,0.0285237499248588,0.009102468067417754,-0.057965277120039085,0.9770933232301814,0.0291924519866351,0.002857306471095278,-0.04780552711205964,-0.2545893433083765,-0.21716552876972262,0.34465939074487223,0.033171875007449406,-0.11481135358238026,0.058653022132668,1,190.35836791992188
2022-03-16,0.058653022132668,0.025515672950352654,-0.021762129948765488,1.8142745153910695,0.0323286369483205,0.04192317673822843,0.014081060745914873,-0.2011946885305108,-0.2122865297554004,0.42912734013475917,0.04522904893303134,0.1373060206532577,0.0204637994922439,1,201.85739135742188
2022-03-17,0.0204637994922439,0.06269239578576606,0.023710218438887907,0.6289817527548358,0.032534806300208,0.16245207304039067,0.03729390219626437,-0.1763637904119086,-0.20597604223431287,0.45650679981559256,0.033342921467892084,-0.15517066585256745,0.0407759069355841,1,206.0307159423828
2022-03-18,0.0407759069355841,0.14317903657530345,0.0789270944033911,1.2555569785305745,0.032476349248049,0.12791020111233053,0.07810258990516418,-0.1347003709289375,-0.1973865593373827,0.5086501618172501,0.049886843631212686,0.4648060041085269,-0.0233666030421229,0,214.60543823242188
2022-03-21,-0.0233666030421229,0.12504987544323196,0.12055900909584011,-0.7099415365903052,0.0329134186940908,0.17463801615944363,0.0518071209571816,-0.1464308860620635,-0.18847372590408173,0.4799840661778525,0.033476767918867424,-0.14459984005748394,0.0241052890285286,1,209.6489715576172
2022-03-22,0.0241052890285286,0.12063141454690177,0.1297338826143194,0.7328879781576051,0.0328908233549232,0.12668930208333617,0.07357964972414696,-0.117402453944844,-0.1778928128137146,0.5106350688661887,0.042834130161665054,-0.08168120630288778,-0.0148336191658518,0,214.76402282714844
2022-03-23,-0.0148336191658518,0.047144773248381955,0.07266044619873449,-0.4524508455346103,0.0327850402143123,0.014117615497411418,0.05385283034915596,-0.1222010088526635,-0.16705732919414407,0.4913532449175619,0.021737090057661945,-0.2984453559974295,0.0282216817858292,1,211.601806640625
2022-03-24,0.0282216817858292,0.05490265554196726,0.1175950513277332,0.8855851559583642,0.0318678351776213,-0.02050023339411844,0.08082436703294861,-0.0884687557664936,-0.15663333281815384,0.528108362594828,0.026779636046238512,-0.042018268442158724,0.0101950576513689,1,217.65863037109375
2022-03-25,0.0101950576513689,0.02432180625775206,0.16750084283305539,0.3204690339097173,0.0318129259697555,-0.02042788963828368,0.08886074668299443,-0.0705279583408824,-0.14638116536887202,0.5412543889223952,0.02979893784193325,0.2131339267859631,0.0079478488191231,1,219.88902282714844
2022-03-28,0.0079478488191231,0.055636258118998055,0.1806861335622299,0.24965610526512266,0.0318351870893879,-0.03275963565876794,0.0941763063389366,-0.0549625315679581,-0.13630238293671926,0.5518317383878499,0.020126124038213036,-0.19567388049527334,0.0276563629016583,1,221.6436309814453
2022-03-29,0.0276563629016583,0.059187331992127765,0.17981874653902938,0.8955080589346242,0.0308834327348888,-0.06103193581908095,0.117648177306045,-0.0200082919553375,-0.12316619134402995,0.5880650306544848,0.024362682017949364,-0.042719881023639106,-0.0087827307673752,0,227.85903930664065
2022-03-30,-0.0087827307673752,0.06523822039060435,0.1123829936389862,-0.2851320213495271,0.0308023305337879,-0.06047604845269794,0.10258374742380653,-0.0210398622791805,-0.11212174131156427,0.5720973536673298,0.019486447503539037,-0.21573579478930793,-0.0243899893978365,0,225.8665771484375
2022-03-31,-0.0243899893978365,0.012626549206938658,0.0675292047489058,-0.7926186622864158,0.0307714044071083,-0.03440556173338527,0.07099249882680517,-0.0365784813676919,-0.10044046089242764,0.5297830523632645,0.02801767840091531,-0.2550072059421308,0.01113588476398,1,220.42433166503903
2022-04-01,0.01113588476398,0.013567376319549757,0.0378891825773017,0.36546935708198863,0.0304700915362428,-0.042210340375145816,0.07655851263926669,-0.0179858518052639,-0.08782092504451777,0.5461781433345939,0.020369142569407698,-0.38623086151992403,0.0394172631186178,1,222.8926696777344
2022-04-04,0.0394172631186178,0.045036790619044455,0.10067304873804239,1.4952308534215253,0.0263619915469371,-0.17192283265315755,0.10753324626783584,0.0277146882360474,-0.07206876931303041,0.6006220637650698,0.03629913854940072,-0.10421297500319693,-0.0088034229947138,0,231.85394287109375
2022-04-05,-0.0088034229947138,0.008577004722672355,0.0677643367148,-0.3295858899703837,0.0267105578928299,-0.13511693722261753,0.08713126709306929,0.0256355161468648,-0.056566996836215355,0.5835260439889544,0.02518977066139736,-0.03887413852638055,-0.037531226608153,0,229.82179260253903
2022-04-06,-0.037531226608153,-0.020171491118105445,0.0450667292724988,-1.361527599951878,0.0275655275805496,-0.10508305368932269,0.04103293728055124,-0.0053815105087936,-0.044584994506121634,0.5174491089139626,0.03394537271590519,-0.058129102297318935,-0.0015687019001724,0,221.3561553955078
2022-04-07,-0.0015687019001724,0.0026497963795586556,0.015276345586497198,-0.057850655052823684,0.0271164068711065,-0.11877902898567361,0.0327233157723775,-0.0005586029763075,-0.03222733353685692,0.5148757017569374,0.03121779237109822,-0.3123702555322502,-0.0027847242527152,0,221.0091857910156
2022-04-08,-0.0027847242527152,-0.011270812637136545,0.002296563682413099,-0.11154083638204024,0.0249659617324116,-0.18064040921190827,0.021636184748926465,0.0031656567654458,-0.01807935961862972,0.5100370561924585,0.022938901909383736,-0.3829070936954817,-0.0267569565524862,0,220.39459228515625
2022-04-11,-0.0267569565524862,-0.07744503230824054,-0.032408241689196204,-1.0279366745548975,0.0260297713028598,-0.012602243782901978,-0.012107884739807085,-0.0157481811237191,-0.003684912884392544,0.46543849636140017,0.024900670897480506,-0.2986534272969873,-0.010775840223759,0,214.57569885253903
2022-04-12,-0.010775840223759,-0.07941744953728574,-0.0708404448146135,-0.41710319195209816,0.0258349502753183,-0.0327813301775568,-0.02760217658759851,-0.0174405386415462,0.010450082981872777,0.4487372329397077,0.041561566834087856,-0.2980001401990897,0.0039616036031696,1,212.27587890625
2022-04-13,0.0039616036031696,-0.03792461932596314,-0.0580961104440687,0.17530135367481134,0.0225988192339831,-0.1801782437159316,-0.026253822038912578,-0.0040340228377455,0.022818882070163804,0.45643319643619257,0.024559275521599953,-0.30327352902764315,-0.0226272762963209,0,213.11849975585935
2022-04-14,-0.0226272762963209,-0.05898319372211164,-0.0563333973425531,-0.9893849458023666,0.0228700430427216,-0.1565975849443958,-0.04854384106268403,-0.0160315147809847,0.03417112388868482,0.42064636820374707,0.02374158182059484,-0.3204625638816767,0.0028031379633313,1,208.3503570556641
2022-04-18,0.0028031379633313,-0.05339533150606514,-0.06466614414320179,0.13449509444798963,0.0208419346061376,-0.1651859908492952,-0.04463613887646241,-0.0107695571973955,0.03544888294103843,0.4265851574424952,0.024102110016033455,-0.3438469725519263,0.0305574595637546,1,208.93521118164065
2022-04-19,0.0305574595637546,0.003919084610175663,-0.073525947698065,1.4329618981692231,0.0213246839310908,-0.18075792203568342,-0.01628956311330494,0.0218226364685018,0.03874331119473173,0.48910324644268066,0.04339419622531914,-0.18884713770428063,-0.0809096402780271,0,215.4182891845703
2022-04-20,-0.0809096402780271,-0.06621471544409244,-0.14563216498137832,-2.9452106776493965,0.0274715968171764,0.06335009451989104,-0.08940141857460933,-0.0554209934015384,0.037316580396907995,0.3753007830889745,0.07604034344076487,0.6997722657073864,-0.0636010111460176,0,198.6753387451172
2022-04-21,-0.0636010111460176,-0.13377733019327964,-0.1717019495192429,-2.0858259710742453,0.0304920027020575,0.3492741539436264,-0.14055591829215539,-0.1109356690678757,0.03446442864022026,0.3171858199357163,0.0924655644834924,0.8758002945459433,-0.0212807963838451,0,186.43283081054688
2022-04-22,-0.0212807963838451,-0.1324308502808038,-0.19141404400291562,-0.7205610509757777,0.0295336479192524,0.29136827001519316,-0.15177982503521387,-0.1256970912087155,0.030749956905447462,0.30108636147329887,0.05132799368265762,0.35531268411389716,0.0155216807120277,1,182.50730895996097
2022-04-25,0.0155216807120277,-0.11971230753210745,-0.1731076390381727,0.5219592993112305,0.029737339161329,0.4268032082094648,-0.1315434009003141,-0.1085424451369688,0.02648486497447311,0.32780852668125077,0.029520235582182877,0.11169494839431038,-0.0328343363119806,0,185.3622283935547
2022-04-26,-0.0328343363119806,-0.18310410340784264,-0.1791850187976671,-1.0964983668877757,0.0299447197583844,0.4042280699281937,-0.15119074650883613,-0.1341508383561954,0.02007507350156157,0.3017513540348352,0.04249794181320629,0.19282450724329214,-0.0337206169189796,0,179.37481689453125
2022-04-27,-0.0337206169189796,-0.13591508004879513,-0.2021297954928877,-1.1648523602282603,0.0289484041671786,0.0537576086250231,-0.16862891260651305,-0.1594220586144585,0.011074301394001784,0.2781023678942607,0.06979140855589404,1.4849283496689316,0.16206440690042,1,173.42703247070312
2022-04-28,0.16206440690042,0.08975033799764248,-0.0440269921956373,3.3185450918643724,0.048835981556415,0.601599672989656,-0.017195424704502422,-0.01008160411612,0.007238285990115001,0.49622503362823744,0.0759733884577157,2.117496858651605,-0.025899903009421,0,203.9390869140625
2022-04-29,-0.025899903009421,0.08513123137206657,-0.04729961890873739,-0.5299915816641888,0.0488685177377621,0.6546725914581546,-0.03728953631947153,-0.0338971520394804,0.003523784572800448,0.4700852669636431,0.06275254030255141,0.4635339268581118,0.0518094264047439,1,198.7248992919922
2022-05-02,0.0518094264047439,0.12141897706478277,0.0017066695326752035,1.0278532991447251,0.0504054678307249,0.6950227980139234,0.01725380430750713,0.0171400999695055,-0.00011177578055754367,0.524726961489269,0.05157959142611169,0.4208223299609821,0.0042535021278811,1,209.29209899902344
2022-05-03,0.0042535021278811,0.1585068155046445,-0.024597287903198296,0.08602184693114827,0.0494467659045451,0.6512682804687198,0.026998320684396736,0.0208983164159292,-0.005939643858816179,0.5291412128976469,0.03211808516625196,0.16058464490237068,0.0522809924904823,1,210.18421936035156
2022-05-04,0.0522809924904823,0.24450842491410638,0.10859334486531111,1.0240375739019862,0.0510537833990516,0.7636130511448314,0.08433291361896342,0.073486772192253,-0.010002593567423168,0.5820086735122293,0.07761512937494082,0.13705087982464925,-0.0701250990513344,0,221.46517944335935
2022-05-05,-0.0701250990513344,0.01231891896235196,0.1020692569599943,-1.3295153509894928,0.0527448584923399,0.08004092088144876,0.014597057232829988,-0.0001572923290326,-0.014542078016767657,0.5014032943316145,0.06726519391658715,0.11173551154478556,-0.021891537617149,0,206.46693420410156
2022-05-06,-0.021891537617149,0.01632728435462396,0.1014585157266904,-0.413816211866385,0.0529015949336887,0.08252914928930055,-0.0027137736381198834,-0.0214477135498297,-0.018784917926773836,0.48006025270458447,0.04102664982611156,-0.07785862314127101,-0.0378062969094262,0,201.9961700439453
2022-05-09,-0.0378062969094262,-0.07328843895954613,0.04813053810523651,-0.7077313259893903,0.0534189960527379,0.05978574054968089,-0.03353622182466293,-0.0564593776163284,-0.02371858760702228,0.4458040172187694,0.035625122338217866,-0.05895076037463942,0.0073120156692467,1,194.5019989013672
2022-05-10,0.0073120156692467,-0.07022992541818053,0.08827689008646382,0.13725399130810548,0.0532736104761632,0.07739322282483863,-0.021912445623552306,-0.0483102327544576,-0.026989186206069826,0.4537988159295034,0.044371386507879605,-0.12276927119510639,-0.0461271746496635,0,195.92941284179688
2022-05-11,-0.0461271746496635,-0.16863809255832635,0.07587033235577992,-0.8530743438768951,0.0540716937283956,0.059112373822623576,-0.06009712789859357,-0.0899192111890449,-0.031728898991207455,0.41400102798502986,0.06569881072157473,-0.21775028442910416,0.0131586346771463,1,187.09701538085935
2022-05-12,0.0131586346771463,-0.08535435882984563,-0.0730354398674938,0.24276749314683846,0.0542026220503388,0.027638021973470872,-0.04198221189345985,-0.076361985104805,-0.03588636206775919,0.42912890184136915,0.06938926945876542,-0.061669949979044514,0.037864238150781,1,189.57522583007812
2022-05-13,0.037864238150781,-0.025598583061915633,-0.009271298707291799,0.6896871892293702,0.054900596592332,0.0377871718451781,-0.0021227415413544795,-0.0403153390008453,-0.03827384293583802,0.4724270132372322,0.04334911298971459,-0.4024693671782633,0.0071238176930408,1,196.89097595214844
2022-05-16,0.0071238176930408,0.019331531540551363,-0.05395690741899489,0.12968331442853506,0.0549324153568464,0.028331107207899775,0.007727572597294483,-0.0334524406116529,-0.040864231890381686,0.480590080978126,0.047190575676052254,-0.3484429917657196,0.0128151113592732,1,198.2985992431641
2022-05-17,0.0128151113592732,0.024834627230577864,-0.045395298187602795,0.23509569232791017,0.0545101921365652,0.023211898899837102,0.02451566691603121,-0.022417527290559,-0.045810128358375724,0.49585356097817374,0.03504099434712391,-0.40568665309236984,-0.0525877994760079,0,200.85617065429688
2022-05-18,-0.0525877994760079,0.01837400240423346,-0.15026409015409298,-0.9972608816875796,0.0527322393183798,-0.024771822697915336,-0.025954854264768578,-0.0726725726375287,-0.047962580150734735,0.4398511307660781,0.04874113009490467,-0.414142683642184,-0.0049538919762659,0,190.56651306152344
2022-05-19,-0.0049538919762659,0.00026147575082125993,-0.08509288307902448,-0.09766427095645719,0.0507236876674639,-0.06418387619041677,-0.03155825060637235,-0.0766127934005631,-0.04652271840035882,0.43500881512765305,0.02974534676315281,-0.3829963527810455,0.011693498458161,1,189.6248016357422
2022-05-20,0.011693498458161,-0.025909263941798745,-0.051507847003714476,0.2315455146090157,0.0505019433345814,-0.08012031800698072,-0.02250064932178081,-0.065601133275345,-0.04409259599370563,0.4504403924005815,0.051875627225420724,-0.2008515283343717,0.0138033737258054,1,191.85519409179688
2022-05-23,0.0138033737258054,-0.01922970790903414,0.000101823631517119,0.2734420100909702,0.0504800770050411,-0.08105120306257185,-0.011221518529895847,-0.0534017372296719,-0.04265891652199283,0.4691100422391829,0.029302349921995468,-0.3601277129848812,-0.0792446182078159,0,194.5218048095703
2022-05-24,-0.0792446182078159,-0.11128943747612324,-0.0864548102455455,-1.4901185027983568,0.0531800779998363,-0.024401200667143907,-0.0866286202382478,-0.1250677512782849,-0.04208488670847532,0.3898449013077545,0.04175856198369643,0.2571478879562328,0.0139684492878213,1,179.7019500732422
2022-05-25,0.0139684492878213,-0.04473318871229404,-0.026359186308060695,0.26530389680486327,0.0526507505394668,-0.001545331280566331,-0.07584810895551436,-0.1120577113583384,-0.03918144057672124,0.4082124743494841,0.033345969444405876,-0.2612769434003288,0.0415551032918721,1,182.2297210693359
2022-05-26,0.0415551032918721,0.001775806555843952,0.0020372823066651044,1.0824389882841838,0.0383902499278437,-0.24314946934608106,-0.033209307304361835,-0.0733075099576794,-0.041475577864236945,0.4616024768491176,0.05515841493967807,-0.32291155812127303,0.0180996324514956,1,189.9618377685547
2022-05-27,0.0180996324514956,0.008181940549178554,-0.017727323392620297,0.4725423107571439,0.0383026705534473,-0.24156046234325013,-0.01422355230383556,-0.0552206179485715,-0.04158860331929137,0.4840942213791733,0.02834007400665,-0.3104495798325748,-0.0076651901399289,0,193.4313812255859
2022-05-31,-0.0076651901399289,-0.013286623316555744,-0.032516331225589994,-0.21168803027048913,0.0362098420498057,-0.2826904355516401,-0.01740986473421468,-0.0603556970405505,-0.04370676110514715,0.4749969794979775,0.028868062457649796,-0.17127459927200184,-0.0261603657527838,0,191.9543609619141
2022-06-01,-0.0261603657527838,0.03979762913847637,-0.071491808337647,-0.7173436117007921,0.0364683888252084,-0.31424717306129835,-0.03706704303243624,-0.0825839228753029,-0.04726900197310413,0.44479004463364413,0.0770250149825554,0.1706395725624088,0.0527605090925415,1,186.9978790283203
2022-06-02,0.0527605090925415,0.07858968894319655,0.033856500230902406,1.4451469844268856,0.036508749394419,-0.3065863445374406,0.021502555984372076,-0.0312045631043702,-0.05159763798921779,0.5129670800479661,0.06642867682451152,0.03692434109110776,-0.0414801095526791,0,197.12889099121097
2022-06-03,-0.0414801095526791,-0.0044455239013546435,-0.0026697173455107887,-1.2075224550991595,0.0343514187893697,-0.1052046065359088,-0.015578023666123892,-0.068509824818248,-0.053769422488158525,0.4644124556407373,0.03580040819140545,-0.34528756725812215,0.018025114318539,1,189.1192321777344
2022-06-06,0.018025114318539,-0.004520042034311243,0.0036618985148672064,0.5233710516439949,0.0344404113714718,-0.10083524532802812,0.00479511415804049,-0.0492165436110001,-0.053753901674073346,0.4868754808738081,0.0438610258556546,0.03564261993444884,0.0071812253065818,1,192.5590362548828
2022-06-07,0.0071812253065818,0.010326373412199457,-0.0029602499043563926,0.21461543026963528,0.0334608993284386,-0.07591700393462097,0.01218335831387668,-0.0399045535507556,-0.05146094473574614,0.49605862794553496,0.025760252713319366,-0.3427623028085325,0.0050474662783826,1,193.9468231201172
2022-06-08,0.0050474662783826,0.041534205443365856,0.08133183458184211,0.1509492433169985,0.033438168800772,-0.08309168905048503,0.01757107561969722,-0.0324871960361433,-0.04919388223113097,0.5028347935462807,0.038750992376115005,-0.20584814634774384,-0.066438889093632,0,194.92823791503903
2022-06-09,-0.066438889093632,-0.07766519274280764,0.0009244962003887996,-1.889165338223103,0.0351683824329122,-0.03671358191501617,-0.04666910320468607,-0.0905747460108239,-0.04605498778412598,0.42437672578059077,0.08570654495902684,-0.15022862717391072,-0.0468980030182278,0,182.3982696533203
2022-06-10,-0.0468980030182278,-0.08308308620835636,-0.08752861010971111,-1.2879353621191851,0.0364133204177741,0.060023769063141774,-0.08663850488349005,-0.127732520651385,-0.04499206063274308,0.3816107229162987,0.046021538383453166,0.012354047325158213,-0.0665873964563347,0,174.04164123535156
2022-06-13,-0.0665873964563347,-0.16769559698323006,-0.1722156390175414,-1.7744814474225883,0.0375249888090135,0.08956273501706069,-0.13777003316584202,-0.1791843788727092,-0.048031670551799466,0.3331093839654588,0.05205164579134329,0.15553750329608418,-0.0032316477404036,0,162.830078125
2022-06-14,-0.0032316477404036,-0.17810847003021546,-0.1677820966180161,-0.08651262613446095,0.0373546369449109,0.11636679511369241,-0.13228272272463365,-0.1768042781292836,-0.05130882670038306,0.3309865350092677,0.03292004843521687,-0.008662644451697621,0.0337489283703066,1,162.30471801757812
2022-06-15,0.0337489283703066,-0.14940700793829145,-0.1078728024949257,0.8809636494068417,0.0383091043461668,0.14566992512108912,-0.09451566018160752,-0.1429863042376611,-0.053530074375195746,0.3763728635195021,0.04830237755982276,0.08180315546799388,-0.0513712312679071,0,167.8758087158203
2022-06-16,-0.0513712312679071,-0.13433935011256656,-0.2120045428553743,-1.3434919411560988,0.0382370966986979,0.08725775976872518,-0.132582326564484,-0.1800104347938633,-0.05467735980238275,0.3390016511972631,0.03400261942395446,-0.03385839716971473,0.0176833156156687,1,159.46958923339844
2022-06-17,0.0176833156156687,-0.06975803147867005,-0.1528411176870265,0.45702044042600565,0.0386926142716624,0.06259505663690401,-0.11050028829957756,-0.1602827336125904,-0.055966791959769946,0.3620877679237755,0.03664345791322517,0.11119217757427724,-0.0417155587311701,0,162.3146209716797
2022-06-21,-0.0417155587311701,-0.04488619375350546,-0.21258179073673558,-1.0663781459971466,0.0391189175132268,0.042476460481460254,-0.1383023440538461,-0.1891104864318187,-0.05896284158065257,0.33290063218787935,0.07507158902917868,0.7372918435143061,-0.0076702591081776,0,155.682861328125
2022-06-22,-0.0076702591081776,-0.04932480512127946,-0.22743327515149497,-0.1981421731479073,0.0387108861597676,0.03630738579675774,-0.13530761691411097,-0.1897439643158797,-0.06295458184504643,0.3277964738716234,0.03432781928268313,0.5595757109935737,0.0184367336857429,1,154.49330139160156
2022-06-23,0.0184367336857429,-0.06463699980584317,-0.2140440077441347,0.5154733290812599,0.0357666103086325,-0.06636787993162008,-0.11367805631435858,-0.1696845185135772,-0.06318975017850048,0.3535904850894846,0.03464566929133848,0.35845188436092457,0.0694084953166006,1,157.36807250976562
2022-06-24,0.0694084953166006,0.056142726778664526,-0.0781966233339021,1.761176728372515,0.0394102955134663,0.03068221481387612,-0.04633533012145888,-0.1058930155209692,-0.06245139122863341,0.44399077026215317,0.05259753617550685,1.1582483071962018,-0.0039451623019244,0,168.67874145507812
2022-06-27,-0.0039451623019244,0.03451424886107143,-0.03524378261759869,-0.10399477609476795,0.0379361584309703,-0.019550393658619103,-0.04416006251404464,-0.1051345742203081,-0.06379155056717789,0.44009872937452543,0.02206623029058134,-0.09265905236229877,-0.0533791062737845,0,168.01458740234375
2022-06-28,-0.0533791062737845,0.022850701318457033,-0.022035492435048487,-1.372652584009915,0.0388875574894914,-0.005914274689660548,-0.08495531610385987,-0.1471916027507129,-0.06801447813658579,0.3914995140773761,0.0665297667953996,-0.14403290403601388,0.02008564518937,1,159.28128051757812
2022-06-29,0.02008564518937,0.050606605616004635,0.0012818004947251146,0.5090722080789014,0.0394553952673388,0.019232551393901565,-0.058427523851399196,-0.1255422856353445,-0.07127944314862611,0.4171480582830017,0.03665971951527789,-0.12112797264589492,-0.0165446269369098,0,162.5128936767578
2022-06-30,-0.0165446269369098,0.015625244993351932,-0.04901175481249129,-0.42114532480145206,0.0392848405588017,0.09836633160956976,-0.06653508303176145,-0.134716014975087,-0.07304070105255545,0.40208737491473334,0.041798389050387526,0.08571605451033415,-0.0075945703969653,0,159.84629821777344
2022-07-01,-0.0075945703969653,-0.061377820720213964,-0.005235093941549485,-0.20743662322817133,0.0366115215277661,-0.07101631564127375,-0.06306711930356755,-0.1375239767916339,-0.07946872078256195,0.3951200073865993,0.03511838505315646,-0.03135886998084536,0.0497329463217527,1,158.63693237304688
2022-07-05,0.0497329463217527,-0.007699712096536866,0.026814536764534515,1.3004940073555122,0.0382415805382157,0.008050949802973717,-0.008737410849185976,-0.0915994228861251,-0.08359239311949085,0.4622406159493546,0.06676969834429575,-0.1301046539549955,0.0093502421829315,1,166.72589111328125
2022-07-06,0.0093502421829315,0.05502963636017913,0.07788033767863611,0.24606176569705432,0.037999573629181,-0.022834652460503868,0.007845094699115027,-0.0816432721944605,-0.08879178691671041,0.4744021997374338,0.03610761306329198,-0.29019936826055814,0.0141538928016872,1,168.29212951660156
2022-07-07,0.0141538928016872,0.04909788397249633,0.09970448958850092,0.37085477430186164,0.03816559414216,-0.03269010781515336,0.029379592018484755,-0.0670587107477323,-0.09368585069489632,0.4933035834301222,0.028689252403531797,-0.265463799614606,-0.0076369803967329,0,170.69105529785156
2022-07-08,-0.0076369803967329,0.05800553051267324,0.07363077550602513,-0.20059907974269203,0.0380708645649264,-0.030901894384889217,0.029475016523683284,-0.0731450381759692,-0.09968192821830535,0.48317411315198017,0.024871253970964003,-0.41019085485128226,-0.0479477307374071,0,169.3924560546875
2022-07-11,-0.0479477307374071,0.017652370172231438,-0.04372545054798256,-1.3045695203624257,0.0367536800369877,0.003882889956206448,-0.012438494633484424,-0.1153787599049273,-0.10423681432706156,0.4256877118877195,0.03425835992004872,-0.3277453408822836,0.0023914873130846,1,161.4621124267578
2022-07-12,0.0023914873130846,-0.02968908883643667,-0.037388800932973566,0.06735620820407846,0.0355050763225682,-0.0715583450561843,-0.006368853587525071,-0.1091519796717019,-0.10344193260776635,0.429252684015392,0.02333556353827066,-0.48025243819570007,0.0013464215194657,1,161.8487091064453
2022-07-13,0.0013464215194657,-0.03769290949990247,0.017336726860276635,0.04172732493124902,0.0322671420150728,-0.15085515616696532,-0.004796923564362808,-0.1043372905429079,-0.10002015602187775,0.43139669330771857,0.0328460146599728,-0.47032587000170056,-0.0338403617291081,0,162.0667724609375
2022-07-14,-0.0338403617291081,-0.08568716403069776,-0.036589280058201466,-1.0214083640044271,0.0331310795189077,-0.13191238696559093,-0.036245365616613824,-0.1290745461840715,-0.09632034675179557,0.3921635284799062,0.03359694689062965,-0.23538590728187048,0.041214430175072,1,156.67413330078125
2022-07-15,0.041214430175072,-0.03683575345889287,0.021169777053780335,1.2269439844477694,0.0335911261618207,-0.11766841794375094,0.005730987093066687,-0.0876710201326188,-0.09286977176237932,0.45715583699781576,0.031329620515669156,-0.24083579351844553,0.0152444057708119,1,163.2662811279297
2022-07-18,0.0152444057708119,0.026356383049326134,0.044008753221557534,0.4821226010400444,0.0316193551970523,-0.13969553075415542,0.01920107562197764,-0.0678548877551419,-0.0854158864814707,0.4799387341253447,0.03617773848188601,-0.22908245661681903,0.0498630986067047,1,165.7742462158203
2022-07-19,0.0498630986067047,0.07382799434294623,0.044138905506509535,1.5000963035018338,0.0332399316565903,-0.06379776923724267,0.06739373888655928,-0.0166340752565134,-0.07872241618235976,0.5488495398824609,0.03970878959381471,-0.1443143960028389,0.0407446370486433,1,174.24981689453125
2022-07-20,0.0407446370486433,0.11322620987212384,0.07553330037222133,1.2562160659931272,0.0324344180524644,0.005184098341075805,0.10306147626558065,0.0266357003371017,-0.069285146451872,0.5979060351180107,0.037686434503715685,-0.14567769992085622,0.0004367439213577,1,181.4961853027344
2022-07-21,0.0004367439213577,0.14750331552258963,0.06181615149189183,0.013528642369653114,0.0322829083232613,-0.025600469648517143,0.09453560293291433,0.0285883640889124,-0.06025134190910719,0.598420552529304,0.02718791852438003,-0.028960026964802932,-0.0789195736317791,0,181.57546997070312
2022-07-22,-0.0789195736317791,0.02736931171573853,-0.009466441743154363,-2.1017797486959604,0.0375489266564417,0.11782279866280265,0.008306715241246288,-0.0464274735691939,-0.05428327311828385,0.4827962084516666,0.04247653015848621,0.5148420829269846,-0.0155992123685162,0,167.79647827148438
2022-07-25,-0.0155992123685162,-0.003474306423589561,0.02288207662573654,-0.4543291022629861,0.0343346096272888,0.08587317525341653,-0.006261159912629445,-0.0588446355733059,-0.05291478358242829,0.464575352256337,0.03456351621112483,0.007068953373850162,-0.0460487217147612,0,165.1992950439453
2022-07-26,-0.0460487217147612,-0.09938612674505547,-0.025558132402109263,-1.2869165039714845,0.0357822139763168,0.076482778183524,-0.04804918362387675,-0.0979313208548843,-0.05239991013495682,0.41615709901539666,0.05058123380761034,0.097161479489982,0.0634776251040155,1,157.7645721435547
2022-07-27,0.0634776251040155,-0.07665313868968326,0.036573071182440534,1.730686079526974,0.0366777232768666,0.13082723474607838,0.011644786123933123,-0.0356389943342082,-0.046739508873768654,0.49498252289900024,0.05218770343889631,0.6389766535183259,-0.0536609464417568,0,168.10377502441406
2022-07-28,-0.0536609464417568,-0.13075082905279778,0.01675248646979184,-1.3938203947070213,0.0384991829977034,0.19255621619329122,-0.04028845826309396,-0.0819178634728548,-0.04337699756576774,0.44056781778237875,0.04143845416087775,1.5260787389186494,-0.0101307737013702,0,159.3209228515625
2022-07-29,-0.0101307737013702,-0.06196202912238887,-0.03459271740665037,-0.26389529379809834,0.0383893685846519,0.022382581955002978,-0.049351761619455016,-0.0866305267334132,-0.03921404743510981,0.43123301928037344,0.031238221433313337,0.43449829014476826,0.0052030560578378,1,157.71502685546875
2022-08-01,0.0052030560578378,-0.04115976069603487,-0.04463406711962446,0.13558612078432936,0.0383745476877686,0.11766372486346555,-0.04436403415967813,-0.0784471086008849,-0.03566533246918613,0.43780518012971825,0.06227729112736616,0.363093950997154,0.0016243885489337,1,158.5377655029297
2022-08-02,0.0016243885489337,0.006513349567660028,-0.09287277717739548,0.044435993928517624,0.0365556929264773,0.02161629659563391,-0.04051714530316861,-0.0736287166329791,-0.03450981032930789,0.43998825765079524,0.026406210886196692,-0.07893711944477488,0.0523541650133722,1,158.79550170898438
2022-08-03,0.0523541650133722,-0.004610110522983268,-0.08126324921266659,1.3598980702978967,0.0384985949733009,0.04964516697749244,0.011347773368350559,-0.0210360897549476,-0.03202050172656423,0.5081074388325548,0.04721555579279394,0.0520538113855451,0.0104312830321778,1,167.33058166503906
2022-08-04,0.0104312830321778,0.05948211895095133,-0.07126871010184647,0.2714073348593789,0.0384340498298708,-0.0016918064946075395,0.022448830925672247,-0.0078177340384892,-0.029602033909862935,0.5210065299687783,0.03136536679955296,-0.2059006614508928,-0.0204935224077958,0,169.08518981933594
2022-08-05,-0.0204935224077958,0.049119370244525735,-0.012842658877863178,-0.5300004105823667,0.0386669934562455,0.00723181656352101,0.002841628449006889,-0.026339030445983,-0.029097973266347776,0.49374942851312803,0.03476750366449245,-0.15231111360501826,0.0186155136248779,1,165.65530395507812
2022-08-08,0.0186155136248779,0.06253182781156583,0.02137206711553092,0.4995708445371779,0.0372630104987893,-0.02896547988065512,0.01943051929366359,-0.0064718487314157,-0.02540866447968071,0.5183746315951882,0.060969102050064165,-0.11207842459955608,-0.0101541096062387,0,168.7679443359375
2022-08-09,-0.0101541096062387,0.050753329656393426,0.05726667922405342,-0.2717524090160961,0.0373652974889995,0.022147154046580964,0.007544800401352719,-0.0138504441553961,-0.021235030490183826,0.5039150380357459,0.01738558533794522,-0.39521259273775955,0.0565779295726071,1,167.06292724609375
2022-08-10,0.0565779295726071,0.054977094215628325,0.05036698369264502,1.4383332592637148,0.0393357583913268,0.02174529794156066,0.06148115405912347,0.0456069563867346,-0.01495476166645604,0.5764780097247821,0.036615447534970626,-0.040244914023677913,-0.0047773399425789,0,176.78750610351562
2022-08-11,-0.0047773399425789,0.03976847124087162,0.09925059019182292,-0.12448802927247991,0.0383758982329316,-0.0015130228845674498,0.050345559178872124,0.0425980681825092,-0.007376135338183043,0.5687160901907464,0.037917689886979904,-0.23671717792889035,0.0168164079439858,1,175.9449462890625
2022-08-12,0.0168164079439858,0.07707840159265322,0.12619777183717892,0.4475994148644959,0.0375702187838577,-0.028364622494605918,0.06318750900721262,0.0612939959948967,-0.0017809774816522905,0.5897806902107693,0.01412744072996018,-0.3234175017141956,0.0021582875180157,1,178.92872619628906
2022-08-15,0.0021582875180157,0.06062117548579103,0.12315300329735682,0.057571860002972444,0.0374885841434386,0.006053553956855584,0.061215352890813986,0.0658393579461762,0.004357273048082311,0.5925574122071727,0.017911468318294804,-0.488749310173627,-0.0078811337813168,0,179.31532287597656
2022-08-16,-0.0078811337813168,0.06289415131071294,0.11364748096710633,-0.21918334739913034,0.0359568091045044,-0.03769509355331013,0.05174624785860081,0.0588836475314277,0.0067862373527445286,0.57723622901859,0.022009317324145676,-0.3135330043877794,-0.0260794607087718,0,177.9076690673828
2022-08-17,-0.0260794607087718,-0.01976323897066597,0.03521385524496232,-0.7415436413610843,0.0351691515564797,-0.1059241515924555,0.02715184781401181,0.0339925570385871,0.006659881145259838,0.5292867172161486,0.022705182053884422,-0.34225298972941554,-0.0010872854048225,0,173.32791137695312
2022-08-18,-0.0010872854048225,-0.01607318443290957,0.02369528680796202,-0.030919925167807158,0.0351645548597429,-0.08368125623266698,0.028606739510364465,0.0354394290208034,0.006642664536391729,0.527346524533845,0.022329061117101392,-0.3753649256691056,-0.0391152940794595,0,173.13955688476562
2022-08-19,-0.0391152940794595,-0.07200488645635487,0.0050735151362983205,-1.2399980741579553,0.0315446409914963,-0.16038175947355227,-0.010469088187568327,-0.0008827215895747,0.009687788914481743,0.46290950093981537,0.0313765424017802,-0.105985828399484,-0.0296688003491121,0,166.49789428710938
2022-08-22,-0.0296688003491121,-0.10383197432348266,-0.043210798837691675,-0.9255743911416378,0.0320544741006906,-0.14495372836584164,-0.03837628771207735,-0.0276664387221624,0.011137255511757038,0.42219556524024215,0.019809941281036293,-0.3280212886130939,-0.0119697225993053,0,161.6306610107422
2022-08-23,-0.0119697225993053,-0.10792056314147118,-0.04502641183075828,-0.39371395033343964,0.0304020789437815,-0.15448340103201885,-0.05036691135589416,-0.0375758107095309,0.013469518700771621,0.4069649395588311,0.02700022399004398,-0.364509394572025,0.0132564880810608,1,159.70751953125
2022-08-24,0.0132564880810608,-0.06858461435163858,-0.08834785332230459,0.4947072319076008,0.026796632889201,-0.23806427783260287,-0.03589855680151481,-0.024615971344977,0.0117026953295567,0.43144354977209626,0.03485239882920615,-0.23621925331442972,0.0332522969532123,1,161.83877563476562
2022-08-25,0.0332522969532123,-0.03424503199360377,-0.05031821642651337,1.333083717679276,0.0249438925044409,-0.29065240257037417,-0.00566735559314783,0.0077549670860348,0.013498825322374453,0.4896857789405092,0.02879488473457504,-0.36449600329879317,-0.0423589384150722,0,167.31076049804688
2022-08-26,-0.0423589384150722,-0.037488676329216465,-0.10949356278557137,-1.5821458404455466,0.0267730934356491,-0.15126333367158928,-0.04765843790194591,-0.0331669925627286,0.015216646963608138,0.429587854855742,0.05717641284333929,0.01935443629596989,-0.0162644842739245,0,160.3716583251953
2022-08-29,-0.0162644842739245,-0.024084360254028866,-0.12791633457751156,-0.6019874879994604,0.0270179772805163,-0.15712305259956805,-0.06281286081088971,-0.048571521858439,0.01519583267518243,0.40941231350587304,0.025381721375869838,-0.11036094739791213,-0.0127081594971707,0,157.78439331054688
2022-08-30,-0.0127081594971707,-0.02482279715189427,-0.13274336029336548,-0.46797388194604295,0.0271557024599846,-0.1067813977392793,-0.07382126595899917,-0.059846374360883,0.015088763199239574,0.3940635526521902,0.03658691693824574,-0.11657077097517443,0.0360560762093089,1,155.79193115234375
2022-08-31,0.0360560762093089,-0.0020232090236461664,-0.07060782337528478,1.4042711634510887,0.0256760069904866,-0.04181965336271809,-0.03815388934937142,-0.0260147913393591,0.012620623897726224,0.4569975393822538,0.034984331949150405,0.8111588400410588,0.0148043322678741,1,161.5116729736328
2022-09-01,0.0148043322678741,-0.020471173708984367,-0.05471620570258817,0.5737295029532193,0.0258036795940773,0.03446884200143696,-0.022304929069550845,-0.0126109954809889,0.00991508894418014,0.48142559652034117,0.04239232269570476,0.31515040333759936,-0.0309530832632056,0,163.9205322265625
2022-09-02,-0.0309530832632056,-0.009065318557117771,-0.04655399488633427,-1.1765272435665979,0.0263088538174199,-0.017339782544928295,-0.05019749817107349,-0.0428850205484272,0.007698945421353853,0.4374674507463675,0.05432878653419542,-0.005611999680167901,-0.0111649291736417,0,158.92440795898438
2022-09-06,-0.0111649291736417,-0.0039657634568349715,-0.02805012371086387,-0.43081116478410847,0.0259160627353675,-0.04078449447595889,-0.05747361640302846,-0.0521966931938218,0.005598700790813149,0.42278476952921856,0.02523022687897311,-0.13522528977965675,0.0116015004108005,1,157.15989685058594
2022-09-07,0.0116015004108005,0.02034389645113623,-0.0044789007007580706,0.44482734774983024,0.0260809063774675,-0.03957901969580313,-0.04416245205197302,-0.0400922886501158,0.004258216692360373,0.44368347733076413,0.02587448825404312,-0.24431525835571488,0.010358059712249,1,158.99380493164062
2022-09-08,0.010358059712249,-0.005354120045923673,-0.007377329069569871,0.4633567480945546,0.0223543948692753,-0.12936638171355908,-0.029502496079649998,-0.0302580141373007,-0.0007784853176837636,0.46259810274834207,0.02770572813782512,0.029451643420298934,0.0428193169521557,1,160.64923095703125
2022-09-09,0.0428193169521557,0.022660864638357925,0.0021896909293735237,1.7294055026199795,0.0247595586386687,-0.04046403349576,0.015491983263832878,0.0115368014401878,-0.0038948429813625562,0.5348995673568074,0.038545605964738994,0.013779111931186971,-0.0011239453043207,0,167.67752075195312
2022-09-12,-0.0011239453043207,0.052490002597242826,0.04342468404012502,-0.046161634256575525,0.0243480397178659,-0.07453057868509971,0.017877218797528207,0.0094696635658863,-0.008259891346791393,0.5328306264588839,0.02432528673671173,0.06107132542981342,-0.0983745875068096,0,167.48916625976562
2022-09-13,-0.0983745875068096,-0.03471965573592507,-0.03868541919276007,-3.049921461254745,0.0322547936910933,0.2445869583065705,-0.06970944158414694,-0.0843532603324115,-0.01574112369064662,0.39555946653821517,0.05851241708458191,0.9064746812719011,-0.0108996746411879,0,151.7969970703125
2022-09-14,-0.0108996746411879,-0.05722083078791347,-0.03687693433677727,-0.33787336807527774,0.0322596442071737,0.23690656069546323,-0.07190055026038389,-0.0924646493638642,-0.022157215058418278,0.3843764084750437,0.029642768853172102,0.7643791996456837,-0.0127569271600424,0,150.1514434814453
2022-09-15,-0.0127569271600424,-0.08033581766020487,-0.08568993770612857,-0.3984828705890321,0.0320137403677736,0.43210051334355115,-0.0765070400750741,-0.1017921472815368,-0.027379859190825084,0.3713009794917674,0.03677699690916418,0.37698290723271843,-0.0220398827440379,0,148.24813842773438
2022-09-16,-0.0220398827440379,-0.14519501735639848,-0.12253415271804058,-0.686074186796669,0.0321246348692169,0.29746395475102116,-0.08865518197081895,-0.1186299110321823,-0.03289065616918185,0.34955813609558506,0.0293253724916845,0.5316448496309918,0.0117564152457102,1,145.01651000976562
2022-09-19,0.0117564152457102,-0.1323146568063676,-0.07982465420912478,0.37188437998514684,0.0316130923438617,0.2983834719418874,-0.07211467862352723,-0.1057437397741243,-0.036242691177299835,0.3706208157977553,0.023510306898339474,-0.1470751462210479,-0.0131242769679326,0,146.7314453125
2022-09-20,-0.0131242769679326,-0.04706434626749058,-0.08178400200341568,-0.42087279748838524,0.0311834764476428,-0.033214202320144603,-0.07931876283335375,-0.1156093453866267,-0.03941709800121007,0.3567421319507754,0.024779212868312042,-0.11310207993594668,-0.027551200256838,0,144.8182830810547
2022-09-21,-0.027551200256838,-0.06371587188314068,-0.12093670267105416,-0.8733557220874699,0.0315463671446337,-0.022110506177913325,-0.09894658624986716,-0.1374339751733221,-0.04271377072228477,0.32941525197320926,0.05347598061236141,0.4100490813566242,0.0049133410604462,1,140.88282775878906
2022-09-22,0.0049133410604462,-0.04604560366265208,-0.12638142132285698,0.15683059920815737,0.0313289695075694,-0.021389904845155794,-0.08860305679852706,-0.131005125475633,-0.04652426036032098,0.3390293783548584,0.025976799633156605,0.23514761769761616,-0.0170182877265106,0,141.5767364501953
2022-09-23,-0.0170182877265106,-0.04102400864512478,-0.18621902600152326,-0.568378860226493,0.029941802761153,-0.067948853487377,-0.09579733330499676,-0.1438309286018128,-0.05312259857890722,0.3219173900365165,0.026565028347375813,0.10590777469832324,-0.0291949734306983,0,139.18772888183594
2022-09-26,-0.0291949734306983,-0.08197539732153328,-0.21429005412790086,-0.9959860832721269,0.0293126318941964,-0.07276923195753038,-0.11456958621337045,-0.1655825644395492,-0.057613763240881743,0.2950338194524326,0.04436462028585423,0.05170845291227755,-0.014551461036117,0,135.18289184570312
2022-09-27,-0.014551461036117,-0.08340258138971768,-0.13046692765720827,-0.49678307905375685,0.0292913781681811,-0.06067630986040129,-0.12028647786608972,-0.1743193970603032,-0.061421039730236826,0.2826388199630461,0.0394345483068988,0.04368290241117112,0.0522565629909174,1,133.2300262451172
2022-09-28,0.0522565629909174,-0.003594818141962282,-0.06731069002510297,1.6204549716134389,0.0322480808824247,0.022243884203014153,-0.06835206874343167,-0.1263569723541793,-0.06226054034436923,0.384549541494421,0.054798350917235165,0.08173682048836062,-0.0374118953069081,0,140.37728881835938
2022-09-29,-0.0374118953069081,-0.04592005450931658,-0.09196565817196867,-1.1886135495591803,0.0314752387946301,0.004668818967229704,-0.09466496597047123,-0.1535625325371157,-0.06505610006551843,0.34633478769249576,0.0340150961445747,0.295522261087676,-0.0053659053615019,0,135.2225341796875
2022-09-30,-0.0053659053615019,-0.03426767214430788,-0.07529168078943267,-0.17311709552586355,0.0309958143948888,0.03520200978356902,-0.09055264575560966,-0.1531009869049681,-0.06877620882335345,0.34120850315996193,0.04046289644400927,0.09664719192962568,0.0213651827679718,1,134.49888610839844
2022-10-03,0.0213651827679718,0.016292484054362222,-0.06568291326717107,0.6819260289560407,0.0313306456430175,0.06884450895112715,-0.06410351741465486,-0.1314879093574765,-0.07199983459354098,0.3808227846239074,0.025394913773696376,-0.09098331360519907,0.0119761474195234,1,137.4033966064453
2022-10-04,0.0119761474195234,0.04282009251000262,-0.04058248887971507,0.3789255558389377,0.0316055416030421,0.0790049352261224,-0.04695255385342697,-0.1181096354605509,-0.07466268536244569,0.4028625821911687,0.021742251770021717,0.10894979904488955,-0.0093104808504656,0,139.05885314941406
2022-10-05,-0.0093104808504656,-0.01874695133138038,-0.022341769473342675,-0.2971442063102849,0.0313332067485892,-0.028369878417605632,-0.04886723784041817,-0.1240609446952223,-0.07905700428620932,0.39118919314404893,0.03907042812992639,-0.12075193616964441,0.000647487923466,1,137.77015686035156
2022-10-06,0.000647487923466,0.019312431898993714,-0.026607622610322873,0.02080488001792549,0.0311219253803975,-0.011225122596778436,-0.04070462092263432,-0.1201096659069953,-0.08277434324840738,0.39250183587026477,0.0348744559523867,0.11456764594186497,-0.0412507413769339,0,137.85939025878906
2022-10-07,-0.0412507413769339,-0.01657240411643829,-0.05084007626074617,-1.3942582310612162,0.0295861558913205,-0.04547899550594647,-0.06799560097411032,-0.1527437115333803,-0.09093101990489194,0.34280687279742894,0.043836575335370255,0.00458318317927775,0.002544384804931,1,132.2882843017578
2022-10-10,0.002544384804931,-0.03539320207947909,-0.019100718025116873,0.08576357565767183,0.0296674291553211,-0.05308593083740265,-0.054003194024006634,-0.147846567369155,-0.09920051817545983,0.3481833301893809,0.031691499409048314,-0.27427492818345645,-0.0400310525588258,0,132.62530517578125
2022-10-11,-0.0400310525588258,-0.08740040205782829,-0.04458030954782567,-1.7590974259596828,0.0227565863994069,-0.27998112846082257,-0.08315387408143246,-0.1779984938666699,-0.1034466058197222,0.3064865712075634,0.04411083004896619,0.17302351357143086,-0.0081236404910193,0,127.42103576660156
2022-10-12,-0.0081236404910193,-0.086213561698382,-0.10496051302976236,-0.35706324124850003,0.0227512651893663,-0.2738928584004351,-0.08273043876982142,-0.181225804324388,-0.10737886627620286,0.2988516614764907,0.026823515050551416,0.068643545436466,0.0216461625187797,1,126.39010620117188
2022-10-13,0.0216461625187797,-0.0652148871030683,-0.045902455204074585,0.9132556481196756,0.0237021939731197,-0.23840849550880305,-0.056119332036540515,-0.1591503958725039,-0.10915687473318625,0.3459253610966762,0.06608336061114804,0.06047176360349771,-0.0274671168414372,0,129.15579223632812
2022-10-14,-0.0274671168414372,-0.05143126256757159,-0.06800366668400988,-1.1485384308606776,0.0239148435119008,-0.19168804491709768,-0.07514961084490118,-0.1772795572200162,-0.11042861372250301,0.31693236931554947,0.041574602037342055,-0.25303486095187855,0.0558426908483944,1,125.65653228759766
2022-10-17,0.0558426908483944,0.001867043475891804,-0.03352615860358728,2.0297624616897876,0.0275119339835978,-0.07265527324387977,-0.017021080095947026,-0.1262789726506221,-0.11114978189495628,0.4241283969638267,0.034392724867649646,-0.07207551196176898,-0.0092937691724481,0,132.87315368652344
2022-10-18,-0.0092937691724481,0.03260432686226951,-0.054796075195558784,-0.33838094087003767,0.0274654037799888,0.20692107761402312,-0.021345264580881977,-0.1301145204492957,-0.1111416027858203,0.41226113008931375,0.04849399317330071,-0.2054316064599082,0.0032325857324694,1,131.64398193359375
2022-10-19,0.0032325857324694,0.043960553085758206,-0.04225300861262378,0.11981526487157489,0.0269797486650326,0.18585706950673875,-0.014949840790737658,-0.1232433946392698,-0.10993709592967693,0.4183389614062268,0.03587779728727288,-0.030033378848748127,-0.0128419538818161,0,132.07022094726562
2022-10-20,-0.0128419538818161,0.009472436685162407,-0.05574245041790588,-0.47580740388928505,0.0269898151580766,0.13870535312829446,-0.023443087362227995,-0.1290649169748905,-0.10815737234132927,0.40069640323744055,0.041511493686158335,-0.15627940611786506,-0.0116237613241329,0,130.38502502441406
2022-10-21,-0.0116237613241329,0.025315792202466714,-0.02611547036510488,-0.43241809438493245,0.0268808393429198,0.1240232171932476,-0.030987471852638483,-0.1336825781569483,-0.1059791316637061,0.3850595900516155,0.035997176167369034,0.44974926556330175,-0.0022330899016378,0,128.87823486328125
2022-10-24,-0.0022330899016378,-0.03275998854756548,-0.030892945071673682,-0.0851983769984281,0.0262104746629035,-0.047305264743300435,-0.030746894639834675,-0.1297254711001289,-0.10211840015051055,0.38199674279771595,0.0686863702503021,0.8904512928496227,0.0583184492466506,1,128.59075927734375
2022-10-25,0.0583184492466506,0.03485222987153321,0.06745655673380271,1.988588497360885,0.0293265546512246,0.0677634629421262,0.026266792913687352,-0.0720621281981632,-0.09581224082354234,0.4976003528080238,0.05643233274392441,0.13026407246145166,-0.0575476830933067,0,136.31295776367188
2022-10-26,-0.0575476830933067,-0.025928038954242887,0.018032514131515312,-1.948679958255829,0.0295316236252642,0.09458483071560209,-0.02684378664332051,-0.1180454203248585,-0.09371736256706298,0.4150603953027774,0.05407490276078054,1.2676150908844157,-0.2817940125859349,0,128.68991088867188
2022-10-27,-0.2817940125859349,-0.29488009765836165,-0.28540766097319925,-4.1065285396256845,0.0686209799510174,1.5424768398416702,-0.2550817324096941,-0.3276012394644764,-0.09735230052737409,0.23846351008781638,0.06248726356979016,4.031008439384633,0.0127830420840527,1,97.08740997314452
2022-10-28,0.0127830420840527,-0.27047329425017613,-0.2451575020477094,0.1855402527009909,0.0688963278747568,1.563027403863546,-0.23488375705085784,-0.3118203401918454,-0.10055541736303408,0.2520093836553703,0.03366931895807713,0.9452138739013494,-0.0628193852236336,0,98.3364486694336
2022-10-31,-0.0628193852236336,-0.3310595895721719,-0.3638195781197374,-0.9092832184168893,0.0690867091256842,1.6358434944127418,-0.26865061473850127,-0.3469439412559481,-0.10705324718288045,0.23081469243907735,0.072133973341999,1.2475600707484338,0.0216612312336887,1,92.34904479980467
2022-11-01,0.0216612312336887,-0.3677168075851338,-0.33286457771360056,0.31232363883955855,0.0693550808839549,1.3649242711522818,-0.23917306529102259,-0.3262343309567527,-0.11442978908078727,0.25364591353070554,0.04138650145287071,0.9072887114892969,-0.0501880806747342,0,94.37126159667967
2022-11-02,-0.0501880806747342,-0.3603572051665613,-0.3862852441208042,-0.7206339584493808,0.0696443459072149,1.358297220327378,-0.262132733944875,-0.3527494136235084,-0.1228089167894646,0.2363850373598922,0.052131583207209016,0.19771720132030368,-0.01816716015459,0,89.75183868408203
2022-11-03,-0.01816716015459,-0.0967303527352164,-0.3916104503935781,-0.26155869111250296,0.0694572987703775,0.012187509125592078,-0.2602976792526545,-0.3575728004737717,-0.13150576724274288,0.23047689775417168,0.023056971520932626,-0.008541652927963717,0.0209245018910565,1,88.13602447509766
2022-11-04,0.0209245018910565,-0.08858889292821259,-0.35906218717838867,0.29910405585976796,0.0699572656442571,0.015399046686913609,-0.23101032221708787,-0.3365108671271484,-0.13719370748152437,0.2536470292275523,0.03634764862298219,-0.10704438288625184,0.0632711545711298,1,89.9996566772461
2022-11-07,0.0632711545711298,0.03750164686655082,-0.2935579427056211,0.8759169366501832,0.0722341947320954,0.045558482177595394,-0.16771716190592384,-0.2863888289919048,-0.1425857432765748,0.32290056793950256,0.03908187274182707,0.25735889346933205,-0.0025882267090573,0,95.87804412841795
2022-11-08,-0.0025882267090573,0.013252188923804817,-0.354464618661329,-0.03591283508806528,0.0720696849109925,0.03914066557833995,-0.1582539018092415,-0.2815865569074265,-0.14652001994814723,0.32154591901229734,0.03120143151386729,-0.20942150197818032,0.0505312630472144,1,95.63021087646484
2022-11-09,0.0505312630472144,0.11397153264575341,-0.2463856725208079,0.6873567570586958,0.073515336145738,0.0555822613896082,-0.10445644335101652,-0.2380312299455173,-0.14915498593314835,0.3777683179659697,0.04099737471236548,0.5484243833199969,0.0975741193701393,1,100.58670043945312
2022-11-10,0.0975741193701393,0.2297128121704827,0.1329824594352663,1.2642128872382317,0.0771817154809245,0.11121101521790466,-0.004578108771957048,-0.1534428244185887,-0.14954936892434478,0.47518646229993533,0.07276302127289574,0.12265747138977612,0.0102272677584313,1,110.89614868164062
2022-11-11,0.0102272677584313,0.2190155780378575,0.1304266851096449,0.1325946874858469,0.0771318063517662,0.10255604820223652,0.011839897296817276,-0.1379114104220657,-0.14799901458615283,0.4847919286981521,0.053884304974086056,-0.18615768942114397,0.0105616740997758,1,112.0361328125
2022-11-14,0.0105616740997758,0.1663060975665035,0.2038077444330543,0.13918255702589052,0.0758836044218611,0.05052191283229157,0.03173700647029444,-0.1225873991034672,-0.1495772707637244,0.4951750152750493,0.04788998015101674,-0.28679654640961605,0.0247311380231743,1,113.22569274902344
2022-11-15,0.0247311380231743,0.19362546229873512,0.2068776512225399,0.3244122128425477,0.0762336837028311,0.05777739693161155,0.06513347640469304,-0.0948518856902813,-0.15020217244039435,0.5200035261193224,0.036983209206883166,-0.3344013631829986,-0.0334362885455054,0,116.06080627441406
2022-11-16,-0.0334362885455054,0.1096579107060153,0.2236294433517687,-0.43745845550853185,0.0764330603842981,0.03968864717935805,0.03956561877602307,-0.118186200132448,-0.15174782241664264,0.48539503455258415,0.030203992471540424,-0.5634819109714382,-0.0158452132331855,0,112.24432373046876
2022-11-17,-0.0158452132331855,-0.003761421897309495,0.2259513902731732,-0.20727396364053113,0.0764457482014739,-0.009535513364334336,0.03274285185391165,-0.1251523444253892,-0.1528891688728301,0.46982601998358403,0.022700752342521786,-0.5424204562456789,0.0053692369283327,1,110.47980499267578
2022-11-18,0.0053692369283327,-0.008619452727408095,0.21039612531044938,0.07018511608707978,0.0765010764058722,-0.008177300334670012,0.047015273580338156,-0.1124864721382362,-0.15233946413517696,0.4759280872848048,0.03302094464498211,-0.561341933868526,-0.0197384494788736,0,111.07459259033205
2022-11-21,-0.0197384494788736,-0.038919576306057496,0.12738652126044597,-0.25788888899574236,0.0765385804550869,0.008631324753428649,0.036165783168744865,-0.1216091342091791,-0.15226802500216263,0.45532866600156585,0.02894593380219015,-0.6713053709853233,0.0142795035938906,1,108.90364837646484
2022-11-22,0.0142795035938906,-0.04937121073534119,0.1442542515633939,0.1900345245943107,0.0751416282087413,-0.014325104613162387,0.06415075863618605,-0.1029961192527176,-0.15707067493248694,0.4730493164772166,0.02961237418756251,-0.6056595442269822,0.0071531203518689,1,110.46989440917967
2022-11-23,0.0071531203518689,-0.008781801837966893,0.10087610886804838,0.09614528783413781,0.074399073662444,-0.02661134738851767,0.08086243787175802,-0.0908148602523109,-0.15883362406607948,0.48223468262921043,0.01728434469828103,-0.6974396751648866,-0.0074222955181099,0,111.26293182373048
2022-11-25,-0.0074222955181099,-0.0003588841228912929,-0.004120306020200823,-0.20047227592683736,0.0370240497534865,-0.5156820277838203,0.06595612316430201,-0.0919271752244381,-0.14811425626043773,0.473022192595184,0.015348771722990286,-0.798280370226985,-0.0238896288454482,0,110.4401626586914
2022-11-28,-0.0238896288454482,-0.029617749896672194,-0.03823720262408033,-0.6354095347201735,0.037597214930004,-0.5085400533381508,0.03604439710039702,-0.1079087759683569,-0.13894498485937412,0.44407285114430645,0.03364592483159652,-0.5829805901182283,0.0062317564874578,1,107.8330535888672
2022-11-29,0.0062317564874578,-0.0036475439303407953,-0.042567120236398324,0.1828254030561116,0.0340858348089909,-0.5546581265771896,0.03449097294346994,-0.0966186775187681,-0.12673832241299088,0.4533877533974951,0.021925831773731093,-0.531591487850468,0.0759725441079814,1,108.50714111328124
2022-11-30,0.0759725441079814,0.05804549658375001,0.008674285848408778,2.0398887093219535,0.0372434749801788,-0.5043562953318301,0.10419761046310184,-0.0207880951841848,-0.11319142919976743,0.5553355571498936,0.07434383168612269,-0.09084464623381505,0.0196200086657433,1,117.07192993164062
2022-12-01,0.0196200086657433,0.0705123848976244,0.06173058305965748,0.570497187891175,0.0343910698986406,-0.537748681459714,0.11055283838780325,0.0022168712558494,-0.09755138466822133,0.5782766227054222,0.023248051856570532,-0.2039610079972176,0.0250083787675142,1,119.39156341552734
2022-12-02,0.0250083787675142,0.1029430591832485,0.10258417506035716,0.7444351659826777,0.0335937633124872,-0.09265022232410636,0.12080739758997737,0.0309131839161588,-0.0802048718335675,0.6067547225552901,0.05206899681275539,-0.10985559119554589,-0.008620689083721,0,122.41500091552734
2022-12-05,-0.008620689083721,0.11821199894497571,0.08859424904830347,-0.2533088828208869,0.0340323204923557,-0.09481804554633055,0.09545778098747262,0.0251416713564794,-0.06418879015821899,0.5917976612677353,0.027117533991248798,-0.19141398899909645,-0.0702888675343823,0,121.3642349243164
2022-12-06,-0.0702888675343823,0.04169137492313561,0.03804383099279479,-1.8984782169661383,0.037023794587808,0.08619298295848554,0.013215745845716623,-0.0408664708436314,-0.05337680243431908,0.48984975489901567,0.05967407136425319,0.041263906365089476,-0.0016664440296103,0,113.12657928466795
2022-12-07,-0.0016664440296103,-0.035947613214456095,0.022097883369293882,-0.04502669352638532,0.0370101355240259,-0.00626524394614314,0.003748689652100185,-0.0391573710492493,-0.04274581988866233,0.48778054681354066,0.02633195814942614,-0.2783828246828438,0.0122134669823077,1,112.93821716308594
2022-12-08,0.0122134669823077,-0.0433541548978917,0.027158229999732685,0.3423280568128509,0.0356776686550841,0.03741083834365844,0.009917079730052056,-0.023019518463481,-0.03261317077867121,0.5043919175967797,0.02384461940812635,-0.1718577579678473,0.0049301213634898,1,114.32604217529295
2022-12-09,0.0049301213634898,-0.0634324123019161,0.03951064688133238,0.17291452914770003,0.0285118976860446,-0.15127407963113237,0.01312074526920598,-0.0147674326962736,-0.02752700316887613,0.5113402364397941,0.031665212429922686,-0.23971693010748296,-0.0103204862696729,0,114.89107513427734
2022-12-12,-0.0103204862696729,-0.06513220948786799,0.05307978945710769,-0.36134566753105885,0.0285612564284746,-0.16076082925670632,0.0019785033513224515,-0.0213942997019291,-0.023326651195685666,0.49571482421824803,0.022491516447095076,-0.23810511933287748,0.046333713885686,1,113.71144104003906
2022-12-13,0.046333713885686,0.0514903719322003,0.09318174685533588,1.530322218085733,0.0302770967696231,-0.18222599529024508,0.046785158725306315,0.0282536768749642,-0.017703233271771146,0.5616584579943639,0.03878488225491755,0.3948913595159753,0.0119138529454795,1,119.10408020019533
2022-12-14,0.0119138529454795,0.0650706689072901,0.029123055692833976,0.39824414689991144,0.0299159524081436,-0.19168217071988192,0.057253874637965135,0.0439169072666563,-0.012614725461163045,0.5774115609303361,0.039065713817443254,0.17740211940034833,-0.0457723551394416,0,120.53155517578124
2022-12-15,-0.0457723551394416,0.007084846785540805,-0.03626930811235092,-1.4862679359320436,0.0307968395420827,-0.1368034767122004,0.008671188283501503,0.0011360494982129,-0.007470361870959508,0.503757932363628,0.0397761089668014,0.0989773409719541,0.0278479220059384,1,115.13890075683594
2022-12-16,0.0278479220059384,0.0300026474279894,-0.03342976487392672,0.8963782468574011,0.0310671550805366,0.08962074087908545,0.033574020011273346,0.0329045133596747,-0.0006477587851825284,0.5417157877820058,0.0375952260930787,1.0310398024927059,-0.0423302610985484,0,118.39034271240234
2022-12-19,-0.0423302610985484,-0.0020071274008860995,-0.06713933688875412,-1.294477668460342,0.0327006499454689,0.14493037193095848,-0.010305013301963437,-0.006646645752312,0.003696459615155856,0.48181839806252086,0.030310981122914037,-0.09349074227736476,0.022542608887209,1,113.48343658447266
2022-12-20,0.022542608887209,-0.025798232399363102,0.025692139532837173,0.6904090330478576,0.032651092045672,0.07840894700415002,0.009104992890205076,0.018953508191813,0.009759653723841577,0.5124303430071329,0.04159196258345167,-0.13058852283080435,0.0225469519199941,1,116.0707015991211
2022-12-21,0.0225469519199941,-0.015165133424848504,0.049905535482441574,0.6863473184899317,0.0328506447283874,0.0980979071033996,0.028428577095969416,0.0437837944554946,0.014930757177989529,0.5422238430988453,0.039412103432826216,-0.37498908143365606,-0.0222905697963168,0,118.71746826171876
2022-12-22,-0.0222905697963168,0.008316651918276293,0.015401498703817074,-0.6686002133297614,0.0333391604607862,0.08255135775310696,0.0036549348182460303,0.0226249569110392,0.01890094038767276,0.5090985166267321,0.03620223184538653,-0.2786529455134529,0.0078244653013472,1,116.1004638671875
2022-12-23,0.0078244653013472,-0.011706804786314907,0.018295842641674474,0.23508499003588923,0.033283559703887,0.07134237485230721,0.008673385499495874,0.0328673418180048,0.02398591721197052,0.5201012403518973,0.022365294554154428,-0.4612170163218856,-0.0098758506231105,0,117.012451171875
2022-12-27,-0.0098758506231105,0.020747605689122994,0.018740478288236877,-0.3007757733534772,0.0328345947314853,0.004096089412282566,-0.00468368380582195,0.0244884716961992,0.029309431612221326,0.5047397585564124,0.021817209807375632,-0.35047413478353207,-0.0108386788625237,0,115.86254119873048
2022-12-28,-0.0108386788625237,-0.012633682060609705,-0.03843191445997282,-0.32860546261055396,0.0329838669644063,0.0101918465167663,-0.017989005162926355,0.0167274786391059,0.03535243900990359,0.4878839147322351,0.0228334140022019,-0.40061281895496825,0.0393471196251332,1,114.613525390625
2022-12-29,0.0393471196251332,0.004166485644529393,-0.010998647780319129,1.331955424032704,0.0295408681966275,-0.10075225491388307,0.020484456054363706,0.0598677451438907,0.03859273784708095,0.5477765912091441,0.04373858342586715,-0.29381342392917353,0.0006648454888642,1,119.213134765625
2022-12-30,0.0006648454888642,0.027121900929710396,0.03543855284798667,0.022760026696810445,0.0292111032083003,-0.12382007211433399,0.021206480470780387,0.0629877658132257,0.04091365080564713,0.5487562378649642,0.022270237549707757,-0.36464545465752984,0.0359105395436553,1,119.29241943359376
2023-01-03,0.0359105395436553,0.055207975172018496,0.04350117038570357,1.2050933328383704,0.0297989695611997,-0.10469403434273761,0.05798383656068333,0.1031772229708234,0.042716518767484724,0.6000823586751705,0.032788231820814424,0.16097406993979546,0.0208645729762713,1,123.65412139892578
2023-01-04,0.0208645729762713,0.0859483987714003,0.10669600446052327,0.6942800962935647,0.0300520972553548,-0.08474286035461076,0.07803171654642939,0.1269625858766824,0.04538908139642461,0.6273655745777232,0.025123690889789163,0.06399903049188405,-0.0033816223861151,0,126.26121520996094
2023-01-05,-0.0033816223861151,0.0934054552478089,0.08077177318719918,-0.13602960584905288,0.0248594588288932,-0.2463146041754396,0.0685949513779295,0.1237108632626883,0.05157792652275606,0.6199191288013592,0.03135342114689732,-0.13844731868301152,0.0239739594616306,1,125.83496856689452
2023-01-06,0.0239739594616306,0.07803229508430629,0.08219878072883569,0.9536334763623847,0.0251395950916895,-0.14898929427674934,0.08716029353915852,0.1525044866447498,0.06010538969637014,0.6518005404544612,0.032994929815088454,-0.06310589506765651,-0.0042392057742935,0,128.88818359375
2023-01-09,-0.0042392057742935,0.0731282438211486,0.10025014475085897,-0.16811909561709906,0.0252154923789772,-0.13678397562840938,0.07619932354619498,0.1477003372802578,0.06643844887251871,0.6414531424537173,0.02834632064835764,-0.08873210828348266,0.0268247920318648,1,128.34295654296875
2023-01-10,0.0268247920318648,0.06404249630935809,0.11925047148137657,1.045878184975928,0.0256481035910336,-0.13929562099928494,0.09766224116876493,0.1716232279032947,0.06738045999995235,0.6768139875993036,0.04729679416285653,-0.023560645181714746,-0.0007522711050151,0,131.8323211669922
2023-01-11,-0.0007522711050151,0.04242565222807169,0.12837405099947197,-0.029618775470521608,0.0253984539557959,-0.15485253025825663,0.08866892981265131,0.1638335663103651,0.06904269465157675,0.6747778421654981,0.02641289624310435,-0.13557568642985074,0.0283402622682809,1,131.73318481445312
2023-01-12,0.0283402622682809,0.0741475368824677,0.16755299213027658,1.1692861545438766,0.0242372341091613,-0.02502969690590018,0.11241769846151688,0.1882248338252432,0.0681462866588407,0.7105930717984141,0.04330332732215997,0.07120586365378512,0.0019726214013791,1,135.5199432373047
2023-01-13,0.0019726214013791,0.05214619882221618,0.13017849390652247,0.08144144218784546,0.0242213466312302,-0.03652598449220246,0.10767857050836298,0.1819866830391883,0.06708454465876534,0.7129983453084455,0.01861587918888461,-0.1988136447998079,-0.0118966831960452,0,135.78753662109375
2023-01-17,-0.0118966831960452,0.04448872140046448,0.11761696522161308,-0.5549361331202228,0.0214379321979884,-0.14981108138654664,0.08614285362096333,0.1590431347828501,0.06711850187924462,0.6766540241778614,0.018469267056200066,-0.2259035124725124,-0.0174386013530725,0,134.1816864013672
2023-01-18,-0.0174386013530725,0.00022532801552718404,0.06426782432488527,-0.8079506430300347,0.021583745868031,-0.15846620817702373,0.06157811443598478,0.1304667294923072,0.0648926481429235,0.6269401695011526,0.03345359198100299,-0.19062404285602752,0.023257839780009,1,131.86203002929688
2023-01-19,0.023257839780009,0.024235438900551284,0.06666109112862297,1.2405327221685034,0.018748267872655,-0.26183428702845646,0.07724259967541534,0.1482145554336744,0.06588298288578986,0.6626436075452239,0.03900108554269175,0.14871075424523417,0.0233750574946281,1,134.9647979736328
2023-01-20,0.0233750574946281,0.019270234126898485,0.09341777100936616,1.244573114145214,0.0187815864162246,-0.22509365830957384,0.09308517486144299,0.1669753724228116,0.0675978407361848,0.6949842145027548,0.03824353890931129,0.15137947530814655,0.0275987530685934,1,138.15676879882812
2023-01-23,0.0275987530685934,0.04489636579411278,0.09704256461632896,1.4517973115453515,0.0190100593582283,-0.21515266481024797,0.11340804389069976,0.1903021955047321,0.06906196882261861,0.7288848045078664,0.03559705934696395,0.08703854699050306,-0.0009077341339749,0,142.0228271484375
2023-01-24,-0.0009077341339749,0.05588531485618308,0.10037403625664756,-0.05123460636091708,0.0177172071466785,-0.17355801935314585,0.10126340048432417,0.1810446832148926,0.07244523217195953,0.7259884570623728,0.025429645138811276,-0.12775788970942337,-0.011523734229473,0,141.8939666748047
2023-01-25,-0.011523734229473,0.06180018197978259,0.06202550999530976,-0.6276340373146752,0.0183605947803232,-0.14933233125589218,0.07890886103963664,0.1618319499654001,0.07685828888814461,0.6888000877405557,0.020212018447714218,0.03872652798771403,0.0401718311885944,1,140.26820373535156
2023-01-26,0.0401718311885944,0.07871417338836799,0.10294961228891927,2.1097168763863907,0.0190413375549246,0.01563182712452349,0.11025692968995267,0.2026846854031441,0.08324897889986826,0.7396015827088647,0.028581068349325427,-0.013619674885180122,0.0296973235436428,1,146.0177459716797
2023-01-27,0.0296973235436428,0.08503643943738269,0.10430667356428117,1.58936407354545,0.0186850351269083,-0.005140741957393669,0.12836318547428785,0.2313921909842156,0.09130837201731401,0.7704888716691211,0.038223295385468495,0.3426922684250986,-0.0313279047367258,0,150.4191131591797
2023-01-30,-0.0313279047367258,0.026109781632063483,0.07100614742617625,-1.5523304078480713,0.0201812092183096,0.06160684919557502,0.08277266010332639,0.1876344167270656,0.0968455895568443,0.6790576460905438,0.028355761173488727,0.041391255130105664,0.0129040570108475,1,145.77984619140625
2023-01-31,0.0129040570108475,0.039921572776885884,0.09580688763306895,0.6430618238783467,0.0200665885171387,0.1326044986103041,0.08539546557528258,0.1961540893105966,0.10204448723821558,0.6949665343926946,0.01584211982958329,0.0875983516609673,0.0274770034037366,1,147.67318725585938
2023-02-01,0.0274770034037366,0.07892231041009548,0.14072249238987805,1.4025119854095263,0.0195912788550705,0.06702855160586685,0.10421608266857349,0.2213038229608665,0.10603698146591523,0.7266700277207362,0.0425810114967084,0.9567831498896737,0.2093074157949275,1,151.7870635986328
2023-02-02,0.2093074157949275,0.24805789501642858,0.32677206840479656,4.299503044646685,0.0486817694094987,1.5566360172480787,0.33181870160437904,0.4874483516850829,0.11685498175782039,0.8606535457442536,0.09005668069733715,3.3807775374511433,-0.0119372822562314,0,187.1267242431641
2023-02-03,-0.0119372822562314,0.2064232892165544,0.29145972865393704,-0.24395677616877057,0.0489319560772238,1.6187778478808927,0.28892039437727585,0.4522506958397599,0.12671868811680564,0.8330226510637104,0.07441164945932024,1.0805930241487611,-0.0025228996521036,0,184.90621948242188
2023-02-06,-0.0025228996521036,0.2352282943011766,0.2613380759332401,-0.05132503535582903,0.04915534172773,1.4356985350081666,0.26125258287217923,0.4319532079730888,0.1353421411531881,0.8270230695981847,0.027840442565576124,0.1280228600681108,0.0294450296554066,1,184.4403076171875
2023-02-07,0.0294450296554066,0.2517692669457357,0.29169083972262155,0.601745047673389,0.0489327328396869,1.4385177778422018,0.2721447278963529,0.456942400899882,0.14526466128513094,0.8415604479191771,0.04895107568015575,0.21706628311208642,-0.043681087534857,0,189.951904296875
2023-02-08,-0.043681087534857,0.18061117600714208,0.25953348641723756,-0.858413142707171,0.0508858559610356,1.5973728584780784,0.19771849532062316,0.3795628379299875,0.15182561120982396,0.7425628269951337,0.04312273879926822,-0.07469679498890003,-0.0304990356959845,0,181.8332061767578
2023-02-09,-0.0304990356959845,-0.059195275483769925,0.18886261953265865,-0.5884475777264511,0.0518296562861585,0.06466254030704133,0.14490899727970433,0.3243495103157275,0.1567290618401751,0.6842448283918777,0.052720265965361716,-0.06363277577908988,-0.0214170195459413,0,176.37118530273438
2023-02-10,-0.0214170195459413,-0.06867501277347983,0.13774827644307455,-0.40929400611465533,0.0523267363459551,0.06937757124145394,0.10731023907881189,0.2839227584077852,0.15949687187567219,0.6468144051305634,0.0318116191805657,-0.15943349453979727,0.0298682619704668,1,172.63400268554688
2023-02-13,0.0298682619704668,-0.03628385115090943,0.19894444315026713,0.5698504310691948,0.0524142131724386,0.06629740187260613,0.12569061260330971,0.3109942633417185,0.1646133037477051,0.6737337207162988,0.028869157260353672,-0.21785962430752437,0.0002784262399463,1,177.86805725097656
2023-02-14,0.0002784262399463,-0.06545045456636973,0.18631881237936596,0.005336503693181403,0.0521739056045352,0.06623731348639383,0.11063316024960952,0.3001424311868559,0.17063174207283271,0.6739869483176961,0.03136834052843463,-0.40466270676766225,-0.01301033281127,0,177.91758728027344
2023-02-15,-0.01301033281127,-0.03477969984278273,0.14583147616435935,-0.2499957254203811,0.0520422210795502,0.02272468639222769,0.08150684070668293,0.2734349238250113,0.1774635868164438,0.6488069534611164,0.016143602118039745,-0.3770281004291087,-0.027004001732509,0,175.61781311035156
2023-02-16,-0.027004001732509,-0.03128466587930723,-0.09047994136307716,-0.5114744212263073,0.0527963874865226,0.018652085883545944,0.04115974514964922,0.2306594288572568,0.18200826971116735,0.5997166422031787,0.023544495244149494,-0.36206634435919316,0.0025484673429252,1,170.9388885498047
2023-02-17,0.0025484673429252,-0.007319178990440726,-0.07599419176392055,0.04830141846200491,0.0527617495318463,0.008313401833722978,0.03336262895816985,0.2235377923990987,0.18403526323829067,0.6027343239269345,0.020129544361697567,-0.3996247421779062,-0.0046382803469993,0,171.3750762939453
2023-02-21,-0.0046382803469993,-0.04182572130790683,-0.07810957245881626,-0.08799107655219925,0.0527130764702909,0.0057019514319343045,0.019799860314710045,0.2079333268359962,0.18448077298542498,0.5939667962351112,0.036552726750364785,-0.14831049344668146,-0.005594430598312,0,170.58203125
2023-02-22,-0.005594430598312,-0.04769857814616513,-0.11314903271253485,-0.10601419466934381,0.0527705805412277,0.011436271250520269,0.005771828508858892,0.1918592891244701,0.18501955944769466,0.583007389800597,0.017940580604430663,-0.4479964674844815,0.0053618300986395,1,169.63038635253906
2023-02-23,0.0053618300986395,-0.029326415236255624,-0.06410611507903835,0.10201190727095552,0.0525608259082722,0.00996507869887564,0.0021844143354160647,0.1889688399291096,0.1863773003470195,0.5907994510816778,0.02505230020222963,-0.5033960453626369,-0.009636984111626,0,170.5423583984375
2023-02-24,-0.009636984111626,-0.011959397615372626,-0.04324406349467985,-0.1845334196652907,0.0522235166351206,-0.01085056911418869,-0.014057994717058321,0.1685723588168887,0.18523437743332227,0.5702191648359939,0.017958786135072038,-0.5055246310135617,-0.0050010693480366,0,168.90673828125
2023-02-27,-0.0050010693480366,-0.019508934306334425,-0.026828113296775154,-0.09614562146876827,0.052015570461117,-0.014142424717719315,-0.024002712384761763,0.1549187805256669,0.18332171121869334,0.5594081443808954,0.023947137662921066,-0.5082410504054837,0.0313541968438026,1,168.0641326904297
2023-02-28,0.0313541968438026,0.016483542884467472,-0.02534217842343936,0.6080720043563486,0.0515632961543615,-0.021812051068152316,-0.0009336975000747542,0.1831046304705678,0.18421032469029397,0.6099965158693486,0.032468319739922036,0.14838786902456702,-0.00872669876554,0,173.41712951660156
2023-03-01,-0.00872669876554,0.01335127471723947,-0.034347303428925655,-0.16880567109283223,0.051696715572671,-0.020349690254359287,-0.016480841540473523,0.1638097971627917,0.18331177095284268,0.589479279881827,0.027678486347818148,-0.22809798631496503,0.00638027471109,1,171.9103546142578
2023-03-02,0.00638027471109,0.014369719329689973,-0.014956695906565655,0.12392598561979455,0.0514845589420181,-0.020476599209692248,-0.016158699936147346,0.1626605664317794,0.1817562104338588,0.6000584580577418,0.02051224348876444,-0.5462700835695093,0.0596096858821428,1,173.0106964111328
2023-03-03,0.0596096858821428,0.08361638932345877,0.07165699170808615,2.483628895590365,0.0240010437903902,-0.5404169359546851,0.045308047244530004,0.2225464130440741,0.1695561095762641,0.6845944138896766,0.05165987619665141,0.3896810403986415,-0.0018911318498633,0,183.63739013671875
2023-03-06,-0.0018911318498633,0.08672632682163207,0.06721739251529764,-0.07924778321359464,0.0238635299711309,-0.5412233344827101,0.04381311974172344,0.209412163224357,0.1586481721207038,0.6795440644868281,0.027149834711576077,0.07706977241989943,-0.0021115136129931,0,183.2904357910156
2023-03-07,-0.0021115136129931,0.05326061636483637,0.06974415924930384,-0.08848922424228464,0.0238618162954141,-0.5372325263307329,0.04206732687645109,0.1967243556357144,0.14841366269763068,0.6735810543139945,0.034415512940033956,0.20159501125999113,0.0024898930531763,1,182.90382385253903
2023-03-08,0.0024898930531763,0.06447720818355267,0.07782848290079215,0.10908611818351312,0.0228250220526466,-0.5584821627485975,0.04663063853758159,0.1892407480859739,0.13625638720805666,0.6771790720114739,0.02119261579215765,-0.3336298422890126,-0.0178916412910024,0,183.35980224609375
2023-03-09,-0.0178916412910024,0.040205292181460274,0.05457501151115024,-0.8525142197951796,0.020986912447397,-0.5923649171971648,0.028577565797277688,0.1586692612785548,0.12647728261547253,0.6243322234872091,0.04749842868655668,-0.0732454659440509,-0.0120711248737438,0,180.10836791992188
2023-03-10,-0.0120711248737438,-0.03147551857442633,0.05214087074903244,-0.6041660953498728,0.0199798117879379,-0.16754404673276613,0.015778955735662393,0.135694909601441,0.11805319768505274,0.5913029970986527,0.03325720797387575,-0.08701431269146154,0.0077134724855036,1,177.94732666015625
2023-03-13,0.0077134724855036,-0.021870914239059427,0.06485541258257264,0.3985422438147738,0.0193542155322649,-0.18896259037624275,0.02169322591271674,0.1351128374750057,0.11101141583959029,0.605629052557281,0.0495300815775885,-0.1065113419547088,0.0700169103732305,1,179.32522583007812
2023-03-14,0.0700169103732305,0.05025750974716418,0.10351812611200055,2.9240434717272747,0.0239452357840188,0.0034959404419157014,0.0912966351255775,0.2062724160508929,0.10535703788006723,0.7092326919439855,0.03999592616608593,0.4774866767513146,0.0190424138986677,1,192.33102416992188
2023-03-15,0.0190424138986677,0.06681003059265558,0.13128723877620824,0.788110171164293,0.0241621217380508,0.0585804334523814,0.10659086742330123,0.2177414113033038,0.10044411819412247,0.7308787431668381,0.03509482903366002,0.4480835760207267,0.0356646777339779,1,196.028564453125
2023-03-16,0.0356646777339779,0.12036634961763588,0.16057164179909617,1.4431034227521469,0.0247138750914759,0.1775850856299328,0.13792769958159928,0.2496141176236266,0.09814895804284651,0.766857883104754,0.04718683703973062,0.6623907211845734,-0.0465453896466289,0,203.14602661132812
2023-03-17,-0.0465453896466289,0.08589208484475078,0.05441656627032445,-1.7587576842982708,0.0264649246807414,0.3245832824470678,0.0792335740060597,0.1829385262776569,0.09609129549838769,0.6461085402488016,0.03307602474574458,0.5886643963057234,0.011184084731139,1,193.90719604492188
2023-03-20,0.011184084731139,0.08936269709038618,0.06749178285132676,0.4225052372143501,0.0264708783372192,0.36770608413915307,0.08391716655442324,0.1860762600414977,0.09424990823959356,0.6597288785420449,0.028916643705072454,-0.20328148208250874,0.0217524940174593,1,196.08804321289065
2023-03-21,0.0217524940174593,0.04109828073461497,0.09135579048177915,0.8198657731048145,0.0265317747502534,0.10801893911442995,0.09869867366366607,0.2017624863263118,0.09380534912176985,0.6855031166787913,0.027700860714641968,0.011207092524638806,-0.0116926304171258,0,200.40017700195312
2023-03-22,-0.0116926304171258,0.01036323641882147,0.07717326701147705,-0.437415340003815,0.0267311850952091,0.10632606627060026,0.07752618762213555,0.1779415746766328,0.0931906697099325,0.6565691837142381,0.0385365949768564,-0.1038092778955011,0.0221247039035215,1,198.07061767578125
2023-03-23,0.0221247039035215,-0.00317673741163493,0.11718961220600094,0.8220357245612303,0.0269145284596126,0.08904525737025071,0.09213773159781248,0.1942552773010724,0.09350244273115682,0.6838995098537325,0.02804978960528969,-0.14793519010212752,0.0084331609186579,1,202.501708984375
2023-03-24,0.0084331609186579,0.05180181315365188,0.13769389799840262,0.3173745567281453,0.0265716351228543,0.004032146072592058,0.09099866428802794,0.1941598173171464,0.09455662633321382,0.6940476155781503,0.0195621517729965,-0.14827122234806211,-0.0155071717831927,0,204.21665954589844
2023-03-27,-0.0155071717831927,0.02511055663932017,0.11447325372970635,-0.5748926239754382,0.0269740315608141,0.01900780235491628,0.06482169262765568,0.1668389345190355,0.09580687790049836,0.6526984946204896,0.022184973778563242,-0.429999918471209,-0.0107059303959353,0,201.0742645263672
2023-03-28,-0.0107059303959353,-0.0073478677740744305,0.03375041296054053,-0.39983928120353807,0.0267755843390621,0.00918934338557098,0.046412828644361914,0.1460146713729864,0.09518408031910286,0.6253591171434034,0.015596995201556238,-0.3861125344277243,0.0230042486043704,1,198.9330596923828
2023-03-29,0.0230042486043704,0.02734901124742177,0.03771224766624323,0.860188623141516,0.0267432607052579,0.0004517424126835312,0.06192360013865274,0.163383620134996,0.09554361536281508,0.6586497885849795,0.015485794205271608,-0.38294877628042934,0.0120526309068361,1,203.5624084472656
2023-03-30,0.0120526309068361,0.017276938250736368,0.014100200839101433,0.45056171319536686,0.0267502332174638,-0.006104332921728184,0.06562205350549395,0.1675918484547483,0.09569039474531538,0.6752211856625442,0.025355990697306968,-0.26627671366559336,0.0195347688800579,1,206.0307159423828
2023-03-31,0.0195347688800579,0.02837854621213637,0.08018035936578824,0.810258483910615,0.0241093049538657,-0.09266761934687062,0.07925893711659328,0.1805717100560414,0.09387253554751274,0.7009640488462636,0.02547888003340594,-0.1460477734314225,0.0053175330287277,1,210.0950469970703
2023-04-03,0.0053175330287277,0.04920325102405677,0.07431380766337695,0.22131136207056584,0.0240273837681781,-0.10924016997580266,0.07728639975145411,0.1772005907335473,0.09274617316727007,0.707837431887813,0.024827560722201172,-0.38248537870166077,0.0077140976815065,1,211.2152099609375
2023-04-04,0.0077140976815065,0.06762327910149857,0.06027541132742413,0.32236652397220183,0.0239295866904955,-0.10629077642255813,0.0774005902357664,0.1770239669416942,0.09246642113322734,0.7180290123522605,0.01723180041913326,-0.25552477140555707,-0.0152045510525951,0,212.8508453369141
2023-04-05,-0.0152045510525951,0.02941447944453307,0.056763490691954833,-0.6218833724855676,0.0244492001640516,-0.085780883882842,0.0541321148526593,0.1506422066005055,0.09155407599106868,0.6687004661624618,0.024825043058747935,-0.313187066107772,0.0216109326179053,1,209.63902282714844
2023-04-06,0.0216109326179053,0.038972781155602265,0.05624971940633864,0.9023821270562696,0.0239487595885836,-0.10472707307281592,0.06800174038309692,0.166311378848254,0.0920500732797429,0.7003159570913806,0.03836190796288465,-0.07488746361305765,-0.0062667436616505,0,214.2188262939453
2023-04-10,-0.0062667436616505,0.01317126861389387,0.041549814826030235,-0.2642164642813579,0.0237182178585858,-0.016221417250653403,0.05216739961056408,0.1506477671057561,0.09359762289883,0.6798985525353047,0.023282887077997687,-0.41938229451439357,-0.0041998018074825,0,212.8805694580078
2023-04-11,-0.0041998018074825,0.00365393377768367,0.052857184801740446,-0.17572298888136256,0.0239001273209503,-0.005296308930493598,0.03936807151188049,0.1382494448784648,0.09513605052611429,0.6659588884659349,0.012204818965907287,-0.3887748868819658,0.0007013368535823,1,211.98838806152344
2023-04-12,0.0007013368535823,-0.0033588270502405305,0.06426445205125804,0.03688060008940945,0.0190164165410013,-0.20531780231062835,0.03507157545743967,0.130988632209829,0.092667076390345,0.6671838856566796,0.019906516387083743,-0.2760133683493111,0.0292411794325176,1,212.1371154785156
2023-04-13,0.0292411794325176,0.041086903434872174,0.07050138287940524,1.4960957922725466,0.0195449914260508,-0.20058769632928963,0.05999169557168775,0.1558277876798089,0.09041211597080823,0.7148470948215911,0.024778721596736053,-0.07734641307256185,0.0051601340054802,1,218.4318389892578
2023-04-14,0.0051601340054802,0.02463610482244707,0.06360888597804934,0.2834608149363914,0.0182040470272342,-0.23987516097025385,0.061248481825010824,0.1535336127123726,0.08695902276219103,0.7225295771096278,0.020587825389414626,-0.09363406722225198,-0.0119450972762475,0,219.5618896484375
2023-04-17,-0.0119450972762475,0.018957751207850072,0.032129019821743945,-0.8291002322783882,0.0144073018088803,-0.3925638977270387,0.042838556037138084,0.1362751819469591,0.08959836148069455,0.6771998819015335,0.017591112281777378,-0.29910522385475147,-0.0044419403441418,0,216.95480346679688
2023-04-18,-0.0044419403441418,0.01871561267119077,0.02236954644887444,-0.3060719030412109,0.0145127347528653,-0.39277583930928384,0.03327350001743862,0.1275674197763615,0.09125746451189487,0.6607348908464351,0.019413445956161665,-0.4272856576584979,-0.0101017629879452,0,215.9932403564453
2023-04-19,-0.0101017629879452,0.007912512829663269,0.004553685779422743,-0.7061827909404378,0.0143047425079454,-0.24776876457754593,0.019614731249828304,0.1128205329140647,0.09141276484892091,0.6238557088179567,0.020398744633868787,-0.23000641011514722,-0.0122677834609291,0,213.8223114013672
2023-04-20,-0.0122677834609291,-0.03359645006378343,0.007490453371088742,-0.8556796889263311,0.0143368875289329,-0.2664674434277935,0.004036073126875901,0.0968245287295103,0.09241546004782752,0.5818541708970122,0.01867928657590418,-0.17815865617362459,-0.0008453095654437,0,211.2152099609375
2023-04-21,-0.0008453095654437,-0.039601893634707334,-0.014965788812260253,-0.061947782979822244,0.0136455176405431,-0.25041296475840247,0.001156749949702474,0.0925839190078079,0.09132153287954026,0.5789805518224335,0.01799052018429811,-0.09436593296328688,-0.0004697244257689,0,211.0367431640625
2023-04-24,-0.0004697244257689,-0.02812652078422873,-0.009168769576378653,-0.034610249544628706,0.0135718300777695,-0.05798946549421469,-0.0009061762073180509,0.0881760661935306,0.0891630398261114,0.5772755506211648,0.015085255680993177,-0.16947688206217393,-0.0249334726012184,0,210.93763732910156
2023-04-25,-0.0249334726012184,-0.04861805304130533,-0.029902440370114552,-1.7387566395349416,0.0143398288376269,-0.011914082230729317,-0.0265853866257412,0.0577661277921787,0.08665527850000387,0.4949976551449605,0.019898769276305545,0.010506835114299395,0.008874010762082,1,205.7432556152344
2023-04-26,0.008874010762082,-0.02964227929127813,-0.02172976646161485,0.6269101429226273,0.0141551558261791,-0.010457139070012222,-0.01991298500980703,0.0639443857695993,0.0855611486498935,0.5209573149294453,0.024976102578706225,1.084847696500645,0.1303745511748899,1,207.5771484375
2023-04-27,0.1303745511748899,0.11300005534454088,0.07940360528075746,4.09677503624203,0.0318237027958661,1.2197079199821794,0.1079581135374878,0.2048703962465847,0.08746926578268877,0.7441807905607919,0.02062373499034321,2.1282617411697506,0.0073504994737906,1,236.4833068847656
2023-04-28,0.0073504994737906,0.12119586438377518,0.08159397074906787,0.23110689638549006,0.0318056258326876,1.330847877708047,0.10777682403579651,0.2060648368927661,0.08872546412272064,0.751701326916814,0.01947400355005577,0.6755618495146021,0.0118306469698719,1,238.2279815673828
2023-05-01,0.0118306469698719,0.133496235779416,0.10536971499518727,0.37325829747736555,0.0316956034194774,1.3353964231687834,0.11294694966061002,0.211813874072225,0.08883345647495977,0.763850473111105,0.031005812621211295,0.2249664692439639,-0.0163347357458616,0,241.0631103515625
2023-05-02,-0.0163347357458616,0.14209497263477278,0.09347691959346746,-0.5085762098196471,0.0321185604644273,1.2398147724155542,0.08839703176204197,0.1843470946922716,0.08815722583779273,0.7121543430718589,0.024786793762010255,0.009838523958061396,-0.0092805971562892,0,237.1573944091797
2023-05-03,-0.0092805971562892,0.12394036471640159,0.09429808542512347,-0.2874193588873653,0.0322893948139593,1.2811048645781793,0.07289799403843364,0.1659089516702891,0.08669133333147361,0.6841835220189634,0.037969877426275,0.39052901099628246,-0.0149189296564872,0,234.96661376953125
2023-05-04,-0.0149189296564872,-0.021353116114975527,0.09164693922956535,-0.46217144105710123,0.0322800768960624,0.014340697659342982,0.05176398463006558,0.1416357945835606,0.08544864747874525,0.6411148983473381,0.022567678040602075,-0.27600773471450923,-0.0031739599865518,0,231.4871826171875
2023-05-05,-0.0031739599865518,-0.03187757557531793,0.08931828880845727,-0.09893207122355964,0.0320822150723956,0.008696236356517062,0.04450753843350224,0.1312993232950912,0.08309349781405584,0.6320809647742263,0.020749147682765826,0.09074485788968611,0.0021027731903715,1,230.7536163330078
2023-05-08,0.0021027731903715,-0.04160544935481832,0.09189078642459766,0.06571247340450596,0.0319996049673472,0.009591284439247838,0.04237508486642724,0.1267938709226366,0.08098695688512847,0.6357410751699263,0.02293475692004402,-0.3378593038327694,0.0004285596542642,1,231.2393493652344
2023-05-09,0.0004285596542642,-0.02484215395469253,0.11725281868008025,0.013412251549671662,0.031952849428528,-0.005159354388962423,0.038293599547802405,0.1203680973897002,0.07904748510213588,0.6365356902982987,0.02056820993353281,-0.31929540196668804,-0.0012433689616591,0,231.3384704589844
2023-05-10,-0.0012433689616591,-0.016804925760062428,0.10713543895633916,-0.03889472331689679,0.0319675486962251,-0.009967548775335566,0.03262049488066452,0.1127640413007406,0.07761181074499013,0.6322282719493341,0.02587094015756713,-0.22857550954203554,0.0115598029434494,1,231.0510101318359
2023-05-11,0.0115598029434494,0.009673806839874172,-0.011679309275101355,0.36719443012326625,0.0314814223613599,-0.02474140744069675,0.041065983321579486,0.1190378025315283,0.07489613574845211,0.6556779455960803,0.025064692439842266,-0.1701212818499287,-0.0084327133695867,0,233.73741149902344
2023-05-12,-0.0084327133695867,0.004415053456839273,-0.027462522118478657,-0.2669622959294857,0.0315876567521508,-0.015415342086847805,0.029523803191382134,0.103432216827617,0.0717889313555733,0.6243545220470106,0.023566185463237847,-0.336817475643695,0.0213687359548476,1,231.774658203125
2023-05-15,0.0213687359548476,0.02368101622131537,-0.017924433133502952,0.6751006423302116,0.0316526671950573,-0.01084193922530996,0.0471493046620279,0.1215895554059642,0.07108847841708887,0.6679280757342062,0.020639674550714998,-0.1613943870854443,-0.0001674361774326,0,236.7806854248047
2023-05-16,-0.0001674361774326,0.02308502038961857,-0.0017571335650739541,-0.005297873201124422,0.0316044138989705,-0.010904677854689626,0.04219261767189203,0.1157519128651738,0.0705812859791719,0.6672679969044094,0.017251465500519397,-0.271178888350992,0.0152503175866966,1,236.7410430908203
2023-05-17,0.0152503175866966,0.03957870693797427,0.022773781177911845,0.4842519989679365,0.031492523766962,-0.014859598206201752,0.05205841563708403,0.1267934027608721,0.07103691773477405,0.6968741986436041,0.023506110846299853,-0.15856705753761424,0.0178204185873932,1,240.37908935546875
2023-05-18,0.0178204185873932,0.04583932258191807,0.05551312942179225,0.5693539535162249,0.0312993674274809,-0.005782932289058684,0.06318375054899528,0.1404945217058084,0.07271628363102067,0.7278551463905731,0.023901129230720974,-0.10062637419929432,-0.0049137991645251,0,244.70114135742188
2023-05-19,-0.0049137991645251,0.049358236786979676,0.053773290243818946,-0.1566468964943426,0.0313686340073936,-0.006933807926169933,0.05056296313559035,0.1282370984593062,0.07393572593867548,0.7062811345480446,0.021494865626185886,-0.15470070743681819,0.010851153668043,1,243.50167846679688
2023-05-22,0.010851153668043,0.03884065450017507,0.06252167072149045,0.346395302556964,0.0313259261541474,-0.010322701682495827,0.0540166450946577,0.1333823744803542,0.0752983643617593,0.7256758814726301,0.03402872083520236,0.05427450855190563,-0.0063830557671861,0,246.15834045410156
2023-05-23,-0.0063830557671861,0.032625034910421576,0.05571005530004015,-0.20877541043177292,0.0305737910129606,-0.032610093302298915,0.0386713099513018,0.1194429604751362,0.07776439933401202,0.6964770587796474,0.02010215856141171,-0.3235728097467776,0.0099608385941423,1,244.59210205078125
2023-05-24,0.0099608385941423,0.027335555917867273,0.06691426285584154,0.325781852583404,0.0305751794188481,-0.029128956285055296,0.04035176238470717,0.1250153401827134,0.08137976101846478,0.7157335920652893,0.01861883256949588,-0.29172451810889166,0.0138674677311921,1,247.0406188964844
2023-05-25,0.0138674677311921,0.023382605061666173,0.06922192764358424,1.2587965625669828,0.0110164486808838,-0.6480296700433843,0.05177723942188943,0.1350946718884488,0.07921585421676824,0.7406944901795707,0.02552533493974631,-0.009384355628687224,0.0363339311216224,1,250.4903106689453
2023-05-26,0.0363339311216224,0.06463033534781368,0.11398857213479334,2.7309340745011985,0.0133045800925307,-0.5758635811366601,0.08578710186465045,0.171086893398996,0.0785603286204617,0.793229098549607,0.03663559201525836,0.17518781983730114,0.0018297862985894,1,259.75897216796875
2023-05-30,0.0018297862985894,0.055608967978360076,0.09444962247853515,0.1386708310673484,0.0131951779945757,-0.5787777213785993,0.08343452529832156,0.166256818012803,0.07644420662307816,0.795519030797069,0.028035904538984285,0.10130946534712071,0.0083453887096234,1,260.2347106933594
2023-05-31,0.0083453887096234,0.07033741245516957,0.10296244736559115,0.6764738701323196,0.012336601719725,-0.5964974799986249,0.08679979704545408,0.1690802147698757,0.07570890052437163,0.8061191261801397,0.024743078584031367,0.1748886162587977,0.0293694393604294,1,262.4155578613281
2023-06-01,0.0293694393604294,0.08974601322145667,0.11708156913932394,2.2622800802583782,0.0129822295730399,-0.5753997255356418,0.11107695113747035,0.1964794701635951,0.07686463024788126,0.8384614268057007,0.029749406798521047,0.2057725664200145,0.0,0,270.2368469238281
2023-06-02,0.0,0.07587854549026457,0.09926115055193074,0.0,0.0120522437537767,0.09402259320558115,0.10229611647743514,0.1888820965780726,0.0785505625995826,0.8384614268057007,0.015516713303340873,-0.0890694099656798,-0.0044850806186279,0,270.2368469238281
2023-06-05,-0.0044850806186279,0.03505953375001427,0.09968986909782795,-0.37011383591655245,0.0121181111954948,-0.08917747788988795,0.08886366904371691,0.1766741609691854,0.08064415630892263,0.8141085350320637,0.02214528700847921,-0.012363960133459861,-0.0009955615939023,0,269.02752685546875
2023-06-06,-0.0009955615939023,0.032234185857522565,0.08784315383588263,-0.08151983711629637,0.0122125071530998,-0.07447196558317437,0.07958287190343034,0.1689036789699005,0.08273640624641176,0.8085103769155739,0.025376235640011333,-0.08199588720542694,-0.0281285790029963,0,268.75982666015625
2023-06-07,-0.0281285790029963,-0.0042397818550971265,0.06609763060007244,-1.9353851175366137,0.0145338407059773,0.17810731319461626,0.04335918733711174,0.1305589786135185,0.08357600367612661,0.6702879063065356,0.043437071099819466,0.21024682677718975,0.0037108493087674,1,261.3053283691406
2023-06-08,0.0037108493087674,-0.029898371906759123,0.059847641314697546,0.2569091162846812,0.0144442103201017,0.11261399583457399,0.04075006082823651,0.1285761126874087,0.08438726565077448,0.6780133740652857,0.03314683444991584,-0.03722321676182616,0.0013976265417625,1,262.27679443359375
2023-06-09,0.0013976265417625,-0.028500745364996624,0.047377800125267946,0.09685837745277236,0.0144295886274161,0.19725330172603206,0.03626249758304826,0.124437314324679,0.08508926738860811,0.6810523058793132,0.02358935539552357,-0.2128256594926915,0.0227620851156649,1,262.64361572265625
2023-06-12,0.0227620851156649,-0.0012535796307038237,0.03380595411931045,1.5706025913149402,0.0144925808995438,0.1959438781954539,0.052455891289636354,0.1441865592373891,0.0871586816197587,0.7268230809650276,0.023685717457541777,-0.2816277429155377,0.0009955914402306,1,268.69049072265625
2023-06-13,0.0009955914402306,0.0007375734034290745,0.032971759260951645,0.07025689210993762,0.0141707298790374,0.1603456768858933,0.04690670267303867,0.1396131272293214,0.08855270896592593,0.7286789852886157,0.024436107562424866,-0.2401298323081621,0.0074539783832512,1,268.9581298828125
2023-06-14,0.0074539783832512,0.03632013078967657,0.03208034893457944,0.5291057851844844,0.0140878791953715,-0.03068435382138124,0.047759501597789966,0.142354833327136,0.09028343964916763,0.7428260395860721,0.02440088809667095,-0.10071557810437926,0.0305510599386046,1,270.9704284667969
2023-06-15,0.0305510599386046,0.06316034141951377,0.03326196951275465,2.0419113766615515,0.0149619911460381,0.035846945901626404,0.07217987570327447,0.1712239723857032,0.09237638098501244,0.7916895856382419,0.044601275256483476,0.2046161609228241,-0.0029494178696812,0,279.3766174316406
2023-06-16,-0.0029494178696812,0.05881329700807007,0.030312551643073445,-0.19754992441886882,0.0149299873353912,0.03467865376455337,0.062122761426647695,0.1610657642748811,0.09315590103288329,0.776145235154689,0.027473313952680024,0.910769018105646,0.011780806691199,1,278.5538330078125
2023-06-20,0.011780806691199,0.04783201858360417,0.04657843895290034,0.8000657232616697,0.0147247986617544,0.01602321655612826,0.06690817893445081,0.1682379549520462,0.09497516095414715,0.7936503459802953,0.030176157906176206,-0.08071579616736957,-0.0095057025067284,0,281.8548278808594
2023-06-21,-0.0095057025067284,0.03733072463664517,0.03806829804007425,-0.6268433156462653,0.0151643995707734,0.07012127817113534,0.05024895670203421,0.1508597452947885,0.09579708501562312,0.7430990541518478,0.020025615520144587,-0.07237971592694903,0.0114384751359508,1,279.18829345703125
2023-06-22,0.0114384751359508,0.041315221389344764,0.07763535217902134,0.7676053090004241,0.0149015060237741,0.057753677265341086,0.054829961634676905,0.1573808379185635,0.0972202914344249,0.762704702408894,0.026221570811106782,-0.2071155589875714,0.0134239986804362,1,282.4001159667969
2023-06-23,0.0134239986804362,0.02418816013117637,0.08734850155069014,0.8975983466748045,0.014955462797103,-0.0004363288864015491,0.0613202410162965,0.1659425388089959,0.09857750163373447,0.7838169869999356,0.03712811558480747,1.144985070917341,-0.0361817643690862,0,286.21661376953125
2023-06-26,-0.0361817643690862,-0.009044186368228627,0.04976911063984145,-2.039817656361884,0.0177377444774246,0.18806158899932046,0.01877908328058521,0.1192569739063277,0.09862578872565009,0.6243866763403925,0.043774921492333266,0.013397054952159593,0.0303460815054923,1,276.0458984375
2023-06-27,0.0303460815054923,0.009521088446064672,0.05735310702966885,1.7621028193728132,0.0172215157775489,0.16955865904498735,0.045386337572392535,0.1476941575727592,0.09786603892102419,0.682539323961525,0.030308352471716645,0.09096417259332923,-0.0061502482744374,0,284.55120849609375
2023-06-28,-0.0061502482744374,0.012876542678355671,0.050207267315000845,-0.3538740218689944,0.0173797676414751,0.14609006181632256,0.03468664042372591,0.1346299946737917,0.09659287203045075,0.6599676412929704,0.0192435419045197,-0.29073559127069626,-0.0132671772710149,0,282.8065185546875
2023-06-29,-0.0132671772710149,-0.011829109728610027,0.029486111660734747,-0.7464701563716317,0.017773218604616,0.19271290943749753,0.017946900257195288,0.1140367457560314,0.09439573466411466,0.6133049926864139,0.020885891053557065,-0.332733203367778,0.0191736208829419,1,279.0792541503906
2023-06-30,0.0191736208829419,-0.006079487526104328,0.018108672605072047,1.1203868142108828,0.0171133939098046,0.14429049384681103,0.03496416306931752,0.1292327091394682,0.0910838746247844,0.6517415696946203,0.016133438525287962,-0.135318226021368,-0.0033508482448091,0,284.4818420410156
2023-07-03,-0.0033508482448091,0.02675142859817277,0.01770724222994415,-0.19531398321106597,0.0171562127284456,-0.032784988515261015,0.0290136984823595,0.1190308047694158,0.08747901647938994,0.6396800051606975,0.015907936395142184,-0.6119512520871117,0.0287757423855492,1,283.5301818847656
2023-07-05,0.0287757423855492,0.025181089478229668,0.03470217792429435,1.5948649584997692,0.0180427453949565,0.04768625642570967,0.05469462994047484,0.1444031716622997,0.08505641270486786,0.6929130983196107,0.039949756974869036,0.47924328857594634,-0.0081182457294565,0,291.8074951171875
2023-07-06,-0.0081182457294565,0.02321309202321057,0.036089634701566245,-0.44563336750857047,0.0182173201590439,0.04819123792944535,0.04227024644247214,0.1282027534639696,0.08244743368124197,0.6628521766070764,0.023322708950150865,0.95863658106294,-0.0050124167866347,0,289.4481201171875
2023-07-07,-0.0050124167866347,0.03146785250759077,0.01963874277898075,-0.29895107418244765,0.0167666792980836,-0.056632359558723144,0.032098356732053926,0.1154093932476793,0.08072005538252602,0.6443855752976098,0.025952598962593457,0.05404981751046756,0.0122128551698481,1,288.00091552734375
2023-07-10,0.0122128551698481,0.02450708679449697,0.018427599268392648,0.7250775887181906,0.0168435149008512,-0.015770045987124837,0.03933084341319078,0.1218193401094992,0.0793669284608296,0.6686920855789762,0.03767431778271999,0.4774893808054719,0.0141464550864324,1,291.539794921875
2023-07-11,0.0141464550864324,0.04200439012573847,0.06875581872391125,0.835608625707747,0.0169295225673988,-0.01321329856623532,0.04796454830488367,0.1326407834293268,0.0808006676002635,0.695038869321875,0.027758216977119846,0.07699596447141954,0.0363746880131035,1,295.693359375
2023-07-12,0.0363746880131035,0.049603335753292774,0.07478442523152244,2.033413074596433,0.01788848929297,-0.008549480614497895,0.07952472396021701,0.1684741210609535,0.08239681327022064,0.751225062192751,0.03022566177734961,0.3749370910920986,0.0130712634335628,1,306.6471252441406
2023-07-13,0.0130712634335628,0.07079284491631206,0.09400593693952264,0.7305272177774347,0.0178929177660635,-0.017807360805445094,0.08575409404740028,0.1775999245626686,0.0845917422911957,0.7681675985197595,0.01898465786008509,0.10589973275581066,-0.0145915941495308,0,310.68170166015625
2023-07-14,-0.0145915941495308,0.06121366755341597,0.09268152006100674,-0.7868492964200027,0.0185443314443051,0.1060229109543882,0.06348299779677265,0.1545006653510538,0.0855845065157066,0.710075531487606,0.024346876194292832,-0.1639575670596214,0.0056497426496617,1,306.1812744140625
2023-07-17,0.0056497426496617,0.05465055503322956,0.07915764182772654,0.3204566189873314,0.0176302885161659,0.046710773846552645,0.06423363567825151,0.1546894356342016,0.08499618591579416,0.718899975708308,0.022535574367513463,-0.08058943268384011,0.0045929010347336,1,307.916015625
2023-07-18,0.0045929010347336,0.045097000981530765,0.08710139110726924,0.2619308582679381,0.0175347840460835,0.03575183389106629,0.06347605663853745,0.153271636119438,0.08443592022628965,0.7262324661816044,0.021086419955924873,-0.21538328495685477,0.0126107523772449,1,309.33349609375
2023-07-19,0.0126107523772449,0.021333065345672163,0.07093640109896493,0.7184774436844471,0.0175520505035973,-0.018807557410950193,0.07118956898897554,0.1607662936611556,0.08362359685478049,0.7459936101407223,0.025821978449864297,-0.17798600774208562,-0.0436264322997718,0,313.2591247558594
2023-07-20,-0.0436264322997718,-0.03536463038766244,0.035428214528649644,-2.130279757956816,0.0204792033237994,0.14454241569483783,0.02184590787243593,0.1055903789818984,0.08195410919032309,0.5898109128206679,0.04403017257685003,-0.1052249981747444,-0.0276837072597401,0,299.8865661621094
2023-07-21,-0.0276837072597401,-0.04845674349787174,0.012756924055544239,-1.285813143751208,0.0215301168713956,0.1610079843567196,-0.00762669390052466,0.0706383525601558,0.07886653740042782,0.5182622895317571,0.04846047296540491,0.5120538420674074,-0.0090465114533829,0,291.6984558105469
2023-07-24,-0.0090465114533829,-0.06315299760091633,-0.008502442567686761,-0.4213968176504109,0.0214679159273762,0.21767241118552483,-0.01704107342164226,0.0564967403735156,0.07481270255222183,0.49741448964395474,0.031617577188200796,-0.06191241749842813,0.0097598719747268,1,289.0715026855469
2023-07-25,0.0097598719747268,-0.05798602666092314,-0.012889025679392362,0.49482632619136513,0.0197238333090474,0.12484038909237882,-0.010070036032194788,0.062341495149677,0.07314813554247235,0.5198625596061354,0.02186980817981366,-0.2560851679473498,0.0138274578651497,1,291.9066162109375
2023-07-26,0.0138274578651497,-0.05676932117301833,-0.035436255827346164,0.7341292516453228,0.0188351817260513,0.07310434881616934,0.0017734512331537612,0.0721233825826753,0.07022539004494766,0.5508354064015666,0.03305755727322465,0.7256380505145577,0.0430686164347264,1,295.9709777832031
2023-07-27,0.0430686164347264,0.029925727561479862,-0.005438902826182562,2.0677603149552715,0.0208286309216927,0.017062558165396036,0.04124594832772247,0.113481422014855,0.06937407420710295,0.6326273553823409,0.049757820380487275,1.15820081161189,0.0432277032314249,1,308.99652099609375
2023-07-28,0.0432277032314249,0.10083713805264485,0.052380394554773134,1.9564590825377033,0.0220948670060376,0.026230704552854256,0.07932078820675831,0.1555160356791857,0.07059555259657535,0.6952550876686447,0.0367150417957101,0.2671428054495124,-0.0213644917639891,0,322.6466369628906
2023-07-31,-0.0213644917639891,0.08851915774203865,0.025366160141122335,-0.937360878339319,0.0227921734922836,0.0616854271922449,0.050996132668186096,0.1250111919481407,0.0704237218190813,0.6368397236831069,0.025329589358503546,-0.1745975580825988,0.0128175834148257,1,315.8265686035156
2023-08-01,0.0128175834148257,0.09157686918213756,0.033590842521214435,0.5631959446346255,0.0227586571546447,0.15386582303984575,0.05815052831626322,0.1334515775355664,0.07116288959296058,0.6554629893438735,0.029376254957534393,-0.28619168393087435,-0.0263744158746649,0,319.9007568359375
2023-08-02,-0.0263744158746649,0.05137499544232296,-0.005394325730695364,-1.1370661211747315,0.0231951470398369,0.2314798645003382,0.027249057114710314,0.0986485942160362,0.06950557569930482,0.5889834833732579,0.02462543607290191,-0.3462114655754588,-0.0035695601713393,0,311.5738525390625
2023-08-03,-0.0035695601713393,0.004736818836257265,0.03466254639773714,-0.15452885022484483,0.0230996358682891,0.10903284786861267,0.0200549115326145,0.0897917175753193,0.06836573723068162,0.580529414708225,0.0192216210106396,-0.4884548338190926,-0.0078858089875707,0,310.4636535644531
2023-08-04,-0.0078858089875707,-0.04637669338273834,0.05446044466990653,-0.340430279433855,0.0231642408562629,0.04839919832661055,0.008724341375005558,0.0764379726715916,0.06712798384966567,0.5614653613269226,0.02642162380459409,-0.39839864902022204,0.018588486021347,1,308.0250244140625
2023-08-07,0.018588486021347,-0.006423715597402239,0.08209544214463643,0.7965683645878268,0.0233357070751427,0.02384737826969907,0.023917560824069057,0.0915409900323833,0.06604382207673987,0.5953773197819884,0.02088076800644131,-0.4249602627053094,-0.012460292749136,0,313.8042907714844
2023-08-08,-0.012460292749136,-0.03170159176136394,0.059875277420773636,-0.5310014097507072,0.0234656490930708,0.031064747521002634,0.00889699135459199,0.0735859144353482,0.06411846168150603,0.5638072313870918,0.024884944128548688,-0.4501783792474612,-0.0240524198501707,0,309.91845703125
2023-08-09,-0.0240524198501707,-0.029379595736869733,0.021995399705453236,-1.058047707952577,0.0227328311090191,-0.019931580085428502,-0.014423149928788003,0.0449734498876074,0.060265822814429715,0.5087422432898782,0.03531994063465474,-0.2548037650786028,0.0017350176705254,1,302.5531005859375
2023-08-10,0.0017350176705254,-0.024075017895005033,-0.01933819905874776,0.07706948018535098,0.0225123831943943,-0.025422594418510913,-0.011487512732368246,0.0436992212429419,0.055828059519868134,0.5124005603204665,0.02770328217192059,-0.44737647282950677,-0.0135008882118772,0,303.0784912109375
2023-08-11,-0.0135008882118772,-0.029690097119311535,-0.07606679050204986,-0.6005831620156858,0.0224796315743607,-0.029554574490495367,-0.02360240674367031,0.0271140396417016,0.05194241232839425,0.48246877838996133,0.014454368311254216,-0.4498714592546986,0.0149717215986543,1,299.01416015625
2023-08-14,0.0149717215986543,-0.03330686154200423,-0.03973057713940646,0.6588476756984051,0.0227241017171134,-0.026208991913546198,-0.008162942874338351,0.0402285300802794,0.048789740821799876,0.5162414822206182,0.02599690189623792,-0.37554044720883717,-0.0139443967192786,0,303.52459716796875
2023-08-15,-0.0139443967192786,-0.03479096551214683,-0.06649255727351076,-0.6096277077827972,0.0228736268730207,-0.025229313610801385,-0.020294902794442415,0.0237828664324489,0.044990854240337885,0.48451158563491303,0.023845046914899894,-0.5273669214991002,-0.0256956728457268,0,299.3215026855469
2023-08-16,-0.0256956728457268,-0.03643421850770294,-0.06581381424457267,-1.1066998842164995,0.0232182845703633,0.02135472959862006,-0.04177196510363324,-0.0037358963312795,0.039694172354775015,0.4327616120293794,0.023106417464155125,-0.24085904483313914,-0.0317609343408318,0,291.72821044921875
2023-08-17,-0.0317609343408318,-0.06993017051906014,-0.09400518841406516,-1.4259847441206477,0.0222729832642197,-0.010634144244409005,-0.06908632331721874,-0.0357929624561375,0.03576417630871931,0.38023219571224715,0.03893498799860285,-0.019970623793254316,-0.0064748831762435,0,282.6082458496094
2023-08-18,-0.0064748831762435,-0.06290416548342644,-0.09259426260273795,-0.3007845606591636,0.0215266473852711,-0.042393229886228845,-0.07342883667420133,-0.0432875585675385,0.03252991167831598,0.370545004747185,0.03992938237808921,0.466804572469534,0.0232059966460495,1,280.7843017578125
2023-08-21,0.0232059966460495,-0.05466989043603124,-0.08797675197803545,1.0470927783310848,0.0221623118087363,-0.02472220532061864,-0.05141008823299908,-0.0224984319697077,0.030478561815437955,0.42733177072958617,0.029837854703691487,-0.1542362677854392,-0.0079653754828207,0,287.3763732910156
2023-08-22,-0.0079653754828207,-0.048690869199573335,-0.08348183471172016,-0.36053183794637483,0.0220934038119692,-0.03411015950302865,-0.05787702408797803,-0.0317326502249172,0.027750489619204677,0.41343910528564976,0.02138384480517312,-0.4483926822639944,0.0228249820115224,1,285.0964050292969
2023-08-23,0.0228249820115224,-0.0001702143423241327,-0.036604432850027055,1.014313165055234,0.0225028943701815,-0.030811501082855686,-0.03544169757533365,-0.0109222351775364,0.02542040469317519,0.46728349104029177,0.033068178329531635,-0.17190068423364468,-0.0257849229434153,0,291.6785583496094
2023-08-24,-0.0257849229434153,0.00580579705509237,-0.06412437346396775,-1.2493181338718276,0.0206391968901499,-0.07335283085739064,-0.05613338101224925,-0.0370983997335575,0.0201670245517378,0.42040291126379314,0.044707852856636976,-0.07219847107217725,-0.0043685721716653,0,284.2537841796875
2023-08-25,-0.0043685721716653,0.007912108059670568,-0.054992057423755854,-0.25148211519557073,0.0173713035945637,-0.1930325571064333,-0.0540233009224659,-0.0420773883405335,0.012628125611953589,0.4129570262953425,0.043292524935694125,0.2465406595440982,0.0165348419415949,1,283.01470947265625
2023-08-28,0.0165348419415949,0.0012409533552159673,-0.05342893708081526,0.9323865396974923,0.0177338917258067,-0.199817605723963,-0.033714887545412284,-0.026657229469675,0.00730390853048446,0.4527091627977861,0.019465390422279214,-0.22762462555717233,0.0262828940296618,1,287.73321533203125
2023-08-29,0.0262828940296618,0.03548922286769847,-0.013201646331874855,1.4082504936321247,0.0186635077697531,-0.15524525199498407,-0.0038827135419767776,-0.0018731453332765,0.0020174011996578756,0.5106605618802996,0.03681332118597339,0.13674196865309063,-0.0097456322393136,0,295.39593505859375
2023-08-30,-0.0097456322393136,0.0029186086168624635,0.0027483942745383447,-0.5422938520809397,0.0179711280183553,-0.20138593183956044,-0.010365893009768175,-0.0122659174486248,-0.0019199261883113827,0.48977970619146816,0.016469046996345375,-0.026530438437679438,0.0026736511629062,1,292.5310974121094
2023-08-31,0.0026736511629062,0.03137718272318396,0.037182979778276344,0.1483904331547399,0.0180176788089711,-0.1270164771978083,-0.0048296037981040525,-0.0105653788587171,-0.0057636110182778255,0.4958487321374897,0.018385218061075213,-0.058595528931144614,0.0016543863245581,1,293.31427001953125
2023-09-01,0.0016543863245581,0.037400141219407365,0.04531224927907794,0.0918931268623422,0.0180033739306358,0.03638588967323697,-0.0007705253940078164,-0.0096887631257023,-0.008925114759260944,0.4998219511672945,0.024529282994466474,-0.2890591741166454,0.0126401452890881,1,293.7999267578125
2023-09-05,0.0126401452890881,0.033505444566900563,0.03474639792211654,0.714724376286654,0.0176853423619884,-0.0027376598757310466,0.014747105167286736,0.0021435620526502,-0.012420378486873052,0.5304864884347746,0.01959022156382379,-0.16910118648639416,-0.0032703660311191,0,297.53717041015625
2023-09-06,-0.0032703660311191,0.003952184506119663,0.03944140737381814,-0.1864932530693293,0.0175361090940021,-0.06040658003090471,0.013742192359356012,-0.0025072622852791,-0.016029178589101245,0.5215357923524393,0.025537265728354318,-0.14398649974752264,-0.0016726499638102,0,296.5657043457031
2023-09-07,-0.0016726499638102,0.012025166781623063,0.014943775398485537,-0.0997671239535773,0.0167655425708022,-0.06708457289502046,0.013170605687139078,-0.0049453609111767,-0.017880469978725277,0.5167453136751847,0.04965341649825139,0.804631370460442,-0.0026150408512859,0,296.070068359375
2023-09-08,-0.0026150408512859,0.0067364747674309635,0.03811365749061493,-0.15607270730849845,0.0167552732081268,-0.07006482989450014,0.011871855856499415,-0.0083766059679771,-0.02001089535921241,0.5088920965131823,0.028433317010304108,-0.06959555666663042,0.0319458780934839,1,295.2968444824219
2023-09-11,0.0319458780934839,0.03702796653635676,0.07442810775576414,1.770283486465346,0.0180456284757358,0.002347034798188208,0.04366949505761332,0.022041916740154,-0.020722631465112773,0.591729670116478,0.025230881217401035,0.01863478697407306,-0.0193695090052274,0,304.8826599121094
2023-09-12,-0.0193695090052274,0.0050183122420412625,0.038523756808941836,-1.0598478145704755,0.0182757455730352,0.033383759214962616,0.024436030926218145,0.0014588827752573,-0.022429070686030617,0.5326913732109056,0.027945344339462625,-0.29142603637693965,0.0112076842183543,1,299.0340576171875
2023-09-13,0.0112076842183543,0.019496362491514665,0.023448546997634337,0.6163202390730211,0.0181848388351018,0.036993938485566646,0.03543538580622103,0.0114673675999503,-0.023147768112646183,0.5599389880461338,0.01920928800386859,-0.30847665587227424,0.0215970581084163,1,302.4043884277344
2023-09-14,0.0215970581084163,0.04276607056374117,0.05479123734536424,1.2225943021570291,0.0176649425490635,0.05364574241859832,0.05492046928581403,0.0323619263776704,-0.021384117158534055,0.6081392579843827,0.025150764491174725,0.01040936176547791,-0.0372902569462911,0,309.0064697265625
2023-09-15,-0.0372902569462911,0.008090854468735961,0.014827329236166933,-2.0412288348520686,0.0182685333018988,0.09031545322925694,0.013696008020703525,-0.0059739707986196,-0.019404218487285907,0.5059043048371279,0.04412107524796864,0.4535876452465073,0.0074314459714166,1,297.69573974609375
2023-09-18,0.0074314459714166,-0.016423577653331335,0.020604388883025435,0.40901091043753557,0.0181693098686949,0.006853814657959978,0.017941498088778728,0.0006443588537158,-0.01699227241205792,0.5228630654130298,0.019170446354523623,-0.22205540850808236,0.0082946510888472,1,299.9162902832031
2023-09-19,0.0082946510888472,0.011240582440743262,0.016258894682784537,0.4711121744028786,0.0176065309697429,-0.036617636233658546,0.023807319374324138,0.0082472492055741,-0.015198240796187368,0.5419114049316268,0.020847725821769872,-0.11943679433056287,-0.0178591983736679,0,302.4143371582031
2023-09-20,-0.0178591983736679,-0.017826300151278937,0.0016700623402357388,-0.9893785820778684,0.0180509247897407,-0.0073640490617166154,0.0036525060334219586,-0.0096897375890453,-0.013293688345578647,0.4961978400095745,0.028798359849553874,0.05298761702428245,-0.0132350906218188,0,297.0614013671875
2023-09-21,-0.0132350906218188,-0.05265844888151404,-0.00989237831777286,-0.7492704061215191,0.0176639708624396,-5.500649782474998e-05,-0.009790494351591053,-0.0218303406089472,-0.01215888777948293,0.46535221428259876,0.023636494411371417,0.148937293900117,0.0112640938697367,1,293.1556701660156
2023-09-22,0.0112640938697367,-0.004104098065486233,0.00398675640324974,0.674238223067845,0.0167064006227414,-0.0855094743153264,-0.0006365772783033411,-0.009811188713099,-0.009180455504174123,0.49414539091558113,0.023772957698132945,0.34185497846889135,0.0058341417880226,1,296.4764709472656
2023-09-25,0.0058341417880226,-0.005701402248880234,-0.02212497990221156,0.35031447458360354,0.0166540129264064,-0.08339870656833837,0.002642902535712269,-0.0034868814217769,-0.00611362623919931,0.509020552047988,0.02409999110330841,0.01694397810038173,-0.0062355629209822,0,298.2112121582031
2023-09-26,-0.0062355629209822,-0.020231616258709634,-0.00899103381796636,-0.3795427343534116,0.0164291458025276,-0.06687206975858306,-0.005032214030323124,-0.0089157678470003,-0.003903195531996473,0.49235904883257464,0.01434967269855699,0.025761851582235984,-0.0040890643803319,0,296.35748291015625
2023-09-27,-0.0040890643803319,-0.006461482265373636,-0.02428778241665256,-0.26576311865478147,0.0153861243088567,-0.147626812028963,-0.009051173353681318,-0.0120227284172277,-0.0029986967880097914,0.48129084708543113,0.04873372648606907,0.8484022750237774,0.020675521199022,1,295.14813232421875
2023-09-28,0.020675521199022,0.02744912955546716,-0.02520931932604686,1.302611696528885,0.015872359548219,-0.10142743826815603,0.010161087197728338,0.0094240860605793,-0.0007295877325799172,0.538280930416533,0.03168171679152576,0.1121747642277402,-0.0124138515930486,0,301.3139953613281
2023-09-29,-0.0124138515930486,0.003771184092681859,-0.00033291397280435855,-0.7677860623785402,0.016168373198377,-0.0322048678535829,-0.0030170611660796593,-0.0028763110774835,0.00014117602529961637,0.5024396818272289,0.03757379706851927,0.24756987978464484,0.0217788268533744,1,297.5966491699219
2023-10-02,0.0217788268533744,0.01971586915803366,0.014014466909153441,1.2931661564624013,0.0168414760504967,0.011256333528663509,0.017170923012438957,0.0182285309723561,0.0010397544168732065,0.5582714743408862,0.018088741478661234,-0.20693000105072412,-0.019350189134412,0,304.1490478515625
2023-10-03,-0.019350189134412,0.006601242944603861,-0.013630373314105758,-1.1207971704247632,0.0172646662973628,0.05085599122911533,-0.0024529469998785204,-0.001903061528018,0.0005512376285476961,0.5040839078305368,0.02369234501027363,-0.1583947245707461,0.0153005030002112,1,298.3202819824219
2023-10-04,0.0153005030002112,0.02599081032514696,0.019529328059773338,0.8708907424002913,0.0175687973878801,0.14185983651301903,0.011852424823444539,0.0127394203118814,0.0008766055866216149,0.5418727507842094,0.027488691228467945,-0.18463901541315064,-0.0025884570743638,0,302.9198303222656
2023-10-05,-0.0025884570743638,0.002726832051761162,0.030175961607228335,-0.1472598026417543,0.0175774856948631,0.1074273891959201,0.0082151152036086,0.00970510101929,0.0014778451475412346,0.5344064870318715,0.022015129324979725,-0.04216693583294551,0.0343137288153123,1,302.1367492675781
2023-10-06,0.0343137288153123,0.04945441246012206,0.053225596552803935,1.800886957780305,0.0190537938359029,0.17846078898126505,0.040392932582597796,0.0446956493562433,0.004135665130831745,0.6119604327028623,0.04882222443670226,0.08020526173943376,0.0092461805290312,1,312.6841125488281
2023-10-09,0.0092461805290312,0.03692176613577886,0.056637635293812535,0.5174326641870965,0.0178693406291952,0.0610317394756017,0.04819027059370341,0.0548974018097095,0.006398772631430072,0.6302267404921295,0.026730681114491717,0.10661163039544297,0.0108715205213598,1,315.5886535644531
2023-10-10,0.0108715205213598,0.06714347579155067,0.07374471873615454,0.6298887865956371,0.0172594285732838,-0.0003033782402037666,0.056139275192397926,0.0661993795380237,0.009525357670079337,0.6512258440676484,0.020196371097319532,-0.07643318281752398,0.0184103541942855,1,319.0382995605469
2023-10-11,0.0184103541942855,0.07025332698562496,0.09624413731077194,1.0515491508864048,0.0175078399129194,-0.0034696441432440217,0.07176084444660966,0.0856427218063526,0.012952402050954603,0.6843945659319052,0.017967128299872393,0.04661495723309095,-0.0112275630431981,0,324.96630859375
2023-10-12,-0.0112275630431981,0.061614221016790656,0.06434105306855184,-0.6501707411501111,0.0172686378094118,-0.01757065207235864,0.05764412751996798,0.0728218544372295,0.014350504600116443,0.6440252624485073,0.02421645488287355,-0.02764490248268936,-0.0296492294492263,0,321.338134765625
2023-10-13,-0.0296492294492263,-0.002348737247747937,0.04710567521237414,-1.8058728955014722,0.0164182260684482,-0.13832246691409678,0.024343104528527778,0.0413770414166346,0.016629132185105977,0.5531155098405702,0.040293598707960926,0.02725936529994777,0.0203203193082634,1,311.9505615234375
2023-10-16,0.0203203193082634,0.008725401531484264,0.045647167667263136,1.2041497178077587,0.0168752431759549,-0.05563145691095772,0.04221598484586796,0.0620222042342986,0.019003948966835216,0.5951029855020329,0.01961705878959968,-0.20841233923366387,0.0088352276658446,1,318.3543395996094
2023-10-17,0.0088352276658446,0.006689108675969063,0.07383258446751974,0.5232704739581586,0.0168846287064748,-0.021715659079765692,0.04824516851578744,0.0709200154910609,0.021631243964977065,0.6124051092578199,0.021913599084924767,-0.21638065582299204,-0.0219364095982274,0,321.1795349121094
2023-10-18,-0.0219364095982274,-0.03365765511654384,0.03659567186908114,-1.277450106422353,0.0171720284713607,-0.01918063240405221,0.022638911060068656,0.047383868090911,0.02419715968483116,0.549975182318165,0.03274759391373752,-0.1893309779624165,-0.0132111314309359,0,314.2107238769531
2023-10-19,-0.0132111314309359,-0.03564122350428164,0.02597299751250904,-0.769392921159118,0.0171708512875747,-0.005662665632132469,0.006444538912155434,0.0331188452729746,0.026503503501197345,0.5164258846902853,0.03241589056480875,-0.09424930220083594,-0.0133880047279469,0,310.0869445800781
2023-10-20,-0.0133880047279469,-0.019379998783002235,-0.021728736030750158,-0.7687659143700363,0.017414930185761,0.06070717464587849,-0.008466456227148164,0.0191837156769957,0.02788626978663089,0.48459120041505194,0.02860841324113885,0.08823766104232766,0.0172168303915509,1,305.9631652832031
2023-10-23,0.0172168303915509,-0.022483487699714734,-0.01375808616823046,0.9702718721280362,0.0177443362897765,0.051501071999954906,0.00662136339517389,0.0360363802865233,0.02922153051882126,0.5252033311002208,0.032164501996213624,-0.1294700943667566,-0.0046603945292091,0,311.2764892578125
2023-10-24,-0.0046603945292091,-0.035979109894768435,-0.029290001218799357,-0.263170575125146,0.0177086459114699,0.04880280279299898,-0.0002367333087999896,0.0307866773017835,0.031030756624273792,0.5133379121658759,0.02470005286263777,-0.04516370071868847,-0.042549837462328,0,309.8291931152344
2023-10-25,-0.042549837462328,-0.056592537758869035,-0.09025019287541286,-2.093459237645591,0.0203251330129464,0.1836186416091965,-0.04215838513444181,-0.0119954000315436,0.03149057697512103,0.42181699220187147,0.04019633624007497,1.0346295713160751,-0.0380396511347384,0,296.92254638671875
2023-10-26,-0.0380396511347384,-0.08142105746267153,-0.11706228096695315,-1.7744742673302267,0.021437138782503,0.24846103570971478,-0.07560284077045258,-0.0485000368637156,0.02931943660377123,0.36211598305502796,0.054100939043903784,1.903975257631394,0.0286477785909051,1,285.83984375
2023-10-27,0.0286477785909051,-0.03938527414381953,-0.05876527292682176,1.2791335130422843,0.0223962379992448,0.2860366226191753,-0.04820702131026352,-0.0215990804268318,0.027955596940902883,0.4275202507228406,0.021366212055250296,0.2771244881693713,0.0197873556700623,1,294.1469421386719
2023-10-30,0.0197873556700623,-0.03681474886530814,-0.05929823656502285,0.8874930496988327,0.0222957866281624,0.2565015824800525,-0.028537851605819863,-0.0033220506529517,0.025956544981757368,0.4690101046123377,0.03419680822798896,0.19562395183546655,-0.004603290557016,0,300.0252990722656
2023-10-31,-0.004603290557016,-0.03675764489311504,-0.07273675478788345,-0.21033020019063803,0.0218860180461184,0.2358944978363824,-0.033050701329645646,-0.0086418741032779,0.025243130389496216,0.4605836272190452,0.022637526381392267,-0.1863851321932627,0.0345153852510033,1,298.6473693847656
2023-11-01,0.0345153852510033,0.04030757782021626,-0.01628495993865276,1.501670410073068,0.0229846609612051,0.13084922723825088,-9.952370516217095e-05,0.0245374982291641,0.02463947414608647,0.529825451260234,0.03492058335007555,-0.15082086499117253,-0.0031473766685826,0,309.13525390625
2023-11-02,-0.0031473766685826,0.07519985228637206,-0.006221205176299464,-0.13690429242105576,0.0229896127646801,0.07241983167288302,-0.004212264192342347,0.0202031752834634,0.0245187187970366,0.523127184457373,0.03374407603409511,-0.10571876885539255,0.0119272063588761,1,308.163818359375
2023-11-03,0.0119272063588761,0.05847928005434306,0.019094005910523536,0.5472301885231211,0.0217955928035797,-0.026819021823457856,0.007869790347025661,0.0305603962448282,0.022513429924305717,0.5466220840653812,0.014399232966976932,-0.29965068802323425,0.003807179492213,1,311.8613586425781
2023-11-06,0.003807179492213,0.04249910387649376,0.005684355011185636,0.17539617377886524,0.0217061718633212,-0.026445120536650712,0.012129287610295253,0.0324418797656928,0.020069167451281844,0.5542313750917937,0.012286176425624311,-0.45056446564040165,0.0095175870493734,1,313.0509338378906
2023-11-07,0.0095175870493734,0.056619981482883164,0.01986233658976814,0.43918055884589596,0.0216712394428029,-0.009813507549108147,0.02230303786995109,0.0403723314919159,0.0176750855202521,0.5736258361282446,0.018443023485765455,-0.39434143852741843,0.0030066328766081,1,316.0446472167969
2023-11-08,0.0030066328766081,0.025111229108487964,0.06541880692870423,0.1415939771220191,0.0212341862113042,-0.07615838897321381,0.02670479601616598,0.0420231901357688,0.014919959640825153,0.5798832455427204,0.020170059772577374,-0.4027114688289486,0.0024050379285814,1,316.9963073730469
2023-11-09,0.0024050379285814,0.030663643705651965,0.10586349599202405,0.1139006126623547,0.0211152325906346,-0.08153161139474197,0.029773801582078138,0.0428027061178433,0.012652200430568694,0.5851422576625673,0.016783668967996473,-0.2863504005307467,0.0253199376651761,1,317.7596130371094
2023-11-10,0.0253199376651761,0.04405637501195196,0.10253565506629503,1.2230052419315982,0.02070304917515,-0.050126814089234584,0.05379722449011486,0.067260347480088,0.012775819367419006,0.6373336324021767,0.029321455639421606,-0.14947291345011038,0.0012768835636226,1,325.9079895019531
2023-11-13,0.0012768835636226,0.04152607908336157,0.08402518295985534,0.0630298638795007,0.0202583899921428,-0.06669908818076031,0.05378582804732949,0.0663524657657713,0.01192522938150331,0.6398273511449302,0.020140266460292853,-0.24751794937749305,0.0213980594087838,1,326.32440185546875
2023-11-14,0.0213980594087838,0.05340655144277196,0.11002653292565515,1.033900779440377,0.0206964341591521,-0.04498151968758468,0.07446076872343713,0.0868700356892177,0.011549297402942083,0.6799917437181958,0.01418340092735111,-0.23682437662744116,-0.0107621238775038,0,333.3823547363281
2023-11-15,-0.0107621238775038,0.039637794688660064,0.06474902379714804,-0.5337275496123047,0.0201640778807864,-0.05039554235180044,0.06029334514221694,0.0729098094819631,0.011899031902396828,0.6410653278931698,0.02518711519952642,-0.35112421953231665,0.0044385950820133,1,329.8136901855469
2023-11-16,0.0044385950820133,0.04167135184209196,0.07233499554774395,0.2238635623147335,0.0198272333206822,-0.06099858310458195,0.061394128834425854,0.0752194193610243,0.013025595441893634,0.649937774121586,0.0245368850939544,-0.15500570281664017,0.0025402948637593,1,331.2808532714844
2023-11-17,0.0025402948637593,0.018891709040675164,0.06294808405262714,0.13069065142219502,0.0194374642418217,-0.06113036406479633,0.059653054439860236,0.075383537979866,0.014844937665301261,0.6552091285280685,0.018355998506547982,-0.34160356489073207,0.0146074526707361,1,332.12347412109375
2023-11-20,0.0146074526707361,0.03222227814778866,0.07374835723115024,0.7547753716159606,0.0193533774684007,-0.044673467343313455,0.07084935731290239,0.0889418567892011,0.01689546653107077,0.6848503543904287,0.022590206924744265,-0.22811683581832787,-0.0088338485805466,0,337.01055908203125
2023-11-21,-0.0088338485805466,0.001990370158458264,0.05539692160123024,-0.45363492248813353,0.0194734755695042,-0.05909030416754657,0.05736306063291505,0.076927978624378,0.018503500566543263,0.6484402609957531,0.011870140274172833,-0.44310134199894846,0.0132946149461038,1,334.04656982421875
2023-11-22,0.0132946149461038,0.026047108982065866,0.06568490367072594,0.8199324151605396,0.0162142814459906,-0.19588281984168565,0.06450648769550037,0.0888056603552083,0.02282670227056305,0.6763871098064663,0.012709089518231671,-0.4654934460807705,-0.0095921900638492,0,338.5172424316406
2023-11-24,-0.0095921900638492,0.012016323836203364,0.05368767567829535,-0.7360599724649822,0.0130318050467084,-0.34273204758655595,0.04621069415011692,0.0765915984699109,0.029038992326945845,0.6369702524135424,0.015048919884570463,-0.6776748492352478,-0.0104914278652669,0,335.28564453125
2023-11-27,-0.0104914278652669,-0.0010153988928228354,0.01787631014785234,-0.8261677897609697,0.0126989069233773,-0.34667882778380643,0.029247645596946707,0.0630283909807686,0.03282081385207314,0.5964387015829332,0.017030120948807737,-0.03581432333185486,0.0127358181295794,1,331.7864074707031
2023-11-28,0.0127358181295794,-0.0028870334339795353,0.02933524471380914,1.0278516967952886,0.0123907156735627,-0.35976468738887113,0.03664908749149645,0.0741671210727638,0.03619164289437049,0.6274634453869589,0.017640671284109694,-0.18349572274054737,-0.0202331476818363,0,336.03900146484375
2023-11-29,-0.0202331476818363,-0.014286332535269234,-0.012295962376810955,-1.497137067053492,0.0135145593059539,-0.3060016812243864,0.011103380070113909,0.0508449605775877,0.03930516037313403,0.55476790700401,0.027453325653413255,0.0468934712640825,-0.0153184243757106,0,329.3081970214844
2023-11-30,-0.0153184243757106,-0.04289937185708363,-0.016852262875017752,-1.2449860457810564,0.0123040932286919,-0.2411570460475505,-0.006580195029370621,0.0330742937746813,0.03991715144558072,0.5076589374124054,0.0339294094776227,0.49889540453967207,-0.0071477106884109,0,324.3021545410156
2023-12-01,-0.0071477106884109,-0.04045489248164533,-0.028438568645441954,-0.5750004012390671,0.0124307925229414,-0.04611890076722758,-0.015740240687240326,0.023835508352579,0.040208642754482105,0.4871061077929172,0.018779556210799533,0.010040969854610449,-0.0148877656587193,0,321.9924011230469
2023-12-04,-0.0148877656587193,-0.04485123027509773,-0.04586662916792056,-1.1660789483452347,0.0127673736669771,0.005391546218341148,-0.03108078116234127,0.0073759920376594,0.03969038125400637,0.4469608326901551,0.02249853739337995,0.2493031481788337,-0.0054204653355309,0,317.2341613769531
2023-12-05,-0.0054204653355309,-0.06300751374020803,-0.06589454717418755,-0.4227586060735257,0.012821655804656,0.034779276875246845,-0.03668168511008748,0.0008301725025623,0.03894025166223125,0.4331065516973267,0.02039017895674541,0.0978347487386988,-0.0026425416885434,0,315.5192565917969
2023-12-06,-0.0026425416885434,-0.04541690774691513,-0.05970324028218435,-0.20884059427910895,0.0126533909638838,-0.06372152599091474,-0.03902470744161163,-0.0029704194004763,0.037518433949689234,0.4261986634659859,0.01641200584260908,-0.2619710873385074,0.0283852016312958,1,314.68658447265625
2023-12-07,0.0283852016312958,-0.0017132817399087355,-0.044612653596992353,2.0025408135161284,0.0141745933165058,0.15202258736564844,-0.012374396626544562,0.0238804694368696,0.03670911926501064,0.5165546893678197,0.03205854844944756,0.03158625252138725,0.0186859185737526,1,323.74700927734375
2023-12-08,0.0186859185737526,0.024120347522254768,-0.01633454495939055,1.2699804785992133,0.0147135478762344,0.18363715338986686,0.004401007090651001,0.0413127386330532,0.036749994555780985,0.5661412699074448,0.030563526454498575,-0.08029573068125839,-0.0227051865599234,0,329.8533935546875
2023-12-11,-0.0227051865599234,0.016302926621050665,-0.028548303654047053,-1.55481660600557,0.0146031284154178,0.1437848375338846,-0.017629720370928158,0.0163412021835687,0.0345805683039635,0.499264805535651,0.030404619667832405,0.6484450216992288,0.0271132206083748,1,322.4483947753906
2023-12-12,0.0271132206083748,0.04883661256495636,-0.014170901175251657,1.7094960083558262,0.0158603591209622,0.236997729669419,0.008603787699331464,0.0424894648258719,0.03359661894968213,0.5654274245864447,0.029651138848405544,0.17506575994853635,0.0015545573972972,1,331.31060791015625
2023-12-13,0.0015545573972972,0.05303371165079696,0.007616803903881846,0.10292443300042635,0.015103871374164,0.19366195332733604,0.010412297876555286,0.0419143961365304,0.031177469164002325,0.5689944780045195,0.017117705191835763,0.04226503817202576,-0.0047012483690124,0,331.8260498046875
2023-12-14,-0.0047012483690124,0.019947261650488768,0.018233979910580046,-0.3146448049742045,0.0149414460200537,0.05410050831263913,0.005603428304122258,0.0352495106098928,0.029480888262052307,0.5542025761712568,0.018188904506281956,0.22976349664700613,0.0052388442581664,1,330.26971435546875
2023-12-15,0.0052388442581664,0.006500187334902566,0.030620534857157346,0.35031121734899356,0.0149548287314684,0.01639855031998927,0.010774099220947598,0.0387422672341625,0.027670048168795924,0.5676931942193848,0.02221426652071834,0.9158666781219902,0.0285506914543189,1,332.0044860839844
2023-12-18,0.0285506914543189,0.05775606534914487,0.07405899197019555,1.7567397796496864,0.0162520891170417,0.11291831823398524,0.03854698835567089,0.0668947368737073,0.027295585886700557,0.6338366071235858,0.030584437044454623,0.12983942205024634,0.0165187490124083,1,341.62005615234375
2023-12-19,0.0165187490124083,0.04716159375317837,0.09599820631813474,1.0109910138607812,0.0163391650231651,0.03018884367946484,0.05419456070574269,0.0825200211571192,0.026869291027658004,0.6663667487686463,0.024203708587951418,0.052215201611670814,-0.0030871838201265,0,347.31005859375
2023-12-20,-0.0030871838201265,0.04251985253575467,0.09555356418655164,-0.1905940234674322,0.016197694785818,0.07242006930256606,0.04900393857635135,0.0773564148102247,0.027027997885643584,0.6545836887398334,0.020527894340399377,-0.04082776425078205,0.0136771346806566,1,346.239501953125
2023-12-21,0.0136771346806566,0.06089823558542367,0.08084549723591244,0.8436317019451117,0.0162122104339157,0.08504962720184106,0.06144151172495555,0.0904256503198408,0.027306392556461168,0.6815892153129494,0.020333848121935227,-0.11600574466756552,-0.0019787745812519,0,351.0075988769531
2023-12-22,-0.0019787745812519,0.05368061674600537,0.06018080408090794,-0.12352998697324093,0.0160185767823366,0.0711307411117208,0.056941616877281505,0.0863143993898405,0.027790354777911475,0.6733389787945989,0.016921844812953262,-0.3315202933570227,0.0040663508518016,1,350.313720703125
2023-12-26,0.0040663508518016,0.02919627614348807,0.08695234149263294,0.25834132693948497,0.015740225925038,-0.03149522429500873,0.0580631783493205,0.0880556341514648,0.028346564189990486,0.6818698860012522,0.009948422943047819,-0.4285536147363961,0.0084192771297621,1,351.7411193847656
2023-12-27,0.0084192771297621,0.021096804260841866,0.06825839801402024,0.5387391167801511,0.015627744241185,-0.04354082849224372,0.06402013905364858,0.094792189559287,0.028920552700259394,0.69947907916471,0.01031216661508341,-0.23876166425896128,0.0013684675434777,1,354.71502685546875
2023-12-28,0.0013684675434777,0.02555245562444607,0.06807230816020075,0.09324173480246152,0.0146765560119284,-0.0939108184222266,0.06135551224000325,0.0939939469426509,0.030751651380001688,0.7023768887293312,0.011414367755886688,-0.31159221576660834,-0.012242634718142,0,355.2007751464844
2023-12-29,-0.012242634718142,-0.00036731377435253107,0.06053092181107115,-0.8454474529139973,0.014480657166741,-0.10680550158369007,0.04429447143806874,0.0782467979981869,0.03251221517371761,0.6429680604454734,0.023109935792897073,-0.10424745962580895,-0.0219071010303679,0,350.8786926269531
2024-01-02,-0.0219071010303679,-0.020295640223468532,0.033384976522536844,-1.4206092088509144,0.0154209200488626,-0.03731022684443652,0.01844020059439915,0.0527350621357087,0.033673907924386626,0.5541690378438219,0.03797393390510854,0.1254531361141542,-0.0052695155866502,0,343.2755432128906
2024-01-03,-0.0052695155866502,-0.02963150666192033,-0.0004352305184322546,-0.35199230960067324,0.0149705418070876,-0.04889917855156467,0.009458234013858232,0.0449265167552205,0.03513595862241026,0.5352778605767514,0.013847416362372331,-0.0770109349990159,0.0076633332439426,1,341.4714050292969
2024-01-04,0.0076633332439426,-0.030387450547739833,-0.009290646286897953,0.5164960622844014,0.0148371571509153,-0.05058868881320744,0.012944818013527289,0.050854006559259,0.037424732198220845,0.5588580452250461,0.013684028770501788,-0.26656938023085075,0.0138186940267351,1,344.0982666015625
2024-01-05,0.0138186940267351,-0.017937224064482428,0.007615231559963647,0.9282892548551487,0.0148861940978638,0.0142838746205185,0.021895543582103424,0.0629405302350389,0.04016554031448094,0.5988156084420836,0.0205710753892975,-0.16286582562566165,0.0188856350963657,1,348.8862609863281
2024-01-08,0.0188856350963657,0.01319104575002527,0.012823731975672749,1.3258868161397945,0.0142437762156423,-0.01635843928704872,0.036552103731094916,0.0793505589976734,0.04128924644745258,0.6466926430089904,0.01932198495120762,-0.15960854899944033,-0.0034352583911358,0,355.5378112792969
2024-01-09,-0.0034352583911358,0.03166288838925737,0.011367248165788848,-0.24616362115971238,0.0139551830402551,-0.09504860954879324,0.029326456540497283,0.0711952707480412,0.040675933219731286,0.6318082954262687,0.01477220548098903,-0.18386138148732423,0.0358328409234847,1,354.31854248046875
2024-01-10,0.0358328409234847,0.07276524489939228,0.04313373823747195,2.5079922061915787,0.0142874610355737,-0.04562832663748384,0.05998173764400196,0.105389541890486,0.04283828922129462,0.7084282525873032,0.037411978901049074,0.3558179124258789,-0.0021614876030302,0,367.2449951171875
2024-01-11,-0.0021614876030302,0.06294042405241948,0.03255297350467965,-0.1595749713371201,0.0135452795944034,-0.08707042348959715,0.05235610302907097,0.098609687365383,0.043952407557838136,0.6988214511261124,0.026645401968588965,0.05887171395065671,0.0129540646410178,1,366.4520568847656
2024-01-12,0.0129540646410178,0.06207579466670217,0.04413857060221975,0.9503773020759136,0.0136304440486133,-0.08435668922459527,0.06007925106044187,0.1081112256445663,0.04530979597617457,0.723180696946143,0.020080614194695742,0.1776803052332674,-0.0189506551978942,0,371.22998046875
2024-01-16,-0.0189506551978942,0.024239504372442267,0.03743055012246755,-1.3033563816787301,0.0145398875275277,0.020788820843746114,0.035155314491396514,0.083742933874605,0.04693751623840248,0.6416631548974044,0.02280513405568626,-0.05405639237604143,0.0024734572128642,1,364.26116943359375
2024-01-17,0.0024734572128642,0.03014821997644227,0.06181110836569965,0.170001475369004,0.0145496220400166,0.042596288278468286,0.0328525883068755,0.0827544935817662,0.04831464416107378,0.6472069197231798,0.02695665587584135,-0.16443709589884836,0.0208470319284568,1,365.1632690429687
2024-01-18,0.0208470319284568,0.015162410981414368,0.08792765588080664,1.4914859495461985,0.0139773572354468,-0.021704612131909662,0.04997229776920342,0.1015790941573675,0.049150626638254424,0.6910939322211148,0.015686049557047714,0.08327893523463392,0.019274507480038,1,372.8557434082031
2024-01-19,0.019274507480038,0.036598406064482565,0.09953883011690205,1.3654110942135245,0.0141162669336154,0.042153972181417254,0.06548527527372172,0.1185849732222573,0.04983616309000083,0.7257512889280635,0.016664451499376405,0.4169380947757322,-0.0043648529581992,0,380.112060546875
2024-01-22,-0.0043648529581992,0.019279488465265567,0.08135528313196776,-0.30835454107539406,0.0141553062360511,0.038506609584094686,0.05607616980321403,0.1096371402377918,0.05071695770254725,0.7062820318689331,0.024071461236288873,0.15110157240064614,0.0089180733418013,1,378.45654296875
2024-01-23,0.0089180733418013,0.047148217004961065,0.07138772137740335,0.6355767623270565,0.0140314653876729,-0.03496740527684461,0.06097130455259592,0.1153357814665196,0.05124028961070626,0.7226881527116865,0.016355187203786533,0.008824719624526578,0.014177550137951,1,381.84674072265625
2024-01-24,0.014177550137951,0.058852309930047864,0.08900052990649016,1.003992825279294,0.0141211667862338,-0.029447861436152523,0.0706193333801899,0.1266841521797484,0.052366716209531816,0.7471490387588543,0.021346291469966076,0.008463876038311113,0.0063274239109671,1,387.2989501953125
2024-01-25,0.0063274239109671,0.04433270191255816,0.05949511289397254,0.44804820142722745,0.0141221946451554,0.010362288612134174,0.07178343696858507,0.129639312364549,0.05398093812645821,0.7575342255696265,0.025001237996287,-0.046458537238798336,0.0024387756340739,1,389.75732421875
2024-01-26,0.0024387756340739,0.027496970066594066,0.06409537613107665,0.17281296618537006,0.0141122259973127,-0.0002862609726568266,0.06910950082449648,0.1281870623849746,0.05525866294791837,0.7616160955901731,0.013193312056045695,-0.16812645979312646,0.0173050981101267,1,390.7090148925781
2024-01-29,0.0173050981101267,0.049166921134919966,0.06844640960018554,1.2055780325187095,0.0143541916353375,0.014050236425113383,0.08150830286806206,0.1436437005305067,0.05745253873471645,0.7890265409493554,0.024512460330077177,0.15898867997333554,-0.0023968852673384,0,397.5291137695313
2024-01-30,-0.0023968852673384,0.03785196252578027,0.08500017953074133,-0.17281501482132572,0.0138696586625679,-0.011531705394587921,0.07225365787085057,0.136539867159867,0.05995429236088423,0.7756242097705762,0.016972399312054035,0.13832438884784914,-0.0251088172838895,0,396.5774230957031
2024-01-31,-0.0251088172838895,-0.0014344048960602332,0.057417905033987644,-1.7652252018513572,0.0142241438982151,0.007292394002575531,0.039556968735717186,0.1048456853582485,0.06280436626954056,0.6523262717628601,0.027938671982433046,0.22981294543149922,0.0118230009187032,1,386.7438049316406
2024-02-01,0.0118230009187032,0.004061172111675869,0.048393874024234035,0.8429380275104716,0.0140259432281412,-0.006815613255070074,0.044916798944146526,0.1142157654749052,0.06632008079569873,0.6781022244501475,0.018871301053922523,0.736046182282192,0.1849650664237587,1,391.3434143066406
2024-02-02,0.1849650664237587,0.18658746290136066,0.21408443296795474,4.378763821978142,0.0422413891097235,1.9932477780448847,0.23629795214445212,0.3304579977438322,0.07616290671358983,0.8647594525695559,0.06936984434807683,3.0815396286999484,-0.0333506759534372,0,470.8551635742187
2024-02-05,-0.0333506759534372,0.13593168883779677,0.1850986099727167,-0.7641463356143001,0.0436443576303045,2.0405305111616143,0.1792549324187931,0.2780524481604339,0.08377960780625715,0.7712135132095813,0.027600602021516193,0.8476684003471584,-0.0102613408672809,0,455.4107971191406
2024-02-06,-0.0102613408672809,0.12806723323785427,0.16591919576363454,-0.23356002064509226,0.0439344920373748,2.1676693065235497,0.15300098682091334,0.2570853502326917,0.09027257097044017,0.7450840437425141,0.03105206518139103,-0.037018953052939674,0.0321781642457599,1,450.7615661621094
2024-02-07,0.0321781642457599,0.1853542147675037,0.18391980987144346,0.7312658698595631,0.0440033721961338,2.0935691111544164,0.17401161358810677,0.2888331525412849,0.09780272837527693,0.7715160157925299,0.032666786893928615,0.004276644124213247,0.0008727914186568,1,465.5021362304687
2024-02-08,0.0008727914186568,0.17440400526745725,0.17846517737913314,0.019940681008675267,0.0437693887323652,2.1206021598995006,0.16059699590889923,0.2804488028411721,0.10326737649222784,0.7722173826061111,0.0118297820395613,-0.17487294251067964,-0.0040294889268984,0,465.9085998535156
2024-02-09,-0.0040294889268984,-0.014590550083199857,0.17199691281816085,-0.09199126888143164,0.0438029497352846,0.03696754909041666,0.14204915417286426,0.2663900874864521,0.10887529040170119,0.7606269366817482,0.013073840141631111,-0.1946351876422464,0.001686256381662,1,464.0350036621094
2024-02-12,0.001686256381662,0.020446382251899344,0.15637807108969612,0.038446501465249396,0.0438598134393621,0.004936624589199967,0.13095182538454722,0.2592137513425085,0.11341060076926768,0.7622333627441662,0.026807437594024944,-0.15239023809997576,-0.0189021651981261,0,464.8181457519531
2024-02-13,-0.0189021651981261,0.011805557921054144,0.13987279115890844,-0.43098500214965263,0.0438580579459761,-0.0017397285789415573,0.09751107099409967,0.2268734419844613,0.11786885290659366,0.7055622839954273,0.027818869960838828,-0.09636352482423316,0.0281997899675984,1,456.1145935058594
2024-02-14,0.0281997899675984,0.007827183642892643,0.19318139841039633,0.6414227887584606,0.043964434163903,-0.0008848874594712397,0.11495097008940906,0.2520508012636961,0.12296489697954427,0.7371116571943555,0.016945548162519784,-0.27813094388840887,0.0224598651048176,1,469.1600036621094
2024-02-15,0.0224598651048176,0.029414257329053443,0.20381826259651076,0.5106607540120631,0.0439819683192005,0.004856809587521438,0.12596546775414558,0.2694737619708632,0.12745354837831724,0.759757497193361,0.033882184860121206,0.019606076123355187,-0.0223752421852444,0,479.8164978027344
2024-02-16,-0.0223752421852444,0.011068504070707447,-0.0035220460124923553,-0.5013377384880825,0.0446310749570198,0.01890569531823383,0.08966134877047004,0.2313709004736331,0.13004916790254373,0.6954791349704731,0.020599171488902154,-0.021184326426881728,-0.0033226440012932,0,469.19970703125
2024-02-20,-0.0033226440012932,0.006059603687752244,0.026505985939651644,-0.07447640832678545,0.0446133759124661,0.017181160018973296,0.07491467121554306,0.2175115965051418,0.13265883247118238,0.6863122199399598,0.020392146512321116,-0.24451148528735867,-0.0068562489268458,0,467.643310546875
2024-02-21,-0.0068562489268458,0.018105519959032545,0.029911077880086748,-0.15309793053442045,0.0447834200169305,0.021099020665581003,0.057530570483837,0.2003980918381436,0.13509540560037214,0.6668781670466207,0.015404977189246495,-0.45516591618355573,0.0379437075919961,1,464.447998046875
2024-02-22,0.0379437075919961,0.027849437583430243,0.035676621226322945,0.8391076160831776,0.0452191195321422,0.028538644750018438,0.08666165754654248,0.2370655054622181,0.138409087015416,0.7156250274482151,0.02865487119878402,-0.09942444419365759,-0.004329179876374,0,482.4094848632813
2024-02-23,-0.004329179876374,0.0010603926022386412,0.030474649931292144,-0.09548373112982779,0.0453394502408759,0.03086451046991412,0.07104223122141404,0.2218284109744435,0.1407845324465622,0.7027755828997655,0.024812468810477772,-0.24002387346566867,-0.0047424394270299,0,480.3255615234375
2024-02-26,-0.0047424394270299,0.018693195360453142,0.029761699431160644,-0.1043795977184393,0.045434544017141,0.018002458172807767,0.0556944485240368,0.2070365232470437,0.14335783894155907,0.6882623592330038,0.011499997212659518,-0.498374153422962,0.0109623388859355,1,478.0530395507813
2024-02-27,0.0109623388859355,0.032978178247681844,0.03903778193543415,0.2414418400004958,0.0454036420775827,0.017713659837514717,0.05731509050316039,0.2110762017718923,0.1454260065422497,0.7035498904030795,0.015090803346989852,-0.5444314802331367,-0.0062406756834337,0,483.3224487304687
2024-02-28,-0.0062406756834337,0.03359375149109394,0.05169927145012655,-0.13726042642655015,0.0454659499894033,0.015240684436667928,0.04120063815971334,0.1945593222609753,0.14729023252647844,0.6829679951574641,0.01714802690253002,-0.4573621411566843,0.0125444861964564,1,480.3155822753906
2024-02-29,0.0125444861964564,0.008194530095554242,0.036043967678984545,0.2804641598392311,0.0447275908752377,-0.010869929843616677,0.04307984960639821,0.2004211972487281,0.15084305166253764,0.7019054432369916,0.01854615462206225,-0.2393067189353726,0.0245269810454857,1,486.37884521484375
2024-03-01,0.0245269810454857,0.03705069101741394,0.038111083619652646,0.5471950564738687,0.0448231042208931,-0.011388449071164208,0.056841354161829616,0.2207771090405519,0.1551186034054639,0.7357623275195161,0.024686430813920773,-0.2811264778483976,-0.008216035139168,0,498.4557495117187
2024-03-04,-0.008216035139168,0.033577095305275834,0.052270290665729045,-0.4331433735374796,0.0189683962427214,-0.5825115745507377,0.04558659869729086,0.2021284832834937,0.14971680469244752,0.7065755184073126,0.01605813035347071,-0.35199291846108505,-0.0161273097332901,0,494.377197265625
2024-03-05,-0.0161273097332901,0.006487446686050235,0.039465624933732145,-0.9163407265439152,0.0175996867389231,-0.6123727980048399,0.025491374358465567,0.1748846288972737,0.14567967929741643,0.6525194737513427,0.015686777170819663,-0.13626754272503527,0.0119030268267983,1,486.4681701660156
2024-03-06,0.0119030268267983,0.02463114919628224,0.05822490068737624,0.6841776001994265,0.0173975687355575,-0.6173494947402984,0.03324771371615553,0.1808939020546675,0.1428952480402701,0.6723983786573368,0.017496810538120997,-0.318313254478934,0.0319382806945393,1,492.293212890625
2024-03-07,0.0319382806945393,0.04402494369436514,0.052219473789919445,1.8379114511418204,0.0173774860996145,-0.6114817328729613,0.06201402290960287,0.2100486405087822,0.1393904547452287,0.7197544278506188,0.03606077942772412,0.09175932118067953,-0.0122577751498715,0,508.2699890136719
2024-03-08,-0.0122577751498715,0.007240187499007941,0.04429087851642194,-0.69013751522116,0.0177613517299424,-0.6037456120305158,0.045126319184141075,0.1868112528955699,0.13556728130436202,0.6787988420672079,0.047870344176990334,0.09308769899429059,-0.0452003535308564,0,502.0777587890625
2024-03-11,-0.0452003535308564,-0.029744130892680458,0.003832964412595445,-2.169982996293646,0.0208298192234958,0.09813286041452618,-0.00270764082755098,0.1276879316750856,0.1307495954454505,0.556582199095931,0.0440869486252196,0.1936514428870888,0.0328705211412337,1,479.888916015625
2024-03-12,0.0328705211412337,0.019253699981843342,0.025741146667893643,1.496395401319445,0.0219664676276405,0.24811696671054473,0.027298072312589402,0.1577147330384364,0.12695113934387225,0.6110827726153405,0.035177561925494,-0.08684738555224236,-0.0083992987544185,0,495.92523193359375
2024-03-13,-0.0083992987544185,-0.001048625599373458,0.023582523596908843,-0.39011149925922783,0.0215305079967335,0.23755843842300872,0.014956658805107851,0.1405285830506047,0.12372146451389443,0.590853310832239,0.020077914441907714,-0.2661691391308887,-0.0075755250577934,0,491.7772521972656
2024-03-14,-0.0075755250577934,-0.04056243135170616,0.0034625123426590427,-0.36299508936352154,0.0208694973562215,0.20095031217918602,0.005335523492970049,0.1243699159083129,0.11840265228245994,0.5725886223923581,0.026818215240050697,-0.22406361940504982,-0.0158416901916585,0,488.06585693359375
2024-03-15,-0.0158416901916585,-0.04414634639349316,-0.036906158894485154,-0.7672641016348529,0.0206469847317289,0.16246697017557787,-0.010524157661469424,0.0996595976483583,0.11135568004310148,0.5357275032345078,0.02175170139751092,0.765677232268718,0.0262582430565872,1,480.3949890136719
2024-03-18,0.0262582430565872,0.02731225019395044,-0.0024318806987299567,1.2667203119767574,0.0207293139679827,-0.004825066143624102,0.013299769370022382,0.1212645227445424,0.10654769362243388,0.5838049510531779,0.021348979102969304,-0.2621958950141908,-0.001490057509324,0,493.1763916015625
2024-03-19,-0.001490057509324,-0.007048328456607259,0.012205371525236146,-0.07196156456642083,0.0207062967335663,-0.057367935320129515,0.009219903402327582,0.1123340950877314,0.10217217410970658,0.580088310863702,0.030932626159906565,-0.30006034460621933,0.0185279375703704,1,492.4420776367187
2024-03-20,0.0185279375703704,0.019878907868181642,0.018830282268808247,0.8875866293043034,0.0208745118038706,-0.03046821714389747,0.024188521693635168,0.1257048539263476,0.09911879510701938,0.613333860641539,0.025775437297187672,-0.24525663214356952,0.0044214403582769,1,501.6510620117187
2024-03-21,0.0044214403582769,0.03187587328425194,-0.008686558067454154,0.22935293086301156,0.0192778890666008,-0.07626481186650236,0.026477784652485892,0.1231544439464027,0.09418290462725087,0.6211314968330734,0.01778392958887585,-0.3490717780309631,0.0035778209152706,1,503.8739929199219
2024-03-22,0.0035778209152706,0.05129538439118104,0.007149037997687945,0.18616611748365694,0.0192184322455169,-0.06918940003944973,0.02750332055685453,0.1202663201075418,0.090279999776949,0.6277004437340087,0.01104832417121241,-0.43639488725780917,-0.0129568697280962,0,505.6799926757813
2024-03-25,-0.0129568697280962,0.012080271606497639,0.03939252180044814,-0.6655087764330294,0.0194691192466942,-0.06079288119399051,0.012104575965611397,0.0993800262093576,0.08623165265356114,0.5881178747663319,0.013876209969338502,-0.4107412492023955,-0.01427581829704,0,499.1702270507813
2024-03-26,-0.01427581829704,-0.0007054891812183599,-0.007753817637825556,-0.7251996609510064,0.0196853626190601,-0.04930549038501886,-0.0031279476764644806,0.0780575127929893,0.08144020115743511,0.5476918905897284,0.029825179188992714,-0.21321802702066028,-0.0041021172637344,0,492.09478759765625
2024-03-27,-0.0041021172637344,-0.023335544015323163,-0.003456636147141457,-0.20875580492879156,0.0196503147068589,-0.0586455438342135,-0.008189811618361536,0.0677579493389029,0.07657489492136627,0.5363868535660701,0.023933923935555247,-0.291800698650021,-0.0169079267817499,0,490.0802917480469
2024-03-28,-0.0169079267817499,-0.044664911155349964,-0.012789037871097957,-0.852094810844468,0.0198427763748418,0.02930234250697472,-0.024372548188972293,0.0445444261834349,0.07063861748096456,0.4917974637321704,0.015939744153358512,0.08819751906588169,0.0118125682448433,1,481.86370849609375
2024-04-01,0.0118125682448433,-0.03643016382577726,0.014865220565403842,0.6154645588538299,0.019192930080071,-0.0013269638813462326,-0.01169236595956562,0.0517248444035243,0.06416748002221273,0.5216401355395972,0.031851009874999954,-0.32149464889164125,0.0121775341698318,1,487.5895080566406
2024-04-02,0.0121775341698318,-0.011295759927849265,0.0007845116786484412,0.6297763136361949,0.0193362848143991,-0.006822826991398467,0.0004988734101809053,0.0594254484173738,0.058897192763788686,0.5512486037741305,0.025896224157586675,-0.18319840369503027,0.018663756707909,1,493.5634460449219
2024-04-03,0.018663756707909,0.021643815077099733,0.02093832589588144,0.9629545115396909,0.0193817636079892,-0.015422576507528651,0.017656388099200487,0.07364996790167,0.055022088454685036,0.5934300613270705,0.01675413505543198,-0.09741309695431377,0.0082150942613458,1,502.8616943359375
2024-04-04,0.0082150942613458,0.033961026602179936,0.010625482586856838,0.4257295173679482,0.0192965108741701,-0.018004995745198205,0.024525327493888496,0.0767515594883891,0.05097602820835312,0.6109970925387064,0.038009889840577224,0.8723147568992029,0.0316325562143138,1,507.009765625
2024-04-05,0.0316325562143138,0.08250150959824365,0.03783659844289374,1.6414410056045998,0.01927121115307,-0.028804700056816235,0.0558478862519666,0.1049732279920492,0.04652691204835113,0.6711125930223093,0.03089095883663074,0.3589830960458673,-0.0154601398737952,0,523.3041381835938
2024-04-08,-0.0154601398737952,0.055228801479605134,0.018798637653827943,-0.7967497067696829,0.0194040107482139,0.010997834476669022,0.038267436729878195,0.0822846604459085,0.04239488031587202,0.6202539264222114,0.02426572091658636,-0.046546349519861474,-0.0045358249543592,0,515.2760009765625
2024-04-09,-0.0045358249543592,0.03851544235541414,0.02721968242756494,-0.28121159963228853,0.0161295798618913,-0.16583873186021092,0.03013806900011749,0.0718827700833755,0.04052340393921816,0.6058909135330811,0.03700910036616384,-0.19106401166366582,0.0056520798242487,1,512.944091796875
2024-04-10,0.0056520798242487,0.025503765471753842,0.047147580548853645,0.38766494583064615,0.0145798063122216,-0.2477564680330857,0.03390824895546562,0.0726539206368007,0.03747496136188011,0.6177752281289216,0.03224132738515609,-0.13680980597970027,0.0063856086846416,1,515.8515014648438
2024-04-11,0.0063856086846416,0.02367427989504964,0.057635306497229644,0.44344172271133653,0.0144001079681859,-0.25374550549127617,0.03768437717547414,0.0740501305386798,0.035045100574985444,0.6313811520306571,0.012558314208804417,-0.2109765530035127,-0.0217580609733454,0,519.1560668945312
2024-04-12,-0.0217580609733454,-0.02971633729260956,0.05278517230563415,-1.4261098336099933,0.0152569321524612,-0.20830444795211045,0.01333325914446163,0.0456876380612876,0.03192866574234632,0.5589309381447156,0.02121511232394495,-0.08587978112066585,-0.0230613075175248,0,507.9822387695313
2024-04-15,-0.0230613075175248,-0.03731750493633916,0.017911296543266043,-1.4616302002877524,0.0157777990034584,-0.18687949578100937,-0.011346528576182945,0.0174479134756259,0.029124908660200566,0.4954731074179874,0.042480519062977555,0.09608030573347603,-0.0009398808222412,0,496.4015502929687
2024-04-16,-0.0009398808222412,-0.033721560804221166,0.004793881551193042,-0.06403363923896867,0.0146779229388109,-0.08999967361271266,-0.012546590415260786,0.0154480958340761,0.028350386942417538,0.49304556807783817,0.015327364159652954,-0.19497360217411652,-0.011248504540627,0,495.9352111816406
2024-04-17,-0.011248504540627,-0.050622145169096855,-0.025118379697342957,-0.7549163788406502,0.0149003318194019,0.021984208865080568,-0.023392012057234464,0.0026536806303789,0.026669547053858267,0.46392775036086176,0.03241797069504819,-0.0084443683678328,0.0153220250405295,1,490.387939453125
2024-04-18,0.0153220250405295,-0.04168572881320896,-0.018011448918159256,1.0420235778935087,0.0147041059008507,0.021110809261737584,-0.00794851351656289,0.0161734155584072,0.02431519876097976,0.5067465483955241,0.026245543539486906,0.18922217961561705,-0.0421887262087421,0,497.95953369140625
2024-04-19,-0.0421887262087421,-0.06211639404860566,-0.09183273134121517,-2.4303812044883224,0.0173588925600765,0.13777084322133648,-0.04641548556501327,-0.0262782589801803,0.021117401006417014,0.41075144082388176,0.056270348170753125,0.9062760582631579,0.0013709782370876,1,477.38824462890625
2024-04-22,0.0013709782370876,-0.03768410829399326,-0.07500161323033236,0.07913811799480079,0.0173238670798018,0.09799009836571715,-0.04246422567216335,-0.0254248210638715,0.017795057965591887,0.4145539335230975,0.03863163067427982,0.2620372748599846,0.0293936407830873,1,478.0431823730469
2024-04-23,0.0293936407830873,-0.00735058668866476,-0.04107214749288586,1.5835079962249545,0.0185623570282948,0.2646446711620758,-0.013222377516934655,0.0024911932158605,0.01592412553220912,0.49149660694254715,0.019733941593379264,0.07554729752621703,-0.0052546132536928,0,492.30316162109375
2024-04-24,-0.0052546132536928,-0.001356695401730561,-0.051978840570827356,-0.2867772192307364,0.0183229800044369,0.22970281645529056,-0.018160536392207133,-0.0037731604693595,0.014653491182744727,0.4792245300888886,0.05150965233583474,1.4610203415472243,-0.1116167260770311,0,489.72308349609375
2024-04-25,-0.1116167260770311,-0.12829544651929117,-0.16998117533250007,-3.607317036478712,0.0309417566984869,1.1042936515233328,-0.11724709651200603,-0.1083305909701337,0.010100794352123632,0.3113797743124324,0.07084595737854994,3.3641752099672306,0.0043179400020697,1,438.001953125
2024-04-26,0.0043179400020697,-0.08178878030847936,-0.14390517435708497,0.13974775791468855,0.0308980985920766,0.7799579371289358,-0.10966196650748801,-0.103403851141844,0.0070289206236595625,0.32076822699125584,0.03266487109388753,0.6454820139756796,-0.0243643212800029,0,439.8973083496094
2024-04-29,-0.0243643212800029,-0.10752407982556986,-0.14520818811956307,-0.7872585663829392,0.0309483088789301,0.7864549950867075,-0.12593719244333096,-0.1231795682924414,0.003154949652414807,0.29645240212971385,0.025888799254406614,0.04992395075231393,-0.0056792523235534,0,429.30902099609375
2024-04-30,-0.0056792523235534,-0.14259697293221058,-0.14994755962087528,-0.18534648230704118,0.0306412738610559,0.6507210703009902,-0.12494682984182498,-0.1266352962191154,-0.0019295586084047134,0.2909976547217646,0.023014142286669415,-0.11598831039101665,0.0207515513762782,1,426.8777770996094
2024-05-01,0.0207515513762782,-0.11659080830223956,-0.11794750370397006,0.6751186372317309,0.0307376366639325,0.6775457188999494,-0.10041780247338707,-0.1071599581595821,-0.007494763352067779,0.33920473192875306,0.05202760986473985,-0.043036972021452624,0.0056536655985827,1,435.8287048339844
2024-05-02,0.0056536655985827,0.0006795833733742465,-0.12761586314591686,0.1843055369777109,0.0306755059630489,-0.00860490042735751,-0.08885642588854002,-0.1011348444327265,-0.013475832890727846,0.35229744281222536,0.026444468550684493,-0.2645688214441533,0.0230079059639824,1,438.2997131347656
2024-05-03,0.0230079059639824,0.019369549335286947,-0.06241923097319235,0.7629656249196441,0.0301558880407038,-0.024021237072598622,-0.06034398394207425,-0.0789330788985362,-0.019782872283888975,0.4047344441847281,0.022833895741509545,-0.19793855552961315,0.0299050771121763,1,448.5009765625
2024-05-06,0.0299050771121763,0.07363894772746615,-0.03388513209810366,0.957590975387302,0.0312294892922117,0.00908548555533617,-0.026397320020599645,-0.0502621722784427,-0.024511900746152393,0.46678089792174093,0.02752965024448547,-0.26903017418801844,0.005482342958398,1,462.1159973144531
2024-05-07,0.005482342958398,0.08480054300941756,-0.05779642992279296,0.17501479371533532,0.0313250259707481,0.02231474163876812,-0.01603991931079401,-0.0445149448391709,-0.028939208091076085,0.4777200624165527,0.021826416867101735,-0.3547365507947394,0.0092682451346628,1,464.6564331054687
2024-05-08,0.0092682451346628,0.07331723676780214,-0.043273571534437366,0.29516939944155146,0.0313997492700732,0.02154077795179421,-0.0019250418811110161,-0.035049047792128,-0.033187893996906914,0.49665921869870516,0.026618676279725164,-0.4380179043140816,0.005949353470364,1,468.9830017089844
2024-05-09,0.005949353470364,0.07361292463958344,0.07429250801295774,0.18951966361769673,0.0313917477310701,0.023348979765287936,0.009117576938415587,-0.0289500836197253,-0.037723711714184205,0.5090599204529846,0.0177737189238828,-0.5450379942469918,0.0016393470664096,1,471.7814636230469
2024-05-10,0.0016393470664096,0.052244365742010655,0.07161391507729764,0.05260888907799759,0.0311610280152298,0.03333146658355024,0.014617412312041469,-0.0268031014221656,-0.04082377577161911,0.5126365191936044,0.01658965496424593,-0.4802295016416286,-0.0173483357779219,0,472.5555114746094
2024-05-13,-0.0173483357779219,0.004990952851912447,0.07862990057937864,-0.559639176293265,0.0309991446503576,-0.007375869637149091,0.0006018385482209042,-0.0421984340668533,-0.04277452925448688,0.4736209070999753,0.02243541757847941,-0.2927290260366442,0.0081715334382002,1,464.42816162109375
2024-05-14,0.0081715334382002,0.007680143331714647,0.09248068634113224,0.26272593746344797,0.031102880503898,-0.0070916291356802885,0.011830655916442171,-0.0332974425762388,-0.04460044596277546,0.49310068750478614,0.026406743269009797,-0.4955307828718484,0.0203281735228851,1,468.2388000488281
2024-05-15,0.0203281735228851,0.018740071719936947,0.09205730848773913,0.6462657930074106,0.031454818965874,0.0017538259725307093,0.0340100440946022,-0.0130940433265978,-0.04555476776093137,0.5394202692867703,0.023466352935271374,-0.37067883628066167,-0.0174078331390348,0,477.8546447753906
2024-05-16,-0.0174078331390348,-0.00461711488946185,0.06899580975012164,-0.5544571527885335,0.0313961738097985,0.00014099497633313085,0.019292524855168178,-0.029215625073823,-0.04759001831773835,0.4974398572929124,0.010438903549481312,-0.20560964468583265,-0.0027931915662201,0,469.6082153320313
2024-05-17,-0.0027931915662201,-0.009049653522091552,0.043194712219919135,-0.09307937849000261,0.0300087045222386,-0.03697963662906134,0.017453124972390516,-0.030320931518963,-0.04695455281308414,0.49090456142937955,0.009281376387965808,-0.4646258912849687,-0.0065267399625801,0,468.29833984375
2024-05-20,-0.0065267399625801,0.001771942293250249,0.006762895145162739,-0.21735255362572894,0.030028356482155,-0.03131661144693565,0.012240668957300254,-0.0351577164418163,-0.04682521346227009,0.4752652426734136,0.013138818595309996,-0.41009470297679906,-0.0090201369330974,0,465.2518310546875
2024-05-21,-0.0090201369330974,-0.01541972807804735,-0.0077395847463326605,-0.30918001331341466,0.0291743856157795,-0.0620037391030972,0.006570728839460362,-0.0430748395631575,-0.04932149026413424,0.45390942481024493,0.018143518724077226,-0.4052563161316285,0.0067566286927274,1,461.0740661621094
2024-05-22,0.0067566286927274,-0.028991272908205055,-0.010251201188268059,0.2309560198166774,0.0292550447400787,-0.0699344106282056,0.016225967231684655,-0.0353169966280718,-0.050719983076367714,0.4729907204886428,0.017251715219286923,-0.4510144842278192,-0.0042847838885133,0,464.1999206542969
2024-05-23,-0.0042847838885133,-0.015868223657683554,-0.020485338547145356,-0.3021919019258894,0.0141790162516139,-0.5483839420207075,0.009206195552981711,-0.0382599257895386,-0.04703312519451175,0.46195346186382447,0.027523673923824314,-0.20630073404970461,0.0263576433973796,1,462.2151794433594
2024-05-24,0.0263576433973796,0.013282611305916146,0.0042329577838246465,1.741352033545932,0.0151363095397243,-0.49560269992637596,0.03225394630895884,-0.0120184159489139,-0.04288902204363365,0.5346850750061307,0.02833427768800776,-0.12665477685910798,0.0035484001900782,1,474.56005859375
2024-05-28,0.0035484001900782,0.02335775145857445,0.025129693751824746,0.26064804841983824,0.0136137608226501,-0.5466364990458146,0.030661848903612614,-0.0083351602578155,-0.03783686104507711,0.5437609438105596,0.012543734049920615,-0.2292085408341542,-0.011652850486571,0,476.2469787597656
2024-05-29,-0.011652850486571,0.02072503790510085,0.0053053098270535465,-0.8367294467665798,0.0139266647440242,-0.5226406846253616,0.013910346343280028,-0.0189066903425927,-0.03236680324274133,0.5088051356780051,0.012964824366301553,-0.2758988477890122,-0.0155302851583576,0,470.72955322265625
2024-05-30,-0.0155302851583576,-0.0015618759459841529,-0.030553148854189152,-1.1003864254831992,0.0141134830444114,-0.5175709635789321,-0.004677835858218099,-0.0328578756825719,-0.028312480963037845,0.4663567922590069,0.015030552863137528,-0.12566754959595283,-0.0004710349182443,0,463.4754638671875
2024-05-31,-0.0004710349182443,0.002251873024284847,-0.013616350633398656,-0.03335696616843733,0.0141210359439102,-0.004089162934494905,-0.00780547313546228,-0.031761877128475,-0.024144866096689754,0.4650995050692847,0.031403303309094535,0.3705514266620764,0.0225780178574158,1,463.2572021484375
2024-06-03,0.0225780178574158,-0.0015277525156789547,0.011754858790237244,1.602539623663914,0.014088898348607,-0.06919858426312142,0.012105220113457734,-0.0084072358786975,-0.020267118066890077,0.5310835235051153,0.023791107879695194,-0.06664300050518157,-0.0010477162900861,0,473.8356018066406
2024-06-04,-0.0010477162900861,-0.006123868995843254,0.017233882462731245,-0.08337393367958387,0.0125664730431528,-0.07692861606286328,0.00983493548676088,-0.0081029893714516,-0.017763224689355872,0.527794708830963,0.011866084777435918,-0.393322932062815,0.0371834372751916,1,473.33941650390625
2024-06-05,0.0371834372751916,0.042712418765919344,0.06343745667102024,2.4930368335633273,0.0149149169296648,0.07096115285353233,0.04512377463682486,0.0298143584498332,-0.014648424003474214,0.619499852394138,0.025734234834571042,0.32985497075726,-0.0026293123247607,0,491.2711181640625
2024-06-06,-0.0026293123247607,0.05561339159951624,0.05405151565353214,-0.17670175280022643,0.0148799447831925,0.054307057752451815,0.040056404029482545,0.0272012367344223,-0.012360067439857625,0.6103170734213316,0.024161520657462947,-0.09197659992381568,-0.0016216108411472,0,489.9811096191406
2024-06-07,-0.0016216108411472,0.05446281567661334,0.05671468870089824,-0.10901163604566129,0.0148755756721967,0.0534337375305598,0.03645654725825079,0.0255752695528199,-0.01049853728476624,0.6043795047718686,0.01772961373310848,-0.20130098190928458,0.0193666547157587,1,489.1871948242187
2024-06-10,0.0193666547157587,0.051251452534956235,0.04972370001927734,1.2588643346953623,0.0153842270227199,0.0919396706585629,0.05380024145746548,0.0448908354014099,-0.008454549264226063,0.6487253208102327,0.01840429742870884,-0.04653261412650023,0.0096429801984387,1,498.7534484863281
2024-06-11,0.0096429801984387,0.061942149023481045,0.05581828002763784,0.6559000630220307,0.0147019046682342,0.16993086427260917,0.05962771542167142,0.0543087709846586,-0.005019635065789285,0.6689158571706482,0.018385356902675464,-0.16017906433545614,0.0026959939436795,1,503.586181640625
2024-06-12,0.0026959939436795,0.027454705691968943,0.07016712445788834,0.1837507560256942,0.0146720155170546,-0.016285803920709996,0.05840091936876308,0.0566514189639729,-0.0016529656888748523,0.6745823232613805,0.01874854298714924,0.03356953319369205,-0.009359049480712,0,504.9456787109375
2024-06-13,-0.009359049480712,0.020724968536017643,0.07633836013553394,-0.6495549006955242,0.0144084040789941,-0.031689681048482354,0.046087106897291674,0.0469230871360955,0.0007991497393400326,0.6341421823595722,0.01586986689771484,-0.12959157799015453,0.0011114539205678,1,500.2419128417969
2024-06-14,0.0011114539205678,0.023458033297732644,0.07792084897434604,0.08141857132215925,0.0136511105822524,-0.08231379523905713,0.04384627271324448,0.0483599088361534,0.004324042956226348,0.6369144716013264,0.012694370537123783,-0.07871192535293803,0.0048872600299005,1,500.7982177734375
2024-06-17,0.0048872600299005,0.008978638611874444,0.06023009114683074,0.35985901806761167,0.0135810408646818,-0.11721005906732263,0.04515304268373764,0.0543812574030475,0.008829534376720405,0.6495281295106312,0.029094191209193127,0.011235551662175824,-0.0141933499763448,0,503.2517395019531
2024-06-18,-0.0141933499763448,-0.014857691562909054,0.04708445746057204,-1.0149627651304463,0.0139841090372617,-0.048823308759674666,0.02712709683135558,0.0403551232054685,0.012878665566238956,0.5861384059644414,0.021982444495386066,0.16535954389973928,0.0044147293671563,1,496.1593627929687
2024-06-20,0.0044147293671563,-0.013138956139432254,0.014315749552536745,0.32259908811575216,0.013684878630445,-0.06728025099633816,0.027705870028752425,0.045597889883926,0.01740966980627734,0.5991775794642333,0.01375328731547873,0.05272594843862266,-0.0138890787588464,0,498.3546142578125
2024-06-21,-0.0138890787588464,-0.017668985417566653,0.0030559831184510423,-0.97637886521925,0.0142250915639469,-0.012722610640442222,0.01068766090224625,0.0322314903653683,0.021316011164012716,0.5416335411725606,0.022353364295000875,0.890974965251246,0.0083124108670835,1,491.4807739257813
2024-06-24,0.0083124108670835,-0.010468028471050956,0.012990004826681743,0.5865754004427411,0.0141710867193022,0.03809039080862875,0.015639347566982792,0.0418792288332055,0.025835825806751034,0.5682818778814108,0.02707899049704494,0.13533620945460156,0.0231608684452258,1,495.5831909179687
2024-06-25,0.0231608684452258,0.007805579944274343,0.016784218556148842,1.6644240577474845,0.0139152449385826,0.024608134032636286,0.03597256162721578,0.0663269555356324,0.029300384037911797,0.633273183184823,0.029788467045169888,0.012439802668573474,0.004923246615996,1,507.1952819824219
2024-06-26,0.004923246615996,0.026922176536615144,0.012064484973706142,0.35368659775026134,0.0139197997529788,-0.004598740192281459,0.03754091236745132,0.0709908893275496,0.0322396703217922,0.6456568587498811,0.01779311850969162,-0.25045811057183764,0.0124726353192425,1,509.698486328125
2024-06-27,0.0124726353192425,0.03498008248870134,0.021841126349269144,0.9178736233106441,0.0135886193943077,-0.007033985374422569,0.04573430212841805,0.0835146355152734,0.03612804257253477,0.6757874643380879,0.017283818059409508,-0.14912541387996947,-0.0299696563944179,0,516.0955810546875
2024-06-28,-0.0299696563944179,0.018899504853129846,0.0012305194355632446,-1.994997120345599,0.0150224058414812,0.0560498520484094,0.011029916249866708,0.0510617771943771,0.03959512997696191,0.5547766384081757,0.03577805025831489,0.30474998415876464,0.0009117764829932,1,500.85784912109375
2024-07-01,0.0009117764829932,0.011498870469039546,0.0010308419979886446,0.06076684732410133,0.015004505304187,0.058811197856097674,0.008079994088398153,0.0518724239577978,0.04344142342493473,0.5573361281992564,0.026571239873077666,-0.1263761128380807,0.0095053127059982,1,501.3147277832031
2024-07-02,0.0095053127059982,-0.0021566852701880527,0.005648894674086344,0.6590065774653245,0.0144236992938031,0.03653937515758088,0.014416782330207623,0.0606404141521276,0.04556670653233885,0.5843058075030072,0.021687905383648117,-0.33539454481675157,0.0009023922322422,1,506.10260009765625
2024-07-03,0.0009023922322422,-0.006177539653941853,0.02074463688267334,0.06266884520007111,0.0143993754689639,0.03445277406971847,0.011963500027391863,0.0603306158823792,0.04779531658372882,0.5868924525731023,0.010314553795909495,-0.48187833769012434,0.0570703119746955,1,506.55950927734375
2024-07-05,0.0570703119746955,0.03842013700151115,0.07340021949021255,3.3067988641212414,0.0172584769499918,0.2700684631156429,0.06659802263705324,0.1205397296313374,0.050573604909672554,0.7123857234417765,0.05421272150836242,0.7983490367415962,-0.0198094556654592,0,536.3098754882812
2024-07-08,-0.0198094556654592,0.048580337730469846,0.06747984258359975,-1.0983253203030274,0.0180360548002242,0.2006102744489464,0.041966932586022763,0.0969076608703093,0.05272790005718431,0.6385237967032015,0.03052968510716625,0.23419865820453567,0.0012838624498412,1,525.7904052734375
2024-07-09,0.0012838624498412,0.04895242369731786,0.06045129416635745,0.07130954123315614,0.0180040767005279,0.19991138231687455,0.03946596769900453,0.0942777754338298,0.05273073812715445,0.641097054122993,0.017528260428950598,-0.2739196452382602,0.0088101822185142,1,526.4658813476562
2024-07-10,0.0088101822185142,0.04825729320983385,0.04610060793964585,0.4985556588410861,0.0176714115310492,0.22516499901252263,0.045323750859196106,0.0997903285132518,0.05210498432594424,0.659120930634545,0.019674988279592753,-0.088033538325749,-0.0419962310351683,0,531.1246337890625
2024-07-11,-0.0419962310351683,0.005358669942423351,-0.0008188697115184551,-2.0733281741844882,0.0202554673003886,0.40669068210956727,0.001771704926595405,0.0510785735637247,0.04921966591254656,0.5257931956116538,0.05283796803291224,0.32912964107774,-0.0273454861657988,0,509.2812805175781
2024-07-12,-0.0273454861657988,-0.07905712819807095,-0.04063699119655976,-1.291000555196436,0.0211816223128099,0.2273170091535781,-0.024348860293791113,0.0198352198428608,0.04528676115722763,0.46243659547914784,0.027782760012068308,0.5464958856420692,-0.0054470152115024,0,495.5434265136719
2024-07-15,-0.0054470152115024,-0.06469468774411416,-0.01611435001364426,-0.2579354054129627,0.0211177492395104,0.17086300044108826,-0.02894232780175759,0.0119202107390938,0.04208044456139093,0.45096964235947135,0.02682601874466684,-0.027996117937793996,-0.0129215830698298,0,492.8515319824219
2024-07-16,-0.0129215830698298,-0.07890013326378516,-0.02994770956646726,-0.607065681961504,0.0212853130291908,0.182249630638748,-0.040059336759875386,-0.0030455335452529,0.03855842827793987,0.42433422440805835,0.037077121511848436,0.07514635863087227,-0.0584335365720692,0,486.5240783691406
2024-07-17,-0.0584335365720692,-0.14614385205436856,-0.09788655884453465,-2.363332851814199,0.0247250557733385,0.3991556775131311,-0.0905663592024914,-0.0600327012775637,0.03357436601768082,0.3321358454873436,0.04339924832651712,1.0151896808071208,0.0295593626510172,1,458.909423828125
2024-07-18,0.0295593626510172,-0.07458825836818306,-0.06922958842575966,1.1480637136189902,0.0257471447798298,0.27112074967215616,-0.06109820186152949,-0.0322518196407756,0.03072353496174629,0.4019083941296182,0.030892048966907663,0.352765339741238,0.0019736230885772,1,472.6769714355469
2024-07-19,0.0019736230885772,-0.045269149113807056,-0.12432627731187795,0.07673857150873226,0.0257187884759181,0.2142029583996634,-0.05692573292531928,-0.0306953672616722,0.02781367976989868,0.40643787084600386,0.023070953255858,0.051294444538898976,0.0220089838646957,1,473.61077880859375
2024-07-22,0.0220089838646957,-0.017813150037608957,-0.08250783778172308,0.8421329867341866,0.0261348079357954,0.2375754461038062,-0.03523538304688091,-0.0097402398795575,0.02642628338489561,0.45646913172718,0.016741903496704527,-0.13461974472826366,0.002643083523238,1,484.1500244140625
2024-07-23,0.002643083523238,-0.0022484834445411555,-0.08114861670832627,0.10141534297224096,0.0260619689859103,0.22441088604939785,-0.031702647319154294,-0.0076735324485695,0.024815842782237585,0.4624021117534941,0.015347152514950927,-0.30931034029367555,-0.0577447014271058,0,485.4313659667969
2024-07-24,-0.0577447014271058,-0.0015596482995777552,-0.14770350035394625,-2.041007222418917,0.0282922572702458,0.14427476037299303,-0.08154431323821854,-0.0628018102387815,0.020406540314990895,0.36995751899342494,0.034079826555196036,0.2634666176065814,-0.0171866876258426,0,458.1942443847656
2024-07-25,-0.0171866876258426,-0.04830569857643756,-0.12289395694462057,-0.6070296006314871,0.0283127669687993,0.09964686224079489,-0.09179577628852105,-0.0782420464682416,0.01492365865123424,0.34845231113951813,0.04609513184023056,0.2634396964780159,0.0267447632451851,1,450.3866882324219
2024-07-26,0.0267447632451851,-0.023534558419829658,-0.06880370753363668,0.9228763088668592,0.0289797917534835,0.12679459145670302,-0.06211920429576205,-0.0530384605270483,0.009682193952905482,0.40654164547455646,0.022224555109816576,-0.028672876784179513,2.144016490407469e-05,1,462.5946960449219
2024-07-29,2.144016490407469e-05,-0.04552210211962128,-0.06333525215723018,0.0007545128226455602,0.0284159052842849,0.0872819633529891,-0.05844794723571569,-0.05242653396837,0.006395199553405062,0.4065879346957788,0.01919650126782524,-0.21342687455866416,-0.0054257365197435,0,462.6046142578125
2024-07-30,-0.0054257365197435,-0.053590922162602785,-0.05583940560714389,-0.19108810418473257,0.0283938999912743,0.08947639399865359,-0.05959856303859251,-0.057186704655876,0.0025647115028977208,0.39814728928366117,0.034607825503152265,-0.21280314480665286,0.0248195594340925,1,460.1014404296875
2024-07-31,0.0248195594340925,0.028973338698595513,0.027413690399017806,0.8562658329146928,0.0289858108078513,0.024513899014162233,-0.03256128367654686,-0.0336269751620024,-0.0011015596827729235,0.4544815493098786,0.020533665260663015,0.5876304227952291,0.0471208134452217,1,471.6638488769531
2024-08-01,0.0471208134452217,0.09328083976965981,0.0449751411932223,1.514115674812508,0.0311210128982098,0.09918655892958794,0.01538034656785579,0.011789850537338,-0.0035361094418009387,0.5447934451628373,0.07045842707982318,1.5120227908267623,-0.0194754652889401,0,494.4209899902344
2024-08-02,-0.0194754652889401,0.04706061123553461,0.023526052815705002,-0.6920883782344416,0.028140142070617,-0.02897362720922836,0.0010828731121819925,-0.0086906582852614,-0.009762959351266698,0.5069224608916216,0.0512148138849162,0.39104984643011487,-0.0257517627410087,0,484.8850708007813
2024-08-05,-0.0257517627410087,0.021287408329621834,-0.024234693789999397,-0.9088326805968094,0.0283349876064075,-0.002847619214234598,-0.018976811968395804,-0.0342227760836365,-0.015540880481970443,0.46219371449430896,0.06869447467819846,0.21505631281331228,0.0378671661591192,1,472.5578308105469
2024-08-06,0.0378671661591192,0.06458031100848453,0.010989388845881801,1.265558268431919,0.0299213138609874,0.053793732815234696,0.022670585945735733,0.0018793231142539,-0.020330361621043957,0.5284809270113606,0.048392001132033007,0.1501530106922242,-0.0105188149026136,0,490.7953796386719
2024-08-07,-0.0105188149026136,0.02924193667177843,0.058215275370374006,-0.35280904664188595,0.0298144704698873,0.028588458937003125,0.016785942792509723,-0.0090530931839564,-0.02541246381268969,0.5094394843212773,0.04763562117582303,0.07656509908882891,0.0414860251182733,1,485.6598510742187
2024-08-08,0.0414860251182733,0.023607148344830037,0.11688798811448989,1.377035077076274,0.0301270648866524,-0.03193816392828841,0.06019401308958805,0.0316596604527787,-0.02691427444836747,0.5754315249336424,0.029904028586149243,-0.13416368619221297,0.0158461607872194,1,506.2317199707031
2024-08-09,0.0158461607872194,0.05892877442098954,0.10598938565652419,0.5347956360638605,0.0296303105684415,0.05295525850882199,0.07501445193281336,0.0462789270742255,-0.026730361444837314,0.5983046554667112,0.024412411247528062,-0.2539021208875104,-0.0035212614193372,0,514.3174438476562
2024-08-12,-0.0035212614193372,0.08115927574266103,0.10244668407228291,-0.11892762773198572,0.0296084390691176,0.044942721712083245,0.06903942435987104,0.0405253282776637,-0.026672632863171675,0.590642804955235,0.017288522563606686,-0.46389096470700597,0.0241086156166582,1,512.5095825195312
2024-08-13,0.0241086156166582,0.06740072520020005,0.13198103620868462,0.8093824514185144,0.0297864323280122,-0.004507874674282486,0.09074691362560677,0.063249469542795,-0.02520973815219074,0.6262945050058996,0.025258213457690113,-0.24494800289301633,-0.0033733285887388,0,525.015625
2024-08-14,-0.0033733285887388,0.07454621151407484,0.10378814818585332,-0.12954445307412787,0.0260399307626743,-0.1266009306127135,0.07985667080348419,0.0575522806992057,-0.020654954224325395,0.6180985624522614,0.020635573915384908,-0.3411830807212204,0.019867380187122,1,523.24755859375
2024-08-15,0.019867380187122,0.052927566582923545,0.07653471492775363,0.7737408963538064,0.0256770454822092,-0.1477083619391929,0.0946271201717621,0.0761454064895605,-0.016884026844960265,0.647591741992478,0.024323985090215817,-0.21072289565719327,-0.0186154940782554,0,533.7470703125
2024-08-16,-0.0186154940782554,0.018465911717448748,0.0773946861384383,-0.708990058787216,0.0262563541583343,-0.11386841195315434,0.0689260790832639,0.0549096310198359,-0.01311264486637731,0.6007479324783158,0.017064199862774406,-0.13398888644369422,0.0035207421987731,1,523.9030151367188
2024-08-19,0.0035207421987731,0.02550791533555905,0.10666719107822012,0.13566679284700206,0.0259513925618011,-0.12351365429226224,0.06816291714057206,0.0571074916889613,-0.0103499431352716,0.6065017256669764,0.016815226130351853,-0.41732536554654687,-0.004829670222439,0,525.7507934570312
2024-08-20,-0.004829670222439,-0.003430370503538154,0.06397035469666193,-0.1855603976049909,0.0260274836914291,-0.12619667220260056,0.058951685638709145,0.0505766293647415,-0.007908818114696237,0.593866591121362,0.009891257695299102,-0.5293663234246947,0.0158775532646524,1,523.2177124023438
2024-08-21,0.0158775532646524,0.015820511349853045,0.09036672286392793,0.7309079024998362,0.0217230559559533,-0.16577904319579906,0.06796710168337083,0.0659846103322737,-0.001856322491556317,0.621907965712693,0.02330150303470743,-0.19470990887221107,-0.0060537000843725,0,531.5914306640625
2024-08-22,-0.0060537000843725,-0.010100568921641455,0.04282699766128213,-0.2856150493283479,0.0211953120068721,-0.17454241292840122,0.05326939261361362,0.0584982878426794,0.004964442397866087,0.604681021368494,0.02940227817312423,-0.05041563169307273,-0.0074156448875376,0,528.383056640625
2024-08-23,-0.0074156448875376,0.0010992802690763448,0.019565191986525135,-0.35347331730869996,0.020979362583856,-0.20097960069613385,0.0390785957310345,0.0498562308223768,0.010372300166340942,0.5835016800346042,0.02804923780036695,-0.309407334654074,-0.0131159091637444,0,524.479248046875
2024-08-26,-0.0131159091637444,-0.015537371093441155,0.009970544242117935,-0.6132580735567015,0.0213872588544596,-0.17587240054545794,0.019977985098144725,0.0354548929762782,0.015173766595211635,0.5473577564871328,0.025042193573927538,-0.4123700878961666,-0.003883799158109,0,517.6451416015625
2024-08-27,-0.003883799158109,-0.014591500029111156,-0.018021870532649267,-0.18192728121939117,0.0213480855211892,-0.17978680635119693,0.010495276766474326,0.0308291796790926,0.020122709507050418,0.5368432368360163,0.01675980084031243,-0.6086569246676883,-0.0044792407201315,0,515.6386108398438
2024-08-28,-0.0044792407201315,-0.034948294013895057,-0.01912778266404197,-0.21361490247438564,0.0209687651387927,-0.034723052718274805,0.0018883834887578955,0.0258086498559694,0.023875180869865842,0.5243842086902327,0.016718940668417406,-0.40464387064843477,0.0027824158081718,1,513.3341064453125
2024-08-29,0.0027824158081718,-0.026112178121350756,-0.03621274704299217,0.15138425788101903,0.0183798226256699,-0.13283547702856857,0.0026893561369559895,0.0279025242592016,0.025145542802393006,0.5316493066945016,0.02222997989757036,-0.38648351802362335,0.0059451330644617,1,514.764404296875
2024-08-30,0.0059451330644617,-0.01275140016935146,-0.01165211990027507,0.33624297754471955,0.0176810623908748,-0.15721641588478497,0.005441787363370043,0.0332279545609674,0.027635779163767138,0.5476194576748619,0.015998092995281855,-0.2852721975372622,-0.0184891255989764,0,517.8338623046875
2024-09-03,-0.0184891255989764,-0.018124616604583456,-0.03366198769802457,-1.0800405096910546,0.017118918626733,-0.19957397330684945,-0.016394706845530755,0.0136177461640341,0.0305126997774825,0.49180439814405097,0.032964660769241455,0.007551928861371904,0.0019130983943151,1,508.3475341796875
2024-09-04,0.0019130983943151,-0.012327719052159356,-0.02691921908127047,0.12664430789049105,0.0151060748499597,-0.2923920585306793,-0.016274270426414866,0.015002685062674,0.031794385923652246,0.4974646943632004,0.02441787215685484,-0.2896978838447428,0.0080030357061724,1,509.3209838867187
2024-09-05,0.0080030357061724,0.00015455737414454482,-0.03479373663975047,0.5380669371243323,0.0148736804921413,-0.29067446777661465,-0.011020581699204408,0.0229048645344738,0.03430349065500948,0.5215895857676511,0.020276305543753217,-0.22583020838139656,-0.0326239003673253,0,513.4134521484375
2024-09-06,-0.0326239003673253,-0.035251758801352555,-0.06136393692270327,-2.34296947499394,0.0139241679055207,-0.24242098582204363,-0.04190637128560119,-0.0094239759009949,0.033903153523932916,0.431715585143958,0.052631614264441066,0.32942441950105006,0.0089946248671589,1,496.9341735839844
2024-09-09,0.0089946248671589,-0.03220226699865535,-0.04495366716800677,0.6628535695222504,0.013569550321109,-0.23253761447545995,-0.032046710395081016,0.0001110559271225,0.033222436110867726,0.4590641149600124,0.01832445144202342,0.008153525361707104,0.0,0,501.424072265625
2024-09-10,0.0,-0.013713141399678955,-0.03183775800426237,0.0,0.0135616369182722,-0.2077982719601067,-0.031009912164539376,8.846681918717087e-05,0.032093598659192146,0.4590641149600124,0.028031446060654667,-0.09722089223650099,0.0138499470269195,1,501.424072265625
2024-09-11,0.0138499470269195,-0.0017762927670745554,-0.014104011819233871,1.0882708042062987,0.0127265630699526,-0.1575201899660551,-0.015917798787521364,0.01374879480878,0.03014645886263323,0.5023264416803519,0.034230094901245546,-0.0031861987165531236,0.0265478334626709,1,508.4170837402344
2024-09-12,0.0265478334626709,0.016768504989423946,0.016923062363568532,1.8717774573526138,0.0141832210652966,-0.04642155834996675,0.010670037926675095,0.0403585473555054,0.029375076251131782,0.574079416773061,0.021860829153810695,0.10395562966187355,-0.0018661293212922,0,522.09521484375
2024-09-13,-0.0018661293212922,0.04752627603545704,0.012274517234104531,-0.1394508757473617,0.0133819835213728,-0.038938368728872685,0.010019995132348199,0.0378166119752824,0.027520857979937308,0.5678054943334683,0.019957363111831963,-0.03405116120407159,0.0173259560004515,1,521.121826171875
2024-09-16,0.0173259560004515,0.05585760716874965,0.02365534017009433,1.2994862095357549,0.0133329279474549,-0.017437746134152055,0.02704237374298638,0.0562102488428024,0.02839987506407904,0.6106779849356085,0.031315538280879816,-0.08588775174401475,0.0056843326413414,1,530.2294311523438
2024-09-17,0.0056843326413414,0.061541939810091054,0.04782879841041213,0.4252637003985343,0.013366606733691,-0.014381020945814171,0.03214720925822993,0.06191552142601,0.028841149693340506,0.6240081829123509,0.02149829971707283,0.11199622955396205,0.0030346040222862,1,533.2520141601562
2024-09-18,0.0030346040222862,0.050726596805457755,0.048950304038383234,0.22798274255807036,0.0133106742564659,0.04589700953059239,0.034117690477642355,0.0647863916644438,0.02965687703556852,0.6312977794727548,0.01914673772514911,-0.029043574767453895,0.0385626918365198,1,534.8726806640625
2024-09-19,0.0385626918365198,0.06274145517930665,0.07950996016873063,2.4986583796604735,0.0154333590179542,0.08814203394999098,0.07225507745762424,0.1055587891628348,0.031059504781432823,0.7098925226719889,0.027812535274522914,0.4564175404908184,0.0040161264225807,1,555.9016723632812
2024-09-20,0.0040161264225807,0.06862371092317954,0.11614998695863663,0.26227806111709656,0.0153124756431216,0.14426053646423553,0.07348943115852502,0.1078548626385516,0.032012827031691504,0.7168083192364813,0.014607664672064914,0.99493554619167,0.0054364238599239,1,558.1387329101562
2024-09-23,0.0054364238599239,0.056734178782651946,0.11259178595140162,0.35925482096142397,0.0151325007841931,0.13497206643809379,0.07554510876434203,0.1109990976207717,0.03296373956566212,0.7263626892569636,0.020499296388683592,0.15210451882281628,-0.001915172575277,0,561.1812744140625
2024-09-24,-0.001915172575277,0.04913467356603354,0.11067661337612462,-0.1303671095021295,0.0146906116319601,0.0990531796624119,0.06913678437015276,0.1059282885658015,0.034412345299037916,0.717166978567403,0.024071143285856654,0.14909084477147294,0.0088013795798299,1,560.1075439453125
2024-09-25,0.0088013795798299,0.054901449123577244,0.10562804592903503,0.6024807555162806,0.0146085655006321,0.09750755064385452,0.07352470142358812,0.1122554689833211,0.03607813356168954,0.7338973342287599,0.023156436163751844,0.399583003214403,-0.0008273091131478,0,565.0590209960938
2024-09-26,-0.0008273091131478,0.015511448173909642,0.07825290335321633,-0.05700891443312999,0.0145119253957767,-0.059704023026067254,0.0674394855992496,0.1067311418891296,0.03680925881041586,0.7295116316149286,0.02650402950892297,0.19162894074209524,-0.0008458463701797,0,564.5917358398438
2024-09-27,-0.0008458463701797,0.010649475381149243,0.07927318630432884,-0.058091731730174616,0.0145605294417543,-0.04910676881338094,0.06158452555730474,0.1018455482863,0.03792540467548666,0.7247469344709951,0.011156967803997296,-0.2257694607966706,0.0089139471801516,1,564.1143798828125
2024-09-30,0.0089139471801516,0.014126998701376944,0.07086117748402893,0.6109498210846669,0.0145903098299071,-0.03582956723533448,0.06594130907574776,0.1075768816142585,0.039059910882534465,0.7438136426355406,0.01725945922834716,0.038271989714920185,0.0070155006722033,1,569.1653442382812
2024-10-01,0.0070155006722033,0.023057671948857245,0.07219234551489082,0.5184926297575515,0.0135305697122132,-0.0789648483541131,0.06696895076719465,0.1115233236056448,0.04175789071126568,0.7581276602290855,0.02244696705645095,0.22458724460847934,-0.0063693965731555,0,573.17236328125
2024-10-02,-0.0063693965731555,0.007886895795871846,0.06278834491944912,-0.4619990649634426,0.0137866005717122,-0.05626595772763143,0.054286066830132165,0.1008751601892214,0.044190182176234494,0.718844626093601,0.011626845154443946,-0.47254884604144864,0.0172387205701503,1,569.533203125
2024-10-03,0.0172387205701503,0.02595292547916995,0.04146437365307963,1.2291938270178235,0.0140244119285675,-0.033593989351066944,0.06610333438648651,0.1147922374447265,0.04566996602281437,0.7559100440668032,0.0251042510638762,-0.07479678044298865,0.0223473982077523,1,579.4363403320312
2024-10-04,0.0223473982077523,0.04914617005710195,0.05979564543825123,2.0068632709151815,0.0111354861746816,-0.2352279345867,0.08069211595936567,0.1337841622063089,0.0491278186107722,0.7944900031430285,0.025875059312992426,0.1346038355286865,-0.0189043354920869,0,592.531005859375
2024-10-07,-0.0189043354920869,0.021327887384863447,0.03545488608624043,-1.483721925191055,0.0127411580102199,-0.12673835177213466,0.052772782671049734,0.1075151625933497,0.051998285692198554,0.6943405472498313,0.03233700405676373,-0.04168680734029839,0.0137732648327083,1,581.434814453125
2024-10-08,0.0137732648327083,0.028085651545368448,0.05114332349422573,1.0851813341111785,0.0126921320886793,-0.061966172996920865,0.05892975753998333,0.1174727753735527,0.055285081391585056,0.7217866713724516,0.0128017451263189,-0.3681090235903606,-0.0040224323313655,0,589.4984741210938
2024-10-09,-0.0040224323313655,0.030432615787158446,0.03831951158303033,-0.3119880682057409,0.012892904380923,-0.06482353544229857,0.04727474004599901,0.1076523169854909,0.05765208939999833,0.7018684894230658,0.0216423584452827,-0.2297427275886874,-0.0113767209993346,0,587.1320190429688
2024-10-10,-0.0113767209993346,0.0018171742176735471,0.027770099696843534,-0.8969109092081707,0.0126843378562297,-0.09555296002166691,0.030063140368916184,0.0906439585103221,0.058812722994542765,0.6478334565538408,0.01320583168356272,-0.36348509262910245,0.0104279959658494,1,580.490234375
2024-10-11,0.0104279959658494,-0.010102228024229352,0.03904394203287263,0.8265407155009276,0.0126164334923652,0.13299350333268634,0.03485118504172579,0.0982735408297499,0.06128645036577596,0.6726953336278412,0.014408000379898383,-0.28878703449098386,0.0007962118006912,1,586.5752563476562
2024-10-14,0.0007962118006912,0.009598319268548748,0.03092620665341223,0.06437353787681763,0.0123686195749377,-0.029238977727407467,0.030511014043266102,0.0949595944868162,0.06254040914194858,0.6745949151806944,0.017174136897097986,-0.31291163270913647,-0.0070535420062511,0,587.04248046875
2024-10-15,-0.0070535420062511,-0.011228487570410652,0.01685716397495783,-0.5571134463658468,0.0126608719503409,-0.0024629540663448912,0.018826662351193103,0.0828056844819734,0.0627967685721269,0.6393074110058967,0.017858615235853567,-0.19654025573410772,-0.0163024163844516,0,582.9163208007812
2024-10-16,-0.0163024163844516,-0.02350847162349675,0.00692414416366173,-1.2088149419138317,0.0134862796770539,0.04602340005009942,-0.0010194026728696695,0.0620336327625536,0.06311737745870927,0.5664161978645129,0.013956532012744246,-0.05711774271892389,0.0002429444883795,1,573.4904174804688
2024-10-17,0.0002429444883795,-0.01188880613578265,-0.01007163191810907,0.022772720160419594,0.0106682243784716,-0.15894511015156543,-0.002317153667372315,0.0588417729195226,0.06130097035516702,0.5672017926051852,0.01693439172884909,-0.25013734813605115,-0.0007976920788858,0,573.6297607421875
2024-10-18,-0.0007976920788858,-0.02311449418051785,-0.033216722204747175,-0.07479934744257682,0.0106644256421914,-0.15471946579475504,-0.004414267529501861,0.0553893335883659,0.06006876069775324,0.5635919954789083,0.01512649599508046,-0.2931346519554253,-0.0022752226322455,0,573.17236328125
2024-10-21,-0.0022752226322455,-0.026185928613454548,-0.01658760934490577,-0.213686147117226,0.0106474971023617,-0.13915234939099264,-0.007598099130850825,0.0507637914832167,0.058808725137420526,0.5528020084508022,0.014135206312017593,-0.2328410388127854,0.0118395379402911,1,571.8697509765625
2024-10-22,0.0118395379402911,-0.007292848666912349,-0.018521336237322973,1.086744980963546,0.010894495164628,-0.13951462368793177,0.0026055561895427406,0.0606990067386035,0.05794247816643683,0.5963199404172707,0.01960453254795797,-0.18075579101482442,-0.0319830798680774,0,578.6806640625
2024-10-23,-0.0319830798680774,-0.02297351215053815,-0.04648198377403487,-2.4452646696455265,0.0130795984030284,-0.03015518614206436,-0.028566928270712992,0.0259780263670652,0.05614895789030605,0.46577579683947073,0.039915556249977585,0.38133017159016713,0.0072294308561769,1,560.4655151367188
2024-10-24,0.0072294308561769,-0.01598702578274075,-0.02787583191852337,0.548115378992643,0.0131896150578069,0.2363458613059779,-0.02151351111464451,0.0318624869705132,0.05454955044495424,0.49248744058206884,0.012962740800652814,-0.27822281694725226,0.0095879222702418,1,564.5320434570312
2024-10-25,0.0095879222702418,-0.005601411433613151,-0.028715905614130968,0.7176662062119572,0.0133598631052304,0.2527503640116453,-0.012587885341570416,0.0404257455921344,0.053689467798401,0.5265815881931833,0.016694299736971195,0.12801961565611109,0.0085285917123478,1,569.9707641601562
2024-10-28,0.0085285917123478,0.00520240291098015,-0.02098352570247437,0.6389709021774712,0.0133473866858166,0.2535703515576486,-0.004620988683781188,0.0473888424681879,0.052251283742857924,0.5554501168613285,0.016656298135680654,0.09714048140175602,0.0258161317826826,1,574.8526000976562
2024-10-29,0.0258161317826826,0.019178996753371647,0.011886148086459328,1.7869115031676273,0.0144473476928873,0.32611447107660596,0.01993453039198636,0.0722743942938665,0.05131688588066985,0.6302290735683219,0.030794831435243794,0.3223018784180236,-0.0024980742356987,0,589.8862915039062
2024-10-30,-0.0024980742356987,0.048664002385750346,0.025690490235212228,-0.17392502092470635,0.0143629376751959,0.09811763577315658,0.015731832148745586,0.0670698937076152,0.05054292868843713,0.6192472777113589,0.019972976627288853,1.4731112020433046,-0.0417868767207764,0,588.41455078125
2024-10-31,-0.0417868767207764,-0.00035230519120295345,-0.016339330973943668,-2.481696732861745,0.0168380270511902,0.27661246953707064,-0.024566303812718543,0.0221852947604855,0.04792903787919567,0.4737746878865292,0.04737660565696255,1.3085475110456048,-0.000740266802492,0,564.3331909179688
2024-11-01,-0.000740266802492,-0.01068049426393675,-0.01628190569754987,-0.04657226954282592,0.0158950124131546,0.18975862910838415,-0.02287163408439779,0.0201157793421826,0.043993619391347494,0.47170523963412847,0.01958880364910958,0.30994192093200423,-0.0114911192559147,0,563.9155883789062
2024-11-04,-0.0114911192559147,-0.03070020523219925,-0.025497802321219072,-0.7377954793073824,0.0155749385543839,0.16689048732920675,-0.032026124181257366,0.0072582442176222,0.04058412048119764,0.4397875973111842,0.019262302800260582,0.03249758020414428,0.0207399373818706,1,557.47265625
2024-11-05,0.0207399373818706,-0.03577639963301124,-0.016597402879639567,1.2946061785754768,0.0160202675725616,0.10887257046140575,-0.009992271285173517,0.0264562073702503,0.03681635768918623,0.5051698392043545,0.011896647006144663,-0.17022401761514738,-0.0006639171580029,0,569.1553344726562
2024-11-06,-0.0006639171580029,-0.033942242555315444,0.014721759830434932,-0.04146149773315717,0.016012859985807,0.11487359674758157,-0.009067495426487777,0.0238126160815015,0.03318097989140112,0.5031251564548022,0.031168634682842894,0.49804145895656604,0.0337734626031515,1,568.777587890625
2024-11-07,0.0337734626031515,0.04161809676861245,0.04126579157740953,1.9126088848756293,0.017658321505365,0.04871677968451893,0.024273106879236575,0.0561299768777613,0.03110192953868185,0.5945359591003551,0.03310793546757297,0.16621117656515372,-0.0039965815243684,0,588.3152465820312
2024-11-08,-0.0039965815243684,0.03836178204673605,0.02768128778279933,-0.22794751495019466,0.0175329023667647,0.10304427017965678,0.020241556537098575,0.0492351359485975,0.028418347817460887,0.5807175249703002,0.014558583608290597,-0.2531164107831978,-0.0105246328805036,0,585.9686889648438
2024-11-11,-0.0105246328805036,0.03932826842214715,0.008628063189947932,-0.5950773115107649,0.0176861605659002,0.13555250983138256,0.010194141310405662,0.0359500618976955,0.025496010651853362,0.5450503459359413,0.017987877534484043,-0.1964189080959864,0.0028255835215695,1,579.8339233398438
2024-11-12,0.0028255835215695,0.02141391456184605,-0.014362485071165169,0.16022735576062833,0.0176348383717371,0.10078301076199403,0.013179809329856186,0.0361738176314939,0.02269489392691959,0.5529582985132786,0.03296735409229963,0.24899161700156736,-0.0082760953934662,0,581.474609375
2024-11-13,-0.0082760953934662,0.01380173632638275,-0.020140506228932667,-0.4773913641149392,0.0173360810763925,0.08263490043367261,0.004549907155768985,0.0251725810870577,0.020529267669417095,0.5242906304579745,0.01805177885910547,-0.17345491481459285,-0.0049086446874017,0,576.68212890625
2024-11-14,-0.0049086446874017,-0.02488037096417045,0.01673772580444203,-0.282514374569663,0.0173748493147605,-0.01605317869642231,-0.0003888896591031762,0.0179650281334237,0.018361058218198112,0.5075923402073882,0.01342781960047526,-0.15831129240491248,-0.0408102729106111,0,573.8583374023438
2024-11-15,-0.0408102729106111,-0.06169406235041315,-0.023332280303677073,-2.0788600954435124,0.0196310819569147,0.11967097895481915,-0.038497815159481155,-0.0246099572384108,0.014443917174638443,0.3969482243117826,0.03802701175704431,0.2992002534896079,0.0005773795315384,1,550.9104614257812
2024-11-18,0.0005773795315384,-0.05059204993837115,-0.011263781516223974,0.029399354614864752,0.0196391906932021,0.11042702682839134,-0.036206476557203514,-0.0257647712242326,0.010833965033995918,0.39890466459267643,0.017694800011890034,0.027675355495279774,0.0119948771458855,1,551.2286376953125
2024-11-19,0.0119948771458855,-0.041422756314055155,-0.020008841752209072,0.6105843384798382,0.0196449145350648,0.11398324844015573,-0.022799328733095543,-0.0159723032400995,0.006986308640317462,0.4398204575134539,0.019301745836650556,-0.3193599021040202,0.0078643489020559,1,557.88037109375
2024-11-20,0.0078643489020559,-0.02528231201853305,-0.011480575692150276,0.4272344029581808,0.0184075740333713,0.06180710347726248,-0.015240910969912107,-0.0100842126621807,0.005236507451594319,0.46575340728466685,0.02148458579587883,-0.28839056044155187,-0.0043063656952094,0,562.2850341796875
2024-11-21,-0.0043063656952094,-0.024680033026340753,-0.049560403990511176,-0.2346137938620685,0.0183551257763691,0.05641927845531436,-0.01907196774758421,-0.0156472017560744,0.003491352962608163,0.4533549492589568,0.03720543999691299,-0.2013134468995199,-0.0070394100538892,0,559.8688354492188
2024-11-22,-0.0070394100538892,0.009090829830381151,-0.05260323252003197,-0.3856259072400311,0.018254505005307,-0.07012231697819515,-0.024754289992775232,-0.0237474461106006,0.001032400216522955,0.43317047774041156,0.016525360361097998,-0.33870270558920335,0.0106204092389112,1,555.9415283203125
2024-11-25,0.0106204092389112,0.019133859537753952,-0.03145819040061717,0.57973770131897,0.0183193351316441,-0.06720519099673761,-0.013218552318476023,-0.0144194603252797,-0.0012169949177959216,0.4714719511785938,0.02866700753297261,-0.027984800603515936,0.0148072757789269,1,561.8773193359375
2024-11-26,0.0148072757789269,0.021946258170795353,-0.019476498143259774,0.8404295879548744,0.017618698807308,-0.10314199759638287,0.003230761420377857,-0.0010140699560074,-0.004231161503037928,0.5207205524504045,0.021445737462406318,-0.252674585913631,-0.0075957289596373,0,570.2590942382812
2024-11-27,-0.0075957289596373,0.006486180309102153,-0.01879613170943087,-0.4299198535662746,0.0176677789979438,-0.04018970854531512,-0.002388788217246669,-0.0096514643416186,-0.007280066661834561,0.4951407855099157,0.01911455490070366,-0.4407605135073944,0.0089547355218815,1,565.9439697265625
2024-11-29,0.0089547355218815,0.019747281526193053,-0.004932751500147671,0.5929229654058987,0.0151026963776843,-0.1771946124647138,0.005990493433164541,-0.0012722799779422,-0.007219524894634843,0.5247982098471616,0.02012814704549855,-0.4002736847948499,0.0317211549516436,1,571.0346069335938
2024-12-02,0.0317211549516436,0.05850784653172585,0.06759867636210704,1.9085862173935246,0.0166202368342384,-0.0895268412150031,0.03608386043411839,0.0297888682692243,-0.0060757554530928015,0.61325284529727,0.03193156913461819,0.06568628702486268,0.034516792435904,1,589.4388427734375
2024-12-03,0.034516792435904,0.08240422972871865,0.10153808926647262,1.9426469612906612,0.0177679182701172,-0.03010026606120686,0.06752918392006063,0.0641340654439543,-0.003180351907232315,0.6844100066361639,0.037399187311928934,0.253476928665364,0.0002119511552045,1,610.1395874023438
2024-12-04,0.0002119511552045,0.06780890510499625,0.08975516327579162,0.012202348330816832,0.0173697020817887,-0.014132526371131271,0.06392882412118343,0.0625005637328785,-0.0013424397910120067,0.6848002065278317,0.020658954520666517,0.2107496976626937,-0.0079332551311874,0,610.2689208984375
2024-12-05,-0.0079332551311874,0.06747137893344614,0.07395755924254833,-0.45238798184953405,0.0175363967423565,-0.0074362632452324995,0.05215867643111911,0.0526244882172098,0.0004427200920593677,0.6524103121278293,0.02110265018254019,-0.30499546336072514,0.0240784214737228,1,605.4466552734375
2024-12-06,0.0240784214737228,0.08259506488528745,0.10234234641148053,1.436536154784127,0.0167614448084261,0.10983127709517904,0.07482250051039176,0.076196626620201,0.0012784679415966949,0.6992792909348089,0.03408299223236979,0.44234536231735944,-0.0164875713101225,0,620.2017822265625
2024-12-09,-0.0164875713101225,0.03438633862352135,0.09289418515524722,-0.9559463978017141,0.0172473805519192,0.03773374133808116,0.05504413474678728,0.0569129545721115,0.0017713190982031612,0.6358181804225456,0.03297104040683083,-0.03514183018209105,0.0093280351386658,1,610.0599975585938
2024-12-10,0.0093280351386658,0.009197581326283153,0.09160181105500183,0.546842831057291,0.0170579819445206,-0.039956077847937865,0.06163207136632544,0.065097783930201,0.003264513815426806,0.6548352497504604,0.020748621825754633,-0.07911213779012671,0.0213424579654677,1,615.7772827148438
2024-12-11,0.0213424579654677,0.030328088136546354,0.09813699324154262,1.2165645544714467,0.0175432186372882,0.009989610338879906,0.08010279269580226,0.0859742988394021,0.005436062366754202,0.6947218219349522,0.02666434107682078,-0.06625125364893691,-0.0029915081266004,0,629.0607299804688
2024-12-12,-0.0029915081266004,0.035269835141133354,0.10274121407457952,-0.17203680290427326,0.0173887684268637,-0.008418395047839256,0.07222793635670499,0.0805796437824342,0.007789115674515346,0.6827036145696639,0.014981137147149461,-0.3467299133235302,-0.0166893145060013,0,627.1817016601562
2024-12-13,-0.0166893145060013,-0.0054979008385907455,0.07709716404669673,-0.932086990946059,0.0179053185680253,0.06824434126491097,0.050625092254958384,0.0613286698391065,0.010187818340769983,0.6189973980693773,0.02287418876417851,-0.2527109593346154,0.0070572982231261,1,616.8013305664062
2024-12-16,0.0070572982231261,0.018046968694657856,0.05243330731817923,0.4854367620181262,0.0145380382684379,-0.1570871747930337,0.05177231555155759,0.0677928904299803,0.015231980003221013,0.634456273430992,0.02013649801496907,-0.0077470765018107235,-0.0077189277266366,0,621.169677734375
2024-12-17,-0.0077189277266366,0.001000005829355455,0.010197587155638631,-0.5209632986887561,0.0148166439863707,-0.13139525914845207,0.037958712549514176,0.0583104434196692,0.019607457044380494,0.605526641789994,0.025555367795836035,0.18338048547978447,-0.0365807245013643,0,616.3933715820312
2024-12-18,-0.0365807245013643,-0.05692317663747655,-0.026595088500930168,-2.0954775626266056,0.0174569869674537,-0.004915384777295917,-0.0023796091908652745,0.0201296734859696,0.022562973736511616,0.49324947609266623,0.05197672080987206,0.5142190538602809,-0.0027163358419392,0,594.252685546875
2024-12-19,-0.0027163358419392,-0.05664800435281534,-0.021378169211681966,-0.15551088127113127,0.0174671754139397,0.004509059247397307,-0.007614427606444404,0.0171700412769175,0.024974636444566434,0.48618117823153456,0.027738165670012867,0.2967790540112927,-0.0174796933105218,0,592.6406860351562
2024-12-20,-0.0174796933105218,-0.05743838315733584,-0.06293628399592657,-0.9720004374006493,0.0179832154780367,0.00435049003543031,-0.026644150901869612,-0.0005198324468967,0.02683943234037023,0.44266248566525573,0.039487373518261336,2.6486974124765528,0.024640324002524,1,582.3715209960938
2024-12-23,0.024640324002524,-0.03985535737793794,-0.021808388683280062,1.3294227368334637,0.0185346040200986,0.27490406049743643,-0.005765482824506349,0.0240507044714009,0.029989088872725667,0.5095479721357556,0.024739563990100924,-0.24281650181936076,0.0130841939023907,1,596.8995971679688
2024-12-24,0.0130841939023907,-0.019052235748910643,-0.018052229919555164,0.7037487202167382,0.0185921388224494,0.2548144397308625,0.0037438999681129997,0.0369072257177921,0.03303962868489929,0.541604955704463,0.014331486528177688,-0.6374286054031661,-0.0072663532255281,0,604.7608642578125
2024-12-26,-0.0072663532255281,0.010262135526925557,-0.046661041110550965,-0.3916791080608152,0.0185518019112724,0.06271500035257183,-0.006008040746226579,0.0287838227782089,0.03500215791539718,0.521172389137145,0.012198534265978653,-0.5256758538014021,-0.0058842054910193,0,600.3823852539062
2024-12-27,-0.0058842054910193,0.0070942658778454576,-0.04955373847496987,-0.3179566363678759,0.018506314440348,0.05949095957317829,-0.01436218829233956,0.0219295620298204,0.03682057434391939,0.5046773195126618,0.02008967480037981,-0.37163195208229205,-0.0143911917053307,0,596.8599853515625
2024-12-30,-0.0143911917053307,0.01018276748303656,-0.04725561567429927,-0.7645974540147005,0.01882191946856,0.046638154981105906,-0.02983072708202121,0.006821206358945,0.037778905665325935,0.4662053850099391,0.019213831167034616,-0.45366931671145616,-0.0097387046212516,0,588.3319702148438
2024-12-31,-0.0097387046212516,-0.024196261140739042,-0.06405161851867697,-0.5546576015910964,0.017558047691612,-0.05268827580171864,-0.03869340385993717,-0.0032589892884495,0.03686067973918772,0.4419477471571329,0.017284068501644354,-0.5197851777600585,0.0231789336469816,1,582.6301879882812
2025-01-02,0.0231789336469816,-0.014101521396148141,-0.03315375714505876,1.4033034465310423,0.0165174066266849,-0.11159190535191843,-0.015025930851509646,0.0192625095198998,0.03481151580066655,0.5080069926590639,0.028519401406485248,0.02080930345619736,0.008954371786821,1,596.2926635742188
2025-01-03,0.008954371786821,0.0021192036162009575,0.012381339143126533,0.5371465230857554,0.0166702592346324,-0.10142102021349975,-0.005459035491701122,0.0276232010282055,0.03326382492073865,0.531454992323201,0.0216496481315144,-0.06720301188507072,0.0414207926569277,1,601.6560668945312
2025-01-06,0.0414207926569277,0.049424201764147954,0.05651846764199343,2.1765288600404715,0.0190306654864009,0.028333628921255904,0.034748816839496786,0.068649503747447,0.032762237903779745,0.6232019895953033,0.04025705272257767,0.15702032779382002,-0.0197268730469998,0,627.1004638671875
2025-01-07,-0.0197268730469998,0.04408852042247885,0.054271287905515435,-1.0467202024902693,0.018846366966136,0.0012988844000123567,0.014984549515806335,0.0459811242947209,0.03053896218784935,0.5657654501826397,0.03863146280292116,-0.021880575681803127,-0.0116719097031522,0,614.8509521484375
2025-01-08,-0.0116719097031522,0.04215531534057826,0.017959054199839227,-0.6254940737989723,0.0186603042172122,0.06277785235352673,0.003400724615003126,0.0325174928410218,0.029018085707672503,0.5348458626318091,0.022350709111980033,-0.1783147705044511,0.0083811201602495,1,607.7161865234375
2025-01-10,0.0083811201602495,0.027357501853846156,0.013255980457698028,0.44972590844894217,0.0186360625500877,0.1282680732688375,0.01209186358084735,0.039865550813678,0.02744186395745296,0.5536769599317938,0.052885310076558986,0.5174129451243321,-0.0123020939741154,0,612.8309326171875
2025-01-13,-0.0123020939741154,0.006101036092909757,0.00822023970911073,-0.6798227870125088,0.0180960306261241,0.08552784761317112,0.0016794834172631583,0.0266130608672505,0.024891772131466317,0.5204371361434793,0.017293176730649604,-0.14997117310677455,-0.0234172761259942,0,605.3380126953125
2025-01-14,-0.0234172761259942,-0.05873703269001214,-0.009312830925864171,-1.250587521710265,0.0187250198162616,-0.016060692693995016,-0.01859327451876675,0.0027528066464937,0.02175049407246865,0.46430651125743533,0.028506524932951267,0.04648540823166436,0.0377632686999275,1,591.3273315429688
2025-01-15,0.0377632686999275,-0.0012468909430848399,0.04284162947939403,1.842460086930142,0.0204961122185543,0.08753651329100376,0.01940632182148032,0.0395899683860513,0.019799412788128246,0.5493300472082467,0.025862104775304793,0.16308497758385077,-0.0094757688230549,0,614.0847778320312
2025-01-16,-0.0094757688230549,0.0009492499370124616,0.04310456527759073,-0.46177044577110515,0.0205205181705196,0.09968829723534456,0.010872668899054786,0.028240596487212,0.017181122927255377,0.5264312641812083,0.010698475638704885,-0.3680283760576446,0.002401922571642,1,608.2933349609375
2025-01-17,0.002401922571642,-0.005029947651595038,0.022327554202251132,0.11732680306789531,0.0204720703951342,0.09851908578391533,0.013862761716253006,0.0288946767813026,0.014826380485267743,0.5317408054946651,0.034760166316985655,0.2857450570659765,0.0060038153163188,1,609.7561645507812
2025-01-21,0.0060038153163188,0.013275961638839161,0.019376997731748932,0.3217328370888096,0.0186608720783497,0.031213555276049076,0.018344694815761436,0.0335463257241755,0.014927785243840752,0.5455151895948245,0.02026082761118439,-0.11359620715759289,0.0113552225438981,1,613.4280395507812
2025-01-22,0.0113552225438981,0.04804846030873146,-0.010688572381280665,0.6054478090410207,0.0187550807424406,0.0016053882171538358,0.027603535174597515,0.0435329197002918,0.015501488638794747,0.5714178353787492,0.022886959953889344,-0.05844376265019624,0.0205571684617585,1,620.433349609375
2025-01-23,0.0205571684617585,0.030842360070562458,0.029595469127477632,1.1068702701343511,0.0185723377133106,-0.0938604592290525,0.04453966893349976,0.0635968406803845,0.018244564867835544,0.6148977011265062,0.024275199741608626,-0.10573137019312118,0.0171974201568404,1,633.3197021484375
2025-01-24,0.0171974201568404,0.057515549050457755,0.058464798987470236,0.9442832461487138,0.0182121415655531,-0.11249114597324283,0.05852029551894403,0.0799301203928386,0.02022618268589582,0.647709893361938,0.02749075362002987,0.6542731898293084,0.0189546204203663,1,644.3053588867188
2025-01-27,0.0189546204203663,0.07406824689918205,0.06903829924758703,1.0292775905958664,0.0184154601183857,-0.10045932028630178,0.07419822180486495,0.0977687770714367,0.021942463493347164,0.6806011470210356,0.058753135788885025,1.2346556861196039,0.0216615724702599,1,656.6343994140625
2025-01-28,0.0216615724702599,0.08972600405312316,0.10300196569196232,1.1640043601441397,0.0186095286340487,-0.002751395759288733,0.09141544834934866,0.1184591111752781,0.024778523033396782,0.7141238590428057,0.03427112215240414,0.557400142878701,0.0031981166958895,1,671.0133056640625
2025-01-29,0.0031981166958895,0.08156889820511455,0.12961735851384604,0.17357070052767984,0.0184254409653632,-0.017576025483668656,0.0881590585721001,0.1184445269697982,0.027831839618593257,0.7188737765768681,0.02273500732432712,0.5143677855581883,0.0154166352693257,1,673.1627197265625
2025-01-30,0.0154166352693257,0.07642836501268176,0.10727072508324424,0.8619593186591684,0.017885571784649,-0.036977893642834214,0.09661898299081126,0.1316930787934654,0.031983848854227004,0.7413892443620184,0.05049490893945602,0.9251485408528379,0.0031680640270326,1,683.6210327148438
2025-01-31,0.0031680640270326,0.06239900888287396,0.11991455793333174,0.18146391638259302,0.017458369080678,-0.04138845957033421,0.09107099856082077,0.130236736325107,0.03589659867776529,0.7459343717846301,0.028613672643863424,0.21440865843132606,0.0119428314779882,1,685.7902221679688
2025-02-03,0.0119428314779882,0.055387219940495856,0.12945546683967793,0.6973117060825971,0.0171269625532051,-0.06996825259305817,0.0956610271762691,0.1384572312270991,0.039059711890204074,0.762974625154964,0.04122100062263799,0.31124103698233996,0.0096029551236857,1,694.0296020507812
2025-02-04,0.0096029551236857,0.043328602593921656,0.13305460664704483,0.5605830976407018,0.0171302972995461,-0.07948784537165232,0.09764956829204378,0.1440808541301759,0.04230064601617789,0.7761180683673782,0.02286319965531384,-0.15959072117355688,0.0009653285208271,1,700.7264404296875
2025-02-05,0.0009653285208271,0.04109581441885926,0.12266471262397383,0.0634663874274224,0.0152100751272634,-0.17450685951799794,0.09235266255893884,0.1400069961916642,0.0436254107909535,0.7774610451313354,0.02713976338236963,0.07015491428714182,0.0100503628292812,1,701.4031982421875
2025-02-06,0.0100503628292812,0.03572954197881476,0.11215790699149653,0.7173368456648567,0.0140106602498107,-0.21665013461655713,0.09539951781777119,0.1459858917119331,0.04618075238424324,0.7915578327740863,0.021629551855066143,-0.214994483350882,0.0035471529500451,1,708.4880981445312
2025-02-07,0.0035471529500451,0.036108630901827254,0.09850763978470123,0.2659999295369106,0.0133351649988046,-0.23617349723902592,0.09058383143557362,0.1443177948482593,0.049270823446881495,0.7964910645128481,0.01855792616464976,-0.03257665076977623,0.0040225902926504,1,711.0056762695312
2025-02-10,0.0040225902926504,0.02818838971648946,0.08357560965698532,0.3010561985301076,0.0133615926604086,-0.21985041895778867,0.08655976693434488,0.1433364167646777,0.05225359115819672,0.8022290933276136,0.01375800777989787,-0.22555512645201292,0.0033398135372624,1,713.8715209960938
2025-02-11,0.0033398135372624,0.021925248130066157,0.06525385072398783,0.26574675399289216,0.0125676550591159,-0.26634927349165705,0.08106888862245187,0.1418213854624774,0.05619669336469313,0.807109870540333,0.018921916293648228,-0.22507772026903483,0.0077222545397655,1,716.2597045898438
2025-02-12,0.0077222545397655,0.028682174149004556,0.06977798856786382,0.7642596815936178,0.0101042286093952,-0.3356884482915006,0.07882606803059795,0.1449829256735104,0.06132300618549391,0.8183353903344708,0.01998952259835525,-0.2801999734039685,0.0043744234816926,1,721.812255859375
2025-02-13,0.0043744234816926,0.023006234801415955,0.05873577678023073,0.5640182903635895,0.0077558184839585,-0.44643447591534524,0.07465002859787948,0.1444133962697957,0.06491729010879754,0.8246002709005977,0.015043403438815417,-0.2403752826888652,0.0110699044534042,1,724.9766845703125
2025-02-14,0.0110699044534042,0.030528986304775057,0.06663761720660233,1.6917966679846577,0.0065432830451139,-0.5093211785755589,0.07665735612496381,0.1519296472265983,0.06991294925300062,0.8397754818276942,0.020755532846529087,-0.00427454031238228,-0.0279431234098735,0,733.0466918945312
2025-02-18,-0.0279431234098735,-0.001436727397748843,0.02675166231874063,-2.6525094398106264,0.0105345990443934,-0.21157609634304997,0.03912178716883932,0.1165824457860593,0.07454435040599727,0.6809605094355766,0.042659516404779885,0.2750121174010529,-0.0177451029004042,0,712.8466186523438
2025-02-19,-0.0177451029004042,-0.022521643835415443,-0.0005963957053492716,-1.4803297921200305,0.0119872632401668,-0.04618139312537195,0.014421457397792692,0.0938578805635577,0.0783071203654706,0.6045396689692886,0.016496845602055395,0.00204374523385642,-0.0127700365534288,0,700.3086547851562
2025-02-20,-0.0127700365534288,-0.04301393492860974,-0.014331760779605171,-1.0071139055293024,0.0126798334163774,0.25490365534557746,-0.0035735226311372063,0.0770852218802971,0.08094801407166519,0.556842608134301,0.017255756391346983,-0.2813526150266009,-0.0163820131279272,0,691.4225463867188
2025-02-21,-0.0163820131279272,-0.06377037153822954,-0.040764136736813575,-1.2559558480474635,0.0130434625973477,0.6817648097780691,-0.02306327670709504,0.0576075712751237,0.08257530509274558,0.5028272735123939,0.03146808594800222,-0.12034630283860814,-0.0228167975328733,0,680.1879272460938
2025-02-24,-0.0228167975328733,-0.09765707352450703,-0.06712808721973197,-1.6432897625836902,0.0138848291107219,1.121997323818995,-0.046507822512777644,0.0319914240596451,0.08232814953898737,0.44004380860751496,0.03714846982298315,-0.11095358266935096,-0.0160380630280412,0,664.8439331054688
2025-02-25,-0.0160380630280412,-0.08575201314267475,-0.08718874054042357,-1.1636033192952975,0.0137831018200895,0.3083651083450565,-0.06151864125055845,0.0143602662071949,0.08085286590973384,0.4027134228280858,0.039756676271387896,0.19354328904844276,0.0243401108339556,1,654.2661743164062
2025-02-26,0.0243401108339556,-0.043666799408314944,-0.06618844324373037,1.7364054535315225,0.0140175272914816,0.1693684380361158,-0.03835240202954382,0.0380227008841076,0.07942109258614072,0.4757099694296876,0.03712336249437277,-0.14366627057431813,-0.0232152245267365,0,670.386474609375
2025-02-27,-0.0232152245267365,-0.05411198738162265,-0.09712592231023237,-1.5568683597045305,0.0149114884261264,0.17600034136620235,-0.05919471618260695,0.0133293009012091,0.07708717024796474,0.42262701002337266,0.047216847275987094,-0.2413006777005826,0.01501791929676,1,655.0025634765625
2025-02-28,0.01501791929676,-0.022712054956935443,-0.08648242649516497,1.0087185611689211,0.0148881163437272,0.14142362372048334,-0.043674316619422456,0.0271332008720059,0.0740412170476552,0.4641148180705405,0.04045200359634261,0.10374269881966214,-0.0198761534173073,0,664.91357421875
2025-03-03,-0.0198761534173073,-0.019771410841369443,-0.11742848436587648,-1.2906654393955443,0.0153999268986515,0.10911893663564332,-0.06019942700736186,0.005966445112918,0.07040416235285507,0.42109222143935304,0.046423896971573377,-0.2987316599975749,-0.0232432584695846,0,651.828125
2025-03-04,-0.0232432584695846,-0.026976606282912843,-0.11272861942558758,-1.4836831335813978,0.0156659181084567,0.13660323437667032,-0.0779911244672266,-0.0177661142371269,0.06531933892208941,0.3779150585440902,0.0407812118530272,0.3897369254740708,0.0254086997709362,1,636.8522338867188
2025-03-05,0.0254086997709362,-0.025908017345932243,-0.06957481675424718,1.5156443892413551,0.0167642884777572,0.19595190572197407,-0.05100186344585927,0.0056810141284992,0.059729176898257075,0.44498443726579984,0.033268889408721226,-0.10956115979497272,-0.044448156861181,0,653.2411499023438
2025-03-06,-0.044448156861181,-0.04714094968037674,-0.10125293706199937,-2.3336505194941144,0.0190466209442605,0.27731185512567214,-0.08718297146879753,-0.038993599939312,0.0527919287472387,0.37045101196797847,0.04212254951275792,-0.11812929163086894,-0.0036217244962433,0,624.8416137695312
2025-03-07,-0.0036217244962433,-0.06578059347338003,-0.08849264843031547,-0.19377248238589495,0.0186906027710926,0.25540413169645193,-0.08473983184881197,-0.0436507098134905,0.0448933794620614,0.36521111405222173,0.05463030103075735,0.3647737103709827,-0.0452330089014608,0,622.5827026367188
2025-03-10,-0.0452330089014608,-0.09113744895753353,-0.11090885979890297,-2.21529577990037,0.0204184963975759,0.32588268320701275,-0.11769720207772398,-0.0858935190014767,0.03604622262463786,0.30802052567176885,0.03886351044984278,0.3800750136910336,0.0128274568301979,1,595.048828125
2025-03-11,0.0128274568301979,-0.055066733657751034,-0.08204333994066387,0.6166120148919056,0.0208031250128115,0.32792249192095935,-0.09888172076606873,-0.0740345806837387,0.02757367224139906,0.3391165180688819,0.03566058807412721,0.07642916129271704,0.0226079918667887,1,602.73095703125
2025-03-12,0.0226079918667887,-0.05786744156189853,-0.08377545890783077,1.0370320693761657,0.0218006680163601,0.3004231014805758,-0.07135286191056796,-0.053331111049926,0.019406457115368037,0.39191065494120025,0.03870495448124596,-0.03412785063238344,-0.0478027738350754,0,616.5126953125
2025-03-13,-0.0478027738350754,-0.06122205853579294,-0.10836300821616968,-2.0562263450713414,0.0232478170263969,0.2205743525022681,-0.1056695315435161,-0.0972669462314064,0.009395391981458001,0.3322296529973059,0.057547726857968766,-0.0028009407869379332,0.0291993526760134,1,587.7349853515625
2025-03-14,0.0291993526760134,-0.028400981363536238,-0.09418157483691626,1.1826791318333225,0.0246891586146026,0.32093966775579497,-0.07069842169610109,-0.0709990545895079,-0.00032350412441517484,0.39251651974887203,0.02317306882889444,-0.2513786330644282,-0.0044534750322014,0,605.1494750976562
2025-03-17,-0.0044534750322014,0.012378552505723162,-0.07875889645181038,-0.1835405677079266,0.0242642544251489,0.18834677895428054,-0.06545738885161909,-0.0756899064175725,-0.010949225261520867,0.3867108694366619,0.024962762401215116,-0.05905109730954616,-0.0379745525297492,0,602.46044921875
2025-03-18,-0.0379745525297492,-0.038423456854223936,-0.09349019051197496,-1.5338607112022729,0.0247574973740503,0.19008549719349954,-0.09091473508171759,-0.1096872775841112,-0.020649924959548316,0.3413221121705364,0.04394193883362443,0.2404674097480619,0.0029149602780776,1,580.01123046875
2025-03-19,0.0029149602780776,-0.058116488442935044,-0.11598393000483358,0.11724663624475622,0.0248617817230383,0.14041375724730165,-0.07970701360735383,-0.1065410100736711,-0.029158101673143144,0.3475422489140797,0.030048261935980536,0.24371368212222522,0.0033160966727315,1,581.7044067382812
2025-03-20,0.0033160966727315,-0.006997617935128136,-0.06821967647092107,0.13262972587167962,0.0250026655105949,0.07548444149424638,-0.06870979363452659,-0.102374829977824,-0.036148813885503284,0.355027397779011,0.052372017818099324,0.4231455220607585,0.0173402839329645,1,583.6365966796875
2025-03-21,0.0173402839329645,-0.018856686678177036,-0.04725766804171327,0.6781000053383309,0.025571868155808,0.03575292114990547,-0.04584724989418657,-0.0860835119674507,-0.04216962333211538,0.3945487376038369,0.027823842046645637,0.4239246596492825,0.0372026730193027,1,593.8452758789062
2025-03-24,0.0372026730193027,0.02279946137332706,0.03517801387905023,1.3743306579790266,0.027069666825311,0.1156191470385508,-0.005808761690652687,-0.051695135897412,-0.0461544745503798,0.47145140376986844,0.016708356190080598,-0.10415679034618008,0.0119826689855523,1,616.35400390625
2025-03-25,0.0119826689855523,0.07275668288862855,0.03433322603440463,0.4417205138550215,0.0271272639818697,0.09571915012311716,0.008655661033298194,-0.040586921016335,-0.048820012569192994,0.4942857969163634,0.020277517932871764,-0.11530015085396284,-0.0247812582193368,0,623.7839965820312
2025-03-26,-0.0247812582193368,0.04506046439121416,-0.01305602405172087,-0.9246065276087048,0.0268019503208875,0.07803819611413187,-0.011086152057549634,-0.0641616901992927,-0.053670537885755154,0.45115258394999197,0.03296346082073902,-0.2674762122052249,-0.0138438364473413,0,608.5158081054688
2025-03-27,-0.0138438364473413,0.02790053127114136,0.020902913336013226,-0.521533029315828,0.0265445056576806,0.061667030918457266,-0.02031559573890753,-0.0772784051206056,-0.05814404019696651,0.42905864507746827,0.023482399038720084,-0.39007107119918694,-0.0438287674623077,0,600.149658203125
2025-03-28,-0.0438287674623077,-0.03326852012413084,-0.052125206802307866,-1.592308061348292,0.0275253065196414,0.07639013121494309,-0.055348843644988495,-0.1157680611327003,-0.06395929024301705,0.36916680352424963,0.048254009711610486,0.02853496813217382,-0.0006592194175507,0,574.4139404296875
2025-03-31,-0.0006592194175507,-0.07113041256098424,-0.048330951187657165,-0.024060087197462665,0.0273988789874469,0.012161662877508306,-0.049893833798761875,-0.1154177956420298,-0.06896488431945369,0.3683523343402858,0.044069722152153316,0.1983275930971946,0.0165874556087167,1,574.035400390625
2025-04-01,0.0165874556087167,-0.06652562593781984,0.006231056950808729,0.602001944470978,0.0275538239719363,0.015724401485962325,-0.029729530275972627,-0.0998978767461069,-0.07231833664905019,0.4042537475551905,0.03397606338657215,-0.2534931265667203,-0.0035387716613531,0,583.6365966796875
2025-04-02,-0.0035387716613531,-0.04528313937983614,-0.0002226749886219707,-0.13277092414840602,0.026653212546729,-0.005549513090567171,-0.02736292947268792,-0.1021954121782788,-0.07693772422741474,0.3990092272417273,0.03305188641626223,-0.21592936682344233,-0.0938521189344201,0,581.5748901367188
2025-04-03,-0.0938521189344201,-0.12529142186691494,-0.09739089059577356,-2.9195599144843407,0.0321459814778271,0.21102204321992057,-0.10737600505479115,-0.1803211849739617,-0.08171994068302868,0.2948956626889931,0.04187203259861972,0.905914596502631,-0.0519052685238049,0,529.4758911132812
2025-04-04,-0.0519052685238049,-0.13336792292841212,-0.16663644305254297,-1.5466564931725906,0.0335596616009634,0.21922935088900952,-0.14387418724274503,-0.2186213070062667,-0.08730856919591024,0.25767476321862587,0.04715389866843753,1.0195783408389745,0.0225673980484194,1,502.6943664550781
2025-04-07,0.0225673980484194,-0.11014130546244202,-0.1812717180234263,0.6774828631692346,0.0333106551844723,0.21576708301583958,-0.1182611853585325,-0.1975406619968949,-0.08991265363609868,0.29852328062328626,0.1113220362628631,0.84523665501236,-0.0112984025857899,0,514.1678466796875
2025-04-08,-0.0112984025857899,-0.13802716365694861,-0.20455278959476847,-0.34259994611554606,0.032978413201441,0.19687246441835704,-0.1210575160192208,-0.2028676158724098,-0.09307787636190545,0.2898745470036661,0.08731512637547334,0.37626323681706175,0.1376346079021661,1,508.3912658691406
2025-04-09,0.1376346079021661,0.0031462159065705764,-0.04213692347326556,2.9850660810191654,0.0461077256471236,0.7299125036536034,0.011530590643160851,-0.0827258542069174,-0.09318200133734689,0.4946358948114819,0.1464397740354117,0.8203638954615768,-0.0697774135509541,0,583.4075317382812
2025-04-10,-0.0697774135509541,0.027220921290036573,-0.09807050057687836,-1.469647489400906,0.0474790138820286,0.4769813114829784,-0.053062015509845996,-0.1410625682248828,-0.09293169579887284,0.42539570221520834,0.08420436370827503,0.27320963298202017,-0.0049912810085314,0,544.086669921875
2025-04-11,-0.0049912810085314,0.07413490880531008,-0.05923301412310206,-0.10656639803462842,0.0468372873681017,0.3956424211010856,-0.05251865223787308,-0.1414833786780976,-0.09389601879799736,0.4210231302651383,0.03460455379278184,-0.21210977667072695,-0.0224929622837527,0,541.3777465820312
2025-04-14,-0.0224929622837527,0.029074548473137972,-0.08106675698930406,-0.47869433521558985,0.046988152207029,0.4106042630146898,-0.06762632760849428,-0.1563923505087316,-0.0952043429889603,0.40127847199994304,0.055486549480877306,-0.3670277394855692,-0.018917884393061,0,529.3364868164062
2025-04-15,-0.018917884393061,0.021455066665866874,-0.11657209699108176,-0.40678006961267354,0.0465064190855618,0.41020790786652195,-0.08019044797639115,-0.1675685994112156,-0.09499591653792894,0.38524965078611667,0.039193130993855414,-0.2955951778646284,-0.0375302518486933,0,519.4166870117188
2025-04-16,-0.0375302518486933,-0.15370979308499255,-0.15056357717842195,-0.7985631014137682,0.0469972276232775,0.019291820701839102,-0.1076381966066625,-0.1930465538386755,-0.09571045836703806,0.3557350175261594,0.03531681694690074,-0.14831182758304828,-0.0016537480555913,0,500.28411865234375
2025-04-17,-0.0016537480555913,-0.08558612758962975,-0.05836520629959315,-0.03522365703421043,0.0469499249889108,-0.011143636943101609,-0.10237373677929246,-0.1890971350410518,-0.09661414980282934,0.35447140257283694,0.018525121288627072,-0.32156246811143696,-0.0341161208699532,0,499.45745849609375
2025-04-21,-0.0341161208699532,-0.11471096745105154,-0.04057605864574145,-0.7272625854388279,0.0469103203616169,0.0015592917015287977,-0.12372941373833118,-0.2105072633636041,-0.09903088268143656,0.32896950785108997,0.028267263862323012,-0.23267369028610274,0.0317202756850291,1,482.7052917480469
2025-04-22,0.0317202756850291,-0.06049772948226973,-0.03142318100913175,0.6802115759275604,0.0466329548152341,-0.007559296867642451,-0.08568801316799467,-0.1793519586345317,-0.10244199662204223,0.3740094581936605,0.041017069603661326,-0.17736697766261567,0.0391801755641601,1,498.26226806640625
2025-04-23,0.0391801755641601,-0.0023996695250486436,0.019055397140818248,0.8211926392092141,0.0477113087641525,0.02590802952112825,-0.03985029505015341,-0.1410233012497272,-0.10537211611689101,0.4270146803297866,0.0361735380046982,-0.1465222374352133,0.0244549197456472,1,518.1717529296875
2025-04-24,0.0244549197456472,0.05958550206929185,-0.09412429101570066,0.508022845694582,0.0481374409692379,0.02426128951903661,-0.008963133393499639,-0.1143181624016771,-0.10630788072388597,0.4588116064929709,0.030760618330808995,-0.34875060542550207,0.0261393504679136,1,530.9998168945312
2025-04-25,0.0261393504679136,0.08737860059279676,0.001792473003167032,0.5372108041886244,0.0486575293424955,0.03637075786570532,0.022539930555968084,-0.085469537800121,-0.10562860689201936,0.4920876438267376,0.024868867041574483,-0.21174401791622877,0.0045030158898151,1,545.0628051757812
2025-04-28,0.0045030158898151,0.12599773735256503,0.011286769901513533,0.09418427293717949,0.0478106986377502,0.019193607487490327,0.02975227118972221,-0.0758389116886445,-0.10254037386717496,0.4979033933598094,0.03256078090894356,-0.29631969032317884,0.0085132422555478,1,547.5227661132812
2025-04-29,0.0085132422555478,0.10279070392308375,0.042292974440814035,0.17783268383825301,0.0478722025209437,0.026574505317530583,0.040692746493401474,-0.0622126449340689,-0.09888162646872345,0.5094149695808453,0.022455111738347078,-0.43926933975919136,-0.0098602108683576,0,552.203857421875
2025-04-30,-0.0098602108683576,0.053750317490566045,0.05135064796551743,-0.20671957630210538,0.0476984862524468,-0.00026875204302367894,0.03407252198538254,-0.0661467756462624,-0.09691708801934651,0.4952614045843307,0.03570123057547827,0.333712778358499,0.0414077310455343,1,546.7857666015625
2025-05-01,0.0414077310455343,0.07070312879045315,0.130288630859745,0.8496971307026209,0.0487323418537308,0.012358382010233315,0.07898092725145521,-0.0223112454317016,-0.09387763038702057,0.5524016680389571,0.039233867539817495,0.36595360956934697,0.0424444912669859,1,569.9022216796875
2025-05-02,0.0424444912669859,0.08700826958952546,0.1743868701823222,0.9558682225006031,0.0444041241960621,-0.08741514836263276,0.11886457352611293,0.0234791477020043,-0.08525198498644071,0.6040073248829139,0.0435663946177999,0.10892517277578917,0.0037618057854481,1,594.6121215820312
2025-05-05,0.0037618057854481,0.08626705948515845,0.21226479683772354,0.08895057229530834,0.0422909677630766,-0.11544970125818965,0.11321966754538906,0.0302922391450576,-0.07449331952891514,0.6084168698110807,0.025297501436073344,-0.3410079787303453,-0.0201596289824279,0,596.8531494140625
2025-05-06,-0.0201596289824279,0.057594188247182744,0.16038489217026652,-0.4729498198813937,0.0426253021673283,-0.10960223422600879,0.08384870983487618,0.0125230071598547,-0.06580780327347335,0.5719592026406631,0.016090330909254626,-0.4639040330213309,0.0160459900084793,1,584.9412841796875
2025-05-07,0.0160459900084793,0.08350038912401965,0.13725070661458572,0.37786962764622883,0.0424643549904518,-0.10973369750757034,0.09267330266278884,0.0310377577724747,-0.05640802675430201,0.592829865799807,0.027496245449669204,-0.30952702514513275,0.0020088247092431,1,594.4029541015625
2025-05-08,0.0020088247092431,0.04410148278772845,0.11480461157818163,0.06812170571173953,0.0294887611555639,-0.39488315082263314,0.09364508209418931,0.0357984137075656,-0.05289345632666742,0.5955129351428413,0.024548071831664985,-0.17846853608877578,-0.0092736947071504,0,595.5982055664062
2025-05-09,-0.0092736947071504,-0.0076167031864078465,0.07939156640311763,-0.3780814868895265,0.0245282962237718,-0.4476122056710433,0.07899158567539327,0.0285590227784791,-0.046740459857567807,0.5766887227734662,0.02575562284931138,-0.38344253503254766,0.0762433383606618,1,590.100341796875
2025-05-12,0.0762433383606618,0.06486482938880586,0.15113188887396434,2.6086883509235057,0.0292266948382971,-0.30891402149906955,0.1543985835822967,0.1111337638823513,-0.03747823352804813,0.6717171437751243,0.030276942860543707,0.282388705923015,0.0256292241588261,1,636.8511352539062
2025-05-13,0.0256292241588261,0.11065368253005986,0.16824787077724263,0.8978007891248849,0.0285466714545971,-0.33028811520126367,0.17119970330753376,0.1399174341839757,-0.026709594474123577,0.6975730876123285,0.027574905130030514,0.07034676415605179,0.0050631783482474,1,653.3840942382812
2025-05-14,0.0050631783482474,0.09967087086982795,0.18317125999384762,0.18254270562288755,0.0277369524625506,-0.3468179966753925,0.16283699024940215,0.1449107487517697,-0.015415953953948125,0.7026328598309892,0.012678939482663831,-0.28165289294660656,-0.0237570650757154,0,656.70068359375
2025-05-15,-0.0237570650757154,0.07390498108486947,0.11800646387259793,-0.8932166338993534,0.0265972040534036,-0.09805624206816588,0.12153621903184876,0.1184979415187425,-0.0027090320058758,0.6483313135099966,0.029089240738511494,-0.1548770409087762,-0.0055132362451249,0,641.2832641601562
2025-05-16,-0.0055132362451249,0.07766543954689496,0.07004873636048713,-0.20634624380275765,0.0267183746285922,0.08928783250333816,0.1020422818006118,0.111847429002495,0.008897251370303838,0.6362218421118487,0.022316234231862516,0.07879659916056703,0.0001405774923777,1,637.7574462890625
2025-05-19,0.0001405774923777,0.0015626786786108603,0.06642750806741672,0.005713141708415265,0.0246059873100354,-0.1580988734383667,0.08761853539912107,0.1114122135674968,0.021876859757308464,0.6364078234562897,0.023734073014794438,-0.4303012233877965,-0.0052133234626122,0,637.8471069335938
2025-05-20,-0.0052133234626122,-0.02927986894282744,0.08137381358723242,-0.21203709757405398,0.0245868459918503,-0.13871408682601827,0.06953749268484138,0.1041140002699264,0.03232846704446812,0.623705164871004,0.011128498025434532,-0.5864120393440613,-0.0025145700818327,0,634.5304565429688
2025-05-21,-0.0025145700818327,-0.03685761737290754,0.06281325349692042,-0.10509079070014878,0.0239275969386073,-0.1373386470300424,0.056631533779927794,0.1001846063750333,0.04121878933453882,0.6173294134962042,0.025869398019522153,-0.2820899457149638,0.0016823772606989,1,632.9368896484375
2025-05-22,0.0016823772606989,-0.011418175036493242,0.062486806048376226,0.0708523597768184,0.0237448303203776,-0.10724336765995468,0.04938835781217748,0.1013674281365053,0.049532730125476876,0.6201261719755199,0.01969929133176526,-0.47540791299896146,-0.0150522143392048,0,634.0026245117188
2025-05-23,-0.0150522143392048,-0.020957153130573142,0.05670828641632182,-0.6284032934518147,0.023953111793102,-0.1034966712582509,0.02695703310728466,0.0835283566975584,0.05508635879254342,0.5795838455027659,0.015628469095659347,-0.445745091650282,0.024044348033821,1,624.5309448242188
2025-05-27,0.024044348033821,0.0029466174108701594,0.004509296089481023,0.9914797831010617,0.0242509715716212,-0.014428022494728632,0.04403390559257702,0.1085666719473808,0.06181098718070466,0.6222593446019148,0.01608235298924681,-0.36481766999163634,0.001959948137838,1,639.7293701171875
2025-05-28,0.001959948137838,0.010119889011320361,-0.019159979931507077,0.08070671616197524,0.0242848207812651,-0.012284016041964496,0.03855836527801011,0.1092605178557082,0.06807720677188134,0.6256387687806245,0.012943250052278846,-0.39022741471568867,0.0022813657603524,1,640.9844360351562
2025-05-29,0.0022813657603524,0.014915824853505462,-0.02194179251940208,0.09514000069588009,0.0239790387183715,0.002149893275793069,0.032925337535987365,0.1093966037522306,0.07403368223947648,0.6297992380922111,0.021424707519960947,-0.35855509081910797,0.003775447416404,1,642.4484252929688
2025-05-30,0.003775447416404,0.017008895009210562,0.005590719972717321,0.16657493525550232,0.0226651591406174,-0.04546973657814002,0.030620576208036564,0.1111686249534016,0.07815490065386199,0.637010627377592,0.025683708008577253,0.2431117365408335,0.0355167902125969,1,644.8785400390625
2025-06-02,0.0355167902125969,0.06757789956101226,0.04662074643043912,1.6050357979951644,0.022128347702251,-0.07618066940999679,0.06164047457416369,0.1479977505785677,0.08134324008232907,0.6978295077676662,0.043225516387970626,0.24969235848192928,-0.0060550002034321,0,668.1941528320312
2025-06-03,-0.0060550002034321,0.03747855132375916,0.04042516873462931,-0.271706947251144,0.0222850400576447,-0.08106609288499844,0.04961938919753504,0.1383173212499273,0.08450485286881415,0.6767051029658069,0.01582063159513325,-0.0732748793897453,0.031151106772823,1,664.1604614257812
2025-06-04,0.031151106772823,0.06666970995874416,0.07678959897006452,1.4065152154816443,0.0221477211408308,-0.08800145818177085,0.07432178898131497,0.1715714137979343,0.09052187697769076,0.7236423017746989,0.029696914475281753,0.10726553493095725,-0.0048522498762754,0,685.1754150390625
2025-06-05,-0.0048522498762754,0.05953609432211636,0.07445191917562183,-0.2182122031465161,0.0222363818627385,-0.07267417497840989,0.061841206223361936,0.1635895071801303,0.09582252069370645,0.7062160552047554,0.01771786534037193,0.03262332307532012,0.0189396403399911,1,681.8588256835938
2025-06-06,0.0189396403399911,0.07470028724570346,0.09170918225491402,0.8468897930068545,0.0223637603102365,-0.013297891645542181,0.07384113439436336,0.1823517414329473,0.10104903189407333,0.7333946571579762,0.015679869998821535,-0.06363497732141166,-0.0052451833410837,0,694.8960571289062
2025-06-09,-0.0052451833410837,0.03393831369202286,0.10151621325303511,-0.2360523368917116,0.0222204253944324,0.004161073995236908,0.059938597938102495,0.1725309244370927,0.10622532920115946,0.71357127455008,0.016208973344628237,0.01035213064052698,0.0119446774949934,1,691.2607421875
2025-06-10,0.0119446774949934,0.051937991390448364,0.08941654271420751,0.7743034845696812,0.0154263512085725,-0.30777099037429745,0.06754212691234682,0.1816036149530017,0.10684495268636862,0.731433947102092,0.016614439784354056,-0.10230152048864127,-0.0118293703270772,0,699.567138671875
2025-06-11,-0.0118293703270772,0.008957514290548158,0.07562722424929233,-0.7875912299658474,0.0150196826437366,-0.3218407190414361,0.051941670208183084,0.1630993446012769,0.10566904757285189,0.6858161364818762,0.024317867471394503,-0.17656026040717843,-0.0011244147067064,0,691.3404541015625
2025-06-12,-0.0011244147067064,0.012685349460117156,0.07222144378223352,-0.07478728798123936,0.0150348372973287,-0.32386314508645075,0.048059420565120636,0.1576273144481456,0.10454358954566256,0.6814934355792469,0.012086080910140098,-0.3568615878344108,-0.01524484185953,0,690.5635375976562
2025-06-13,-0.01524484185953,-0.02149913273940394,0.05320115450629952,-1.0618241076888,0.0143572195706805,-0.3580140650984883,0.029170346928348714,0.1363590206339611,0.10415056557500568,0.6244896779043968,0.019857363269075348,-0.1669088251846056,0.0285690091894709,1,680.1158447265625
2025-06-16,0.0285690091894709,0.012315059791150659,0.046253373483173515,1.8680763897695356,0.0152932767342536,-0.31174689670497846,0.05404671978329014,0.1626733010116498,0.10305670440366543,0.6790352987596217,0.019426899594507226,0.25960057213258936,-0.0069889850638357,0,699.8262939453125
2025-06-17,-0.0069889850638357,-0.006618602767678441,0.04531938862276992,-0.4513200976632783,0.0154856499855011,0.003843992407980945,0.04222364418406595,0.1472468293991824,0.1007683771148149,0.6537467825189159,0.014213349141797874,-0.07788057545323424,-0.0020962404382379,0,694.9522705078125
2025-06-18,-0.0020962404382379,0.003114527121160858,0.012072041411709016,-0.13611551961543075,0.0154004513530892,0.025351315229778404,0.0354627554356018,0.1381059081722357,0.09912780754094208,0.6460109174738381,0.009615249656651411,-0.09151405751677988,-0.0194765145879842,0,693.4970092773438
2025-06-20,-0.0194765145879842,-0.015237572760116943,-0.0025522232999997847,-1.1987376036669124,0.0162475211659382,0.0806582635134312,0.011926142434644902,0.1098980474919332,0.09681724875846442,0.5782761351025578,0.033926907367708904,0.9369373434036268,0.0234357487050058,1,680.1207885742188
2025-06-23,0.0234357487050058,0.023443017804418854,0.0019438850650149164,1.392464126211232,0.0168304147043072,0.17226142718311,0.031146596239894037,0.1320472890633982,0.09785290781295441,0.6288100738955211,0.029061009464979252,-0.05931763788980027,0.0193805013543216,1,696.2481689453125
2025-06-24,0.0193805013543216,0.014254509969269559,0.026569569760420218,1.177250126041229,0.0164625179693061,0.0764545921302564,0.04472337899844312,0.1480118258099447,0.0988667898965967,0.6653002157397282,0.015557451418047426,0.14741586146874242,-0.0049547482878887,0,709.8734130859375
2025-06-25,-0.0049547482878887,0.01628874674521656,0.009670143977538119,-0.3077453998038506,0.0161001538643526,0.039682149566007574,0.034487349740894464,0.1362742110663159,0.09839352926927125,0.6476445729736051,0.015804047416017875,-0.22574181674543903,0.0242699236126103,1,706.3648681640625
2025-06-26,0.0242699236126103,0.04265491079606476,0.04576943791722562,1.4580551284872905,0.0166454087629663,0.08083902096982198,0.05351893826962803,0.1569535983363436,0.098180162035439,0.6912824078940784,0.023647181857758756,0.13683394741426613,0.010330773792098,1,723.718017578125
2025-06-27,0.010330773792098,0.07246219917614696,0.05722462641603002,0.6206048221056057,0.0166462995840855,0.024543954371532672,0.05762440869986165,0.1611044194885967,0.09784192756665222,0.7081405545470808,0.013044732713389294,0.4691718209656892,0.0060610434685441,1,731.2333374023438
2025-06-30,0.0060610434685441,0.05508749393968526,0.07853051174410411,0.3643625007576632,0.0166346521827593,-0.011631473435874451,0.05711267111842766,0.1594954511025386,0.09685134118749117,0.7179519100833456,0.018493712037021447,0.2091610508532058,-0.0258985529772242,0,735.6788330078125
2025-07-01,-0.0258985529772242,0.009808439608139458,0.024062949577409017,-1.5525196804009533,0.0166816262004071,0.013309521150380421,0.026496600459039205,0.1221612730548296,0.09319531360650402,0.6225901796699942,0.031117051520320408,0.06418742921072162,-0.0078866493204824,0,716.8704223632812
2025-07-02,-0.0078866493204824,0.006876538575545758,0.023165285320762317,-0.47107380931301684,0.0167418548103614,0.03985682071210461,0.015011606365271817,0.1054368575857341,0.0890878987524808,0.5970206658011257,0.010510531444733543,-0.2535817157219752,0.007594742933843,1,711.2389526367188
2025-07-03,0.007594742933843,-0.009798642103221542,0.032856268692843214,0.49097270899398915,0.0154687680083171,-0.07068860677468392,0.020457072202737295,0.106353414220127,0.08417438063511651,0.6134807879479248,0.02031967036381191,-0.29708363705304175,-0.000918425772639,0,716.6611938476562
2025-07-07,-0.000918425772639,-0.021047841667958544,0.051414357508188416,-0.05964343578861156,0.0153986060745073,-0.07495320526196958,0.017047923009797256,0.0986272614907951,0.08021189231631909,0.6102238921127282,0.01877913369924119,-0.21555990198957187,0.0032242744395905,1,716.0032958984375
2025-07-08,0.0032242744395905,-0.02388461069691214,0.03120288324277312,0.21631324169792,0.014905580510384,-0.10394396308252041,0.01863813867575757,0.0958758263820664,0.07582446088924066,0.6179019473029045,0.011239507372332572,-0.3446868547338736,0.0166644324616174,1,718.3156127929688
2025-07-09,0.0166644324616174,0.018678374741929456,0.028486814350068917,1.098202504895974,0.0151742801417084,-0.09035965921966971,0.032889972533139855,0.1080254826949866,0.07274299505258885,0.6559967229373532,0.02021078359348948,-0.03157146570869873,-0.0075890703399782,0,730.38623046875
2025-07-10,-0.0075890703399782,0.01897595372243366,0.025852492297979417,-0.4999337771259321,0.0151801512264424,-0.09328139573594163,0.0232506571806636,0.0937632317855779,0.06891036337000345,0.6252840653525992,0.022276019504662115,-0.15581590015165958,-0.0134697012939197,0,724.8642578125
2025-07-11,-0.0134697012939197,-0.0020884905053290444,-0.011887132608550583,-0.8825796008027226,0.0152617410165256,-0.013383547524934647,0.007865298809007213,0.0738482228416228,0.0654679986607214,0.5744180989379106,0.02154668328954746,-0.07910582504374164,0.0047413807061852,1,715.166015625
2025-07-14,0.0047413807061852,0.0035713159734951563,-0.017476525694463382,0.31068431573264993,0.015261088075863,-0.008930548517113057,0.01066119978137958,0.0734144600055854,0.06209129254964996,0.587095575464078,0.01588250080239231,-0.24808317733937313,-0.0147141513192681,0,718.56494140625
2025-07-15,-0.0147141513192681,-0.014367109785363444,-0.038251720482275584,-0.9661307688066264,0.0152299789990574,0.021763559523723774,-0.006054870861536399,0.0533873646540611,0.05980434308996618,0.5341792472805027,0.020622423002604206,-0.039334020465655706,-0.0105853445648235,0,708.0692749023438
2025-07-16,-0.0105853445648235,-0.041616886811804345,-0.02293851206987488,-0.7500766765365497,0.0141123499716068,-0.06998224365073857,-0.01657497897269374,0.0390186940568234,0.056530667657248346,0.49972291719629214,0.020912992749432074,0.09179304591427728,-0.0021362038816777,0,700.6136474609375
2025-07-17,-0.0021362038816777,-0.03616402035350384,-0.01718806663107018,-0.15229989376479644,0.0140262992236668,-0.07601057364736252,-0.018960394319653868,0.0336661721925362,0.05364367167999684,0.49285758678800545,0.012531956201154165,-0.020943869732356957,0.0040834560341978,1,699.1185913085938
2025-07-18,0.0040834560341978,-0.018610863025386344,-0.02069935353071538,0.29086886700681985,0.0140388212606544,-0.08012976727537213,-0.015532064112457928,0.0343160911849378,0.05063461538994196,0.506819064394374,0.018543756766228835,0.048266109551264647,0.0122632672103945,1,701.979248046875
2025-07-21,0.0122632672103945,-0.011088976521177046,-0.007517660547681881,0.9131455261405024,0.0134296964277166,-0.12000400227313657,-0.005513232836732442,0.0435038993929919,0.049288873264290656,0.5474436694463407,0.015765026152911185,-0.18468338035104637,-0.0115110218791598,0,710.6408081054688
2025-07-22,-0.0115110218791598,-0.007885847081068747,-0.02225295686643218,-0.9008294882266521,0.0127782471928401,-0.16098064261080336,-0.01732554214545121,0.0283323083111689,0.04646284442591897,0.5053487696485395,0.021551911144880573,-0.21927658967454322,0.0123664388693839,1,702.5075073242188
2025-07-23,0.0123664388693839,0.015065936353138654,-0.026550950458665686,1.0038276103957906,0.0123192854443484,-0.1270564102269246,-0.005193615159755697,0.0374484990118036,0.042864737120085206,0.545774949513621,0.013593447090335142,-0.21500823777779565,0.0017080422174792,1,711.2489624023438
2025-07-24,0.0017080422174792,0.018910182452295556,-0.017253837901208283,0.1392562505520992,0.0122654617707101,-0.1255382781215454,-0.003917914813064435,0.0369346994838037,0.041013300916059814,0.5512683650009583,0.013458303415603685,-0.02962018455414228,-0.0029703051172506,0,712.46484375
2025-07-25,-0.0029703051172506,0.011856421300847155,-0.006754441724539182,-0.27207665221915356,0.0109171628400443,-0.22235901167564176,-0.005943390880524624,0.0321477125451695,0.038318847313368654,0.5390664821555068,0.012277600171077981,-0.24593611647573566,0.0069217020519742,1,710.3517456054688
2025-07-28,0.0069217020519742,0.006514856142426853,-0.004574120378750183,0.6434302001388039,0.0107575026016513,-0.19897648770007548,0.0020792097850179454,0.037550294815928,0.035397486231173225,0.5633680638409948,0.016805313987063586,-0.16727615118528216,-0.0248738417009347,0,715.28564453125
2025-07-29,-0.0248738417009347,-0.006847963679348049,-0.014733810760416783,-2.1003829854711302,0.0118425267548791,-0.07322760499462733,-0.019932518090864066,0.0104066448571443,0.030956197923135642,0.4686066706333979,0.03508571079799098,0.2806305949763217,-0.0068662906429154,0,697.7131958007812
2025-07-30,-0.0068662906429154,-0.026080693191647346,-0.011014756838508683,-0.6494437242364399,0.0105725721670314,-0.14178689869697947,-0.02500010380688825,0.0018913985616613,0.02758103100682119,0.44662582387478694,0.02488454890779637,1.4521997510424924,0.1066341214835012,1,692.9389038085938
2025-07-31,0.1066341214835012,0.07884538607437465,0.09775556852667021,4.050921745591927,0.0263234217248301,1.1461419241214692,0.08017898311661993,0.1103588151931629,0.027939658656814137,0.6967843974117559,0.024875866484333462,2.1023271588145978,-0.0307615518499594,0,770.913330078125
2025-08-01,-0.0307615518499594,0.051054139341665854,0.06291056064251302,-1.1216960479199245,0.027424142134586,1.5120209835099168,0.04519432836954209,0.0732280711153278,0.02682156034037919,0.6081164092696687,0.02758630174532182,0.45946710855058415,0.0345426415722994,1,747.5598754882812
2025-08-04,0.0345426415722994,0.07867507886199104,0.0851899350044179,1.2184891446653292,0.0283487478928562,1.6352536404225089,0.07757254000917127,0.1064716411213619,0.026818705970314216,0.66046557457072,0.023751565049371617,0.1831742272475927,-0.0167684415243469,0,773.833740234375
2025-08-05,-0.0167684415243469,0.08678047903857886,0.07993251535923081,-0.5837935238695454,0.0287232400476131,1.425431720961,0.056516597646283605,0.0841362605805811,0.02614219501693471,0.6169946353365265,0.026366809398611097,-0.14086276854265956,0.0111108660423451,1,760.9659423828125
2025-08-06,0.0111108660423451,0.10475763572383935,0.07867694253219201,0.38836109244626477,0.0286096271188197,1.7060233467153338,0.06543031334538704,0.0917404584927074,0.024694383872660985,0.634129653256318,0.017072750738361037,-0.277075773397244,-0.0132482716323621,0,769.4680786132812
2025-08-07,-0.0132482716323621,-0.01512475739202394,0.0637206286823507,-0.46091456496608346,0.028743443230823,0.09193415397475357,0.048904668424637025,0.0737277633968657,0.02366573027986507,0.599713948893292,0.020280130554647332,-0.3278874509358286,0.0097576045996762,1,759.3411865234375
2025-08-08,0.0097576045996762,0.02539439905761166,0.07644853839927751,0.3418889572811958,0.0285402742377865,0.040698888509365094,0.0554266697024135,0.0804122143209466,0.023673406533850416,0.6162064129733598,0.014714685433304758,-0.44716427017422244,-0.0044685253969936,0,766.7868041992188
2025-08-11,-0.0044685253969936,-0.013616767911681342,0.06505831095030971,-0.15627940116185754,0.028593182234974,0.00862240346704679,0.04749114398549495,0.0719424433177982,0.023342726544943293,0.603902735636301,0.011477194717825588,-0.4222785540266699,0.0310204721616736,1,763.3680419921875
2025-08-12,0.0310204721616736,0.034172145774339156,0.12095262481291802,1.072379821914494,0.0289267585306608,0.007085498805508683,0.0746434925992644,0.1013069861438026,0.024811478158255573,0.6559483307471001,0.026886063587816467,0.09270400177676663,-0.0126363632047432,0,787.419189453125
2025-08-13,-0.0126363632047432,0.010424916527250857,0.1151825522510902,-0.43589227180862355,0.028989647263788,0.01328294644980943,0.05560871016216874,0.0841621712654769,0.02704928524028727,0.6198878764701591,0.022087530928153253,-0.32810208932053053,0.0026243728028834,1,777.5316772460938
2025-08-14,0.0026243728028834,0.026297560962496358,0.011172803570472416,0.09066544296691269,0.0289456789379073,0.00703589007970451,0.05263366097797096,0.0835237302619495,0.029345507776446622,0.6244820096508713,0.019561949672626543,-0.3723181006671469,0.0039557423152371,1,779.5748901367188
2025-08-15,0.0039557423152371,0.020495698678057256,0.04589009773566891,0.1366593316082486,0.028946009531034,0.014216236671976912,0.051080254637851145,0.0848783487221543,0.032155578924797146,0.6317309289715971,0.019650284705851683,0.032035348179023204,-0.0230075598434056,0,782.664794921875
2025-08-18,-0.0230075598434056,0.0019566642316452554,-0.011660103680036088,-0.7779129431298885,0.0295760085323121,0.034372749743676545,0.023447268608023326,0.0577688598697108,0.03353528053122656,0.5641621653424338,0.025085682425021523,0.2401694843973421,-0.0209245475450959,0,764.8631591796875
2025-08-19,-0.0209245475450959,-0.049988355475124244,-0.015816209700785087,-0.6997353592190941,0.0299035160499074,0.03376657354163237,-0.0008549502918045097,0.0343169505432806,0.03520199679251501,0.5117206116950922,0.02369989623340911,-0.0887914232910807,-0.005016052694754,0,749.0250244140625
2025-08-20,-0.005016052694754,-0.04236804496513504,-0.03194312843788419,-0.16789657906344213,0.0298758481127755,0.030569563021019874,-0.00810533582087167,0.0276087535989886,0.03600592957057236,0.4998796400558277,0.025678078638151643,-0.12771649283116415,-0.0115953716417361,0,745.2772827148438
2025-08-21,-0.0115953716417361,-0.05658778940975454,-0.030290228447258188,-0.386020380805534,0.0300382368867138,0.03774511391320945,-0.021118028199351657,0.0147233993146695,0.03661465687031806,0.47286532163400763,0.01676365181667743,-0.34434500055953343,0.0210064039343664,1,736.6854248046875
2025-08-22,0.0210064039343664,-0.03953712779062525,-0.01904142911256799,0.6928150331439117,0.0303203639202831,0.047479925955790536,-0.003117627078203454,0.0345265410820362,0.037761895668700696,0.5233572978373866,0.029822878444220075,-0.2228040554766474,-0.0019759767623025,0,752.32421875
2025-08-25,-0.0019759767623025,-0.018505544709522145,-0.01654888047787689,-0.06516414490639434,0.0303230674651054,0.025258950408305836,-0.007423554011727639,0.0307756343344471,0.038484882953414346,0.5182803254870442,0.011615558398767385,-0.49410096598018494,0.0010613994178273,1,750.839111328125
2025-08-26,0.0010613994178273,0.003480402253401056,-0.04650795322172319,0.03580841633581673,0.0296410600198941,-0.00877676155457019,-0.00989840538266842,0.0298479513621486,0.04014371551454654,0.5209672457020624,0.009189753215940092,-0.4275377980334555,-0.0089511624709715,0,751.636474609375
2025-08-27,-0.0089511624709715,-0.000454707522816445,-0.04282275248795149,-0.30154947401396753,0.0296838934978772,-0.006425076676441432,-0.022070680884860423,0.0194105532503129,0.04241741537385013,0.49594274640095243,0.015132860773238195,-0.32619913969938497,0.0049783812613423,1,744.9384765625
2025-08-28,0.0049783812613423,0.016119045380261956,-0.04046874402949259,0.28961059092951874,0.0171899143790424,-0.4277322452754987,-0.0157521375831907,0.0229945981182073,0.03936684770262633,0.5100119710462641,0.01630919604173055,-0.306777760450316,-0.0166602090976444,0,748.6563110351562
2025-08-29,-0.0166602090976444,-0.021547567651748846,-0.06108469544237409,-1.029371628250696,0.0161848341652437,-0.4662058078261818,-0.0312962409016022,0.0049173350611949,0.03738354024402901,0.46364383285703326,0.01596052371418629,-0.11722369992321147,-0.0048717853417044,0,736.286865234375
2025-09-02,-0.0048717853417044,-0.024443376231150747,-0.04294892094067289,-0.35053518506813314,0.0138981350495742,-0.5416646068024737,-0.03338906979740353,-0.0013999735850525,0.03309407664741215,0.4508733869093247,0.01941208773599433,-0.060440515532387606,0.0026355741861525,1,732.7085571289062
2025-09-03,0.0026355741861525,-0.022869201462825544,-0.01938879920942449,0.19466193126903134,0.0135392378415789,-0.5432269347826356,-0.029152401287203793,0.0001886488006841,0.030222096780988084,0.45953649714771955,0.008493331346995984,-0.21076370167025782,0.0156158903657349,1,734.6422119140625
2025-09-04,0.0156158903657349,0.0016978513738808536,0.0012431438510644103,1.1316178251136182,0.0137996150459781,-0.5351143862928576,-0.012354571195219816,0.0149260427062309,0.02762187026417462,0.5093781010515037,0.02049016939833597,0.16243455710197718,0.005062898355998,1,746.204345703125
2025-09-05,0.005062898355998,0.0017823684685365536,0.01790141384879851,0.372617509913471,0.0135873871229876,-0.2095721465865431,-0.0067269876115940526,0.0188683898000485,0.025768723294008034,0.5248367665711151,0.017170553127190753,-0.02121226700564427,-0.0001994035480253,0,749.9918823242188
2025-09-08,-0.0001994035480253,0.018243174018155655,-0.0033043936335931915,-0.014916711932355445,0.0133677950562804,-0.17405424610483688,-0.005809504878985086,0.0179427072437099,0.023891007044684942,0.5241345971913893,0.01926092046988386,0.2880203322942474,0.0176553173990578,1,749.8423461914062
2025-09-09,0.0176553173990578,0.04077027675891785,0.01632690052776711,1.2631363422416915,0.0139773647615307,0.0057007441411305315,0.01191047557161313,0.0351759853962921,0.02299166812314768,0.5783909985260247,0.01680814276088539,0.06470871519114474,-0.0180807088541439,0,763.1986083984375
2025-09-10,-0.0180807088541439,0.02005399371862146,-0.002815207744204089,-1.449824485916549,0.0124709639199628,-0.0789020721931214,-0.003718251139920574,0.0162457921834011,0.020038551690989115,0.5137971640916038,0.01954840898539341,0.22021829041533647,-0.0014371661262641,0,749.5234375
2025-09-11,-0.0014371661262641,0.0030009372266224573,0.004698788600503311,-0.11741977931546277,0.0122395573781737,-0.11305081066439437,-0.0032222780758405854,0.0139181431359991,0.017195830960941016,0.5089787814014248,0.011626022353058452,-0.22182194608843575,0.0062263375551771,1,748.447021484375
2025-09-12,0.0062263375551771,0.004164376425801557,0.005946744894338111,0.5047350839890323,0.0123358525148856,-0.092110027982099,0.004773280650684831,0.0190944001297713,0.014253085501847895,0.5296097169040443,0.01827710407463519,-0.19039935299475486,0.0119847275282746,1,753.1216430664062
2025-09-15,0.0119847275282746,0.016348507502101456,0.034591681520257114,0.9468886223835815,0.0126569558921362,-0.0531754983639009,0.018277635721511035,0.0301118603089762,0.011621805460825918,0.5676135420904782,0.028874090149570947,0.04851489090619521,0.0185274595334401,1,762.201904296875
2025-09-16,0.0185274595334401,0.017220649636483756,0.05799092639540161,1.5044767314821736,0.0123148860635334,-0.11894078221188509,0.03651698200859374,0.0476632239403178,0.010753554572858537,0.6195706139752553,0.020872926528401836,0.20108992603345222,-0.0042194971415561,0,776.4552001953125
2025-09-17,-0.0042194971415561,0.031081861349071555,0.05113585506769301,-0.37369584328613004,0.0112912605729075,-0.0945960035348109,0.03049078824578155,0.0417094480530307,0.010886715277044656,0.6017102403803176,0.021889317163459335,-0.027380749155505923,0.0058227463338258,1,773.1858520507812
2025-09-18,0.0058227463338258,0.03834177380916145,0.041342711035783915,0.5190765149990363,0.011217510647417,-0.08350356954731664,0.03427382629700482,0.0464585791722002,0.011780973824717433,0.6180847035380487,0.01976295282962188,0.13896400541046883,-0.0023994664280722,0,777.7010498046875
2025-09-19,-0.0023994664280722,0.029715969825912153,0.03388034625171372,-0.22204393781560497,0.0108062685776399,-0.12399499227150779,0.029115873351339083,0.0425205554280429,0.013025435156345688,0.6069913019538555,0.027762770389786594,1.287465074041343,-0.0164552224160976,0,775.8372192382812
2025-09-22,-0.0164552224160976,0.0012760198815399554,0.017624527383641415,-1.5390238673685372,0.0106919865019593,-0.155248181863203,0.011592105510229473,0.0241845858532535,0.012448179730181641,0.5365379731473573,0.027785052161385333,0.12413668935220201,-0.0128374689351212,0,763.1751098632812
2025-09-23,-0.0128374689351212,-0.030088908587021346,-0.012868258950537587,-1.1561301898627339,0.0111038264095892,-0.09834111722156857,-0.001483328050577083,0.010175093642535,0.01167574064672472,0.4894979511932221,0.025853809412923277,0.024296976973902762,0.0069389634728092,1,753.4404907226562
2025-09-24,0.0069389634728092,-0.018930447972656046,0.012151413376415513,0.6192247507677802,0.0112058884342164,-0.007560904129335633,0.004999922161025263,0.0158302433857649,0.01077643986424559,0.5142167038988031,0.011279620799840934,-0.17308096700875752,-0.0155676937857584,0,758.686767578125
2025-09-25,-0.0155676937857584,-0.04032088809224024,-0.0019791142830787867,-1.3432396927828187,0.0115896618223859,0.03317591457375557,-0.010657393694956434,-0.0011013512300122,0.00965898203922877,0.46056714130100984,0.01631709040670346,-0.018415540603162195,-0.0069138487056594,0,746.9672241210938
2025-09-26,-0.0069138487056594,-0.04483527036982745,-0.015119300543915287,-0.5943239758833078,0.0116331310635479,0.07651692903681151,-0.017028989348875843,-0.0091154401726882,0.008050643498576537,0.4389105084763096,0.019603384322479003,-0.11053033996669182,-0.0004705735273605,0,741.8206176757812
2025-09-29,-0.0004705735273605,-0.028850621481090345,-0.027574601599550386,-0.04281043926394849,0.0109920275393385,0.0280622349573878,-0.01782882670422135,-0.0106254404972237,0.007334145414618298,0.4374084974038348,0.01564434288521722,-0.15244962662797445,-0.0122077913008518,0,741.4716186523438
2025-09-30,-0.0122077913008518,-0.028220943846820945,-0.058309852433842284,-1.0809346040560288,0.0112937371558317,0.017103180402612717,-0.029731063392365278,-0.0231992586358763,0.00673195287414452,0.3994584217803086,0.02269939649679923,0.44189197894937937,-0.0234765841170743,0,732.4749145507812
2025-10-01,-0.0234765841170743,-0.05863649143670444,-0.07756693940936049,-1.8896347732774454,0.0124238738877332,0.10869155628908156,-0.05103993253472107,-0.0461941047072392,0.005106461265989015,0.3395286219137374,0.016240503725931662,0.717399056673597,0.0134452441822627,1,715.4791870117188
2025-10-02,0.0134452441822627,-0.02962355346868334,-0.06994444156092358,1.0951808342819953,0.0122767343633049,0.059283225986101806,-0.0368508680439305,-0.0336418721180607,0.0033317747162919797,0.39520992518259057,0.013245313313387507,-0.03981528600808337,-0.0229418336416902,0,725.1639404296875
2025-10-03,-0.0229418336416902,-0.04565153840471414,-0.09048680877454159,-1.7554789644028486,0.0130687032467485,0.12340376596451552,-0.05610848849816406,-0.0554651683081847,0.0006815615800546126,0.3424145573383406,0.029300843554033448,0.32269238311514714,0.0071518329882274,1,708.7167358398438
2025-10-06,0.0071518329882274,-0.038029131889126246,-0.0668797533702166,0.5398126665789996,0.0132487313303545,0.20530368787192899,-0.04704676138771495,-0.0487733184501016,-0.0018117962061821036,0.3704269789305236,0.03684710072762716,0.7129795895120372,-0.0036115720281153,0,713.8035278320312
2025-10-07,-0.0036115720281153,-0.02943291261638974,-0.05765385646321068,-0.2918770321292877,0.0123736081656317,0.09561680025839747,-0.04717688646968231,-0.0521000908330638,-0.0051669657184747475,0.3620252437907595,0.017880181318267928,-0.04977142098673193,0.0066531265865025,1,711.230224609375
2025-10-08,0.0066531265865025,0.0006967980871870564,-0.05793969334951738,0.5509932448052346,0.0120747879383789,-0.028097995239550144,-0.03865634131543349,-0.0462369065983506,-0.00788538543364381,0.3895359470217315,0.016493963017546635,-0.14430606604892016,0.021594502976112,1,715.9779052734375
2025-10-09,0.021594502976112,0.008846056881036355,-0.020777496587646986,1.6352454832383585,0.0132056643467055,0.0756658860500532,-0.016559014146326545,-0.0264198699735253,-0.01002689126144063,0.47048634739528866,0.028724907695467185,-0.010338096092270543,-0.0392180134875514,0,731.6072387695312
2025-10-10,-0.0392180134875514,-0.007430122964824842,-0.053081661369538985,-2.5188358797757155,0.0155698963169619,0.1913880071334313,-0.05121491486865326,-0.0621793609796956,-0.011556301087431664,0.37426742417389813,0.04361266170141241,0.27798492016780796,0.0146377904268527,1,703.4703979492188
2025-10-13,0.0146377904268527,5.5834473800454865e-05,-0.03797329741532579,0.9312428794417457,0.0157185528609117,0.18641947436118134,-0.03407466844360131,-0.0474944998506424,-0.013893238916736661,0.4212580836122162,0.01718595442668622,-0.30029979156771935,-0.0098991984444679,0,713.8433837890625
2025-10-14,-0.0098991984444679,-0.006231791942552146,-0.035664704558941884,-0.6640461667919956,0.0149073949064278,0.20477347487322373,-0.03906159257164099,-0.0551871378989272,-0.016781039453341307,0.3993639535016619,0.022888548852497814,-0.32467474857331446,0.0124807648469315,1,706.811767578125
2025-10-15,0.0124807648469315,-0.00040415368212314527,0.0002926444050639146,0.8106823344162355,0.0153953827745843,0.2750023315648562,-0.023175282919357394,-0.042161825615475,-0.019437000686122308,0.43900336364178594,0.02005437236881312,-0.21882599766108268,-0.0076663752064321,0,715.6885986328125
2025-10-16,-0.0076663752064321,-0.029665031864667245,-0.020818974983630886,-0.502930240186139,0.015243416668671,0.15430895928184563,-0.026150816299917796,-0.0479671521733318,-0.022402170930127085,0.42059735759268946,0.030348119046282335,-0.3074649700313664,0.0067880142303057,1,710.2228393554688
2025-10-17,0.0067880142303057,0.016340995853189853,0.008910872888365014,0.4394014524697439,0.0154483199637878,-0.0078084240703423236,-0.015415226172871948,-0.040343503992915,-0.025318569292053672,0.44286126858277086,0.017324085262263804,-0.017245839579788314,0.0210484816166533,1,715.0602416992188
2025-10-20,0.0210484816166533,0.02275168704299045,0.022807521516790913,1.3050756904031595,0.0161281692482917,0.026059421055141696,0.007811473788272503,-0.0189685627831454,-0.026572466446283083,0.5070081096132814,0.018561300207162908,-0.27680191115020447,0.0015012852185218,1,730.2706909179688
2025-10-21,0.0015012852185218,0.03415217070598015,0.02792037876342801,0.09413460361043455,0.0159482821506818,0.06982355071342417,0.010865239970542577,-0.0166491946671774,-0.027218696963525857,0.5113783007879791,0.01329660253426525,-0.370357318701803,0.0001908397828216,1,731.3678588867188
2025-10-22,0.0001908397828216,0.02186224564187025,0.021458091959747114,0.012054357811573503,0.0158316009699308,0.028334352041355926,0.012960820572592327,-0.014980530020157,-0.027583841373998164,0.5119710405242828,0.02259302013308888,-0.28056487332975033,0.0008041809835501,1,731.5074462890625
2025-10-23,0.0008041809835501,0.03033280183185245,0.0006677699671852152,0.051871161954327345,0.0155034310636454,0.017057487873358035,0.014820668236599336,-0.0129803210066268,-0.027394977372243057,0.5146442752579394,0.012683920379555503,-0.18572507315751297,0.0059224045127365,1,732.095947265625
2025-10-24,0.0059224045127365,0.02946719211428325,0.04580818796747311,0.38180343024214636,0.0155116587322969,0.00410004250673035,0.021229198702429796,-0.0059614051365482,-0.02662536859847553,0.5349170034535374,0.013624787039080653,-0.2422394398502249,0.0167345089054364,1,736.444580078125
2025-10-27,0.0167345089054364,0.025153219403066352,0.047904906446056814,1.0475065035486504,0.0159755656396831,-0.00946193000949358,0.03793017223482536,0.0117362644889449,-0.025236676268385994,0.5878937355053071,0.010308716015651753,-0.07055425132907267,0.0008254451330183,1,748.872314453125
2025-10-28,0.0008254451330183,0.02447737931756285,0.05862955002354301,0.05259825801509598,0.0156933929785544,-0.015982233680039593,0.03756379786110962,0.0129925059437309,-0.023681716698318978,0.5903940172902352,0.01714043016204319,0.017945401201368893,0.0003060692231312,1,749.49072265625
2025-10-29,0.0003060692231312,0.02459260875787245,0.046454854399742715,0.020975624169178312,0.0145916622391118,-0.07832048907587008,0.035427358287475404,0.0132835592400049,-0.021386144445801336,0.5913845216290818,0.02215062960801557,1.1805893834228343,-0.1203023838514828,0,749.7201538085938
2025-10-30,-0.1203023838514828,-0.09651395607716046,-0.06618115424530799,-3.9011670985202813,0.0308375367712687,0.9890782011203212,-0.0780893340548329,-0.099609690196619,-0.023343212023393733,0.3010247179402134,0.04619868923729084,4.476158705636679,-0.027564459107705,0,664.7410888671875
2025-10-31,-0.027564459107705,-0.13000081969760194,-0.10053362758331869,-0.8891442985638568,0.0310011087651656,0.9985682576047166,-0.09927875377499193,-0.1219483388901754,-0.02516825844865267,0.27059554680536363,0.04522250085337203,2.131022206193853,-0.0165468921475184,0,646.6680908203125
2025-11-03,-0.0165468921475184,-0.16328222075055673,-0.13812900134749037,-0.5340817162630038,0.0309819483492111,0.9393334200481978,-0.10923713094096761,-0.133622313950275,-0.027375616851954,0.2543377045972865,0.036301804294138984,0.7594961779115086,-0.0164269367330225,0,636.0557861328125
2025-11-04,-0.0164269367330225,-0.18053460261659754,-0.15605722329903468,-0.5287507366054025,0.0310674493590004,0.9796515260565521,-0.11847014760930252,-0.1448224642970653,-0.029893844906438205,0.23922266898908248,0.025074890462755867,0.4013144077737538,0.0136631537112607,1,625.6926879882812
2025-11-05,0.0136631537112607,-0.16717751812846804,-0.1425849093705956,0.43706031075049956,0.0312614835417084,1.1424209955953106,-0.1011713997551939,-0.1302682508838663,-0.03237196849404611,0.2776234004269659,0.02467175428923242,0.011320392336234164,-0.0271116172940845,0,634.30029296875
2025-11-06,-0.0271116172940845,-0.07398675157106974,-0.1705007076482302,-0.8777112701062282,0.0308889930179468,0.0016686237639460533,-0.11807223545278628,-0.1505588356376777,-0.0368358968736745,0.25075675996147767,0.02908197875238177,0.15042763464594078,0.0044654134951295,1,617.3344116210938
2025-11-07,0.0044654134951295,-0.041956878968235245,-0.1719576986658372,0.14816920483170784,0.0301372576049211,-0.027865169816608804,-0.1088179373636035,-0.1437278426653778,-0.039172585227422396,0.26326026647477774,0.033665200714267825,0.41341962328696,0.0160358233612694,1,620.0972290039062
2025-11-10,0.0160358233612694,-0.00937416345944744,-0.1726563842100042,0.5311639190307691,0.0301899710931617,-0.025562538776537802,-0.08893078800574108,-0.1273274388836777,-0.04214460369469564,0.308358582890892,0.026734858787126184,-0.1126077481862523,-0.0074353326865411,0,630.1211547851562
2025-11-11,-0.0074353326865411,-0.00038255941296604003,-0.1809171620295636,-0.2463721996344042,0.0301792681868105,-0.028588802444851735,-0.09032939854425322,-0.1312109756791505,-0.04494107764884836,0.29917464852840225,0.01621799871307202,-0.3928918942108809,-0.029239545769439,0,625.453369140625
2025-11-12,-0.029239545769439,-0.043285258893665746,-0.21046277702213378,-0.9660201694133704,0.0302680489447701,-0.03177822945007969,-0.1095323142321066,-0.1532537019821667,-0.04909935357436024,0.2662063413489601,0.034843385761904745,0.08266843359338472,0.0014439733950654,1,607.43017578125
2025-11-13,0.0014439733950654,-0.014729668204515841,-0.08871641977558559,0.04758527330389132,0.0303449637841487,-0.017612397836407778,-0.10153389353596416,-0.1487575374523838,-0.052560295348559105,0.2704229675263511,0.024020764502116508,-0.0967715541047568,-0.0007053094271526,0,608.3079223632812
2025-11-14,-0.0007053094271526,-0.01990039112679794,-0.06185727009503319,-0.023353065177967414,0.0302020065365136,0.0021484679343195534,-0.0950040602868291,-0.1459609077749995,-0.056306161444570346,0.2696077208779656,0.030321891186456135,-0.12355030616806317,-0.0122993473314158,0,607.8790283203125
2025-11-17,-0.0122993473314158,-0.048235561819483144,-0.05760972527893059,-0.41809934392213915,0.0294172844569358,-0.02559414958833528,-0.09734363495432212,-0.1528444915202693,-0.061486141033458175,0.2552502642825297,0.027059314235797716,-0.3131774424451621,-0.0072017015657698,0,600.4483032226562
2025-11-18,-0.0072017015657698,-0.04800193069871184,-0.04838449011167788,-0.24574427179858024,0.0293056741996922,-0.0289468247444149,-0.09461822772019396,-0.1549399431236912,-0.06662572325882321,0.24703530250185124,0.03326129559880861,0.02337124266049395,-0.0124075810045649,0,596.1395874023438
2025-11-19,-0.0124075810045649,-0.031169965933837737,-0.07445522482750348,-0.4248400697090907,0.0292052983916065,-0.03511130020645847,-0.09598502654766689,-0.1615394456094498,-0.07251474918765777,0.23324325128576417,0.02385149904314625,-0.037872772927445175,-0.001983781339359,0,588.7886352539062
2025-11-20,-0.001983781339359,-0.03459772066826214,-0.04932738887277798,-0.068046446816084,0.0291533420506256,-0.03926917632854676,-0.08765769447788029,-0.15935057264081,-0.07858111777673293,0.23103820732299496,0.03966730738987929,-0.21530585856462248,0.0086192189009695,1,587.6217651367188
2025-11-21,0.0086192189009695,-0.025273192340140038,-0.045173583466937985,0.2947568629560174,0.0292417920808705,-0.0317930682679054,-0.06937590111978552,-0.1481638181229643,-0.0846613762720968,0.2637161260241032,0.027362237720866652,-0.21595179052819147,0.0311463736585584,1,592.70849609375
2025-11-24,0.0311463736585584,0.01817252864983416,-0.030063033169648985,1.0340135716395282,0.0301218228781783,0.023949811624314865,-0.029464346773169777,-0.1173904366755498,-0.09059542491823358,0.36999963586066636,0.031106773842166376,-0.14229935026760698,0.0370978655060489,1,611.459716796875
2025-11-25,0.0370978655060489,0.062472095721652854,0.014470165022941014,1.1644591371719837,0.0318584519815312,0.08710865221677144,0.016487406039114146,-0.0802652654340363,-0.09518334501571524,0.4712944051003097,0.029470939083031653,-0.10318080387909068,-0.0041106657174502,0,634.569580078125
2025-11-26,-0.0041106657174502,0.07076901100876756,0.03959904507492981,-0.1292224696761787,0.0318107657882658,0.08921214780014375,0.021955822180852864,-0.0802732134499095,-0.1000327346955231,0.4622779504749323,0.010621645214470243,-0.44759718668451165,0.0223798044510813,1,631.9664306640625
2025-11-28,0.0223798044510813,0.09513259679920785,0.060534876130945714,1.1940287687715303,0.0187431032119156,-0.3570856068793872,0.04664806267448965,-0.0558459322532835,-0.0979259395616433,0.5169584718954685,0.019368759250765824,-0.5337363111743416,-0.0109868273082803,0,646.2691650390625
2025-12-01,-0.0109868273082803,0.07552655058995807,0.05025335824981802,-0.6147557418771264,0.0178718579752221,-0.38882480506680117,0.03583743488392196,-0.0624194729378524,-0.094857459783528,0.4904411608704426,0.011796460461862182,-0.39302198181008474,0.0096740678147056,1,639.2075805664062
2025-12-02,0.0096740678147056,0.054054244746105255,0.07222677339593941,0.549706824490627,0.0175985950759659,-0.41575265391009364,0.045113745647244664,-0.0500236505376773,-0.0910306620510507,0.5140617575345859,0.015144472512296126,-0.42933142079362396,-0.0116577433390143,0,645.4213256835938
2025-12-03,-0.0116577433390143,0.005298635901042067,0.06777073162269492,-0.6705677313831506,0.0173848856624347,-0.4543085247044343,0.03197745219140717,-0.0578305440389243,-0.0870251535434462,0.484919307402365,0.017667273646495854,-0.4315635563129512,0.0337123455216169,1,637.9408569335938
2025-12-04,0.0337123455216169,0.043121647140109166,0.11389065814887671,1.8042642185246252,0.0186848163231791,-0.41262601323255577,0.0651628046004517,-0.0226720613309066,-0.08246144678728773,0.5629412791612872,0.024261918706891986,0.4884960756739116,0.0178138335949196,1,659.81396484375
2025-12-05,0.0178138335949196,0.03855567628394747,0.1336882730831553,1.0076994234391405,0.0176777253023758,-0.05684106294962432,0.07957239221573267,-0.0028819990362197,-0.07637689871146258,0.5984555067948534,0.018264958131796002,0.06309099877288804,-0.0098790810565819,0,671.673095703125
2025-12-08,-0.0098790810565819,0.039663422535645865,0.1151899731256039,-0.5501837961521988,0.0179559651259686,0.004706122377601041,0.06511016301159069,-0.0104291139563325,-0.0709215624741919,0.5706521693500378,0.017456530986097632,-0.3113026223456946,-0.0148669851626161,0,665.0702514648438
2025-12-09,-0.0148669851626161,0.015122369558324165,0.06917661430442941,-0.8191575426372186,0.0181491158767249,0.031282088052065005,0.04728448971084544,-0.0225243743195009,-0.066657020815443,0.5311516052615114,0.016956821177385093,-0.30857644289069963,-0.0104508439999418,0,655.2557983398438
2025-12-10,-0.0104508439999418,0.016329268897396665,0.021627904798438714,-0.5728524169131869,0.0182435190834249,0.04938965016293073,0.034495863627282686,-0.0302554054045419,-0.06259210046987085,0.5050207017368402,0.017088867254427185,-0.10892226432353624,0.0039606713157165,1,648.4434814453125
2025-12-11,0.0039606713157165,-0.013422405308503735,0.029699241831605414,0.2369299674507005,0.0167166330132579,-0.10533597311735987,0.03500278369759947,-0.024526174224791,-0.057515746682072044,0.514732688271162,0.02218449390457316,-0.2906357640360313,-0.0130771294699125,0,651.016845703125
2025-12-12,-0.0130771294699125,-0.04431336837333584,-0.005757692089388387,-0.7638723605375025,0.0171195217231197,-0.03157666327019337,0.01878224703359193,-0.0348102129540105,-0.05260443057743569,0.4813059668174159,0.11236672747791958,-0.2237997314816328,0.0058936797766686,1,642.558837890625
2025-12-15,0.0058936797766686,-0.028540607540085333,0.011122814995560512,0.3443930130734302,0.0171132385180299,-0.04693296083093401,0.021687835160530022,-0.0272825951780571,-0.04793091260687554,0.4970998972481893,0.022084581824680594,-0.12643567090393293,0.0147781090194163,1,646.3570556640625
2025-12-16,0.0147781090194163,0.0011044866419470632,0.016226856200271214,0.8742772831627101,0.0169032288771776,-0.0686472557677078,0.032367603524963894,-0.0110798111608174,-0.0420852170655418,0.5356752545311187,0.02943006178468416,-0.1911190478007484,-0.0117095203231772,0,655.9799194335938
2025-12-17,-0.0117095203231772,-0.00015418968128833553,0.016175079216108314,-0.6849534942206195,0.0170953508843706,-0.06293567561191982,0.016175255950853763,-0.0207352822693033,-0.03632300432824376,0.5027200347047066,0.018521891088096622,-0.09284095449287555,0.022756733885575,1,648.343505859375
2025-12-18,0.022756733885575,0.018641872888570166,0.0052194675800664135,1.3303382021247743,0.0171059763970009,0.02329077772026289,0.03353285979389822,0.003402809012709,-0.029152484602374074,0.5597244468291889,0.021220521223414834,0.19384208166206762,-0.008585132748912,0,663.266845703125
2025-12-19,-0.008585132748912,0.023133869609570663,-0.021179498763765188,-0.4954068396518968,0.0173294594700074,0.012263061450144441,0.019141533887575096,-0.0029419705060166,-0.021668731632742855,0.5346479718965719,0.019460520278899184,1.710346744398875,0.004135553565664,1,657.5969848632812
2025-12-22,0.004135553565664,0.021375743398566065,-0.0071648641415192876,0.2388051573858236,0.017317689496054,0.011946948428767534,0.01803113377311189,0.0025016677831553,-0.015254411652814492,0.5451947963274503,0.025593337378354196,-0.13815929418815875,0.005186771874033,1,660.3221435546875
2025-12-23,0.005186771874033,0.011784406253182765,0.012888892895129813,0.3196802344217866,0.0162248750956231,-0.04013160955717765,0.019216372477505322,0.0092498459853777,-0.009778616946567453,0.5587648899263192,0.011655186891366173,-0.5127096382643626,0.0039174740346223,1,663.7559814453125
2025-12-24,0.0039174740346223,0.027411400610982264,0.027257210929693913,0.2749160881545774,0.0142497081961228,-0.166457109157638,0.020725512006994587,0.0144592055289642,-0.006139071086514902,0.5692660419465433,0.0089581013828206,-0.6576329003375609,-0.0064019421012225,0,666.361328125
2025-12-26,-0.0064019421012225,-0.0017472753758152352,0.016894597512754912,-0.4472427003478634,0.014314246149223,-0.1632020402101899,0.011875742548721504,0.0096325334667062,-0.0022168819625668634,0.5464081932863856,0.011503271774894701,-0.555062136497591,-0.0069592673439933,0,662.1089477539062
2025-12-29,-0.0069592673439933,-0.00012140997089653445,0.023012459638674113,-0.5102570215560653,0.013638748806965,-0.21297321300932792,0.0039953480050849135,0.0042448365829477,0.0002484957508603891,0.5220327205654138,0.008896423704387032,-0.46523257338082213,0.0109615744884803,1,657.5171508789062
2025-12-30,0.0109615744884803,0.006704610951919765,0.028080354350485816,0.8109116554601091,0.0135175939507994,-0.21943432731719137,0.013084541814356304,0.0168757939247227,0.003742286012553775,0.5557193625128791,0.021593127988690154,-0.4153598567464609,-0.00883846943734,0,664.7642211914062
2025-12-31,-0.00883846943734,-0.007320630359453236,0.004463775893729514,-0.6501176479180718,0.0135951846033471,-0.1620777033276144,0.0031384801451600558,0.0101329282852298,0.006972564883621635,0.5236389063522326,0.008423089779253982,-0.4886981584402087,-0.0147732829495421,0,658.9146118164062
2026-01-02,-0.0147732829495421,-0.026011387343617635,0.0014000132673646117,-1.0732452292473966,0.0137650581124891,-0.03401122864856765,-0.012422539586545425,-0.0021681007170974,0.010383427407461232,0.47487237609229704,0.032118226212677396,-0.12343272849882947,0.0128019380589777,1,649.2518310546875
2026-01-05,0.0128019380589777,-0.006807507183417435,-0.008554782559232685,1.0855759784891545,0.0117927609975257,-0.17615214419336844,0.00046881207432895703,0.0129889385278682,0.012514259617529389,0.5168240764660347,0.025486085986946926,-0.173428323058458,0.0027739381950674,1,657.616943359375
2026-01-06,0.0027739381950674,0.002925698355643264,0.0028042883847467157,0.251229946889684,0.0110414312840079,-0.19043664193233834,0.004182059181135668,0.0180815416570057,0.013841596101811016,0.5257343603177577,0.020616988916255092,-0.22391984111744778,-0.0182238366184957,0,659.4436645507812
2026-01-07,-0.0182238366184957,-0.026259712751332737,-0.019555101799412986,-1.5786312399626923,0.0115440744850117,-0.14599635652400922,-0.012634002427872314,0.0024482075909564,0.015275196893467013,0.4654704813397342,0.022106132053058874,-0.09875350122860893,-0.0040625477501476,0,647.534912109375
2026-01-08,-0.0040625477501476,-0.021483791064140337,-0.028804421423593584,-0.36524970460502654,0.0111226585509241,-0.18186778072982324,-0.015860800593430605,0.0016080426105725,0.017750378416525603,0.4531388583905111,0.017614470677362076,-0.16045282604309596,0.0107766502375099,1,644.9096069335938
2026-01-09,0.0107766502375099,0.0040661421229116635,-0.021945245220705983,0.9651682656372105,0.0111655662760473,-0.188847138544462,-0.005459802238551065,0.0155389467788095,0.021114027431596405,0.4917353428100607,0.01852821588572054,-0.1651403828332444,-0.0171275278127304,0,651.8971557617188
2026-01-12,-0.0171275278127304,-0.025863323748796435,-0.03267083093221389,-1.4542918590773082,0.0117772286943813,-0.0013171048872829827,-0.021588253639589498,0.001691848991959,0.023793768541872096,0.4388857253821514,0.019845149797927918,0.05518070536489783,-0.0170929455774841,0,640.8268432617188
2026-01-13,-0.0170929455774841,-0.04573020752134793,-0.04280450916570469,-1.420943237692677,0.012029295135842,0.08946882215033969,-0.03724456514271826,-0.0142128194189494,0.023922737685903694,0.3941320983120391,0.02879152446101598,0.26759914806291163,-0.024981077684351,0,629.96630859375
2026-01-14,-0.024981077684351,-0.052487448587203236,-0.07874716133853599,-1.9159838376788318,0.0130382507373418,0.1294323121589409,-0.0587004413406336,-0.0375625770522052,0.02245604398087009,0.34060470264482634,0.02214388557693461,0.0917461476995527,0.0085414820397972,1,614.4240112304688
2026-01-15,0.0085414820397972,-0.039883418797258444,-0.06136720986139879,0.6740512106685735,0.0126718592068474,0.13928330612959328,-0.04797980820888992,-0.0288089273472615,0.020137052792505106,0.37176375610484635,0.016011602185664255,-0.07663431686750088,-0.0008863310845809,0,619.694580078125
2026-01-16,-0.0008863310845809,-0.05154640011934924,-0.04748025799643758,-0.07088741559498225,0.0125033629332036,0.11981449252835308,-0.046685144481376624,-0.029470176404882,0.018058008827659844,0.3698034773980636,0.014510278113663812,0.19536581004346187,-0.0263497336630208,0,619.1455688476562
2026-01-20,-0.0263497336630208,-0.060768605969639636,-0.08663192971843608,-2.170597808270044,0.0121393901544669,0.030750991551890205,-0.06715170203178694,-0.0537822016509876,0.014331912712837402,0.3170093003484915,0.018870463659874735,0.08528629205058702,0.0145268602318894,1,603.0443115234375
2026-01-21,0.0145268602318894,-0.02914880016026613,-0.07487900768161408,1.1317192104003004,0.0128360993596204,0.0670699500400882,-0.05014192340363492,-0.0397715996139038,0.010917761342716714,0.3700856107287162,0.02967567506746423,0.1877601223922205,0.0550197829298534,1,611.8685913085938
2026-01-22,0.0550197829298534,0.050852060453938266,-0.0016353881332649839,3.003009439003725,0.018321548449114,0.40521522543209976,0.004663168525526263,0.0137010614244303,0.008995943299253684,0.5257469292856997,0.05253002374003024,0.7129250998086092,0.017039807335167,1,646.476806640625
2026-01-23,0.017039807335167,0.059350385749308066,0.019466966952049615,0.9101696477156945,0.0187215728165983,0.47741325964873904,0.022419213669919266,0.0302349437150123,0.007644349735016265,0.5630749236144823,0.03345676376922941,0.7263530142287042,0.0204344812530879,1,657.5870361328125
2026-01-26,0.0204344812530879,0.08067119808697687,0.029124797967627614,1.0598195299509547,0.0192810952012118,0.5420727450859986,0.04313738343110516,0.0499999697308111,0.006578794326336457,0.6040815127040766,0.02080738231650733,0.188251394853026,0.0009068913588675,1,671.1627197265625
2026-01-27,0.0009068913588675,0.10792782310886517,0.04715921713922551,0.047196167691254474,0.0192153601283934,0.5828933648139463,0.04330040878348189,0.0488411316794116,0.005310764617058261,0.6058683745221842,0.01806920770473992,-0.053490048135526824,-0.0063204102221009,0,671.7716674804688
2026-01-28,-0.0063204102221009,0.08708055265487487,0.05793175249460871,-0.3291461782481232,0.0192024414676215,0.49597170679655544,0.03592092193398972,0.0403088145711115,0.004235740918264286,0.5860697792155185,0.017316431785706222,0.7244314351772048,0.0989835061502935,1,667.5391845703125
2026-01-29,0.0989835061502935,0.13104427587531498,0.18189633632925323,3.393743370598838,0.029166467626227,0.5919215402144375,0.13733222695166192,0.1439473047251296,0.005816310851577633,0.7376046478790584,0.042597299658718585,2.4314797933758734,-0.0299855631886475,0,736.995361328125
2026-01-30,-0.0299855631886475,0.08401890535150047,0.1433692911008085,-0.9971958588982502,0.030069883384571,0.6061622428384561,0.09896009709557357,0.1062130871853806,0.006599866645728092,0.6564783576180827,0.02593155066948702,0.3023220609778905,-0.0141825113195682,0,715.2241821289062
2026-02-02,-0.0141825113195682,0.04940191277884436,0.1300731108658212,-0.4719535356679162,0.0300506517013309,0.5585552266472003,0.07885084425859869,0.0869695462030484,0.007525323808805995,0.6223738848819795,0.025169475145675857,-0.21348828283585952,-0.0210434276815745,0,705.152099609375
2026-02-03,-0.0210434276815745,0.027451593738402363,0.1353794168472675,-0.6902562370289625,0.0304863999087509,0.5865640667177998,0.053737228307703715,0.0610090046712246,0.006900939027464581,0.5754392351885452,0.04422441277377466,-0.24976263228326345,-0.0333831233093255,0,690.4683227539062
2026-02-04,-0.0333831233093255,0.0003888806511777587,0.08746943330605261,-1.0591114433582525,0.0315199344872279,0.6414545275597239,0.018491530441071595,0.0236515346026168,0.005066320148298775,0.5113284727145919,0.03194366945565319,-0.09389195004458672,0.0018219938622909,1,667.798828125
2026-02-05,0.0018219938622909,-0.09677263163682484,0.03427164423849011,0.05838597012449923,0.031206021898853,0.06992805226752918,0.018680164945018955,0.0231248067307741,0.004363137654687765,0.5144580761857954,0.04177794882503625,-0.09098192819989293,-0.0131416069184238,0,669.0166625976562
2026-02-06,-0.0131416069184238,-0.07992867536660113,0.004090229984899307,-0.419071318501936,0.0313588793559087,0.04286667676267375,0.0042053705537898785,0.0082616459318981,0.004039288672466945,0.4902095506151427,0.038535949849783493,-0.052147964571098715,0.0235465728908836,1,660.2822265625
2026-02-09,0.0235465728908836,-0.04219959115614933,0.007202321622695008,0.742962104343607,0.0316928316440669,0.05464706586257728,0.026249469522501487,0.0309795292169856,0.004609073948349973,0.532913036472312,0.036221566585300895,-0.23195382664285524,-0.0096444786968595,0,676.0140991210938
2026-02-10,-0.0096444786968595,-0.030800642171434335,-0.003349048433031989,-0.30616413307001356,0.0315010076462941,0.0332806674641819,0.014190127036662847,0.0199156281629785,0.005645392292513263,0.5137965105506516,0.01619162521034516,-0.45261689831598995,-0.0030310693655162,0,669.525634765625
2026-02-11,-0.0030310693655162,-0.0004485882276250336,-5.970757644728963e-05,-0.09713883359435632,0.0312034770581423,-0.010039913922214372,0.008254504789753507,0.0161715981231892,0.007852276677986714,0.5076718289857195,0.03315444206488676,-0.24277203017535331,-0.0286405502140273,0,667.4993286132812
2026-02-12,-0.0286405502140273,-0.030911132303943233,-0.12768376394076808,-0.9125341150566634,0.0313857309457947,0.005758793848321453,-0.02273920145728274,-0.0128031953358494,0.010167200133526011,0.45352188075895333,0.04727531250449093,-0.20794527234905658,-0.015571327214771,0,648.6529541015625
2026-02-13,-0.015571327214771,-0.03334085260029043,-0.11326952796689158,-0.4925722445795778,0.0316122708620367,0.00808037504312975,-0.03920912054510689,-0.0278551625460754,0.011817304100006698,0.4274134267434113,0.026353196987748097,-0.3455742418395048,-0.0007505209541119,0,638.6307983398438
2026-02-17,-0.0007505209541119,-0.057637946445285936,-0.0998375376014353,-0.02374183900028304,0.0316117447390218,-0.0025585250934900827,-0.04130058738543273,-0.0285907385924374,0.013257386648785952,0.4261503811002029,0.021586429112421535,-0.31980185506633496,0.0061285818847739,1,638.1516723632812
2026-02-18,0.0061285818847739,-0.041864885863652536,-0.07266552803508688,0.1981304134999636,0.0309320602350382,-0.01806124482252336,-0.03822678245983269,-0.0220909637266584,0.016777155403061794,0.4407233463675255,0.026196287978307458,-0.2127393785890498,0.0024224061806033,1,642.0746459960938
2026-02-19,0.0024224061806033,-0.03641141031753303,-0.036859998545158076,0.07860961394872797,0.0308156478440828,-0.012429038383666269,-0.03818225629767516,-0.018881166302281,0.02006730497723863,0.44672975743061366,0.016238145200773033,-0.4541325160668843,0.0167332340866387,1,643.6318969726562
2026-02-20,0.0167332340866387,0.008962373983132963,-0.02194875832081028,0.5874541599172862,0.028484323081472,-0.09244353331562127,-0.02253794773337437,-0.0020039130746489,0.021007500609470542,0.48802669403769683,0.037473610248351025,-0.21309032442582387,-0.0284802832684265,0,654.4925537109375
2026-02-23,-0.0284802832684265,-0.003946582070522536,-0.037287434670812976,-0.9848550197788419,0.0289182495864437,-0.08522074505024757,-0.04845799292021049,-0.0294596632678316,0.019965833889649565,0.4295951020821777,0.03405258879094741,-0.5029718941374433,0.0032117465522636,1,636.1153564453125
2026-02-24,0.0032117465522636,1.5685435852965356e-05,-0.057622261009432976,0.11277682261410224,0.0284787820566066,-0.09910755348305234,-0.0430349362223261,-0.0260319449910782,0.01776761960789619,0.4376688730653949,0.018973885678753855,-0.4039679214354496,0.0222593151388289,1,638.1616821289062
2026-02-25,0.0222593151388289,0.016146418689907967,-0.025718467173744573,0.7673154065083664,0.0290093421167169,-0.062159393965725784,-0.020080673194735048,-0.0041548676888115,0.016252159815895117,0.4920229626645006,0.017959568282409733,-0.32981364292098025,0.005066097189523,1,652.5260009765625
2026-02-26,0.005066097189523,0.01879010969882767,-0.017621300618705375,0.1745694371757503,0.029020527713695,-0.0582535255942217,-0.014237776504531554,0.0004973974265922,0.014948000217408941,0.5039367192370847,0.020547632150712314,-0.3414491684152887,-0.0135308861537661,0,655.8401489257812
2026-02-27,-0.0135308861537661,-0.011474010541577132,-0.002511636558444174,-0.791331260665698,0.0170988899672476,-0.39970874791931443,-0.02086581490346259,-0.0129691822566267,0.008064913642104266,0.4722156945633918,0.01746429610930772,0.12601016800877685,0.0082659100754981,1,647.0258178710938
2026-03-02,0.0082659100754981,0.02527218280234747,0.021325600731824927,0.5021125333830274,0.0164622659781181,-0.4307308978398442,-0.008023150550179594,-0.0046678347010175,0.003382453785109041,0.4931498086319454,0.03892527470536538,-0.259121725528378,0.0023230854579415,1,652.396240234375
2026-03-03,0.0023230854579415,0.02438352170802537,0.02439920714387833,0.14191188416289574,0.0163699148358492,-0.4251890827595397,-0.001827702732179533,-0.0025224366116001,-0.0006960059714362643,0.49919381927627626,0.03083585309411848,-0.06698046781832756,0.0191264833354653,1,653.91357421875
2026-03-04,0.0191264833354653,0.02125068990466177,0.037397108594569725,1.152063721239333,0.0166019318053779,-0.42770395348569856,0.019309034501979228,0.0166378698921015,-0.0026205640482552806,0.5475482966404712,0.022613986286033578,-0.16824110782180823,-0.0107807502184162,0,666.541015625
2026-03-05,-0.0107807502184162,0.005403842496722568,0.02419395219555023,-0.7172232290775936,0.0150312340444984,-0.4820482179789911,0.009027612573321934,0.0056814953554072,-0.00331618002938594,0.5171142437439777,0.030867303120575628,0.04070289217179468,-0.0240699231752562,0,659.393798828125
2026-03-06,-0.0240699231752562,-0.005135194524767531,-0.01660920506634467,-1.5139641737288307,0.0158986081658544,-0.07019647495786585,-0.013058798539327808,-0.0177384945767571,-0.004741615843480207,0.45708224938761555,0.020717652909226416,0.04266029949326455,0.0039156834447055,1,643.7117309570312
2026-03-09,0.0039156834447055,-0.009485421155560132,0.01578676164678733,0.24905872265281093,0.0157219285596513,-0.04497178088671805,-0.008118723529637287,-0.0133572220522458,-0.0052813765587448325,0.4677975425351652,0.03239155721997453,0.08897635157362194,0.0102655554713665,1,646.2372436523438
2026-03-10,0.0102655554713665,-0.0015429511421351308,0.022840570565890228,0.6896359020401235,0.0148854713639448,-0.09068119698787636,0.003896267725491835,-0.0027668804411197,-0.006637287517472501,0.4960772301164381,0.01727641944506316,-0.1877725552257078,0.0012070636730406,1,652.9053955078125
2026-03-11,0.0012070636730406,-0.01946237080455983,0.0017883191001019266,0.08167122802296015,0.0147795460195757,-0.10976950195710788,0.006333599847399775,-0.0013057084422642,-0.007591228486083068,0.4994645355739255,0.016431008164055887,-0.25590971651512906,-0.0258010478585787,0,653.6939697265625
2026-03-12,-0.0258010478585787,-0.03448266844472233,-0.02907882594799977,-1.635877577127389,0.0157719918772195,0.04928123868793244,-0.01699435165083532,-0.0261342700685951,-0.009297930722075964,0.4332448466027413,0.026011432160912156,-0.02614140753687333,-0.0390980072354868,0,637.043701171875
2026-03-13,-0.0390980072354868,-0.04951075250495293,-0.054645947029720476,-2.323394896624177,0.0168279646702741,0.058455211596175394,-0.0520506959720065,-0.0619801824211319,-0.010474701977134626,0.35821255513223077,0.031969487892869373,0.5629687799509038,0.0229973663343321,1,612.6171875
2026-03-16,0.0229973663343321,-0.03042906961532633,-0.03991449077088648,1.3147949278368314,0.0174912192368802,0.11253649134175547,-0.02911424953427018,-0.0392153751852835,-0.010404031211878384,0.42119780242395694,0.01856725506002308,0.23357363794557906,-0.0076633932744365,0,626.8690185546875
2026-03-17,-0.0076633932744365,-0.04835801836112933,-0.04990096950326448,-0.43651927702786647,0.0175556812212609,0.17938362797054652,-0.03532573614110714,-0.0457554057588341,-0.010811597249424154,0.4067621289650287,0.023849253567629694,-0.1484470110109929,-0.0112732331482847,0,622.0834350585938
2026-03-18,-0.0112732331482847,-0.06083831518245464,-0.08030068598701448,-0.6405026094740999,0.0176006045588805,0.19087585880975455,-0.04414122267709833,-0.0552203582077531,-0.011590766118907747,0.3860014683282953,0.01305879541018949,-0.023354440975088098,-0.0146929040577459,0,615.1099243164062
2026-03-19,-0.0146929040577459,-0.049730171381621835,-0.08421283982634417,-0.8262803502718608,0.0177819841085555,0.12744060781816402,-0.05533089115012176,-0.0674734275859878,-0.012853745636553615,0.3605083503916764,0.01770230759565255,0.08879448292186187,-0.0217277174000032,0,606.1382446289062
2026-03-20,-0.0217277174000032,-0.03235988154613823,-0.08187063405109118,-1.2335204106607631,0.0176143963344427,0.04673361749789007,-0.0711923173384266,-0.0859859455454037,-0.015927547201789793,0.3267601775095561,0.0281474627372057,0.6946324271819844,0.017366783922547,1,593.1102905273438
2026-03-23,0.017366783922547,-0.03799046395792333,-0.06841953357324967,0.9998729964861948,0.0173689898452886,-0.006988042968089747,-0.052501386450583554,-0.0687853455126947,-0.0171862616253442,0.3768625957330654,0.015942133102231217,0.06793124928301464,-0.0186140730481942,0,603.5006713867188
2026-03-24,-0.0186140730481942,-0.04894114373168103,-0.09729916209281039,-1.0536873695842508,0.0176656507285825,0.006264041021001532,-0.06661995249270254,-0.0842765264812339,-0.01891681104142451,0.3470678338176053,0.01686568219697754,-0.16100616451144434,0.0033170736732061,1,592.3709716796875
2026-03-25,0.0033170736732061,-0.03435083691019023,-0.09518915209264488,0.19887007442968946,0.0166796019095314,-0.052327898525758365,-0.05920597439600323,-0.0799115452999914,-0.02200861223655748,0.35675296027275094,0.01726362561685117,-0.021643180790778205,-0.082941098958771,0,594.3391723632812
2026-03-26,-0.082941098958771,-0.10259903181121532,-0.1523292031928372,-3.4580480410657053,0.0239849469914276,0.3488341258773058,-0.12656640858455798,-0.1509655393174794,-0.027934729065527963,0.2577794431122126,0.07241484823977987,1.533907202458832,-0.0406667872620527,0,547.032958984375
2026-03-27,-0.0406667872620527,-0.12153810167326481,-0.15389798321940307,-1.6268842818732916,0.024996730077954,0.41910796165498376,-0.15313943885831335,-0.1825371649436813,-0.03471377394849484,0.22658345711729183,0.044396194021498615,1.030248567833567,0.0200742614096403,1,525.233154296875
2026-03-30,0.0200742614096403,-0.11883062418617153,-0.15682108814409487,0.7843401872707003,0.0255938197932883,0.4735353075372264,-0.1277747586531077,-0.1637798180499431,-0.04127954304697301,0.2728798110659493,0.020526510431779513,0.4715143909552526,0.064523301622656,1,535.8833618164062
2026-03-31,0.064523301622656,-0.03569324951532134,-0.08463439324700239,2.1179643558241827,0.0304647721975224,0.7245202379231519,-0.06336622247003722,-0.1067198923138015,-0.04628668203499353,0.40213214540759457,0.047052213099136715,0.9910964941878464,0.0123334303317499,1,571.6002197265625
2026-04-01,0.0123334303317499,-0.02667689285677753,-0.061027729766967784,0.4084179205925079,0.0301980635762929,0.8104786756952815,-0.04486831178074503,-0.0949456367360893,-0.052429759762979145,0.4240299572574735,0.032335999689782076,0.3755545850994064,-0.0082691326229561,0,578.6936645507812
2026-04-02,-0.0082691326229561,0.047995073479037365,-0.05460395833217799,-0.2739300317757935,0.0301870246549828,0.2585820875806759,-0.04600529367932472,-0.1013323002544837,-0.0579950876127413,0.413083461437332,0.03272636401817973,-0.21273438601027517,-0.0025098367236974,0,573.9281005859375
2026-04-06,-0.0025098367236974,0.08615202401739266,-0.03538607765587218,-0.0838653508738857,0.0299269805413635,0.19723581636614806,-0.042730242521370684,-0.10150314893711,-0.06139638900798705,0.4096453884320958,0.01883001930049543,-0.4398995837079569,0.0035362963950763,1,572.4894409179688
2026-04-07,0.0035362963950763,0.06961405900282867,-0.04921656518334288,0.1181894502491533,0.0299205757165423,0.16905471548208073,-0.0335440052251836,-0.0959629156605128,-0.06458536216113264,0.4170116651466269,0.01820706186484496,-0.4295047645474558,0.0629613149210591,1,574.5175170898438
2026-04-08,0.0629613149210591,0.06805207230123177,0.032358822785910415,1.8782700714057319,0.0335209062208704,0.10031698262941702,0.03282804294676369,-0.0354130383151132,-0.0660720646848223,0.5326279261168869,0.062244858399370454,0.7894847675168459,0.0257427496900437,1,611.8529052734375
2026-04-09,0.0257427496900437,0.08146139165952557,0.05478449880274802,0.7541270147515654,0.0341358275018489,0.1303978950705753,0.06208149504432706,-0.0088856933183558,-0.06681896699435574,0.5717172013878582,0.02307484151878536,0.03305825538129836,0.0023364652025162,1,627.8081665039062
2026-04-10,0.0023364652025162,0.09206698948499788,0.14006206296403523,0.06937054829927257,0.0336809389546183,0.11574225481207812,0.06526577144067994,-0.0053656732839049,-0.06630405915423532,0.5752385936650658,0.022624075717472766,-0.28090913491715996,0.0073871463646694,1,629.2767333984375
2026-04-13,0.0073871463646694,0.10196397257336468,0.1881159965907573,0.22752450007218877,0.0324674765237397,0.08488981970181908,0.07123059135886745,0.0052839604978224,-0.06156156423556847,0.5868609564974868,0.016705238675123586,-0.4705731844921107,0.0431207577210893,1,633.9425048828125
2026-04-14,0.0431207577210893,0.14154843389937766,0.21116249290220632,1.288781366434125,0.0334585515000099,0.11824557846029493,0.11513494789655809,0.0513595931113108,-0.05719070584734576,0.6488162556583259,0.04058931462334156,-0.01837665237129693,0.0136278046720316,1,661.8765258789062
2026-04-15,0.0136278046720316,0.09221492365035018,0.16026699595158192,0.4074130451339808,0.0334496031356826,-0.0021271228384455165,0.12580063160270463,0.0669444194328823,-0.05227942720731449,0.6663352531500527,0.021263332638684955,-0.1865521001667142,0.0078459853572443,1,670.9581909179688
2026-04-16,0.0078459853572443,0.07431815931755079,0.1557795509770763,0.23583172172739175,0.0332694232131919,-0.025381083514383063,0.1288786219882464,0.0758352940223282,-0.04698762730796968,0.6764506376990923,0.014522754976222383,-0.47764640983150797,0.0171087136268152,1,676.2432250976562
2026-04-17,0.0171087136268152,0.08909040774184977,0.18115739722684762,0.51764380089831,0.0330511320663457,-0.018699208152160085,0.14057353232491615,0.0936998670664591,-0.041096574600421376,0.698205716316104,0.023803667037992284,-0.11620252848521562,-0.025952924777178,0,687.9124145507812
2026-04-20,-0.025952924777178,0.055750336600002365,0.157714309173367,-0.7804736776834864,0.0332527867617631,0.024187597008014983,0.10428770191252447,0.0656372193192051,-0.035000374020629055,0.6293768090082006,0.022924096374252672,-0.30329605887576305,-0.0030900877519639,0,670.2887573242188
2026-04-21,-0.0030900877519639,0.009539491126949174,0.1510879250263268,-0.09306623759056487,0.0332031017043841,-0.00763481334886007,0.09504267683393436,0.0620813043456977,-0.03010053688823977,0.6216326924000884,0.013261758807841587,-0.5118741168320884,0.0087528563807468,1,668.220703125
2026-04-22,0.0087528563807468,0.004664542835664372,0.09687946648601453,0.2673830260329267,0.0327352731046919,-0.02135541124637974,0.09732155203417478,0.0714837112953026,-0.023546280204717496,0.6353580089115649,0.012790498662458778,-0.47832264620096154,-0.0233466025736552,0,674.09521484375
2026-04-23,-0.0233466025736552,-0.02652804509523513,0.04779011422231563,-0.6988709347733122,0.0334061718866989,0.004110340976779314,0.06642703561551314,0.0471236657083187,-0.018100975746599524,0.575795238550224,0.025047423430350668,-0.33783310181802184,0.0238060069212368,1,658.5396728515625
2026-04-24,0.0238060069212368,-0.019830751800813534,0.06925965594103622,0.902286835615244,0.0263840787447643,-0.201719363445651,0.08097074176018837,0.0721151376210721,-0.008192269963473997,0.6153971854830874,0.03974631481600038,-0.19090595826664525,0.0053041812051675,1,674.4049682617188
2026-04-27,0.0053041812051675,0.01142635418153197,0.06717669078153432,0.2252815857257753,0.0235446727173877,-0.29194888578597633,0.07357642829002,0.076812481852285,0.0030142740442051785,0.6239443304556351,0.017181888580394322,-0.18080510151172846,-0.0107856022177711,0,677.9916381835938
2026-04-28,-0.0107856022177711,0.003730839715724771,0.013270330842673924,-0.44853518677756093,0.0240462789447106,-0.27578214954732505,0.0508414005970069,0.0641761518847271,0.012689594528864534,0.5950644958312331,0.018693936441943507,-0.29391676554925183,-0.0033123169306481,0,670.7183837890625
2026-04-29,-0.0033123169306481,-0.008334333595670127,-0.0036697907600057767,-0.16016270380063713,0.0206809503838741,-0.368236509964845,0.03947591037615384,0.0596366224104247,0.01939507383771444,0.5861546535895572,0.015602586258953166,0.3227351629046349,-0.0893782314181943,0,668.5004272460938
2026-04-30,-0.0893782314181943,-0.07436596244020922,-0.10089400753544438,-2.984672591509773,0.0299457406726756,-0.10358658351396177,-0.051806585469628956,-0.0300177211610292,0.02297934574813687,0.4140870722092885,0.03407359987743302,2.3432959518651555,-0.0051774884154035,0,611.3433837890625
2026-05-01,-0.0051774884154035,-0.10334945777684952,-0.12318020957766307,-0.17319588132341432,0.0298938310532651,0.13302538786567553,-0.059202599893158396,-0.0339402029905017,0.026852111729674943,0.4069805683183623,0.020977444815195197,0.32314536950120254,0.0027231624093396,1,608.1863403320312
2026-05-04,0.0027231624093396,-0.10593047657267743,-0.09450412239114549,0.09117663645529245,0.0298668882205901,0.26851999936841153,-0.05935490501041626,-0.0299299378854778,0.03128168879173732,0.4126827736936889,0.018430236226393185,-0.018600612984725706,-0.0089685103908044,0,609.8447875976562
2026-05-05,-0.0089685103908044,-0.10411338474571072,-0.10038254502998598,-0.2990575486593825,0.0299892459862943,0.24714705569407713,-0.06989686563332556,-0.0376200955240742,0.034702356025527514,0.39911379118644824,0.02312547891802231,0.016622322317699778,0.0130068052665464,1,604.3998413085938
2026-05-06,0.0130068052665464,-0.08779426254851623,-0.09612859614418638,0.4893841365211377,0.0265779053628654,0.28513945778765715,-0.05775349791636291,-0.0242175948324966,0.03559143282538768,0.42852041583378614,0.035651410466999316,0.22297389202053375,0.0063918272462505,1,612.3125
2026-05-07,0.0063918272462505,0.00797579611592857,-0.06639016632428069,0.24643297168873204,0.0259373865536304,-0.1338538980504388,-0.050866648033936535,-0.0168234977413409,0.03586761567494978,0.44308476727076623,0.018547044449161235,-0.22833795529684542,-0.0117088002905844,0,616.2388305664062
2026-05-08,-0.0117088002905844,0.0014444842407476694,-0.10190497353610188,-0.44974601343414206,0.0260342503120352,-0.12910960573614205,-0.06045267418477157,-0.0268156758123725,0.03580128158335483,0.4219280604498195,0.017568068971137673,-0.15068736875341426,-0.0178243388222775,0,609.0654907226562
2026-05-11,-0.0178243388222775,-0.019103016990869432,-0.12503349356354687,-0.6807214805522613,0.0261844812180994,-0.12329396270857795,-0.07450722175454406,-0.0425176226698386,0.03456493647130454,0.3917141814660091,0.011404929736085216,-0.020992291986349665,0.006889353612012,1,598.3054809570312
2026-05-12,0.006889353612012,-0.003245152988053032,-0.10735853773376379,0.2871125683123049,0.0239953048816663,-0.1998696835314684,-0.06380560486696826,-0.0343544713031728,0.03145835279179443,0.4092271177232531,0.018490919426305957,-0.28870608809966236,0.0223519573988036,1,602.441650390625
2026-05-13,0.0223519573988036,0.006099999144204168,-0.08169426340431207,0.9152530592537726,0.0244216145172218,-0.08113095506225876,-0.03854295489581635,-0.0113275885529311,0.02830637778512113,0.4639462536422963,0.03768881028413125,-0.0820899852131084,0.0029148508659103,1,616.0590209960938
2026-05-14,0.0029148508659103,0.0026230227638639678,0.010598818879792528,0.11986616594966666,0.0243175448452592,-0.062452001670325386,-0.03132305449694937,-0.0068897339561199,0.025223394294927592,0.4709158340967557,0.014116360092720708,-0.33423737670324616,-0.006814549356716,0,617.8573608398438
2026-05-15,-0.006814549356716,0.007517273697732368,0.008961757938480027,-0.2865619415632138,0.0237803712507746,-0.08657361107950434,-0.03226898436660581,-0.0121820757025221,0.020756706501688926,0.45601745138572675,0.01935759410402531,-0.16250366766679603,-0.0049288654188271,0,613.6612548828125
2026-05-18,-0.0049288654188271,0.02041274710118277,0.0013097301103133282,-0.2115549020247044,0.023298280359637,-0.11022562694377092,-0.03247687737271427,-0.0159913532118424,0.017038894239659985,0.44511284457240846,0.019469615985116897,-0.13434867789617388,-0.0141703847793845,0,610.64404296875
2026-05-19,-0.0141703847793845,-0.0006469912902137311,-0.0038921442782667726,-0.6058166824070268,0.0233905489744568,-0.025203093279784317,-0.04106363947740699,-0.0284532969040566,0.013150343539458653,0.41470125580053363,0.022203423786624845,-0.2685734134444199,0.0040574426227164,1,602.052001953125
2026-05-20,0.0040574426227164,-0.01894150606630093,-0.01284150692209677,0.17439198495636632,0.0232662219180061,-0.04731024635578185,-0.03179863787094212,-0.0229769216247166,0.00911144787777074,0.4267181779517252,0.016841309097482514,-0.2993410972683165,0.0038269293201572,1,604.499755859375
2026-05-21,0.0038269293201572,-0.018029427612054033,-0.015406404848190072,0.16669703109385592,0.0229573933923425,-0.05593292668202354,-0.024043837527435892,-0.0177423641452715,0.006456717652358224,0.4384747237464516,0.02435045261359463,-0.1712380661873052,0.0047305485279847,1,606.8175659179688
2026-05-22,0.0047305485279847,-0.006484329727353332,0.0010329439703790277,0.21387418653361226,0.0221183706395594,-0.06988959901797431,-0.014286718752031295,-0.0122101591833663,0.002106656781610816,0.4534590893744454,0.012879731959793889,-0.27747954184614654,0.0034025714037103,1,609.6949462890625
2026-05-26,0.0034025714037103,0.0018471070951840683,0.02225985419636683,0.15413272797467462,0.0220755932138525,-0.05247971639583915,-0.005604156357556198,-0.0088162966510774,-0.003230243080819095,0.46457171489594384,0.014975311931259084,-0.2424167834696732,0.036746721454421,1,611.7730102539062
2026-05-27,0.036746721454421,0.05276421332898956,0.05211722203877583,1.5363983977557203,0.0239174432283309,0.022525946460234092,0.034647372841524644,0.0280240115311042,-0.0064015639378952605,0.5686504333094294,0.04643767834667233,0.37958043792183105,4.712123853181468e-05,1,634.6718139648438
2026-05-28,4.712123853181468e-05,0.04875389194480498,0.02981238587850404,0.0019695256877209303,0.0239251708295015,0.028322127839132794,0.03755453546580768,0.0276523757532915,-0.009543748664806895,0.5687683348009244,0.021549218333201968,0.006319647064541023,-0.0043855236733739,0,634.7017211914062
2026-05-29,-0.0043855236733739,0.04054143895127388,0.02251201133921984,-0.34980378158214676,0.0125370962358908,-0.4538972251060269,0.031279465408973785,0.0225986578875102,-0.008417512238567681,0.5536340993466576,0.017628218118151368,0.31875016853489324,-0.051983422142678,0,631.92431640625
2026-06-01,-0.051983422142678,-0.016172531719388823,-0.022656861446742158,-2.9993428893603893,0.0173316036412774,-0.21641589592140742,-0.020299091558974077,-0.0290058773250328,-0.008887187600870594,0.41618360089233325,0.06031937061017879,0.8914070824233726,-0.0047408004140199,0,599.9139404296875
2026-06-02,-0.0047408004140199,-0.024315903537119023,-0.02246879644193496,-0.27348585068230497,0.0173347191534492,-0.21475636076807159,-0.02391503225117943,-0.033722336335856,-0.01004759258540322,0.40654882348445653,0.020413988767889073,0.1769189252973733,0.0415426014537101,1,597.0765991210938
2026-06-03,0.0415426014537101,-0.019520023537829917,0.033244189791159645,2.1144600009814476,0.0196469081630429,-0.17855315990588105,0.015993019341074218,0.006648930294527,-0.009197001228027468,0.5145747535156454,0.038331897703750235,0.45690104191388636,0.0073408103808503,1,622.4031372070312
2026-06-04,0.0073408103808503,-0.012226334395511431,0.036527557549293536,0.37621742165388977,0.0195121489817759,-0.18445100681513293,0.022254149698878317,0.0129314663909915,-0.009119731439224732,0.5312141347385966,0.03182120162725414,0.35209969005092767,-0.0566607765419756,0,626.9888916015625
2026-06-05,-0.0566607765419756,-0.06450158726411313,-0.023960148312839262,-2.4272089287749234,0.0233440046591184,0.8619945336536485,-0.03218037088308173,-0.0428079177482659,-0.010980916841789257,0.41565205119289206,0.07797647768892282,0.794625058706883,-0.0129161287354481,0,592.450927734375
2026-06-08,-0.0129161287354481,-0.02543429385688323,-0.04160682557627206,-0.5526310955316517,0.0233720629184326,0.34852281428644516,-0.042706877547609406,-0.0562448223049307,-0.014141901200167228,0.39526720038550633,0.021831648946984895,0.1433898834454168,-0.0013675383254841,0,584.8479614257812
2026-06-09,-0.0013675383254841,-0.02206103176834743,-0.046376935305466466,-0.0592662517940314,0.0230744864756543,0.33111394949037987,-0.042898379811336984,-0.0593201459878135,-0.017157808356065174,0.3930847169861101,0.028430172178248,-0.00816925163439075,-0.0235565888006028,0,584.0487060546875
2026-06-10,-0.0235565888006028,-0.08716022202266033,-0.10668024556049026,-1.0018767283041565,0.0235124622971094,0.1967512700719931,-0.06272417249888403,-0.0822423313819421,-0.02082434893802365,0.3569727898888692,0.036288543288804924,-0.019471230438913634,-0.0044760604396863,0,570.4512939453125
2026-06-11,-0.0044760604396863,-0.09897709284319693,-0.11120342723870838,-0.1966674244300647,0.0227595416610441,0.16642926836512073,-0.06320407164328473,-0.0862324033409074,-0.024582015143915004,0.3504760690118398,0.026669903664246063,0.0042993789785918946,-0.0025541662834482,0,567.9036254882812
2026-06-12,-0.0025541662834482,-0.04487048258466953,-0.10937206984878267,-0.11249853623498766,0.0227039957045578,-0.02741641650206783,-0.06161538566070991,-0.088204232329958,-0.02833470014634587,0.3466131535444491,0.02675576463496041,-0.19225520324284184,0.0466059175674777,1,566.4549560546875
2026-06-15,0.0466059175674777,0.014651563718256266,-0.010782730138626968,1.8361587922710385,0.0253822914247158,0.08600988767225215,-0.015199754182167858,-0.0453042466155232,-0.030569135782815504,0.46506444087791027,0.037018993835189855,-0.016821189028550343,0.0112761484158242,1,593.47998046875
2026-06-16,0.0112761484158242,0.027295250459564567,0.005234218691217131,0.4416638497712007,0.0255310649075438,0.10646297305387131,-0.003169205827706602,-0.0353383636591501,-0.03227143264384691,0.4898665999036721,0.023008608741996135,-0.36388670360374864,-0.0558978918953628,0,600.2100219726562
2026-06-17,-0.0558978918953628,-0.005046052635195433,-0.09220627465785577,-1.9795690031300917,0.0282374051154454,0.20095482806651344,-0.05465512029283388,-0.0875780597611889,-0.03482637942520339,0.39438981425665226,0.04866273350989991,0.12084880694677436,0.0168416868855863,1,567.5800170898438
2026-06-18,0.0168416868855863,0.016271694690077165,-0.08270539815311978,0.5899565398335433,0.0285473348432381,0.25430183385900773,-0.03640998791738993,-0.0710468209799472,-0.03594561237480731,0.42975101239471347,0.029659395007302393,0.5055866789901016,-0.0234352101995027,0,577.219970703125
2026-06-22,-0.0234352101995027,-0.004609349225977336,-0.04947983181064687,-0.811250077516995,0.0288877756058048,0.27236526916738346,-0.055341422556760764,-0.0906919901086505,-0.03742152815419053,0.39527813166201,0.02837634245416653,-0.19936346134007288,-0.0029305351940348,0,563.8499755859375
2026-06-23,-0.0029305351940348,-0.05414580198748983,-0.03949423826923357,-0.1016798126088856,0.0288212096270003,0.13548493887891788,-0.05434335033644776,-0.0913870989739417,-0.03917251430598356,0.3911086142701407,0.019886148048791213,-0.321504947624053,-0.008090321243322,0,562.2000122070312
2026-06-24,-0.008090321243322,-0.07351227164663603,-0.04621702118707147,-0.28111661658496845,0.028779235256898,0.12722424078732586,-0.057675349231479975,-0.0964808837390432,-0.041180642441981274,0.37927945950235736,0.02418991634439165,-0.28018116612548116,-0.0268974873472963,0,557.6699829101562
2026-06-25,-0.0268974873472963,-0.04451186709856953,-0.04955791973376498,-0.9798236873443614,0.0274513544576547,-0.0278372128946347,-0.07551324520115547,-0.1170545271731952,-0.04493442632510036,0.3428004721653194,0.029767779256613894,-0.11112717535130923,0.013502848811789,1,542.8699951171875
2026-06-26,0.013502848811789,-0.04785070517236683,-0.03157901048228968,0.4854247791254088,0.027816562714654,-0.025598611309846975,-0.05615830725901406,-0.1015235308593162,-0.04806444126086251,0.37507722088100176,0.029895413306451613,-0.01704030547880586,0.0221961322541214,1,550.25
2026-06-29,0.0221961322541214,-0.002219362718742731,-0.006828711944720078,0.7766417462706608,0.0285796280726661,-0.01066705645126853,-0.02920247926442296,-0.0779358449780148,-0.05019931002364575,0.4258909496249483,0.02292930141105563,-0.20805189968045423,0.0012257015449456,1,562.5999755859375
2026-06-30,0.0012257015449456,0.001936874020237669,-0.05220892796725218,0.04633575683582324,0.0264526065536925,-0.08218263924248492,-0.024930784740160264,-0.0730182946780044,-0.04931702199728416,0.4286860585896746,0.025049239116548883,-0.0158960358124709,0.0844235082119579,1,563.2899780273438
2026-07-01,0.0844235082119579,0.09445070347551757,0.020938431828881526,2.566171510177706,0.0328986226669283,0.14313748691577688,0.059510731266961936,0.0105475977276688,-0.04621296613083192,0.5851165040504176,0.054135281142036924,1.3035523319165554,-0.0502023754823007,0,612.9099731445312
2026-07-02,-0.0502023754823007,0.07114581534051317,0.026633948241943615,-1.5036972781380031,0.0333859588709672,0.2161862148720921,0.01108605937688723,-0.0362203282140582,-0.04678769641043157,0.49656156632867166,0.05074629584992368,0.10170209850194012,0.0293971482428496,1,582.9000244140625
2026-07-06,0.0293971482428496,0.08704011477157376,0.03918940959920692,0.8617931380919704,0.0341116063048907,0.22630558832204017,0.043666987733036886,-0.0050390724616276,-0.046668200457752995,0.5400065771067424,0.036349111467632776,-0.09421165366937267,0.0251521053920136,1,600.2899780273438
2026-07-07,0.0251521053920136,0.08999608790946596,0.08777672519072321,0.7840719635678826,0.0320788225580215,0.12243666980054457,0.06810277597389532,0.0217587358747291,-0.04338912054311417,0.5747544462965448,0.03526758726719304,-0.019806604982980702,-0.0204487667626342,0,615.5800170898438
2026-07-08,-0.0204487667626342,0.06832161960188617,0.07025849362212382,-0.6329803117037184,0.032305533654901,0.22126088366106567,0.04482692687333479,0.0034517947713318,-0.039599986407144794,0.539020827590408,0.029828210604888845,-0.2700594831914921,0.0459500659266765,1,603.1199951171875
2026-07-09,0.0459500659266765,0.02984817731660476,0.12429888079212231,1.360254083654937,0.033780502097969,0.026805968139426595,0.08948086084839028,0.0522648151522029,-0.03415943045314884,0.5999811181389122,0.08899729832339857,0.3901025983653821,0.0580317053163225,1,631.47998046875
2026-07-10,0.0580317053163225,0.13808225811522795,0.20922807345574113,1.6492431637782239,0.0351868703117002,0.05394218113349125,0.1448226875665771,0.115192218952706,-0.02588214658538368,0.6636988170590641,0.029661802624271764,1.0006434156800301,-0.0188249996769276,0,669.2100219726562
2026-07-13,-0.0188249996769276,0.08986011019545076,0.17690022496702454,-0.5288193402933752,0.0355981679234424,0.04357934965784849,0.11500143182604672,0.0948245846114341,-0.018095803860600168,0.6280622615132001,0.034138814393936574,-0.027824360911392287,0.0065413737798066,1,656.72998046875
2026-07-14,0.0065413737798066,0.07124937858324376,0.16124546649270974,0.18413888346115798,0.0355241307911288,0.10740133079621983,0.1133792568771952,0.1001867410748732,-0.011849076333004693,0.6353443064357597,0.02639781675399583,-0.18419436868002348,0.0302030927569131,1,661.0399780273438
2026-07-15,0.0302030927569131,0.12190123810279105,0.19022285770467723,0.8688967243623172,0.0347602792254501,0.0759852970321293,0.139094380015438,0.1311693792823777,-0.00695728191807321,0.6682420611527573,0.043181582613988176,-0.07737720995380426,-0.0249223729973442,0,681.3099975585938
2026-07-16,-0.0249223729973442,0.05102879917877036,0.08087697649537512,-0.7029116691772664,0.0354559101665149,0.04959689656734367,0.1051132940464652,0.1013261315090069,-0.003426945054285979,0.6185250897473403,0.0327144370366785,-0.2403724557208129,-0.028280040257188,0,664.5399780273438
2026-07-17,-0.028280040257188,-0.03528294639474014,0.10279931172048781,-0.845799924132115,0.0334358510213943,-0.04976342808538048,0.0673379321995244,0.0691423094631005,0.0016905398085662604,0.5682198685719609,0.04055666601286367,0.06492952485890857,-0.0002477577792032,0,646.010009765625
2026-07-20,-0.0002477577792032,-0.01670570449701574,0.07315440569843502,-0.007423409262303832,0.0333752013998901,-0.06244609352742592,0.06105782901269742,0.0676922237366554,0.006252623130005297,0.5677903652605067,0.026770889031400336,-0.48823437556305627,-0.0031635931504732,0,645.8499755859375
2026-07-21,-0.0031635931504732,-0.02641067142729554,0.04483870715594822,-0.09660299743431536,0.0327483953344643,-0.07813661854205489,0.05080442150865488,0.0633504774890058,0.011939477721589986,0.5619592403730749,0.01969524040301538,-0.5352364545871026,-0.026186038715672,0,643.8099975585938
2026-07-22,-0.026186038715672,-0.08279980289988063,0.039101435202910415,-0.7814451692930398,0.0335097582589986,-0.03597557310575106,0.018246334184701583,0.0352478269967517,0.01669683674890221,0.5154574137526398,0.0398616016091786,-0.43670654591711155,-0.034172660333781,0,627.1699829101562
2026-07-23,-0.034172660333781,-0.09205009023631744,-0.04102129105754708,-0.9888960820629912,0.034556371446524,-0.0253706283597378,-0.019815567031379485,0.000210917375194,0.020431343054409412,0.4631911869121925,0.028757720529665545,-0.21103355429261583,-0.018164262272286,0,606.0999755859375
2026-07-24,-0.018164262272286,-0.08193431225141545,-0.11721725864615558,-0.5311728330589462,0.0341965197423232,0.02275009301968045,-0.04151413197341387,-0.0175580286109963,0.02499369491147574,0.4384029572093291,0.026092454843018982,-0.4059984168219637,-0.0022202544348985,0,595.1900024414062
2026-07-27,-0.0022202544348985,-0.08390680890711075,-0.10061251340412648,-0.06499230580627452,0.0341618043452176,0.023568485352423618,-0.04698707559611417,-0.0190182912935933,0.02934774921338601,0.4353671219822482,0.03052857533109571,-0.4102301647465638,-0.0007749174718241,0,593.8699951171875
2026-07-28,-0.0007749174718241,-0.08151813322846165,-0.10792880465575719,-0.022861357790086644,0.033896388785802,0.0350549527576256,-0.05007362532754257,-0.0189858445883511,0.03272651604174137,0.43423857397225474,0.023592458222117127,-0.3623059426620686,-0.0132315005075941,0,593.4099731445312
2026-07-29,-0.0132315005075941,-0.06856359502038374,-0.15136339792026438,-0.38822136180610584,0.0340823607594331,0.017087634473780033,-0.06423152573468059,-0.030981895437538,0.035531898339754564,0.41461364768040015,0.030310275514417746,0.17462051830404057,-0.0828827316517488,0,585.6099853515625
2026-07-30,-0.0828827316517488,-0.11727366633835154,-0.20932375657466898,-2.4893004894318453,0.0332955912729788,-0.03648473843662259,-0.13354894076992088,-0.105939547101136,0.03186491997980623,0.32124420418759386,0.028551312194076906,1.2387022237145198,0.0322732151548196,1,539.030029296875
2026-07-31,0.0322732151548196,-0.06683618891124593,-0.14877050116266138,0.9872555210115078,0.0326898300064745,-0.04405973903782823,-0.10324204690457367,-0.075223702520474,0.031244043375791675,0.3784578293847076,0.032530483864018266,0.27625437764746574,0.0584847198100671,1,556.7100219726562
2026-08-03,0.0584847198100671,-0.006131214666280339,-0.09003802357339108,1.6827248706810622,0.0347559608995356,0.017392423079115815,-0.04846119650477736,-0.0190608288587319,0.030897707521806872,0.46974440577347154,0.06465172609625239,0.33542362518904656,-0.0039043112749315,0,590.239990234375
2026-08-04,-0.0039043112749315,-0.009260608469387737,-0.09077874169784937,-0.11411047121330005,0.0342151884346652,0.00940512132067406,-0.05005261844435785,-0.0222697625726924,0.02924673135702327,0.46470257263638154,0.024730377193194632,-0.07393604253483654,0.0027176284899882,1,587.9400024414062
