fecha,activo,modelo,semilla,capital
2024-11-18,BTC_USD,Comprar y mantener,,1.0193928198367863
2024-11-19,BTC_USD,Comprar y mantener,,1.0414235969665173
2024-11-20,BTC_USD,Comprar y mantener,,1.0874040582180975
2024-11-21,BTC_USD,Comprar y mantener,,1.0928456472326895
2024-11-22,BTC_USD,Comprar y mantener,,1.0380825843009545
2024-11-25,BTC_USD,Comprar y mantener,,1.0256283919177056
2024-11-26,BTC_USD,Comprar y mantener,,1.0699739510165667
2024-11-27,BTC_USD,Comprar y mantener,,1.0902101395528863
2024-11-29,BTC_USD,Comprar y mantener,,1.0743580779610034
2024-12-02,BTC_USD,Comprar y mantener,,1.075891854706983
2024-12-03,BTC_USD,Comprar y mantener,,1.1068944050476424
2024-12-04,BTC_USD,Comprar y mantener,,1.0825197174579055
2024-12-05,BTC_USD,Comprar y mantener,,1.1198068300231157
2024-12-06,BTC_USD,Comprar y mantener,,1.0777372385744886
2024-12-09,BTC_USD,Comprar y mantener,,1.0693606004852285
2024-12-10,BTC_USD,Comprar y mantener,,1.1191101379133532
2024-12-11,BTC_USD,Comprar y mantener,,1.1066104686595086
2024-12-12,BTC_USD,Comprar y mantener,,1.1222761896158304
2024-12-13,BTC_USD,Comprar y mantener,,1.1409023707176411
2024-12-16,BTC_USD,Comprar y mantener,,1.142095493411396
2024-12-17,BTC_USD,Comprar y mantener,,1.0764682810841442
2024-12-18,BTC_USD,Comprar y mantener,,1.0490234328178385
2024-12-19,BTC_USD,Comprar y mantener,,1.0518746371019285
2024-12-20,BTC_USD,Comprar y mantener,,1.047243805186475
2024-12-23,BTC_USD,Comprar y mantener,,1.0913721519865058
2024-12-24,BTC_USD,Comprar y mantener,,1.052864101358457
2024-12-26,BTC_USD,Comprar y mantener,,1.034941974043003
2024-12-27,BTC_USD,Comprar y mantener,,1.0251268614779645
2024-12-30,BTC_USD,Comprar y mantener,,1.0338241172851026
2024-12-31,BTC_USD,Comprar y mantener,,1.0608371631528015
2025-01-02,BTC_USD,Comprar y mantener,,1.074201303261153
2025-01-03,BTC_USD,Comprar y mantener,,1.115317667859054
2025-01-06,BTC_USD,Comprar y mantener,,1.05898932390011
2025-01-07,BTC_USD,Comprar y mantener,,1.0384571765023438
2025-01-08,BTC_USD,Comprar y mantener,,1.0633554137530352
2025-01-10,BTC_USD,Comprar y mantener,,1.0636714877032574
2025-01-13,BTC_USD,Comprar y mantener,,1.0863763236218242
2025-01-14,BTC_USD,Comprar y mantener,,1.131058981413231
2025-01-15,BTC_USD,Comprar y mantener,,1.1226457874297209
2025-01-16,BTC_USD,Comprar y mantener,,1.1755964825726997
2025-01-17,BTC_USD,Comprar y mantener,,1.2231842479237358
2025-01-21,BTC_USD,Comprar y mantener,,1.1944537295650286
2025-01-22,BTC_USD,Comprar y mantener,,1.19799263686008
2025-01-23,BTC_USD,Comprar y mantener,,1.2078949872428748
2025-01-24,BTC_USD,Comprar y mantener,,1.200897971810845
2025-01-27,BTC_USD,Comprar y mantener,,1.1920141259197026
2025-01-28,BTC_USD,Comprar y mantener,,1.2199020149723345
2025-01-29,BTC_USD,Comprar y mantener,,1.2320429432414133
2025-01-30,BTC_USD,Comprar y mantener,,1.2046309203481154
2025-01-31,BTC_USD,Comprar y mantener,,1.2504594784388638
2025-02-03,BTC_USD,Comprar y mantener,,1.2068856193181825
2025-02-04,BTC_USD,Comprar y mantener,,1.1913928971522987
2025-02-05,BTC_USD,Comprar y mantener,,1.1911197783871246
2025-02-06,BTC_USD,Comprar y mantener,,1.1903279748135909
2025-02-07,BTC_USD,Comprar y mantener,,1.2018915488562454
2025-02-10,BTC_USD,Comprar y mantener,,1.1810438689188174
2025-02-11,BTC_USD,Comprar y mantener,,1.207421384010124
2025-02-12,BTC_USD,Comprar y mantener,,1.1918547192909257
2025-02-13,BTC_USD,Comprar y mantener,,1.2027724408127762
2025-02-14,BTC_USD,Comprar y mantener,,1.1998358063007926
2025-02-18,BTC_USD,Comprar y mantener,,1.2136007348194946
2025-02-19,BTC_USD,Comprar y mantener,,1.2349292313622797
2025-02-20,BTC_USD,Comprar y mantener,,1.2071951020635427
2025-02-21,BTC_USD,Comprar y mantener,,1.1463080258680187
2025-02-24,BTC_USD,Comprar y mantener,,1.112677971117178
2025-02-25,BTC_USD,Comprar y mantener,,1.0576416913771733
2025-02-26,BTC_USD,Comprar y mantener,,1.0621207221940716
2025-02-27,BTC_USD,Comprar y mantener,,1.0579675138804978
2025-02-28,BTC_USD,Comprar y mantener,,0.9661143499540816
2025-03-03,BTC_USD,Comprar y mantener,,0.9790966908187387
2025-03-04,BTC_USD,Comprar y mantener,,1.0172781117931708
2025-03-05,BTC_USD,Comprar y mantener,,1.0098487943591221
2025-03-06,BTC_USD,Comprar y mantener,,0.9737138887791417
2025-03-07,BTC_USD,Comprar y mantener,,0.9487185277389371
2025-03-10,BTC_USD,Comprar y mantener,,1.0010303413362482
2025-03-11,BTC_USD,Comprar y mantener,,1.0114215036555823
2025-03-12,BTC_USD,Comprar y mantener,,0.9793394188025198
2025-03-13,BTC_USD,Comprar y mantener,,1.0144023125596735
2025-03-14,BTC_USD,Comprar y mantener,,1.0327790575623628
2025-03-17,BTC_USD,Comprar y mantener,,1.0161074742680196
2025-03-18,BTC_USD,Comprar y mantener,,1.066910410390955
2025-03-19,BTC_USD,Comprar y mantener,,1.0339031322522467
2025-03-20,BTC_USD,Comprar y mantener,,1.0323805019244316
2025-03-21,BTC_USD,Comprar y mantener,,1.0497104048188888
2025-03-24,BTC_USD,Comprar y mantener,,1.0493839595764
2025-03-25,BTC_USD,Comprar y mantener,,1.0425359200580442
2025-03-26,BTC_USD,Comprar y mantener,,1.045849671994142
2025-03-27,BTC_USD,Comprar y mantener,,1.01197116036009
2025-03-28,BTC_USD,Comprar y mantener,,1.0146062291076037
2025-03-31,BTC_USD,Comprar y mantener,,1.0468117393632264
2025-04-01,BTC_USD,Comprar y mantener,,1.0138294013921534
2025-04-02,BTC_USD,Comprar y mantener,,1.0214143702513778
2025-04-03,BTC_USD,Comprar y mantener,,1.0305216909771966
2025-04-04,BTC_USD,Comprar y mantener,,1.0439720088669155
2025-04-07,BTC_USD,Comprar y mantener,,1.0049277027981236
2025-04-08,BTC_USD,Comprar y mantener,,1.0879602478367265
2025-04-09,BTC_USD,Comprar y mantener,,1.049121089764431
2025-04-10,BTC_USD,Comprar y mantener,,1.098907616061212
2025-04-11,BTC_USD,Comprar y mantener,,1.1101667318798745
2025-04-14,BTC_USD,Comprar y mantener,,1.0986977175567612
2025-04-15,BTC_USD,Comprar y mantener,,1.1034890664090953
2025-04-16,BTC_USD,Comprar y mantener,,1.1148068635300774
2025-04-17,BTC_USD,Comprar y mantener,,1.1454942630187863
2025-04-21,BTC_USD,Comprar y mantener,,1.2230174510043814
2025-04-22,BTC_USD,Comprar y mantener,,1.2263840676029047
2025-04-23,BTC_USD,Comprar y mantener,,1.2295866684978676
2025-04-24,BTC_USD,Comprar y mantener,,1.239752574493251
2025-04-25,BTC_USD,Comprar y mantener,,1.2559367081730204
2025-04-28,BTC_USD,Comprar y mantener,,1.2467602237968372
2025-04-29,BTC_USD,Comprar y mantener,,1.2457357245391947
2025-04-30,BTC_USD,Comprar y mantener,,1.275951376084324
2025-05-01,BTC_USD,Comprar y mantener,,1.2814752215321552
2025-05-02,BTC_USD,Comprar y mantener,,1.287345885561029
2025-05-05,BTC_USD,Comprar y mantener,,1.3152594037510414
2025-05-06,BTC_USD,Comprar y mantener,,1.3183823006470285
2025-05-07,BTC_USD,Comprar y mantener,,1.4027461608109897
2025-05-08,BTC_USD,Comprar y mantener,,1.3990693796184948
2025-05-09,BTC_USD,Comprar y mantener,,1.3816874916085224
2025-05-12,BTC_USD,Comprar y mantener,,1.3999221164230624
2025-05-13,BTC_USD,Comprar y mantener,,1.3914502886100404
2025-05-14,BTC_USD,Comprar y mantener,,1.3942082968739145
2025-05-15,BTC_USD,Comprar y mantener,,1.3907766664310073
2025-05-16,BTC_USD,Comprar y mantener,,1.379803841953457
2025-05-19,BTC_USD,Comprar y mantener,,1.3952853052631102
2025-05-20,BTC_USD,Comprar y mantener,,1.4330054739482163
2025-05-21,BTC_USD,Comprar y mantener,,1.4590739194264917
2025-05-22,BTC_USD,Comprar y mantener,,1.401775111654468
2025-05-23,BTC_USD,Comprar y mantener,,1.3960659897100458
2025-05-27,BTC_USD,Comprar y mantener,,1.3807941660606327
2025-05-28,BTC_USD,Comprar y mantener,,1.3531203399498963
2025-05-29,BTC_USD,Comprar y mantener,,1.3320734502100673
2025-05-30,BTC_USD,Comprar y mantener,,1.3349661252339329
2025-06-02,BTC_USD,Comprar y mantener,,1.3293042952760963
2025-06-03,BTC_USD,Comprar y mantener,,1.3204725103477812
2025-06-04,BTC_USD,Comprar y mantener,,1.2806809172418807
2025-06-05,BTC_USD,Comprar y mantener,,1.3161650673405407
2025-06-06,BTC_USD,Comprar y mantener,,1.3721546213242841
2025-06-09,BTC_USD,Comprar y mantener,,1.371695961423286
2025-06-10,BTC_USD,Comprar y mantener,,1.3521562137697793
2025-06-11,BTC_USD,Comprar y mantener,,1.317849638945564
2025-06-12,BTC_USD,Comprar y mantener,,1.3198639908099823
2025-06-13,BTC_USD,Comprar y mantener,,1.3354286387076006
2025-06-16,BTC_USD,Comprar y mantener,,1.307973485283536
2025-06-17,BTC_USD,Comprar y mantener,,1.3115023617757953
2025-06-18,BTC_USD,Comprar y mantener,,1.2942800458093826
2025-06-20,BTC_USD,Comprar y mantener,,1.3531149074569624
2025-06-23,BTC_USD,Comprar y mantener,,1.3591111268722238
2025-06-24,BTC_USD,Comprar y mantener,,1.3759725527402062
2025-06-25,BTC_USD,Comprar y mantener,,1.3708299179777035
2025-06-26,BTC_USD,Comprar y mantener,,1.3724759095444719
2025-06-27,BTC_USD,Comprar y mantener,,1.3566443135485795
2025-06-30,BTC_USD,Comprar y mantener,,1.338447030150014
2025-07-01,BTC_USD,Comprar y mantener,,1.3784749596050287
2025-07-02,BTC_USD,Comprar y mantener,,1.388461636806762
2025-07-03,BTC_USD,Comprar y mantener,,1.3766120951127891
2025-07-07,BTC_USD,Comprar y mantener,,1.3848796837302508
2025-07-08,BTC_USD,Comprar y mantener,,1.4150848729612988
2025-07-09,BTC_USD,Comprar y mantener,,1.47432692101183
2025-07-10,BTC_USD,Comprar y mantener,,1.4937722489234144
2025-07-11,BTC_USD,Comprar y mantener,,1.5029717623185082
2025-07-14,BTC_USD,Comprar y mantener,,1.4769814396049834
2025-07-15,BTC_USD,Comprar y mantener,,1.4890368493937234
2025-07-16,BTC_USD,Comprar y mantener,,1.495950861894444
2025-07-17,BTC_USD,Comprar y mantener,,1.4798160759808794
2025-07-18,BTC_USD,Comprar y mantener,,1.4815664860350943
2025-07-21,BTC_USD,Comprar y mantener,,1.5138103007905295
2025-07-22,BTC_USD,Comprar y mantener,,1.498161280092999
2025-07-23,BTC_USD,Comprar y mantener,,1.4932795480887582
2025-07-24,BTC_USD,Comprar y mantener,,1.4840434739564081
2025-07-25,BTC_USD,Comprar y mantener,,1.4651089072568253
2025-07-28,BTC_USD,Comprar y mantener,,1.465079982331533
2025-07-29,BTC_USD,Comprar y mantener,,1.4639498719114707
2025-07-30,BTC_USD,Comprar y mantener,,1.4381948466533596
2025-07-31,BTC_USD,Comprar y mantener,,1.4079033642362297
2025-08-01,BTC_USD,Comprar y mantener,,1.4184327896126268
2025-08-04,BTC_USD,Comprar y mantener,,1.4069637580262084
2025-08-05,BTC_USD,Comprar y mantener,,1.4178918684194641
2025-08-06,BTC_USD,Comprar y mantener,,1.448324728405596
2025-08-07,BTC_USD,Comprar y mantener,,1.4383628032234854
2025-08-08,BTC_USD,Comprar y mantener,,1.431426833162762
2025-08-11,BTC_USD,Comprar y mantener,,1.448805092641224
2025-08-12,BTC_USD,Comprar y mantener,,1.487036566506083
2025-08-13,BTC_USD,Comprar y mantener,,1.426943600695076
2025-08-14,BTC_USD,Comprar y mantener,,1.4153550489791438
2025-08-15,BTC_USD,Comprar y mantener,,1.4008855448309507
2025-08-18,BTC_USD,Comprar y mantener,,1.3596595648834284
2025-08-19,BTC_USD,Comprar y mantener,,1.3770550540209887
2025-08-20,BTC_USD,Comprar y mantener,,1.3546930160380588
2025-08-21,BTC_USD,Comprar y mantener,,1.4083781563930098
2025-08-22,BTC_USD,Comprar y mantener,,1.366991696031351
2025-08-25,BTC_USD,Comprar y mantener,,1.3878247682689746
2025-08-26,BTC_USD,Comprar y mantener,,1.3806177625181417
2025-08-27,BTC_USD,Comprar y mantener,,1.3970371789382843
2025-08-28,BTC_USD,Comprar y mantener,,1.3457215446328612
2025-08-29,BTC_USD,Comprar y mantener,,1.3697410616763053
2025-09-02,BTC_USD,Comprar y mantener,,1.376178625977998
2025-09-03,BTC_USD,Comprar y mantener,,1.363865687201366
2025-09-04,BTC_USD,Comprar y mantener,,1.3629712068111448
2025-09-05,BTC_USD,Comprar y mantener,,1.3740524051404954
2025-09-08,BTC_USD,Comprar y mantener,,1.3674209083220188
2025-09-09,BTC_USD,Comprar y mantener,,1.397150335857031
2025-09-10,BTC_USD,Comprar y mantener,,1.4161808437997476
2025-09-11,BTC_USD,Comprar y mantener,,1.4234640631255966
2025-09-12,BTC_USD,Comprar y mantener,,1.4239231275830249
2025-09-15,BTC_USD,Comprar y mantener,,1.4411702293563902
2025-09-16,BTC_USD,Comprar y mantener,,1.4365488455793551
2025-09-17,BTC_USD,Comprar y mantener,,1.4447966843922528
2025-09-18,BTC_USD,Comprar y mantener,,1.4269324858965178
2025-09-19,BTC_USD,Comprar y mantener,,1.395281925713606
2025-09-22,BTC_USD,Comprar y mantener,,1.3861984544199815
2025-09-23,BTC_USD,Comprar y mantener,,1.4024610710775578
2025-09-24,BTC_USD,Comprar y mantener,,1.349503465658779
2025-09-25,BTC_USD,Comprar y mantener,,1.3577148742075364
2025-09-26,BTC_USD,Comprar y mantener,,1.385296497600816
2025-09-29,BTC_USD,Comprar y mantener,,1.3811273397418415
2025-09-30,BTC_USD,Comprar y mantener,,1.4367429784703476
2025-10-01,BTC_USD,Comprar y mantener,,1.461352835223646
2025-10-02,BTC_USD,Comprar y mantener,,1.4805492197699084
2025-10-03,BTC_USD,Comprar y mantener,,1.495401699854558
2025-10-06,BTC_USD,Comprar y mantener,,1.4558310159137484
2025-10-07,BTC_USD,Comprar y mantener,,1.4786479779545212
2025-10-08,BTC_USD,Comprar y mantener,,1.4588781347290898
2025-10-09,BTC_USD,Comprar y mantener,,1.3570943646896592
2025-10-10,BTC_USD,Comprar y mantener,,1.3582881729958278
2025-10-13,BTC_USD,Comprar y mantener,,1.3329253620285069
2025-10-14,BTC_USD,Comprar y mantener,,1.3054051715381243
2025-10-15,BTC_USD,Comprar y mantener,,1.2748021423249647
2025-10-16,BTC_USD,Comprar y mantener,,1.2545552712866006
2025-10-17,BTC_USD,Comprar y mantener,,1.2767472530312716
2025-10-20,BTC_USD,Comprar y mantener,,1.2523637991090624
2025-10-21,BTC_USD,Comprar y mantener,,1.2432628353221684
2025-10-22,BTC_USD,Comprar y mantener,,1.2707530620622283
2025-10-23,BTC_USD,Comprar y mantener,,1.2818846800288604
2025-10-24,BTC_USD,Comprar y mantener,,1.2779304051666835
2025-10-27,BTC_USD,Comprar y mantener,,1.2649050680385348
2025-10-28,BTC_USD,Comprar y mantener,,1.2324206812362852
2025-10-29,BTC_USD,Comprar y mantener,,1.212826553343923
2025-10-30,BTC_USD,Comprar y mantener,,1.2268312075544676
2025-10-31,BTC_USD,Comprar y mantener,,1.1814558015789196
2025-11-03,BTC_USD,Comprar y mantener,,1.1264899401540684
2025-11-04,BTC_USD,Comprar y mantener,,1.1520081213060307
2025-11-05,BTC_USD,Comprar y mantener,,1.1232827550470372
2025-11-06,BTC_USD,Comprar y mantener,,1.1462484077246147
2025-11-07,BTC_USD,Comprar y mantener,,1.160225780808922
2025-11-10,BTC_USD,Comprar y mantener,,1.127397724531231
2025-11-11,BTC_USD,Comprar y mantener,,1.112792844786216
2025-11-12,BTC_USD,Comprar y mantener,,1.0912765837622362
2025-11-13,BTC_USD,Comprar y mantener,,1.0332666800594714
2025-11-14,BTC_USD,Comprar y mantener,,1.0104107535462143
2025-11-17,BTC_USD,Comprar y mantener,,1.0197914120784135
2025-11-18,BTC_USD,Comprar y mantener,,1.0035219181517125
2025-11-19,BTC_USD,Comprar y mantener,,0.9504845113898565
2025-11-20,BTC_USD,Comprar y mantener,,0.9335750686638007
2025-11-21,BTC_USD,Comprar y mantener,,0.9493368933844287
2025-11-24,BTC_USD,Comprar y mantener,,0.9393491642047718
2025-11-25,BTC_USD,Comprar y mantener,,0.9735117015937479
2025-11-26,BTC_USD,Comprar y mantener,,0.9696073328969478
2025-11-28,BTC_USD,Comprar y mantener,,0.9259213909302034
2025-12-01,BTC_USD,Comprar y mantener,,0.9798606169124378
2025-12-02,BTC_USD,Comprar y mantener,,1.003218485175752
2025-12-03,BTC_USD,Comprar y mantener,,0.9883497400905699
2025-12-04,BTC_USD,Comprar y mantener,,0.9588106048842007
2025-12-05,BTC_USD,Comprar y mantener,,0.9612982927204169
2025-12-08,BTC_USD,Comprar y mantener,,0.9830558670601297
2025-12-09,BTC_USD,Comprar y mantener,,0.975941961443228
2025-12-10,BTC_USD,Comprar y mantener,,0.9811428728967083
2025-12-11,BTC_USD,Comprar y mantener,,0.9573764392581325
2025-12-12,BTC_USD,Comprar y mantener,,0.9383169135329894
2025-12-15,BTC_USD,Comprar y mantener,,0.9537804319678274
2025-12-16,BTC_USD,Comprar y mantener,,0.9353199439018293
2025-12-17,BTC_USD,Comprar y mantener,,0.9279231605716892
2025-12-18,BTC_USD,Comprar y mantener,,0.9565968929415734
2025-12-19,BTC_USD,Comprar y mantener,,0.955174931698215
2025-12-22,BTC_USD,Comprar y mantener,,0.943560252416531
2025-12-23,BTC_USD,Comprar y mantener,,0.9456970734309693
2025-12-24,BTC_USD,Comprar y mantener,,0.9464200213299714
2025-12-26,BTC_USD,Comprar y mantener,,0.9389024425935669
2025-12-29,BTC_USD,Comprar y mantener,,0.9528234949818196
2025-12-30,BTC_USD,Comprar y mantener,,0.9428965535155189
2025-12-31,BTC_USD,Comprar y mantener,,0.9557832366144433
2026-01-02,BTC_USD,Comprar y mantener,,0.9815987753405314
2026-01-05,BTC_USD,Comprar y mantener,,0.9799935951370561
2026-01-06,BTC_USD,Comprar y mantener,,0.9546808239114714
2026-01-07,BTC_USD,Comprar y mantener,,0.9517435344637706
2026-01-08,BTC_USD,Comprar y mantener,,0.9463691091679759
2026-01-09,BTC_USD,Comprar y mantener,,0.9501777313607024
2026-01-12,BTC_USD,Comprar y mantener,,0.9931973026080956
2026-01-13,BTC_USD,Comprar y mantener,,1.0099470024052348
2026-01-14,BTC_USD,Comprar y mantener,,0.9955875817836796
2026-01-15,BTC_USD,Comprar y mantener,,0.9953159443497835
2026-01-16,BTC_USD,Comprar y mantener,,0.9496903306426603
2026-01-20,BTC_USD,Comprar y mantener,,0.9611546205208431
2026-01-21,BTC_USD,Comprar y mantener,,0.9620739985145916
2026-01-22,BTC_USD,Comprar y mantener,,0.96251944694033
2026-01-23,BTC_USD,Comprar y mantener,,0.9813637747083771
2026-01-26,BTC_USD,Comprar y mantener,,0.9906521738320282
2026-01-27,BTC_USD,Comprar y mantener,,0.9915638588481767
2026-01-28,BTC_USD,Comprar y mantener,,0.9401650102557835
2026-01-29,BTC_USD,Comprar y mantener,,0.9353516503882272
2026-01-30,BTC_USD,Comprar y mantener,,0.956183139684202
2026-02-02,BTC_USD,Comprar y mantener,,0.919057780891321
2026-02-03,BTC_USD,Comprar y mantener,,0.887295771363434
2026-02-04,BTC_USD,Comprar y mantener,,0.7619218337654355
2026-02-05,BTC_USD,Comprar y mantener,,0.8573507843669115
2026-02-06,BTC_USD,Comprar y mantener,,0.855594403425643
2026-02-09,BTC_USD,Comprar y mantener,,0.8394049084786445
2026-02-10,BTC_USD,Comprar y mantener,,0.8174174975691043
2026-02-11,BTC_USD,Comprar y mantener,,0.8080206450498925
2026-02-12,BTC_USD,Comprar y mantener,,0.8401843889104901
2026-02-13,BTC_USD,Comprar y mantener,,0.8237215145907796
2026-02-17,BTC_USD,Comprar y mantener,,0.8106763285557724
2026-02-18,BTC_USD,Comprar y mantener,,0.817171509510733
2026-02-19,BTC_USD,Comprar y mantener,,0.8299604046792517
2026-02-20,BTC_USD,Comprar y mantener,,0.7926369681660068
2026-02-23,BTC_USD,Comprar y mantener,,0.786053464314771
2026-02-24,BTC_USD,Comprar y mantener,,0.833649436183531
2026-02-25,BTC_USD,Comprar y mantener,,0.8274381513368836
2026-02-26,BTC_USD,Comprar y mantener,,0.8081551177194227
2026-02-27,BTC_USD,Comprar y mantener,,0.845499871378275
2026-03-02,BTC_USD,Comprar y mantener,,0.8395718796354872
2026-03-03,BTC_USD,Comprar y mantener,,0.8938716577963493
2026-03-04,BTC_USD,Comprar y mantener,,0.8708894287024815
2026-03-05,BTC_USD,Comprar y mantener,,0.8376398702725708
2026-03-06,BTC_USD,Comprar y mantener,,0.8685274072421943
2026-03-09,BTC_USD,Comprar y mantener,,0.8878849779107794
2026-03-10,BTC_USD,Comprar y mantener,,0.8914143387668659
2026-03-11,BTC_USD,Comprar y mantener,,0.8950785095221465
2026-03-12,BTC_USD,Comprar y mantener,,0.90110725979699
2026-03-13,BTC_USD,Comprar y mantener,,0.9267474605979874
2026-03-16,BTC_USD,Comprar y mantener,,0.9151278875730792
2026-03-17,BTC_USD,Comprar y mantener,,0.881989057189253
2026-03-18,BTC_USD,Comprar y mantener,,0.8654897122530086
2026-03-19,BTC_USD,Comprar y mantener,,0.8730387305221085
2026-03-20,BTC_USD,Comprar y mantener,,0.9125392632493624
2026-03-23,BTC_USD,Comprar y mantener,,0.9074306288855226
2026-03-24,BTC_USD,Comprar y mantener,,0.9176224630159486
2026-03-25,BTC_USD,Comprar y mantener,,0.8852172781344733
2026-03-26,BTC_USD,Comprar y mantener,,0.8536486200662361
2026-03-27,BTC_USD,Comprar y mantener,,0.8631813766550456
2026-03-30,BTC_USD,Comprar y mantener,,0.8831376249457995
2026-03-31,BTC_USD,Comprar y mantener,,0.8811346085016976
2026-04-01,BTC_USD,Comprar y mantener,,0.8657327477953144
2026-04-02,BTC_USD,Comprar y mantener,,0.86420074781476
2026-04-06,BTC_USD,Comprar y mantener,,0.9028661722199823
2026-04-07,BTC_USD,Comprar y mantener,,0.8926083905901836
2026-04-08,BTC_USD,Comprar y mantener,,0.900696566103521
2026-04-09,BTC_USD,Comprar y mantener,,0.9158975356385762
2026-04-10,BTC_USD,Comprar y mantener,,0.964198084687442
2026-04-13,BTC_USD,Comprar y mantener,,0.960275367891083
2026-04-14,BTC_USD,Comprar y mantener,,0.9683461240841486
2026-04-15,BTC_USD,Comprar y mantener,,0.9728387209760906
2026-04-16,BTC_USD,Comprar y mantener,,0.9984016104384305
2026-04-17,BTC_USD,Comprar y mantener,,1.0256565344136181
2026-04-20,BTC_USD,Comprar y mantener,,1.0321486283672072
2026-04-21,BTC_USD,Comprar y mantener,,1.0571616508189892
2026-04-22,BTC_USD,Comprar y mantener,,1.058051842449891
2026-04-23,BTC_USD,Comprar y mantener,,1.0470529223417038
2026-04-24,BTC_USD,Comprar y mantener,,1.0298688690679467
2026-04-27,BTC_USD,Comprar y mantener,,1.0163449691192312
2026-04-28,BTC_USD,Comprar y mantener,,1.0086969698103274
2026-04-29,BTC_USD,Comprar y mantener,,1.0157279584734729
2026-04-30,BTC_USD,Comprar y mantener,,1.0406828308054412
2026-05-01,BTC_USD,Comprar y mantener,,1.0577719295381673
2026-05-04,BTC_USD,Comprar y mantener,,1.0723363646862236
2026-05-05,BTC_USD,Comprar y mantener,,1.0789680062270446
2026-05-06,BTC_USD,Comprar y mantener,,1.0601846872127574
2026-05-07,BTC_USD,Comprar y mantener,,1.0625270507903497
2026-05-08,BTC_USD,Comprar y mantener,,1.0572152154294152
2026-05-11,BTC_USD,Comprar y mantener,,1.041035143193505
2026-05-12,BTC_USD,Comprar y mantener,,1.0255074157998698
2026-05-13,BTC_USD,Comprar y mantener,,1.048457119577942
2026-05-14,BTC_USD,Comprar y mantener,,1.0227723173008245
2026-05-15,BTC_USD,Comprar y mantener,,1.0164956196362915
2026-05-18,BTC_USD,Comprar y mantener,,1.013810662961418
2026-05-19,BTC_USD,Comprar y mantener,,1.02314774478884
2026-05-20,BTC_USD,Comprar y mantener,,1.0242229451730165
2026-05-21,BTC_USD,Comprar y mantener,,0.9971320026973812
2026-05-22,BTC_USD,Comprar y mantener,,0.9783687262538106
2026-05-26,BTC_USD,Comprar y mantener,,0.9592591895042091
2026-05-27,BTC_USD,Comprar y mantener,,0.9488317645153446
2026-05-28,BTC_USD,Comprar y mantener,,0.9467152924962984
2026-05-29,BTC_USD,Comprar y mantener,,0.9176380393114955
2026-06-01,BTC_USD,Comprar y mantener,,0.8582446267835984
2026-06-02,BTC_USD,Comprar y mantener,,0.8236428070706269
2026-06-03,BTC_USD,Comprar y mantener,,0.8209048998506306
2026-06-04,BTC_USD,Comprar y mantener,,0.7838633648136931
2026-06-05,BTC_USD,Comprar y mantener,,0.7820173589169104
2026-06-08,BTC_USD,Comprar y mantener,,0.76408394859146
2026-06-09,BTC_USD,Comprar y mantener,,0.7616731886480927
2026-06-10,BTC_USD,Comprar y mantener,,0.7878488414800597
2026-06-11,BTC_USD,Comprar y mantener,,0.7876275202568999
2026-06-12,BTC_USD,Comprar y mantener,,0.79456883150283
2026-06-15,BTC_USD,Comprar y mantener,,0.7863119252256139
2026-06-16,BTC_USD,Comprar y mantener,,0.7721417240917805
2026-06-17,BTC_USD,Comprar y mantener,,0.7538988344176115
2026-06-18,BTC_USD,Comprar y mantener,,0.7624176792172712
2026-06-22,BTC_USD,Comprar y mantener,,0.7471091946379376
2026-06-23,BTC_USD,Comprar y mantener,,0.7271655446149371
2026-06-24,BTC_USD,Comprar y mantener,,0.7119837746445493
2026-06-25,BTC_USD,Comprar y mantener,,0.7154977416593361
2026-06-26,BTC_USD,Comprar y mantener,,0.7227815067811871
2026-06-29,BTC_USD,Comprar y mantener,,0.7037978306736733
2026-06-30,BTC_USD,Comprar y mantener,,0.7211635443625984
2026-07-01,BTC_USD,Comprar y mantener,,0.7389696754687183
2026-07-02,BTC_USD,Comprar y mantener,,0.7441691813329726
2026-07-06,BTC_USD,Comprar y mantener,,0.736056860191297
2026-07-07,BTC_USD,Comprar y mantener,,0.7239652586324995
2026-07-08,BTC_USD,Comprar y mantener,,0.7348446293716706
2026-07-09,BTC_USD,Comprar y mantener,,0.7457056033827738
2026-07-10,BTC_USD,Comprar y mantener,,0.7279384879181301
2026-07-13,BTC_USD,Comprar y mantener,,0.7597159801111028
2026-07-14,BTC_USD,Comprar y mantener,,0.7568652574019303
2026-07-15,BTC_USD,Comprar y mantener,,0.7460689052559943
2026-07-16,BTC_USD,Comprar y mantener,,0.7473575486961425
2026-07-17,BTC_USD,Comprar y mantener,,0.7535870603635756
2026-07-20,BTC_USD,Comprar y mantener,,0.7683179616613195
2026-07-21,BTC_USD,Comprar y mantener,,0.7636468545723194
2026-07-22,BTC_USD,Comprar y mantener,,0.7514473171299615
2026-07-23,BTC_USD,Comprar y mantener,,0.7405147477627636
2026-07-24,BTC_USD,Comprar y mantener,,0.722207068660976
2026-07-27,BTC_USD,Comprar y mantener,,0.7238669841423686
2026-07-28,BTC_USD,Comprar y mantener,,0.7242840990554418
2026-07-29,BTC_USD,Comprar y mantener,,0.7335449178238522
2026-07-30,BTC_USD,Comprar y mantener,,0.711880796208323
2026-07-31,BTC_USD,Comprar y mantener,,0.7116441653977982
2026-08-03,BTC_USD,Comprar y mantener,,0.7183170491242875
2026-08-04,BTC_USD,Comprar y mantener,,0.7274487118262621
2024-11-18,BTC_USD,DQN,0.0,1.0193928198367863
2024-11-19,BTC_USD,DQN,0.0,1.0414235969665173
2024-11-20,BTC_USD,DQN,0.0,1.0874040582180975
2024-11-21,BTC_USD,DQN,0.0,1.0928456472326895
2024-11-22,BTC_USD,DQN,0.0,1.0380825843009545
2024-11-25,BTC_USD,DQN,0.0,1.037563543008804
2024-11-26,BTC_USD,DQN,0.0,1.037563543008804
2024-11-27,BTC_USD,DQN,0.0,1.0566679786574895
2024-11-29,BTC_USD,DQN,0.0,1.0413036325813114
2024-12-02,BTC_USD,DQN,0.0,1.0427902200886985
2024-12-03,BTC_USD,DQN,0.0,1.0728389244743748
2024-12-04,BTC_USD,DQN,0.0,1.0492141654197416
2024-12-05,BTC_USD,DQN,0.0,1.085354076832062
2024-12-06,BTC_USD,DQN,0.0,1.0445788275969023
2024-12-09,BTC_USD,DQN,0.0,1.0364599109618453
2024-12-10,BTC_USD,DQN,0.0,1.0846788196347008
2024-12-11,BTC_USD,DQN,0.0,1.0725637238699852
2024-12-12,BTC_USD,DQN,0.0,1.0877474623957686
2024-12-13,BTC_USD,DQN,0.0,1.1058005774979915
2024-12-16,BTC_USD,DQN,0.0,1.106956991751869
2024-12-17,BTC_USD,DQN,0.0,1.043348911732357
2024-12-18,BTC_USD,DQN,0.0,1.016748450692789
2024-12-19,BTC_USD,DQN,0.0,1.0195119328493985
2024-12-20,BTC_USD,DQN,0.0,1.0150235763187836
2024-12-23,BTC_USD,DQN,0.0,1.0145160645306242
2024-12-24,BTC_USD,DQN,0.0,1.0145160645306242
2024-12-26,BTC_USD,DQN,0.0,1.0145160645306242
2024-12-27,BTC_USD,DQN,0.0,1.0145160645306242
2024-12-30,BTC_USD,DQN,0.0,1.0145160645306242
2024-12-31,BTC_USD,DQN,0.0,1.0145160645306242
2025-01-02,BTC_USD,DQN,0.0,1.0145160645306242
2025-01-03,BTC_USD,DQN,0.0,1.0145160645306242
2025-01-06,BTC_USD,DQN,0.0,0.9627713774845679
2025-01-07,BTC_USD,DQN,0.0,0.944104745643501
2025-01-08,BTC_USD,DQN,0.0,0.9667407719317573
2025-01-10,BTC_USD,DQN,0.0,0.9670281279471341
2025-01-13,BTC_USD,DQN,0.0,0.9876700415713188
2025-01-14,BTC_USD,DQN,0.0,1.0282929100182552
2025-01-15,BTC_USD,DQN,0.0,1.0206441243527702
2025-01-16,BTC_USD,DQN,0.0,1.0687838105148753
2025-01-17,BTC_USD,DQN,0.0,1.112047833451098
2025-01-21,BTC_USD,DQN,0.0,1.0859277205172047
2025-01-22,BTC_USD,DQN,0.0,1.0891450887893404
2025-01-23,BTC_USD,DQN,0.0,1.0981477286679626
2025-01-24,BTC_USD,DQN,0.0,1.0917864500093954
2025-01-27,BTC_USD,DQN,0.0,1.0837097750581544
2025-01-28,BTC_USD,DQN,0.0,1.1090638185337351
2025-01-29,BTC_USD,DQN,0.0,1.1201016429666706
2025-01-30,BTC_USD,DQN,0.0,1.0951802292706168
2025-01-31,BTC_USD,DQN,0.0,1.1368448834889093
2025-02-03,BTC_USD,DQN,0.0,1.0972300701748008
2025-02-04,BTC_USD,DQN,0.0,1.083144990066816
2025-02-05,BTC_USD,DQN,0.0,1.0826034175717827
2025-02-06,BTC_USD,DQN,0.0,1.0826034175717827
2025-02-07,BTC_USD,DQN,0.0,1.0826034175717827
2025-02-10,BTC_USD,DQN,0.0,1.0826034175717827
2025-02-11,BTC_USD,DQN,0.0,1.0826034175717827
2025-02-12,BTC_USD,DQN,0.0,1.0826034175717827
2025-02-13,BTC_USD,DQN,0.0,1.0826034175717827
2025-02-14,BTC_USD,DQN,0.0,1.0826034175717827
2025-02-18,BTC_USD,DQN,0.0,1.0826034175717827
2025-02-19,BTC_USD,DQN,0.0,1.0826034175717827
2025-02-20,BTC_USD,DQN,0.0,1.0826034175717827
2025-02-21,BTC_USD,DQN,0.0,1.0826034175717827
2025-02-24,BTC_USD,DQN,0.0,1.0826034175717827
2025-02-25,BTC_USD,DQN,0.0,1.0826034175717827
2025-02-26,BTC_USD,DQN,0.0,1.0866468576610147
2025-02-27,BTC_USD,DQN,0.0,1.0823977448541073
2025-02-28,BTC_USD,DQN,0.0,0.9884235384751224
2025-03-03,BTC_USD,DQN,0.0,1.0017056632005696
2025-03-04,BTC_USD,DQN,0.0,1.040768756741567
2025-03-05,BTC_USD,DQN,0.0,1.033167884001227
2025-03-06,BTC_USD,DQN,0.0,0.9961985633017402
2025-03-07,BTC_USD,DQN,0.0,0.9706260177681846
2025-03-10,BTC_USD,DQN,0.0,1.0241457982189799
2025-03-11,BTC_USD,DQN,0.0,1.0347769097732527
2025-03-12,BTC_USD,DQN,0.0,1.034259521318366
2025-03-13,BTC_USD,DQN,0.0,1.034259521318366
2025-03-14,BTC_USD,DQN,0.0,1.034259521318366
2025-03-17,BTC_USD,DQN,0.0,1.034259521318366
2025-03-18,BTC_USD,DQN,0.0,1.0854528864873163
2025-03-19,BTC_USD,DQN,0.0,1.0849101600440727
2025-03-20,BTC_USD,DQN,0.0,1.0827699565279478
2025-03-21,BTC_USD,DQN,0.0,1.1009457145635624
2025-03-24,BTC_USD,DQN,0.0,1.1006033358569138
2025-03-25,BTC_USD,DQN,0.0,1.0934210504129618
2025-03-26,BTC_USD,DQN,0.0,1.0968965432502487
2025-03-27,BTC_USD,DQN,0.0,1.0613644555162642
2025-03-28,BTC_USD,DQN,0.0,1.0608337732885063
2025-03-31,BTC_USD,DQN,0.0,1.0608337732885063
2025-04-01,BTC_USD,DQN,0.0,1.0608337732885063
2025-04-02,BTC_USD,DQN,0.0,1.0608337732885063
2025-04-03,BTC_USD,DQN,0.0,1.0608337732885063
2025-04-04,BTC_USD,DQN,0.0,1.0608337732885063
2025-04-07,BTC_USD,DQN,0.0,1.0608337732885063
2025-04-08,BTC_USD,DQN,0.0,1.0608337732885063
2025-04-09,BTC_USD,DQN,0.0,1.022432587969737
2025-04-10,BTC_USD,DQN,0.0,1.0709525990764348
2025-04-11,BTC_USD,DQN,0.0,1.0819252952094531
2025-04-14,BTC_USD,DQN,0.0,1.070748040162111
2025-04-15,BTC_USD,DQN,0.0,1.0754175023002306
2025-04-16,BTC_USD,DQN,0.0,1.0748797935490806
2025-04-17,BTC_USD,DQN,0.0,1.0748797935490806
2025-04-21,BTC_USD,DQN,0.0,1.0748797935490806
2025-04-22,BTC_USD,DQN,0.0,1.0748797935490806
2025-04-23,BTC_USD,DQN,0.0,1.0771493136249077
2025-04-24,BTC_USD,DQN,0.0,1.086054906818009
2025-04-25,BTC_USD,DQN,0.0,1.1002326211112796
2025-04-28,BTC_USD,DQN,0.0,1.0921937865170734
2025-04-29,BTC_USD,DQN,0.0,1.0912962990113517
2025-04-30,BTC_USD,DQN,0.0,1.1177659811870104
2025-05-01,BTC_USD,DQN,0.0,1.122605010826109
2025-05-02,BTC_USD,DQN,0.0,1.1277478623966688
2025-05-05,BTC_USD,DQN,0.0,1.1522008169785203
2025-05-06,BTC_USD,DQN,0.0,1.1549365543886723
2025-05-07,BTC_USD,DQN,0.0,1.2288414497478366
2025-05-08,BTC_USD,DQN,0.0,1.2256204955529744
2025-05-09,BTC_USD,DQN,0.0,1.2103935178871221
2025-05-12,BTC_USD,DQN,0.0,1.2263675147646131
2025-05-13,BTC_USD,DQN,0.0,1.218945977310004
2025-05-14,BTC_USD,DQN,0.0,1.2213620629626185
2025-05-15,BTC_USD,DQN,0.0,1.218355867083228
2025-05-16,BTC_USD,DQN,0.0,1.2087433926986781
2025-05-19,BTC_USD,DQN,0.0,1.2223055498081676
2025-05-20,BTC_USD,DQN,0.0,1.2553493805928768
2025-05-21,BTC_USD,DQN,0.0,1.27818600437353
2025-05-22,BTC_USD,DQN,0.0,1.2279907858953072
2025-05-23,BTC_USD,DQN,0.0,1.2229894493149847
2025-05-27,BTC_USD,DQN,0.0,1.2096109419000807
2025-05-28,BTC_USD,DQN,0.0,1.1853679636991452
2025-05-29,BTC_USD,DQN,0.0,1.1669303509484379
2025-05-30,BTC_USD,DQN,0.0,1.1694644081209211
2025-06-02,BTC_USD,DQN,0.0,1.164504500528238
2025-06-03,BTC_USD,DQN,0.0,1.1567676314507298
2025-06-04,BTC_USD,DQN,0.0,1.1219091799888052
2025-06-05,BTC_USD,DQN,0.0,1.152994201405009
2025-06-06,BTC_USD,DQN,0.0,1.2020424801387324
2025-06-09,BTC_USD,DQN,0.0,1.2016406823556196
2025-06-10,BTC_USD,DQN,0.0,1.1845233645506934
2025-06-11,BTC_USD,DQN,0.0,1.1544699291390446
2025-06-12,BTC_USD,DQN,0.0,1.1562345527997808
2025-06-13,BTC_USD,DQN,0.0,1.1698695817320761
2025-06-16,BTC_USD,DQN,0.0,1.1458181663874987
2025-06-17,BTC_USD,DQN,0.0,1.1489095522888664
2025-06-18,BTC_USD,DQN,0.0,1.133822363807134
2025-06-20,BTC_USD,DQN,0.0,1.1853632046966405
2025-06-23,BTC_USD,DQN,0.0,1.1906160459911737
2025-06-24,BTC_USD,DQN,0.0,1.2053870855329594
2025-06-25,BTC_USD,DQN,0.0,1.2008820061867262
2025-06-26,BTC_USD,DQN,0.0,1.2023239368222811
2025-06-27,BTC_USD,DQN,0.0,1.1884550545405668
2025-06-30,BTC_USD,DQN,0.0,1.1725137696968162
2025-07-01,BTC_USD,DQN,0.0,1.2075792578343612
2025-07-02,BTC_USD,DQN,0.0,1.2163278420284156
2025-07-03,BTC_USD,DQN,0.0,1.2059473409792092
2025-07-07,BTC_USD,DQN,0.0,1.213189959684169
2025-07-08,BTC_USD,DQN,0.0,1.2396504766055838
2025-07-09,BTC_USD,DQN,0.0,1.2915480231797676
2025-07-10,BTC_USD,DQN,0.0,1.3085826268801823
2025-07-11,BTC_USD,DQN,0.0,1.3166416354828976
2025-07-14,BTC_USD,DQN,0.0,1.3159833146651563
2025-07-15,BTC_USD,DQN,0.0,1.3260666347860381
2025-07-16,BTC_USD,DQN,0.0,1.3322239312246267
2025-07-17,BTC_USD,DQN,0.0,1.3178550448749669
2025-07-18,BTC_USD,DQN,0.0,1.319413878271893
2025-07-21,BTC_USD,DQN,0.0,1.3481287129267998
2025-07-22,BTC_USD,DQN,0.0,1.3341924263785385
2025-07-23,BTC_USD,DQN,0.0,1.329844983980839
2025-07-24,BTC_USD,DQN,0.0,1.3216197679639847
2025-07-25,BTC_USD,DQN,0.0,1.3047575276811665
2025-07-28,BTC_USD,DQN,0.0,1.3047317684943744
2025-07-29,BTC_USD,DQN,0.0,1.303725344964776
2025-07-30,BTC_USD,DQN,0.0,1.2807891230124728
2025-07-31,BTC_USD,DQN,0.0,1.2538129443047943
2025-08-01,BTC_USD,DQN,0.0,1.2631899585007793
2025-08-04,BTC_USD,DQN,0.0,1.2529761749223212
2025-08-05,BTC_USD,DQN,0.0,1.262708239363611
2025-08-06,BTC_USD,DQN,0.0,1.289810322327613
2025-08-07,BTC_USD,DQN,0.0,1.28093869728515
2025-08-08,BTC_USD,DQN,0.0,1.2747618464697084
2025-08-11,BTC_USD,DQN,0.0,1.2902381122682516
2025-08-12,BTC_USD,DQN,0.0,1.3242852763203206
2025-08-13,BTC_USD,DQN,0.0,1.2707692891372229
2025-08-14,BTC_USD,DQN,0.0,1.2604490665166428
2025-08-15,BTC_USD,DQN,0.0,1.2475632022879442
2025-08-18,BTC_USD,DQN,0.0,1.2108492710531151
2025-08-19,BTC_USD,DQN,0.0,1.2263408807809026
2025-08-20,BTC_USD,DQN,0.0,1.2064262947402313
2025-08-21,BTC_USD,DQN,0.0,1.2542357720123967
2025-08-22,BTC_USD,DQN,0.0,1.2173789244200515
2025-08-25,BTC_USD,DQN,0.0,1.2359318850171301
2025-08-26,BTC_USD,DQN,0.0,1.2295136624816825
2025-08-27,BTC_USD,DQN,0.0,1.2441360274596038
2025-08-28,BTC_USD,DQN,0.0,1.198436721547188
2025-08-29,BTC_USD,DQN,0.0,1.2198273809844977
2025-09-02,BTC_USD,DQN,0.0,1.225560374921646
2025-09-03,BTC_USD,DQN,0.0,1.2145950470357019
2025-09-04,BTC_USD,DQN,0.0,1.2137984645995952
2025-09-05,BTC_USD,DQN,0.0,1.223666862002911
2025-09-08,BTC_USD,DQN,0.0,1.2177611608288588
2025-09-09,BTC_USD,DQN,0.0,1.2442367997235715
2025-09-10,BTC_USD,DQN,0.0,1.2611844807941524
2025-09-11,BTC_USD,DQN,0.0,1.2676705755780187
2025-09-12,BTC_USD,DQN,0.0,1.2680793969315396
2025-09-15,BTC_USD,DQN,0.0,1.2834388598069755
2025-09-16,BTC_USD,DQN,0.0,1.2793232713742495
2025-09-17,BTC_USD,DQN,0.0,1.2866684111962292
2025-09-18,BTC_USD,DQN,0.0,1.270759390817026
2025-09-19,BTC_USD,DQN,0.0,1.2425728809613863
2025-09-22,BTC_USD,DQN,0.0,1.2344835659015094
2025-09-23,BTC_USD,DQN,0.0,1.2489662923382043
2025-09-24,BTC_USD,DQN,0.0,1.201804723682197
2025-09-25,BTC_USD,DQN,0.0,1.2091174204133341
2025-09-26,BTC_USD,DQN,0.0,1.2336803253071613
2025-09-29,BTC_USD,DQN,0.0,1.229967468144363
2025-09-30,BTC_USD,DQN,0.0,1.27949615705506
2025-10-01,BTC_USD,DQN,0.0,1.3014125454511567
2025-10-02,BTC_USD,DQN,0.0,1.3185079484733757
2025-10-03,BTC_USD,DQN,0.0,1.3317348731744652
2025-10-06,BTC_USD,DQN,0.0,1.2964950712105738
2025-10-07,BTC_USD,DQN,0.0,1.3168147913583779
2025-10-08,BTC_USD,DQN,0.0,1.299208692834443
2025-10-09,BTC_USD,DQN,0.0,1.2085648236333693
2025-10-10,BTC_USD,DQN,0.0,1.2079605412215526
2025-10-13,BTC_USD,DQN,0.0,1.2079605412215526
2025-10-14,BTC_USD,DQN,0.0,1.2079605412215526
2025-10-15,BTC_USD,DQN,0.0,1.1790379572427998
2025-10-16,BTC_USD,DQN,0.0,1.1603120478039481
2025-10-17,BTC_USD,DQN,0.0,1.180836949633566
2025-10-20,BTC_USD,DQN,0.0,1.1582852008182294
2025-10-21,BTC_USD,DQN,0.0,1.1498679089138792
2025-10-22,BTC_USD,DQN,0.0,1.1752930472185805
2025-10-23,BTC_USD,DQN,0.0,1.1747054006949713
2025-10-24,BTC_USD,DQN,0.0,1.1747054006949713
2025-10-27,BTC_USD,DQN,0.0,1.1747054006949713
2025-10-28,BTC_USD,DQN,0.0,1.1747054006949713
2025-10-29,BTC_USD,DQN,0.0,1.1747054006949713
2025-10-30,BTC_USD,DQN,0.0,1.1747054006949713
2025-10-31,BTC_USD,DQN,0.0,1.1747054006949713
2025-11-03,BTC_USD,DQN,0.0,1.1747054006949713
2025-11-04,BTC_USD,DQN,0.0,1.1747054006949713
2025-11-05,BTC_USD,DQN,0.0,1.1448267242120056
2025-11-06,BTC_USD,DQN,0.0,1.168232845961966
2025-11-07,BTC_USD,DQN,0.0,1.1824782976697388
2025-11-10,BTC_USD,DQN,0.0,1.1490206166345993
2025-11-11,BTC_USD,DQN,0.0,1.1341356230202395
2025-11-12,BTC_USD,DQN,0.0,1.112206691489245
2025-11-13,BTC_USD,DQN,0.0,1.1116505881435004
2025-11-14,BTC_USD,DQN,0.0,1.0865049791649646
2025-11-17,BTC_USD,DQN,0.0,1.0965920968716096
2025-11-18,BTC_USD,DQN,0.0,1.079097344269448
2025-11-19,BTC_USD,DQN,0.0,1.0220656803382124
2025-11-20,BTC_USD,DQN,0.0,1.0038827842711586
2025-11-21,BTC_USD,DQN,0.0,1.0208316350029858
2025-11-24,BTC_USD,DQN,0.0,1.010091728043205
2025-11-25,BTC_USD,DQN,0.0,1.0468270526067653
2025-11-26,BTC_USD,DQN,0.0,1.0426286451623863
2025-11-28,BTC_USD,DQN,0.0,0.9956527066148275
2025-12-01,BTC_USD,DQN,0.0,1.0536541059430873
2025-12-02,BTC_USD,DQN,0.0,1.0787710596984785
2025-12-03,BTC_USD,DQN,0.0,1.0627825465989431
2025-12-04,BTC_USD,DQN,0.0,1.0310188135138525
2025-12-05,BTC_USD,DQN,0.0,1.0336938495931607
2025-12-08,BTC_USD,DQN,0.0,1.057089990985839
2025-12-09,BTC_USD,DQN,0.0,1.056561445990346
2025-12-10,BTC_USD,DQN,0.0,1.056561445990346
2025-12-11,BTC_USD,DQN,0.0,1.056561445990346
2025-12-12,BTC_USD,DQN,0.0,1.056561445990346
2025-12-15,BTC_USD,DQN,0.0,1.056561445990346
2025-12-16,BTC_USD,DQN,0.0,1.056561445990346
2025-12-17,BTC_USD,DQN,0.0,1.0476775687231696
2025-12-18,BTC_USD,DQN,0.0,1.080051829321419
2025-12-19,BTC_USD,DQN,0.0,1.0795118034067583
2025-12-22,BTC_USD,DQN,0.0,1.0795118034067583
2025-12-23,BTC_USD,DQN,0.0,1.0795118034067583
2025-12-24,BTC_USD,DQN,0.0,1.0795118034067583
2025-12-26,BTC_USD,DQN,0.0,1.0795118034067583
2025-12-29,BTC_USD,DQN,0.0,1.0795118034067583
2025-12-30,BTC_USD,DQN,0.0,1.0795118034067583
2025-12-31,BTC_USD,DQN,0.0,1.0795118034067583
2026-01-02,BTC_USD,DQN,0.0,1.0795118034067583
2026-01-05,BTC_USD,DQN,0.0,1.0772067529470566
2026-01-06,BTC_USD,DQN,0.0,1.0493830118172074
2026-01-07,BTC_USD,DQN,0.0,1.0461543498707169
2026-01-08,BTC_USD,DQN,0.0,1.040246793688138
2026-01-09,BTC_USD,DQN,0.0,1.0444332226258244
2026-01-12,BTC_USD,DQN,0.0,1.0917202384660636
2026-01-13,BTC_USD,DQN,0.0,1.1101314707647716
2026-01-14,BTC_USD,DQN,0.0,1.0943476279532447
2026-01-15,BTC_USD,DQN,0.0,1.094049044697601
2026-01-16,BTC_USD,DQN,0.0,1.0438974728541204
2026-01-20,BTC_USD,DQN,0.0,1.0564989944720182
2026-01-21,BTC_USD,DQN,0.0,1.057509572692418
2026-01-22,BTC_USD,DQN,0.0,1.0579992085988934
2026-01-23,BTC_USD,DQN,0.0,1.0787128512463733
2026-01-26,BTC_USD,DQN,0.0,1.0781734948207502
2026-01-27,BTC_USD,DQN,0.0,1.0781734948207502
2026-01-28,BTC_USD,DQN,0.0,1.0781734948207502
2026-01-29,BTC_USD,DQN,0.0,1.0781734948207502
2026-01-30,BTC_USD,DQN,0.0,1.0781734948207502
2026-02-02,BTC_USD,DQN,0.0,1.0357725761972678
2026-02-03,BTC_USD,DQN,0.0,0.9999769830170476
2026-02-04,BTC_USD,DQN,0.0,0.8586813114783828
2026-02-05,BTC_USD,DQN,0.0,0.9662291632711535
2026-02-06,BTC_USD,DQN,0.0,0.9642497325431343
2026-02-09,BTC_USD,DQN,0.0,0.9460042693772355
2026-02-10,BTC_USD,DQN,0.0,0.9212245898889712
2026-02-11,BTC_USD,DQN,0.0,0.9106343937725413
2026-02-12,BTC_USD,DQN,0.0,0.9468827391228536
2026-02-13,BTC_USD,DQN,0.0,0.9464092977532922
2026-02-17,BTC_USD,DQN,0.0,0.9464092977532922
2026-02-18,BTC_USD,DQN,0.0,0.9464092977532922
2026-02-19,BTC_USD,DQN,0.0,0.9464092977532922
2026-02-20,BTC_USD,DQN,0.0,0.9464092977532922
2026-02-23,BTC_USD,DQN,0.0,0.9464092977532922
2026-02-24,BTC_USD,DQN,0.0,0.9464092977532922
2026-02-25,BTC_USD,DQN,0.0,0.9388846665998012
2026-02-26,BTC_USD,DQN,0.0,0.9170044275031253
2026-02-27,BTC_USD,DQN,0.0,0.9593790950617739
2026-03-02,BTC_USD,DQN,0.0,0.9526526702020532
2026-03-03,BTC_USD,DQN,0.0,1.0142660113715827
2026-03-04,BTC_USD,DQN,0.0,0.9881883372086819
2026-03-05,BTC_USD,DQN,0.0,0.950460441134976
2026-03-06,BTC_USD,DQN,0.0,0.9499852109144086
2026-03-09,BTC_USD,DQN,0.0,0.9499852109144086
2026-03-10,BTC_USD,DQN,0.0,0.9499852109144086
2026-03-11,BTC_USD,DQN,0.0,0.9499852109144086
2026-03-12,BTC_USD,DQN,0.0,0.9499852109144086
2026-03-13,BTC_USD,DQN,0.0,0.9499852109144086
2026-03-16,BTC_USD,DQN,0.0,0.9375992900354817
2026-03-17,BTC_USD,DQN,0.0,0.9036467198402035
2026-03-18,BTC_USD,DQN,0.0,0.9031948964802835
2026-03-19,BTC_USD,DQN,0.0,0.9031948964802835
2026-03-20,BTC_USD,DQN,0.0,0.9031948964802835
2026-03-23,BTC_USD,DQN,0.0,0.9031948964802835
2026-03-24,BTC_USD,DQN,0.0,0.9031948964802835
2026-03-25,BTC_USD,DQN,0.0,0.8708476134052413
2026-03-26,BTC_USD,DQN,0.0,0.839791406961704
2026-03-27,BTC_USD,DQN,0.0,0.8491694190380529
2026-03-30,BTC_USD,DQN,0.0,0.8487448343285339
2026-03-31,BTC_USD,DQN,0.0,0.8487448343285339
2026-04-01,BTC_USD,DQN,0.0,0.8487448343285339
2026-04-02,BTC_USD,DQN,0.0,0.8487448343285339
2026-04-06,BTC_USD,DQN,0.0,0.8487448343285339
2026-04-07,BTC_USD,DQN,0.0,0.8386775719262961
2026-04-08,BTC_USD,DQN,0.0,0.846277065133339
2026-04-09,BTC_USD,DQN,0.0,0.8605596019714213
2026-04-10,BTC_USD,DQN,0.0,0.905941863247529
2026-04-13,BTC_USD,DQN,0.0,0.9022561544498002
2026-04-14,BTC_USD,DQN,0.0,0.9098392808005774
2026-04-15,BTC_USD,DQN,0.0,0.9140604379090002
2026-04-16,BTC_USD,DQN,0.0,0.9380788342087708
2026-04-17,BTC_USD,DQN,0.0,0.9636870333961352
2026-04-20,BTC_USD,DQN,0.0,0.9697868792536376
2026-04-21,BTC_USD,DQN,0.0,0.9932886311501531
2026-04-22,BTC_USD,DQN,0.0,0.9941250379814404
2026-04-23,BTC_USD,DQN,0.0,0.983790665475658
2026-04-24,BTC_USD,DQN,0.0,0.9676448615291393
2026-04-27,BTC_USD,DQN,0.0,0.9549380668232733
2026-04-28,BTC_USD,DQN,0.0,0.9477521546605561
2026-04-29,BTC_USD,DQN,0.0,0.9543583355596055
2026-04-30,BTC_USD,DQN,0.0,0.9778054507287424
2026-05-01,BTC_USD,DQN,0.0,0.9938620372258681
2026-05-04,BTC_USD,DQN,0.0,1.0075464986707952
2026-05-05,BTC_USD,DQN,0.0,1.0137774607410306
2026-05-06,BTC_USD,DQN,0.0,0.9961290176503226
2026-05-07,BTC_USD,DQN,0.0,0.9983298571433559
2026-05-08,BTC_USD,DQN,0.0,0.9933389594216403
2026-05-11,BTC_USD,DQN,0.0,0.9781364766313619
2026-05-12,BTC_USD,DQN,0.0,0.9635469244320858
2026-05-13,BTC_USD,DQN,0.0,0.9851100220277683
2026-05-14,BTC_USD,DQN,0.0,0.9609770788062318
2026-05-15,BTC_USD,DQN,0.0,0.9550796151340324
2026-05-18,BTC_USD,DQN,0.0,0.9525568817959319
2026-05-19,BTC_USD,DQN,0.0,0.9613298232094915
2026-05-20,BTC_USD,DQN,0.0,0.9623400606854569
2026-05-21,BTC_USD,DQN,0.0,0.9368859353420482
2026-05-22,BTC_USD,DQN,0.0,0.9192563238629639
2026-05-26,BTC_USD,DQN,0.0,0.901301372900431
2026-05-27,BTC_USD,DQN,0.0,0.8915039661503978
2026-05-28,BTC_USD,DQN,0.0,0.8895153699947982
2026-05-29,BTC_USD,DQN,0.0,0.862194945543945
2026-06-01,BTC_USD,DQN,0.0,0.8063900443886036
2026-06-02,BTC_USD,DQN,0.0,0.7738788441276261
2026-06-03,BTC_USD,DQN,0.0,0.7713063594819153
2026-06-04,BTC_USD,DQN,0.0,0.7365028499107571
2026-06-05,BTC_USD,DQN,0.0,0.7347683784901471
2026-06-08,BTC_USD,DQN,0.0,0.7179184931578322
2026-06-09,BTC_USD,DQN,0.0,0.7156533897629789
2026-06-10,BTC_USD,DQN,0.0,0.7402475266679487
2026-06-11,BTC_USD,DQN,0.0,0.7400395775292085
2026-06-12,BTC_USD,DQN,0.0,0.7465614992622903
2026-06-15,BTC_USD,DQN,0.0,0.7388034698944285
2026-06-16,BTC_USD,DQN,0.0,0.7254894231008812
2026-06-17,BTC_USD,DQN,0.0,0.708348756960901
2026-06-18,BTC_USD,DQN,0.0,0.71635289869597
2026-06-22,BTC_USD,DQN,0.0,0.7019693428026876
2026-06-23,BTC_USD,DQN,0.0,0.6832306751484674
2026-06-24,BTC_USD,DQN,0.0,0.6689661778498371
2026-06-25,BTC_USD,DQN,0.0,0.6722678332620632
2026-06-26,BTC_USD,DQN,0.0,0.6791115180305163
2026-06-29,BTC_USD,DQN,0.0,0.6612748232918997
2026-06-30,BTC_USD,DQN,0.0,0.6775913118494017
2026-07-01,BTC_USD,DQN,0.0,0.6943216080900722
2026-07-02,BTC_USD,DQN,0.0,0.6992069631902702
2026-07-06,BTC_USD,DQN,0.0,0.691584783218056
2026-07-07,BTC_USD,DQN,0.0,0.6802237483645439
2026-07-08,BTC_USD,DQN,0.0,0.6904457945964656
2026-07-09,BTC_USD,DQN,0.0,0.7006505556186692
2026-07-10,BTC_USD,DQN,0.0,0.6839569177197814
2026-07-13,BTC_USD,DQN,0.0,0.7138144344933889
2026-07-14,BTC_USD,DQN,0.0,0.7111359505970152
2026-07-15,BTC_USD,DQN,0.0,0.7009919070288968
2026-07-16,BTC_USD,DQN,0.0,0.7022026914701539
2026-07-17,BTC_USD,DQN,0.0,0.708055820092522
2026-07-20,BTC_USD,DQN,0.0,0.7218966899105943
2026-07-21,BTC_USD,DQN,0.0,0.717507808075168
2026-07-22,BTC_USD,DQN,0.0,0.7060453587540096
2026-07-23,BTC_USD,DQN,0.0,0.6957733281205816
2026-07-24,BTC_USD,DQN,0.0,0.6785717870880791
2026-07-27,BTC_USD,DQN,0.0,0.6801314115552172
2026-07-28,BTC_USD,DQN,0.0,0.680523324656414
2026-07-29,BTC_USD,DQN,0.0,0.689224610775408
2026-07-30,BTC_USD,DQN,0.0,0.6688694213037801
2026-07-31,BTC_USD,DQN,0.0,0.6686470875729906
2026-08-03,BTC_USD,DQN,0.0,0.6749168000028484
2026-08-04,BTC_USD,DQN,0.0,0.6834967335809746
2024-11-18,BTC_USD,DQN,1.0,1.0193928198367863
2024-11-19,BTC_USD,DQN,1.0,1.0414235969665173
2024-11-20,BTC_USD,DQN,1.0,1.0874040582180975
2024-11-21,BTC_USD,DQN,1.0,1.0928456472326895
2024-11-22,BTC_USD,DQN,1.0,1.0922992244090732
2024-11-25,BTC_USD,DQN,1.0,1.078648428898176
2024-11-26,BTC_USD,DQN,1.0,1.1252864393389357
2024-11-27,BTC_USD,DQN,1.0,1.146568741139079
2024-11-29,BTC_USD,DQN,1.0,1.1298972044834774
2024-12-02,BTC_USD,DQN,1.0,1.1315102700834245
2024-12-03,BTC_USD,DQN,1.0,1.1309445149483828
2024-12-04,BTC_USD,DQN,1.0,1.1309445149483828
2024-12-05,BTC_USD,DQN,1.0,1.1309445149483828
2024-12-06,BTC_USD,DQN,1.0,1.1309445149483828
2024-12-09,BTC_USD,DQN,1.0,1.1215888547288717
2024-12-10,BTC_USD,DQN,1.0,1.1737681913174673
2024-12-11,BTC_USD,DQN,1.0,1.1606580302393914
2024-12-12,BTC_USD,DQN,1.0,1.1770888750058157
2024-12-13,BTC_USD,DQN,1.0,1.1966247706807387
2024-12-16,BTC_USD,DQN,1.0,1.1978761662483635
2024-12-17,BTC_USD,DQN,1.0,1.1290436789846927
2024-12-18,BTC_USD,DQN,1.0,1.100258406812475
2024-12-19,BTC_USD,DQN,1.0,1.103248865733572
2024-12-20,BTC_USD,DQN,1.0,1.0983918610317542
2024-12-23,BTC_USD,DQN,1.0,1.1446754644542732
2024-12-24,BTC_USD,DQN,1.0,1.1042866560559115
2024-12-26,BTC_USD,DQN,1.0,1.1037345127278835
2024-12-27,BTC_USD,DQN,1.0,1.1037345127278835
2024-12-30,BTC_USD,DQN,1.0,1.1037345127278835
2024-12-31,BTC_USD,DQN,1.0,1.13202239733993
2025-01-02,BTC_USD,DQN,1.0,1.146283309805403
2025-01-03,BTC_USD,DQN,1.0,1.190158701089479
2025-01-06,BTC_USD,DQN,1.0,1.130050562742324
2025-01-07,BTC_USD,DQN,1.0,1.1081406490184509
2025-01-08,BTC_USD,DQN,1.0,1.1347096298206498
2025-01-10,BTC_USD,DQN,1.0,1.1341422750057395
2025-01-13,BTC_USD,DQN,1.0,1.157784289624514
2025-01-14,BTC_USD,DQN,1.0,1.2054039570313746
2025-01-15,BTC_USD,DQN,1.0,1.196437760320462
2025-01-16,BTC_USD,DQN,1.0,1.2528689266007194
2025-01-17,BTC_USD,DQN,1.0,1.3035846554911317
2025-01-21,BTC_USD,DQN,1.0,1.2729656682532808
2025-01-22,BTC_USD,DQN,1.0,1.2767371893915438
2025-01-23,BTC_USD,DQN,1.0,1.2872904253690505
2025-01-24,BTC_USD,DQN,1.0,1.279833493212745
2025-01-27,BTC_USD,DQN,1.0,1.2703657084492488
2025-01-28,BTC_USD,DQN,1.0,1.3000866800075064
2025-01-29,BTC_USD,DQN,1.0,1.313025636523546
2025-01-30,BTC_USD,DQN,1.0,1.283811810004499
2025-01-31,BTC_USD,DQN,1.0,1.332652698212298
2025-02-03,BTC_USD,DQN,1.0,1.2862147112723337
2025-02-04,BTC_USD,DQN,1.0,1.269703646057494
2025-02-05,BTC_USD,DQN,1.0,1.2694125750826901
2025-02-06,BTC_USD,DQN,1.0,1.2687778687951488
2025-02-07,BTC_USD,DQN,1.0,1.2687778687951488
2025-02-10,BTC_USD,DQN,1.0,1.2687778687951488
2025-02-11,BTC_USD,DQN,1.0,1.2687778687951488
2025-02-12,BTC_USD,DQN,1.0,1.2687778687951488
2025-02-13,BTC_USD,DQN,1.0,1.2687778687951488
2025-02-14,BTC_USD,DQN,1.0,1.2687778687951488
2025-02-18,BTC_USD,DQN,1.0,1.2687778687951488
2025-02-19,BTC_USD,DQN,1.0,1.2687778687951488
2025-02-20,BTC_USD,DQN,1.0,1.2687778687951488
2025-02-21,BTC_USD,DQN,1.0,1.204150365044039
2025-02-24,BTC_USD,DQN,1.0,1.1688233484038026
2025-02-25,BTC_USD,DQN,1.0,1.1682389367296009
2025-02-26,BTC_USD,DQN,1.0,1.1726022188640406
2025-02-27,BTC_USD,DQN,1.0,1.1720159177546086
2025-02-28,BTC_USD,DQN,1.0,1.1720159177546086
2025-03-03,BTC_USD,DQN,1.0,1.1720159177546086
2025-03-04,BTC_USD,DQN,1.0,1.1720159177546086
2025-03-05,BTC_USD,DQN,1.0,1.1628705215715922
2025-03-06,BTC_USD,DQN,1.0,1.1212601173868753
2025-03-07,BTC_USD,DQN,1.0,1.0924772256390674
2025-03-10,BTC_USD,DQN,1.0,1.1527158141307896
2025-03-11,BTC_USD,DQN,1.0,1.1521394562237244
2025-03-12,BTC_USD,DQN,1.0,1.1521394562237244
2025-03-13,BTC_USD,DQN,1.0,1.1521394562237244
2025-03-14,BTC_USD,DQN,1.0,1.1724353548777973
2025-03-17,BTC_USD,DQN,1.0,1.1718491372003583
2025-03-18,BTC_USD,DQN,1.0,1.1718491372003583
2025-03-19,BTC_USD,DQN,1.0,1.135009418469225
2025-03-20,BTC_USD,DQN,1.0,1.1333378887978212
2025-03-21,BTC_USD,DQN,1.0,1.1327712198534223
2025-03-24,BTC_USD,DQN,1.0,1.1318525582501822
2025-03-25,BTC_USD,DQN,1.0,1.131286631971057
2025-03-26,BTC_USD,DQN,1.0,1.1343168391143699
2025-03-27,BTC_USD,DQN,1.0,1.0975725848876952
2025-03-28,BTC_USD,DQN,1.0,1.1004305509344114
2025-03-31,BTC_USD,DQN,1.0,1.1353602866062393
2025-04-01,BTC_USD,DQN,1.0,1.0995880122959034
2025-04-02,BTC_USD,DQN,1.0,1.0990382182897556
2025-04-03,BTC_USD,DQN,1.0,1.1082881437893974
2025-04-04,BTC_USD,DQN,1.0,1.1227534655559277
2025-04-07,BTC_USD,DQN,1.0,1.1221920888231498
2025-04-08,BTC_USD,DQN,1.0,1.1221920888231498
2025-04-09,BTC_USD,DQN,1.0,1.1221920888231498
2025-04-10,BTC_USD,DQN,1.0,1.174885137114716
2025-04-11,BTC_USD,DQN,1.0,1.1869226984520493
2025-04-14,BTC_USD,DQN,1.0,1.1863292371028233
2025-04-15,BTC_USD,DQN,1.0,1.1909095766591264
2025-04-16,BTC_USD,DQN,1.0,1.1903141218707969
2025-04-17,BTC_USD,DQN,1.0,1.2224848601141252
2025-04-21,BTC_USD,DQN,1.0,1.3052185120229667
2025-04-22,BTC_USD,DQN,1.0,1.308811404588537
2025-04-23,BTC_USD,DQN,1.0,1.3122292576790993
2025-04-24,BTC_USD,DQN,1.0,1.323078431323975
2025-04-25,BTC_USD,DQN,1.0,1.3403503278635884
2025-04-28,BTC_USD,DQN,1.0,1.3305570765299728
2025-04-29,BTC_USD,DQN,1.0,1.329463718953161
2025-04-30,BTC_USD,DQN,1.0,1.3617102152865947
2025-05-01,BTC_USD,DQN,1.0,1.3676053276826952
2025-05-02,BTC_USD,DQN,1.0,1.3738705689203083
2025-05-05,BTC_USD,DQN,1.0,1.4036602016417172
2025-05-06,BTC_USD,DQN,1.0,1.4069929936934038
2025-05-07,BTC_USD,DQN,1.0,1.4062894971965572
2025-05-08,BTC_USD,DQN,1.0,1.4019002837072638
2025-05-09,BTC_USD,DQN,1.0,1.3844832248483294
2025-05-12,BTC_USD,DQN,1.0,1.402754745956003
2025-05-13,BTC_USD,DQN,1.0,1.394265776082448
2025-05-14,BTC_USD,DQN,1.0,1.3970293649536778
2025-05-15,BTC_USD,DQN,1.0,1.393590790883247
2025-05-16,BTC_USD,DQN,1.0,1.3825957637800577
2025-05-19,BTC_USD,DQN,1.0,1.3981085525825145
2025-05-20,BTC_USD,DQN,1.0,1.4359050449877415
2025-05-21,BTC_USD,DQN,1.0,1.4620262378636566
2025-05-22,BTC_USD,DQN,1.0,1.4046114905738605
2025-05-23,BTC_USD,DQN,1.0,1.3988908166814853
2025-05-27,BTC_USD,DQN,1.0,1.3835880917282184
2025-05-28,BTC_USD,DQN,1.0,1.3558582698615675
2025-05-29,BTC_USD,DQN,1.0,1.3347687934372694
2025-05-30,BTC_USD,DQN,1.0,1.337667321555822
2025-06-02,BTC_USD,DQN,1.0,1.3319940353415545
2025-06-03,BTC_USD,DQN,1.0,1.3231443800085054
2025-06-04,BTC_USD,DQN,1.0,1.2832722718221785
2025-06-05,BTC_USD,DQN,1.0,1.31882822123763
2025-06-06,BTC_USD,DQN,1.0,1.374931065569665
2025-06-09,BTC_USD,DQN,1.0,1.374471477607337
2025-06-10,BTC_USD,DQN,1.0,1.3548921928498585
2025-06-11,BTC_USD,DQN,1.0,1.3205162014374765
2025-06-12,BTC_USD,DQN,1.0,1.3225346291804838
2025-06-13,BTC_USD,DQN,1.0,1.338130770888213
2025-06-16,BTC_USD,DQN,1.0,1.3106200641747847
2025-06-17,BTC_USD,DQN,1.0,1.314156081064108
2025-06-18,BTC_USD,DQN,1.0,1.2968989171298977
2025-06-20,BTC_USD,DQN,1.0,1.3558528263764218
2025-06-23,BTC_USD,DQN,1.0,1.3618611786582209
2025-06-24,BTC_USD,DQN,1.0,1.3787567222619836
2025-06-25,BTC_USD,DQN,1.0,1.3736036817926673
2025-06-26,BTC_USD,DQN,1.0,1.3752530038906619
2025-06-27,BTC_USD,DQN,1.0,1.3593893739367047
2025-06-30,BTC_USD,DQN,1.0,1.3411552698023501
2025-07-01,BTC_USD,DQN,1.0,1.381264192545339
2025-07-02,BTC_USD,DQN,1.0,1.3912710769832075
2025-07-03,BTC_USD,DQN,1.0,1.3793975586969942
2025-07-07,BTC_USD,DQN,1.0,1.3876818761134437
2025-07-08,BTC_USD,DQN,1.0,1.4179481831095875
2025-07-09,BTC_USD,DQN,1.0,1.4773101026679198
2025-07-10,BTC_USD,DQN,1.0,1.496794776632741
2025-07-11,BTC_USD,DQN,1.0,1.5060129045014727
2025-07-14,BTC_USD,DQN,1.0,1.479969992465424
2025-07-15,BTC_USD,DQN,1.0,1.492049795403896
2025-07-16,BTC_USD,DQN,1.0,1.498977797851465
2025-07-17,BTC_USD,DQN,1.0,1.482810364499482
2025-07-18,BTC_USD,DQN,1.0,1.4845643163673137
2025-07-21,BTC_USD,DQN,1.0,1.5168733738822275
2025-07-22,BTC_USD,DQN,1.0,1.5011926886530282
2025-07-23,BTC_USD,DQN,1.0,1.4963010788576696
2025-07-24,BTC_USD,DQN,1.0,1.4870463162739773
2025-07-25,BTC_USD,DQN,1.0,1.4863027931158403
2025-07-28,BTC_USD,DQN,1.0,1.485530298373515
2025-07-29,BTC_USD,DQN,1.0,1.4843844133093846
2025-07-30,BTC_USD,DQN,1.0,1.4582698865820367
2025-07-31,BTC_USD,DQN,1.0,1.4275555805673688
2025-08-01,BTC_USD,DQN,1.0,1.426841802777085
2025-08-04,BTC_USD,DQN,1.0,1.4145913574747437
2025-08-05,BTC_USD,DQN,1.0,1.4255787126412451
2025-08-06,BTC_USD,DQN,1.0,1.4561765588714957
2025-08-07,BTC_USD,DQN,1.0,1.4461606269144474
2025-08-08,BTC_USD,DQN,1.0,1.4391870547469827
2025-08-11,BTC_USD,DQN,1.0,1.4566595273149134
2025-08-12,BTC_USD,DQN,1.0,1.495098266198011
2025-08-13,BTC_USD,DQN,1.0,1.434679517245636
2025-08-14,BTC_USD,DQN,1.0,1.4230281402933225
2025-08-15,BTC_USD,DQN,1.0,1.408480192346395
2025-08-18,BTC_USD,DQN,1.0,1.3670307132077106
2025-08-19,BTC_USD,DQN,1.0,1.3845205088422192
2025-08-20,BTC_USD,DQN,1.0,1.3620372391163864
2025-08-21,BTC_USD,DQN,1.0,1.3613562204968284
2025-08-22,BTC_USD,DQN,1.0,1.3206708639542006
2025-08-25,BTC_USD,DQN,1.0,1.3407980026857378
2025-08-26,BTC_USD,DQN,1.0,1.340127603684395
2025-08-27,BTC_USD,DQN,1.0,1.340127603684395
2025-08-28,BTC_USD,DQN,1.0,1.340127603684395
2025-08-29,BTC_USD,DQN,1.0,1.363377211783079
2025-09-02,BTC_USD,DQN,1.0,1.3626955231771873
2025-09-03,BTC_USD,DQN,1.0,1.3626955231771873
2025-09-04,BTC_USD,DQN,1.0,1.3626955231771873
2025-09-05,BTC_USD,DQN,1.0,1.3626955231771873
2025-09-08,BTC_USD,DQN,1.0,1.3626955231771873
2025-09-09,BTC_USD,DQN,1.0,1.3626955231771873
2025-09-10,BTC_USD,DQN,1.0,1.3805753762483068
2025-09-11,BTC_USD,DQN,1.0,1.387675481651586
2025-09-12,BTC_USD,DQN,1.0,1.3881230043594455
2025-09-15,BTC_USD,DQN,1.0,1.404936481341714
2025-09-16,BTC_USD,DQN,1.0,1.4004312879021181
2025-09-17,BTC_USD,DQN,1.0,1.4084717604323072
2025-09-18,BTC_USD,DQN,1.0,1.3910567017075675
2025-09-19,BTC_USD,DQN,1.0,1.3602018965290474
2025-09-22,BTC_USD,DQN,1.0,1.3513468009007312
2025-09-23,BTC_USD,DQN,1.0,1.367200544586866
2025-09-24,BTC_USD,DQN,1.0,1.315574393628579
2025-09-25,BTC_USD,DQN,1.0,1.3235793518204386
2025-09-26,BTC_USD,DQN,1.0,1.3504675209836
2025-09-29,BTC_USD,DQN,1.0,1.3464031836463226
2025-09-30,BTC_USD,DQN,1.0,1.4006205399246952
2025-10-01,BTC_USD,DQN,1.0,1.4246116582874049
2025-10-02,BTC_USD,DQN,1.0,1.4238993524582613
2025-10-03,BTC_USD,DQN,1.0,1.4238993524582613
2025-10-06,BTC_USD,DQN,1.0,1.3855087835554194
2025-10-07,BTC_USD,DQN,1.0,1.4072235986513868
2025-10-08,BTC_USD,DQN,1.0,1.3884087148228836
2025-10-09,BTC_USD,DQN,1.0,1.291541491998603
2025-10-10,BTC_USD,DQN,1.0,1.2908957212526038
2025-10-13,BTC_USD,DQN,1.0,1.2661458566654147
2025-10-14,BTC_USD,DQN,1.0,1.2400044265773769
2025-10-15,BTC_USD,DQN,1.0,1.2109346078587322
2025-10-16,BTC_USD,DQN,1.0,1.1917021042197808
2025-10-17,BTC_USD,DQN,1.0,1.2127822685993142
2025-10-20,BTC_USD,DQN,1.0,1.18962042470746
2025-10-21,BTC_USD,DQN,1.0,1.1809754188288852
2025-10-22,BTC_USD,DQN,1.0,1.207088386349249
2025-10-23,BTC_USD,DQN,1.0,1.2176623107173654
2025-10-24,BTC_USD,DQN,1.0,1.2139061448618056
2025-10-27,BTC_USD,DQN,1.0,1.2015333765836347
2025-10-28,BTC_USD,DQN,1.0,1.200932609895343
2025-10-29,BTC_USD,DQN,1.0,1.200932609895343
2025-10-30,BTC_USD,DQN,1.0,1.200932609895343
2025-10-31,BTC_USD,DQN,1.0,1.155914619494395
2025-11-03,BTC_USD,DQN,1.0,1.1021370319543635
2025-11-04,BTC_USD,DQN,1.0,1.1271035509024607
2025-11-05,BTC_USD,DQN,1.0,1.1265399991270095
2025-11-06,BTC_USD,DQN,1.0,1.1265399991270095
2025-11-07,BTC_USD,DQN,1.0,1.1397137775334287
2025-11-10,BTC_USD,DQN,1.0,1.107466098979655
2025-11-11,BTC_USD,DQN,1.0,1.0931194235825552
2025-11-12,BTC_USD,DQN,1.0,1.0719835554302908
2025-11-13,BTC_USD,DQN,1.0,1.0714475636525758
2025-11-14,BTC_USD,DQN,1.0,1.0714475636525758
2025-11-17,BTC_USD,DQN,1.0,1.0714475636525758
2025-11-18,BTC_USD,DQN,1.0,1.0714475636525758
2025-11-19,BTC_USD,DQN,1.0,1.0142844765520638
2025-11-20,BTC_USD,DQN,1.0,0.9962400107468237
2025-11-21,BTC_USD,DQN,1.0,1.0130598262669004
2025-11-24,BTC_USD,DQN,1.0,1.0024016845070531
2025-11-25,BTC_USD,DQN,1.0,1.0388573352178678
2025-11-26,BTC_USD,DQN,1.0,1.0346908911438772
2025-11-28,BTC_USD,DQN,1.0,0.9880725904251938
2025-12-01,BTC_USD,DQN,1.0,1.0456324127425656
2025-12-02,BTC_USD,DQN,1.0,1.0705581457775883
2025-12-03,BTC_USD,DQN,1.0,1.0546913566347988
2025-12-04,BTC_USD,DQN,1.0,1.023169447617279
2025-12-05,BTC_USD,DQN,1.0,1.0258241180769712
2025-12-08,BTC_USD,DQN,1.0,1.0490421396604355
2025-12-09,BTC_USD,DQN,1.0,1.0485176185906053
2025-12-10,BTC_USD,DQN,1.0,1.0485176185906053
2025-12-11,BTC_USD,DQN,1.0,1.0485176185906053
2025-12-12,BTC_USD,DQN,1.0,1.0485176185906053
2025-12-15,BTC_USD,DQN,1.0,1.0485176185906053
2025-12-16,BTC_USD,DQN,1.0,1.0485176185906053
2025-12-17,BTC_USD,DQN,1.0,1.0485176185906053
2025-12-18,BTC_USD,DQN,1.0,1.0485176185906053
2025-12-19,BTC_USD,DQN,1.0,1.0464347603047535
2025-12-22,BTC_USD,DQN,1.0,1.045911542924601
2025-12-23,BTC_USD,DQN,1.0,1.045911542924601
2025-12-24,BTC_USD,DQN,1.0,1.045911542924601
2025-12-26,BTC_USD,DQN,1.0,1.045911542924601
2025-12-29,BTC_USD,DQN,1.0,1.045911542924601
2025-12-30,BTC_USD,DQN,1.0,1.045911542924601
2025-12-31,BTC_USD,DQN,1.0,1.045911542924601
2026-01-02,BTC_USD,DQN,1.0,1.0736384757325559
2026-01-05,BTC_USD,DQN,1.0,1.0718827856581286
2026-01-06,BTC_USD,DQN,1.0,1.044196560086203
2026-01-07,BTC_USD,DQN,1.0,1.0409838554204696
2026-01-08,BTC_USD,DQN,1.0,1.0351054966373572
2026-01-09,BTC_USD,DQN,1.0,1.0392712346439286
2026-01-12,BTC_USD,DQN,1.0,1.0863245399872408
2026-01-13,BTC_USD,DQN,1.0,1.1046447769424466
2026-01-14,BTC_USD,DQN,1.0,1.0889389439118573
2026-01-15,BTC_USD,DQN,1.0,1.088641836368728
2026-01-16,BTC_USD,DQN,1.0,1.0387381327522636
2026-01-20,BTC_USD,DQN,1.0,1.051277372836277
2026-01-21,BTC_USD,DQN,1.0,1.050751734149859
2026-01-22,BTC_USD,DQN,1.0,1.050751734149859
2026-01-23,BTC_USD,DQN,1.0,1.050751734149859
2026-01-26,BTC_USD,DQN,1.0,1.050751734149859
2026-01-27,BTC_USD,DQN,1.0,1.050751734149859
2026-01-28,BTC_USD,DQN,1.0,1.050751734149859
2026-01-29,BTC_USD,DQN,1.0,1.050751734149859
2026-01-30,BTC_USD,DQN,1.0,1.050751734149859
2026-02-02,BTC_USD,DQN,1.0,1.050751734149859
2026-02-03,BTC_USD,DQN,1.0,1.050751734149859
2026-02-04,BTC_USD,DQN,1.0,1.050751734149859
2026-02-05,BTC_USD,DQN,1.0,1.050751734149859
2026-02-06,BTC_USD,DQN,1.0,1.0480737734207681
2026-02-09,BTC_USD,DQN,1.0,1.0282421978623713
2026-02-10,BTC_USD,DQN,1.0,1.0013083742802522
2026-02-11,BTC_USD,DQN,1.0,0.9897975525186127
2026-02-12,BTC_USD,DQN,1.0,0.9893026537423534
2026-02-13,BTC_USD,DQN,1.0,0.9893026537423534
2026-02-17,BTC_USD,DQN,1.0,0.9893026537423534
2026-02-18,BTC_USD,DQN,1.0,0.9893026537423534
2026-02-19,BTC_USD,DQN,1.0,1.0042907839140973
2026-02-20,BTC_USD,DQN,1.0,1.0037886385221404
2026-02-23,BTC_USD,DQN,1.0,0.9949494515544834
2026-02-24,BTC_USD,DQN,1.0,1.0551941909480143
2026-02-25,BTC_USD,DQN,1.0,1.0473322391442552
2026-02-26,BTC_USD,DQN,1.0,1.0229246834333672
2026-02-27,BTC_USD,DQN,1.0,1.0701939136551342
2026-03-02,BTC_USD,DQN,1.0,1.0626905409189706
2026-03-03,BTC_USD,DQN,1.0,1.0621591956485112
2026-03-04,BTC_USD,DQN,1.0,1.0621591956485112
2026-03-05,BTC_USD,DQN,1.0,1.0621591956485112
2026-03-06,BTC_USD,DQN,1.0,1.1007946870169705
2026-03-09,BTC_USD,DQN,1.0,1.100244289673462
2026-03-10,BTC_USD,DQN,1.0,1.100244289673462
2026-03-11,BTC_USD,DQN,1.0,1.100244289673462
2026-03-12,BTC_USD,DQN,1.0,1.100244289673462
2026-03-13,BTC_USD,DQN,1.0,1.100244289673462
2026-03-16,BTC_USD,DQN,1.0,1.100244289673462
2026-03-17,BTC_USD,DQN,1.0,1.0598518576270484
2026-03-18,BTC_USD,DQN,1.0,1.059321931698235
2026-03-19,BTC_USD,DQN,1.0,1.0680319422178282
2026-03-20,BTC_USD,DQN,1.0,1.1163549194379776
2026-03-23,BTC_USD,DQN,1.0,1.1101052715232402
2026-03-24,BTC_USD,DQN,1.0,1.1225734519378376
2026-03-25,BTC_USD,DQN,1.0,1.0829305685961192
2026-03-26,BTC_USD,DQN,1.0,1.0443110503421396
2026-03-27,BTC_USD,DQN,1.0,1.05597294823772
2026-03-30,BTC_USD,DQN,1.0,1.080386424840996
2026-03-31,BTC_USD,DQN,1.0,1.0798462316285755
2026-04-01,BTC_USD,DQN,1.0,1.0798462316285755
2026-04-02,BTC_USD,DQN,1.0,1.0798462316285755
2026-04-06,BTC_USD,DQN,1.0,1.0798462316285755
2026-04-07,BTC_USD,DQN,1.0,1.0670377938883058
2026-04-08,BTC_USD,DQN,1.0,1.0767065232519484
2026-04-09,BTC_USD,DQN,1.0,1.0948779959477453
2026-04-10,BTC_USD,DQN,1.0,1.1526172148975233
2026-04-13,BTC_USD,DQN,1.0,1.1479279389277244
2026-04-14,BTC_USD,DQN,1.0,1.1575758449680933
2026-04-15,BTC_USD,DQN,1.0,1.1629463643660094
2026-04-16,BTC_USD,DQN,1.0,1.1935046354565049
2026-04-17,BTC_USD,DQN,1.0,1.2260855906185428
2026-04-20,BTC_USD,DQN,1.0,1.2338463395460462
2026-04-21,BTC_USD,DQN,1.0,1.263747291157963
2026-04-22,BTC_USD,DQN,1.0,1.2648114399201627
2026-04-23,BTC_USD,DQN,1.0,1.2516631617153902
2026-04-24,BTC_USD,DQN,1.0,1.2311210802286081
2026-04-27,BTC_USD,DQN,1.0,1.2149544023011216
2026-04-28,BTC_USD,DQN,1.0,1.20581186633993
2026-04-29,BTC_USD,DQN,1.0,1.2142168182886965
2026-04-30,BTC_USD,DQN,1.0,1.2440482563533353
2026-05-01,BTC_USD,DQN,1.0,1.264476827721851
2026-05-04,BTC_USD,DQN,1.0,1.281887377424768
2026-05-05,BTC_USD,DQN,1.0,1.2898149436835806
2026-05-06,BTC_USD,DQN,1.0,1.2673610753419966
2026-05-07,BTC_USD,DQN,1.0,1.270161172776288
2026-05-08,BTC_USD,DQN,1.0,1.2638113231168178
2026-05-11,BTC_USD,DQN,1.0,1.2444694159987995
2026-05-12,BTC_USD,DQN,1.0,1.2259073319349825
2026-05-13,BTC_USD,DQN,1.0,1.2533417606810004
2026-05-14,BTC_USD,DQN,1.0,1.2226377531373207
2026-05-15,BTC_USD,DQN,1.0,1.2151344922454541
2026-05-18,BTC_USD,DQN,1.0,1.2145269249993313
2026-05-19,BTC_USD,DQN,1.0,1.2145269249993313
2026-05-20,BTC_USD,DQN,1.0,1.2151959775166135
2026-05-21,BTC_USD,DQN,1.0,1.1830537525462825
2026-05-22,BTC_USD,DQN,1.0,1.1824622256700095
2026-05-26,BTC_USD,DQN,1.0,1.1824622256700095
2026-05-27,BTC_USD,DQN,1.0,1.1824622256700095
2026-05-28,BTC_USD,DQN,1.0,1.1824622256700095
2026-05-29,BTC_USD,DQN,1.0,1.1455530499863076
2026-06-01,BTC_USD,DQN,1.0,1.071408014628492
2026-06-02,BTC_USD,DQN,1.0,1.0282120937869677
2026-06-03,BTC_USD,DQN,1.0,1.0247941688186442
2026-06-04,BTC_USD,DQN,1.0,0.9785525772325151
2026-06-05,BTC_USD,DQN,1.0,0.9780633009438989
2026-06-08,BTC_USD,DQN,1.0,0.9551450862323448
2026-06-09,BTC_USD,DQN,1.0,0.9521315096243849
2026-06-10,BTC_USD,DQN,1.0,0.984852451122326
2026-06-11,BTC_USD,DQN,1.0,0.9845757879635595
2026-06-12,BTC_USD,DQN,1.0,0.9932527917676328
2026-06-15,BTC_USD,DQN,1.0,0.9829312250435808
2026-06-16,BTC_USD,DQN,1.0,0.9652177290215074
2026-06-17,BTC_USD,DQN,1.0,0.9424131583155235
2026-06-18,BTC_USD,DQN,1.0,0.9530621619567733
2026-06-22,BTC_USD,DQN,1.0,0.9339257518141855
2026-06-23,BTC_USD,DQN,1.0,0.9089951413019214
2026-06-24,BTC_USD,DQN,1.0,0.9085406437312705
2026-06-25,BTC_USD,DQN,1.0,0.9125704388717937
2026-06-26,BTC_USD,DQN,1.0,0.921860403531181
2026-06-29,BTC_USD,DQN,1.0,0.897647969825021
2026-06-30,BTC_USD,DQN,1.0,0.919796798590954
2026-07-01,BTC_USD,DQN,1.0,0.9425073508848523
2026-07-02,BTC_USD,DQN,1.0,0.9420360972094098
2026-07-06,BTC_USD,DQN,1.0,0.9420360972094098
2026-07-07,BTC_USD,DQN,1.0,0.9420360972094098
2026-07-08,BTC_USD,DQN,1.0,0.9420360972094098
2026-07-09,BTC_USD,DQN,1.0,0.9420360972094098
2026-07-10,BTC_USD,DQN,1.0,0.9420360972094098
2026-07-13,BTC_USD,DQN,1.0,0.9826888076370732
2026-07-14,BTC_USD,DQN,1.0,0.9790014121191181
2026-07-15,BTC_USD,DQN,1.0,0.9650363847998714
2026-07-16,BTC_USD,DQN,1.0,0.9667032386226425
2026-07-17,BTC_USD,DQN,1.0,0.9747610807016466
2026-07-20,BTC_USD,DQN,1.0,0.9938154276032115
2026-07-21,BTC_USD,DQN,1.0,0.9877733740255531
2026-07-22,BTC_USD,DQN,1.0,0.9719933335672737
2026-07-23,BTC_USD,DQN,1.0,0.9578521099559313
2026-07-24,BTC_USD,DQN,1.0,0.9341712189149045
2026-07-27,BTC_USD,DQN,1.0,0.9363183112597957
2026-07-28,BTC_USD,DQN,1.0,0.9368578473065635
2026-07-29,BTC_USD,DQN,1.0,0.9488366699080593
2026-07-30,BTC_USD,DQN,1.0,0.9208142373198234
2026-07-31,BTC_USD,DQN,1.0,0.9205081565539418
2026-08-03,BTC_USD,DQN,1.0,0.9291394981662713
2026-08-04,BTC_USD,DQN,1.0,0.9409512580440021
2024-11-18,BTC_USD,DQN,2.0,1.0
2024-11-19,BTC_USD,DQN,2.0,1.0211116659849127
2024-11-20,BTC_USD,DQN,2.0,1.0661953240930218
2024-11-21,BTC_USD,DQN,2.0,1.0656622264309754
2024-11-22,BTC_USD,DQN,2.0,1.011728507719599
2024-11-25,BTC_USD,DQN,2.0,1.0112226434657392
2024-11-26,BTC_USD,DQN,2.0,1.0112226434657392
2024-11-27,BTC_USD,DQN,2.0,1.0112226434657392
2024-11-29,BTC_USD,DQN,2.0,0.9960134781723842
2024-12-02,BTC_USD,DQN,2.0,0.9974354084792725
2024-12-03,BTC_USD,DQN,2.0,1.026177183340424
2024-12-04,BTC_USD,DQN,2.0,1.0035799526185265
2024-12-05,BTC_USD,DQN,2.0,1.0381480053366337
2024-12-06,BTC_USD,DQN,2.0,1.0376289313339655
2024-12-09,BTC_USD,DQN,2.0,1.0290452178208953
2024-12-10,BTC_USD,DQN,2.0,1.0285306952119848
2024-12-11,BTC_USD,DQN,2.0,1.0285306952119848
2024-12-12,BTC_USD,DQN,2.0,1.0425768152235746
2024-12-13,BTC_USD,DQN,2.0,1.05988024262637
2024-12-16,BTC_USD,DQN,2.0,1.060988634722483
2024-12-17,BTC_USD,DQN,2.0,1.0000219933081544
2024-12-18,BTC_USD,DQN,2.0,0.9995219823115005
2024-12-19,BTC_USD,DQN,2.0,0.9995219823115005
2024-12-20,BTC_USD,DQN,2.0,0.9995219823115005
2024-12-23,BTC_USD,DQN,2.0,1.0411396847526944
2024-12-24,BTC_USD,DQN,2.0,1.004404039978955
2024-12-26,BTC_USD,DQN,2.0,1.0039018379589657
2024-12-27,BTC_USD,DQN,2.0,1.0039018379589657
2024-12-30,BTC_USD,DQN,2.0,1.0039018379589657
2024-12-31,BTC_USD,DQN,2.0,1.0039018379589657
2025-01-02,BTC_USD,DQN,2.0,1.0039018379589657
2025-01-03,BTC_USD,DQN,2.0,1.0039018379589657
2025-01-06,BTC_USD,DQN,2.0,1.0039018379589657
2025-01-07,BTC_USD,DQN,2.0,1.0039018379589657
2025-01-08,BTC_USD,DQN,2.0,1.0039018379589657
2025-01-10,BTC_USD,DQN,2.0,1.0039018379589657
2025-01-13,BTC_USD,DQN,2.0,1.0039018379589657
2025-01-14,BTC_USD,DQN,2.0,1.0039018379589657
2025-01-15,BTC_USD,DQN,2.0,1.0039018379589657
2025-01-16,BTC_USD,DQN,2.0,1.0039018379589657
2025-01-17,BTC_USD,DQN,2.0,1.0039018379589657
2025-01-21,BTC_USD,DQN,2.0,1.0039018379589657
2025-01-22,BTC_USD,DQN,2.0,1.0039018379589657
2025-01-23,BTC_USD,DQN,2.0,1.0039018379589657
2025-01-24,BTC_USD,DQN,2.0,1.0039018379589657
2025-01-27,BTC_USD,DQN,2.0,1.0039018379589657
2025-01-28,BTC_USD,DQN,2.0,1.0039018379589657
2025-01-29,BTC_USD,DQN,2.0,1.0039018379589657
2025-01-30,BTC_USD,DQN,2.0,1.0039018379589657
2025-01-31,BTC_USD,DQN,2.0,1.0039018379589657
2025-02-03,BTC_USD,DQN,2.0,0.968417644102511
2025-02-04,BTC_USD,DQN,2.0,0.9679334352804597
2025-02-05,BTC_USD,DQN,2.0,0.9672275763681903
2025-02-06,BTC_USD,DQN,2.0,0.9667439625800063
2025-02-07,BTC_USD,DQN,2.0,0.9667439625800063
2025-02-10,BTC_USD,DQN,2.0,0.9667439625800063
2025-02-11,BTC_USD,DQN,2.0,0.9667439625800063
2025-02-12,BTC_USD,DQN,2.0,0.9667439625800063
2025-02-13,BTC_USD,DQN,2.0,0.9667439625800063
2025-02-14,BTC_USD,DQN,2.0,0.9667439625800063
2025-02-18,BTC_USD,DQN,2.0,0.9667439625800063
2025-02-19,BTC_USD,DQN,2.0,0.9667439625800063
2025-02-20,BTC_USD,DQN,2.0,0.9667439625800063
2025-02-21,BTC_USD,DQN,2.0,0.9667439625800063
2025-02-24,BTC_USD,DQN,2.0,0.9378985346260281
2025-02-25,BTC_USD,DQN,2.0,0.8915073527573054
2025-02-26,BTC_USD,DQN,2.0,0.8952828174908221
2025-02-27,BTC_USD,DQN,2.0,0.8917819950674335
2025-02-28,BTC_USD,DQN,2.0,0.8143571245446058
2025-03-03,BTC_USD,DQN,2.0,0.8139499459823336
2025-03-04,BTC_USD,DQN,2.0,0.8139499459823336
2025-03-05,BTC_USD,DQN,2.0,0.8139499459823336
2025-03-06,BTC_USD,DQN,2.0,0.7844178142440986
2025-03-07,BTC_USD,DQN,2.0,0.7642817078381576
2025-03-10,BTC_USD,DQN,2.0,0.8064237774481505
2025-03-11,BTC_USD,DQN,2.0,0.8147948327734551
2025-03-12,BTC_USD,DQN,2.0,0.8143874353570684
2025-03-13,BTC_USD,DQN,2.0,0.8143874353570684
2025-03-14,BTC_USD,DQN,2.0,0.8143874353570684
2025-03-17,BTC_USD,DQN,2.0,0.8143874353570684
2025-03-18,BTC_USD,DQN,2.0,0.8143874353570684
2025-03-19,BTC_USD,DQN,2.0,0.8143874353570684
2025-03-20,BTC_USD,DQN,2.0,0.8143874353570684
2025-03-21,BTC_USD,DQN,2.0,0.8143874353570684
2025-03-24,BTC_USD,DQN,2.0,0.8143874353570684
2025-03-25,BTC_USD,DQN,2.0,0.8143874353570684
2025-03-26,BTC_USD,DQN,2.0,0.8143874353570684
2025-03-27,BTC_USD,DQN,2.0,0.8143874353570684
2025-03-28,BTC_USD,DQN,2.0,0.8143874353570684
2025-03-31,BTC_USD,DQN,2.0,0.8143874353570684
2025-04-01,BTC_USD,DQN,2.0,0.8143874353570684
2025-04-02,BTC_USD,DQN,2.0,0.8143874353570684
2025-04-03,BTC_USD,DQN,2.0,0.8143874353570684
2025-04-04,BTC_USD,DQN,2.0,0.8143874353570684
2025-04-07,BTC_USD,DQN,2.0,0.8143874353570684
2025-04-08,BTC_USD,DQN,2.0,0.8143874353570684
2025-04-09,BTC_USD,DQN,2.0,0.8143874353570684
2025-04-10,BTC_USD,DQN,2.0,0.8526273738548681
2025-04-11,BTC_USD,DQN,2.0,0.8522010601679407
2025-04-14,BTC_USD,DQN,2.0,0.8522010601679407
2025-04-15,BTC_USD,DQN,2.0,0.8522010601679407
2025-04-16,BTC_USD,DQN,2.0,0.8522010601679407
2025-04-17,BTC_USD,DQN,2.0,0.8522010601679407
2025-04-21,BTC_USD,DQN,2.0,0.8522010601679407
2025-04-22,BTC_USD,DQN,2.0,0.8522010601679407
2025-04-23,BTC_USD,DQN,2.0,0.854000412454866
2025-04-24,BTC_USD,DQN,2.0,0.861061067986892
2025-04-25,BTC_USD,DQN,2.0,0.8723016394666011
2025-04-28,BTC_USD,DQN,2.0,0.8659281794715282
2025-04-29,BTC_USD,DQN,2.0,0.8654952153817925
2025-04-30,BTC_USD,DQN,2.0,0.8654952153817925
2025-05-01,BTC_USD,DQN,2.0,0.8654952153817925
2025-05-02,BTC_USD,DQN,2.0,0.8654952153817925
2025-05-05,BTC_USD,DQN,2.0,0.8654952153817925
2025-05-06,BTC_USD,DQN,2.0,0.8671174633999829
2025-05-07,BTC_USD,DQN,2.0,0.9226046892161236
2025-05-08,BTC_USD,DQN,2.0,0.9201864216320182
2025-05-09,BTC_USD,DQN,2.0,0.9087541241619197
2025-05-12,BTC_USD,DQN,2.0,0.9207472778984909
2025-05-13,BTC_USD,DQN,2.0,0.9151752447788231
2025-05-14,BTC_USD,DQN,2.0,0.9169892232649064
2025-05-15,BTC_USD,DQN,2.0,0.9147321945688147
2025-05-16,BTC_USD,DQN,2.0,0.9075152228887209
2025-05-19,BTC_USD,DQN,2.0,0.9176975859166514
2025-05-20,BTC_USD,DQN,2.0,0.9425066393855857
2025-05-21,BTC_USD,DQN,2.0,0.9596522005075828
2025-05-22,BTC_USD,DQN,2.0,0.9219660173521079
2025-05-23,BTC_USD,DQN,2.0,0.9215050343434319
2025-05-27,BTC_USD,DQN,2.0,0.9109637680967752
2025-05-28,BTC_USD,DQN,2.0,0.8927062656165798
2025-05-29,BTC_USD,DQN,2.0,0.8922599124837716
2025-05-30,BTC_USD,DQN,2.0,0.8922599124837716
2025-06-02,BTC_USD,DQN,2.0,0.888029548750218
2025-06-03,BTC_USD,DQN,2.0,0.8821295557896734
2025-06-04,BTC_USD,DQN,2.0,0.8555471467841073
2025-06-05,BTC_USD,DQN,2.0,0.8551193732107153
2025-06-06,BTC_USD,DQN,2.0,0.8551193732107153
2025-06-09,BTC_USD,DQN,2.0,0.8551193732107153
2025-06-10,BTC_USD,DQN,2.0,0.842510676277905
2025-06-11,BTC_USD,DQN,2.0,0.8211347026577079
2025-06-12,BTC_USD,DQN,2.0,0.8223898186970161
2025-06-13,BTC_USD,DQN,2.0,0.8219786237876676
2025-06-16,BTC_USD,DQN,2.0,0.8219786237876676
2025-06-17,BTC_USD,DQN,2.0,0.8219786237876676
2025-06-18,BTC_USD,DQN,2.0,0.8219786237876676
2025-06-20,BTC_USD,DQN,2.0,0.8219786237876676
2025-06-23,BTC_USD,DQN,2.0,0.8219786237876676
2025-06-24,BTC_USD,DQN,2.0,0.8317652786242387
2025-06-25,BTC_USD,DQN,2.0,0.8286565937688778
2025-06-26,BTC_USD,DQN,2.0,0.8296515835536811
2025-06-27,BTC_USD,DQN,2.0,0.8200815003217403
2025-06-30,BTC_USD,DQN,2.0,0.8090813764703819
2025-07-01,BTC_USD,DQN,2.0,0.833277965152037
2025-07-02,BTC_USD,DQN,2.0,0.8393148380014901
2025-07-03,BTC_USD,DQN,2.0,0.8321518772803415
2025-07-07,BTC_USD,DQN,2.0,0.8371495737360295
2025-07-08,BTC_USD,DQN,2.0,0.8554083882644353
2025-07-09,BTC_USD,DQN,2.0,0.8912197701883625
2025-07-10,BTC_USD,DQN,2.0,0.9029743277601024
2025-07-11,BTC_USD,DQN,2.0,0.9085353658833114
2025-07-14,BTC_USD,DQN,2.0,0.8928244071361346
2025-07-15,BTC_USD,DQN,2.0,0.9001118136050295
2025-07-16,BTC_USD,DQN,2.0,0.9042912832627785
2025-07-17,BTC_USD,DQN,2.0,0.8945379239576002
2025-07-18,BTC_USD,DQN,2.0,0.8955960339493667
2025-07-21,BTC_USD,DQN,2.0,0.9150871825995001
2025-07-22,BTC_USD,DQN,2.0,0.9056274647913533
2025-07-23,BTC_USD,DQN,2.0,0.9026764937326719
2025-07-24,BTC_USD,DQN,2.0,0.8970933549129408
2025-07-25,BTC_USD,DQN,2.0,0.8856475487337813
2025-07-28,BTC_USD,DQN,2.0,0.8856300638293789
2025-07-29,BTC_USD,DQN,2.0,0.8849469203999933
2025-07-30,BTC_USD,DQN,2.0,0.8693781972324232
2025-07-31,BTC_USD,DQN,2.0,0.8689435081338069
2025-08-01,BTC_USD,DQN,2.0,0.8689435081338069
2025-08-04,BTC_USD,DQN,2.0,0.8614830139875748
2025-08-05,BTC_USD,DQN,2.0,0.8681742890293556
2025-08-06,BTC_USD,DQN,2.0,0.8868083098387434
2025-08-07,BTC_USD,DQN,2.0,0.8807086293870999
2025-08-08,BTC_USD,DQN,2.0,0.8764617393312948
2025-08-11,BTC_USD,DQN,2.0,0.8871024365546305
2025-08-12,BTC_USD,DQN,2.0,0.9105115436808089
2025-08-13,BTC_USD,DQN,2.0,0.8737166589433768
2025-08-14,BTC_USD,DQN,2.0,0.8666209960998665
2025-08-15,BTC_USD,DQN,2.0,0.8577613279148252
2025-08-18,BTC_USD,DQN,2.0,0.8325186866192125
2025-08-19,BTC_USD,DQN,2.0,0.8431699335518534
2025-08-20,BTC_USD,DQN,2.0,0.8294776719207048
2025-08-21,BTC_USD,DQN,2.0,0.862349049207786
2025-08-22,BTC_USD,DQN,2.0,0.8619178746831822
2025-08-25,BTC_USD,DQN,2.0,0.8619178746831822
2025-08-26,BTC_USD,DQN,2.0,0.8619178746831822
2025-08-27,BTC_USD,DQN,2.0,0.8619178746831822
2025-08-28,BTC_USD,DQN,2.0,0.8619178746831822
2025-08-29,BTC_USD,DQN,2.0,0.8619178746831822
2025-09-02,BTC_USD,DQN,2.0,0.8619178746831822
2025-09-03,BTC_USD,DQN,2.0,0.8619178746831822
2025-09-04,BTC_USD,DQN,2.0,0.8619178746831822
2025-09-05,BTC_USD,DQN,2.0,0.8619178746831822
2025-09-08,BTC_USD,DQN,2.0,0.8619178746831822
2025-09-09,BTC_USD,DQN,2.0,0.8619178746831822
2025-09-10,BTC_USD,DQN,2.0,0.8619178746831822
2025-09-11,BTC_USD,DQN,2.0,0.8619178746831822
2025-09-12,BTC_USD,DQN,2.0,0.8619178746831822
2025-09-15,BTC_USD,DQN,2.0,0.8619178746831822
2025-09-16,BTC_USD,DQN,2.0,0.8619178746831822
2025-09-17,BTC_USD,DQN,2.0,0.8619178746831822
2025-09-18,BTC_USD,DQN,2.0,0.8508297262833389
2025-09-19,BTC_USD,DQN,2.0,0.8319576088402897
2025-09-22,BTC_USD,DQN,2.0,0.8315416300358696
2025-09-23,BTC_USD,DQN,2.0,0.8408813474923689
2025-09-24,BTC_USD,DQN,2.0,0.8091292628727956
2025-09-25,BTC_USD,DQN,2.0,0.8140526225493565
2025-09-26,BTC_USD,DQN,2.0,0.8305898891610765
2025-09-29,BTC_USD,DQN,2.0,0.8280901641058426
2025-09-30,BTC_USD,DQN,2.0,0.8614359404700613
2025-10-01,BTC_USD,DQN,2.0,0.8610052224998264
2025-10-02,BTC_USD,DQN,2.0,0.8718849161321259
2025-10-03,BTC_USD,DQN,2.0,0.8806314361262207
2025-10-06,BTC_USD,DQN,2.0,0.8573285415055438
2025-10-07,BTC_USD,DQN,2.0,0.870765288335481
2025-10-08,BTC_USD,DQN,2.0,0.8591229681259378
2025-10-09,BTC_USD,DQN,2.0,0.7991832291294645
2025-10-10,BTC_USD,DQN,2.0,0.7987836375148998
2025-10-13,BTC_USD,DQN,2.0,0.7987836375148998
2025-10-14,BTC_USD,DQN,2.0,0.7987836375148998
2025-10-15,BTC_USD,DQN,2.0,0.779658106466083
2025-10-16,BTC_USD,DQN,2.0,0.7672752929991677
2025-10-17,BTC_USD,DQN,2.0,0.7808477195674387
2025-10-20,BTC_USD,DQN,2.0,0.780457295707655
2025-10-21,BTC_USD,DQN,2.0,0.780457295707655
2025-10-22,BTC_USD,DQN,2.0,0.780457295707655
2025-10-23,BTC_USD,DQN,2.0,0.780457295707655
2025-10-24,BTC_USD,DQN,2.0,0.780457295707655
2025-10-27,BTC_USD,DQN,2.0,0.780457295707655
2025-10-28,BTC_USD,DQN,2.0,0.780457295707655
2025-10-29,BTC_USD,DQN,2.0,0.780457295707655
2025-10-30,BTC_USD,DQN,2.0,0.780457295707655
2025-10-31,BTC_USD,DQN,2.0,0.780457295707655
2025-11-03,BTC_USD,DQN,2.0,0.780457295707655
2025-11-04,BTC_USD,DQN,2.0,0.797746630758803
2025-11-05,BTC_USD,DQN,2.0,0.777854788221751
2025-11-06,BTC_USD,DQN,2.0,0.793758124064509
2025-11-07,BTC_USD,DQN,2.0,0.8034372244793774
2025-11-10,BTC_USD,DQN,2.0,0.78070433674574
2025-11-11,BTC_USD,DQN,2.0,0.7705906983140818
2025-11-12,BTC_USD,DQN,2.0,0.7556910422952098
2025-11-13,BTC_USD,DQN,2.0,0.715520140394745
2025-11-14,BTC_USD,DQN,2.0,0.6996927881117154
2025-11-17,BTC_USD,DQN,2.0,0.7061887394856317
2025-11-18,BTC_USD,DQN,2.0,0.6949223831777765
2025-11-19,BTC_USD,DQN,2.0,0.6581948534269554
2025-11-20,BTC_USD,DQN,2.0,0.6464853431264317
2025-11-21,BTC_USD,DQN,2.0,0.6574001468790621
2025-11-24,BTC_USD,DQN,2.0,0.6504838090906012
2025-11-25,BTC_USD,DQN,2.0,0.6741408029921118
2025-11-26,BTC_USD,DQN,2.0,0.6714370920412017
2025-11-28,BTC_USD,DQN,2.0,0.6411852974826832
2025-12-01,BTC_USD,DQN,2.0,0.6785373221752541
2025-12-02,BTC_USD,DQN,2.0,0.6947122608446463
2025-12-03,BTC_USD,DQN,2.0,0.6844159000152902
2025-12-04,BTC_USD,DQN,2.0,0.6639605358988512
2025-12-05,BTC_USD,DQN,2.0,0.6656832187107321
2025-12-08,BTC_USD,DQN,2.0,0.6807499802221982
2025-12-09,BTC_USD,DQN,2.0,0.6804096052320872
2025-12-10,BTC_USD,DQN,2.0,0.6804096052320872
2025-12-11,BTC_USD,DQN,2.0,0.6804096052320872
2025-12-12,BTC_USD,DQN,2.0,0.6804096052320872
2025-12-15,BTC_USD,DQN,2.0,0.6804096052320872
2025-12-16,BTC_USD,DQN,2.0,0.6804096052320872
2025-12-17,BTC_USD,DQN,2.0,0.674688522518697
2025-12-18,BTC_USD,DQN,2.0,0.695537057127764
2025-12-19,BTC_USD,DQN,2.0,0.6951892885992002
2025-12-22,BTC_USD,DQN,2.0,0.6951892885992002
2025-12-23,BTC_USD,DQN,2.0,0.6951892885992002
2025-12-24,BTC_USD,DQN,2.0,0.6951892885992002
2025-12-26,BTC_USD,DQN,2.0,0.6951892885992002
2025-12-29,BTC_USD,DQN,2.0,0.6951892885992002
2025-12-30,BTC_USD,DQN,2.0,0.6951892885992002
2025-12-31,BTC_USD,DQN,2.0,0.7043429314157256
2026-01-02,BTC_USD,DQN,2.0,0.7233671112986209
2026-01-05,BTC_USD,DQN,2.0,0.7221842098972832
2026-01-06,BTC_USD,DQN,2.0,0.7035305332012605
2026-01-07,BTC_USD,DQN,2.0,0.7013659638922838
2026-01-08,BTC_USD,DQN,2.0,0.6974054022058039
2026-01-09,BTC_USD,DQN,2.0,0.7002120805582953
2026-01-12,BTC_USD,DQN,2.0,0.7319143847627158
2026-01-13,BTC_USD,DQN,2.0,0.7315484275703344
2026-01-14,BTC_USD,DQN,2.0,0.7207815020570231
2026-01-15,BTC_USD,DQN,2.0,0.720584843077742
2026-01-16,BTC_USD,DQN,2.0,0.6875529943666767
2026-01-20,BTC_USD,DQN,2.0,0.6958528649452244
2026-01-21,BTC_USD,DQN,2.0,0.6955049385127517
2026-01-22,BTC_USD,DQN,2.0,0.6955049385127517
2026-01-23,BTC_USD,DQN,2.0,0.6955049385127517
2026-01-26,BTC_USD,DQN,2.0,0.6955049385127517
2026-01-27,BTC_USD,DQN,2.0,0.6955049385127517
2026-01-28,BTC_USD,DQN,2.0,0.6955049385127517
2026-01-29,BTC_USD,DQN,2.0,0.6915964115813469
2026-01-30,BTC_USD,DQN,2.0,0.7069991568900356
2026-02-02,BTC_USD,DQN,2.0,0.6795487697450837
2026-02-03,BTC_USD,DQN,2.0,0.6560640281455133
2026-02-04,BTC_USD,DQN,2.0,0.5633628870157464
2026-02-05,BTC_USD,DQN,2.0,0.6339227879573454
2026-02-06,BTC_USD,DQN,2.0,0.6326241247691776
2026-02-09,BTC_USD,DQN,2.0,0.6206536571851291
2026-02-10,BTC_USD,DQN,2.0,0.6043962266469022
2026-02-11,BTC_USD,DQN,2.0,0.5974482200017558
2026-02-12,BTC_USD,DQN,2.0,0.5971494958917549
2026-02-13,BTC_USD,DQN,2.0,0.5971494958917549
2026-02-17,BTC_USD,DQN,2.0,0.5971494958917549
2026-02-18,BTC_USD,DQN,2.0,0.5971494958917549
2026-02-19,BTC_USD,DQN,2.0,0.5971494958917549
2026-02-20,BTC_USD,DQN,2.0,0.5971494958917549
2026-02-23,BTC_USD,DQN,2.0,0.5971494958917549
2026-02-24,BTC_USD,DQN,2.0,0.6330086532806232
2026-02-25,BTC_USD,DQN,2.0,0.6282922858421486
2026-02-26,BTC_USD,DQN,2.0,0.6136502473406475
2026-02-27,BTC_USD,DQN,2.0,0.6420069536426505
2026-03-02,BTC_USD,DQN,2.0,0.637505696991006
2026-03-03,BTC_USD,DQN,2.0,0.678736732430076
2026-03-04,BTC_USD,DQN,2.0,0.6783973640638611
2026-03-05,BTC_USD,DQN,2.0,0.6783973640638611
2026-03-06,BTC_USD,DQN,2.0,0.6783973640638611
2026-03-09,BTC_USD,DQN,2.0,0.6783973640638611
2026-03-10,BTC_USD,DQN,2.0,0.6783973640638611
2026-03-11,BTC_USD,DQN,2.0,0.6783973640638611
2026-03-12,BTC_USD,DQN,2.0,0.6783973640638611
2026-03-13,BTC_USD,DQN,2.0,0.6783973640638611
2026-03-16,BTC_USD,DQN,2.0,0.6783973640638611
2026-03-17,BTC_USD,DQN,2.0,0.6783973640638611
2026-03-18,BTC_USD,DQN,2.0,0.6783973640638611
2026-03-19,BTC_USD,DQN,2.0,0.6783973640638611
2026-03-20,BTC_USD,DQN,2.0,0.6783973640638611
2026-03-23,BTC_USD,DQN,2.0,0.6783973640638611
2026-03-24,BTC_USD,DQN,2.0,0.6783973640638611
2026-03-25,BTC_USD,DQN,2.0,0.6783973640638611
2026-03-26,BTC_USD,DQN,2.0,0.6783973640638611
2026-03-27,BTC_USD,DQN,2.0,0.6783973640638611
2026-03-30,BTC_USD,DQN,2.0,0.6783973640638611
2026-03-31,BTC_USD,DQN,2.0,0.6783973640638611
2026-04-01,BTC_USD,DQN,2.0,0.6783973640638611
2026-04-02,BTC_USD,DQN,2.0,0.6783973640638611
2026-04-06,BTC_USD,DQN,2.0,0.6783973640638611
2026-04-07,BTC_USD,DQN,2.0,0.6783973640638611
2026-04-08,BTC_USD,DQN,2.0,0.6783973640638611
2026-04-09,BTC_USD,DQN,2.0,0.6895074126110133
2026-04-10,BTC_USD,DQN,2.0,0.7258691073492299
2026-04-13,BTC_USD,DQN,2.0,0.7255061727955554
2026-04-14,BTC_USD,DQN,2.0,0.7312410284086875
2026-04-15,BTC_USD,DQN,2.0,0.7308754078944832
2026-04-16,BTC_USD,DQN,2.0,0.7308754078944832
2026-04-17,BTC_USD,DQN,2.0,0.7308754078944832
2026-04-20,BTC_USD,DQN,2.0,0.7308754078944832
2026-04-21,BTC_USD,DQN,2.0,0.7308754078944832
2026-04-22,BTC_USD,DQN,2.0,0.7308754078944832
2026-04-23,BTC_USD,DQN,2.0,0.7229121948283606
2026-04-24,BTC_USD,DQN,2.0,0.7225507387309464
2026-04-27,BTC_USD,DQN,2.0,0.7127011642276229
2026-04-28,BTC_USD,DQN,2.0,0.7123448136455091
2026-04-29,BTC_USD,DQN,2.0,0.7123448136455091
2026-04-30,BTC_USD,DQN,2.0,0.7294898567290814
2026-05-01,BTC_USD,DQN,2.0,0.7414688418887742
2026-05-04,BTC_USD,DQN,2.0,0.7516781077620975
2026-05-05,BTC_USD,DQN,2.0,0.7563267049084038
2026-05-06,BTC_USD,DQN,2.0,0.7431601182299016
2026-05-07,BTC_USD,DQN,2.0,0.744802050257648
2026-05-08,BTC_USD,DQN,2.0,0.7410786007092227
2026-05-11,BTC_USD,DQN,2.0,0.7297368179605775
2026-05-12,BTC_USD,DQN,2.0,0.7188523108884811
2026-05-13,BTC_USD,DQN,2.0,0.718492884733037
2026-05-14,BTC_USD,DQN,2.0,0.7005322053495573
2026-05-15,BTC_USD,DQN,2.0,0.7001819392468825
2026-05-18,BTC_USD,DQN,2.0,0.7001819392468825
2026-05-19,BTC_USD,DQN,2.0,0.706280444942966
2026-05-20,BTC_USD,DQN,2.0,0.7070226574040762
2026-05-21,BTC_USD,DQN,2.0,0.6883217385943838
2026-05-22,BTC_USD,DQN,2.0,0.6879775777250867
2026-05-26,BTC_USD,DQN,2.0,0.6879775777250867
2026-05-27,BTC_USD,DQN,2.0,0.6879775777250867
2026-05-28,BTC_USD,DQN,2.0,0.6879775777250867
2026-05-29,BTC_USD,DQN,2.0,0.6879775777250867
2026-06-01,BTC_USD,DQN,2.0,0.6879775777250867
2026-06-02,BTC_USD,DQN,2.0,0.6598964201056727
2026-06-03,BTC_USD,DQN,2.0,0.6577028294404633
2026-06-04,BTC_USD,DQN,2.0,0.6280254302617707
2026-06-05,BTC_USD,DQN,2.0,0.6265464242262376
2026-06-08,BTC_USD,DQN,2.0,0.6121783108007828
2026-06-09,BTC_USD,DQN,2.0,0.6102468280722196
2026-06-10,BTC_USD,DQN,2.0,0.6312185641809559
2026-06-11,BTC_USD,DQN,2.0,0.6310412432821356
2026-06-12,BTC_USD,DQN,2.0,0.6366025696273747
2026-06-15,BTC_USD,DQN,2.0,0.6299871984413362
2026-06-16,BTC_USD,DQN,2.0,0.6186341399065919
2026-06-17,BTC_USD,DQN,2.0,0.6040180739554027
2026-06-18,BTC_USD,DQN,2.0,0.6108433083148516
2026-06-22,BTC_USD,DQN,2.0,0.5985782656477832
2026-06-23,BTC_USD,DQN,2.0,0.5825995633012817
2026-06-24,BTC_USD,DQN,2.0,0.5704360434255261
2026-06-25,BTC_USD,DQN,2.0,0.5732514073594072
2026-06-26,BTC_USD,DQN,2.0,0.5790871051734815
2026-06-29,BTC_USD,DQN,2.0,0.5638775267054215
2026-06-30,BTC_USD,DQN,2.0,0.5777908058569252
2026-07-01,BTC_USD,DQN,2.0,0.5920569441294752
2026-07-02,BTC_USD,DQN,2.0,0.5917609156574105
2026-07-06,BTC_USD,DQN,2.0,0.5850141437795608
2026-07-07,BTC_USD,DQN,2.0,0.5754038020852995
2026-07-08,BTC_USD,DQN,2.0,0.5840506690626449
2026-07-09,BTC_USD,DQN,2.0,0.5926829144167148
2026-07-10,BTC_USD,DQN,2.0,0.5785617039462632
2026-07-13,BTC_USD,DQN,2.0,0.6038182885828116
2026-07-14,BTC_USD,DQN,2.0,0.6035163794385202
2026-07-15,BTC_USD,DQN,2.0,0.6035163794385202
2026-07-16,BTC_USD,DQN,2.0,0.6042570416176253
2026-07-17,BTC_USD,DQN,2.0,0.6092937557010687
2026-07-20,BTC_USD,DQN,2.0,0.6212040533277741
2026-07-21,BTC_USD,DQN,2.0,0.6174273478464384
2026-07-22,BTC_USD,DQN,2.0,0.6075637204342533
2026-07-23,BTC_USD,DQN,2.0,0.59872446801133
2026-07-24,BTC_USD,DQN,2.0,0.583922257165623
2026-07-27,BTC_USD,DQN,2.0,0.5852643398406043
2026-07-28,BTC_USD,DQN,2.0,0.5856015875526639
2026-07-29,BTC_USD,DQN,2.0,0.5930891883158053
2026-07-30,BTC_USD,DQN,2.0,0.5755732107766977
2026-07-31,BTC_USD,DQN,2.0,0.5753818889204151
2026-08-03,BTC_USD,DQN,2.0,0.5807770802671292
2026-08-04,BTC_USD,DQN,2.0,0.5881602551597516
2024-11-18,META,Comprar y mantener,,1.0115671041806689
2024-11-19,META,Comprar y mantener,,1.0195537846835119
2024-11-20,META,Comprar y mantener,,1.0151726533880812
2024-11-21,META,Comprar y mantener,,1.0080515304637758
2024-11-22,META,Comprar y mantener,,1.0188145026703896
2024-11-25,META,Comprar y mantener,,1.0340126136009375
2024-11-26,META,Comprar y mantener,,1.0261882873964854
2024-11-27,META,Comprar y mantener,,1.0354187988193106
2024-11-29,META,Comprar y mantener,,1.0687899667574638
2024-12-02,META,Comprar y mantener,,1.1063252402383932
2024-12-03,META,Comprar y mantener,,1.1065597520027353
2024-12-04,META,Comprar y mantener,,1.097815860791242
2024-12-05,META,Comprar y mantener,,1.1245703440409898
2024-12-06,META,Comprar y mantener,,1.10618092530649
2024-12-09,META,Comprar y mantener,,1.1165476954761309
2024-12-10,META,Comprar y mantener,,1.1406336805371948
2024-12-11,META,Comprar y mantener,,1.137226564361149
2024-12-12,META,Comprar y mantener,,1.1184045328438206
2024-12-13,META,Comprar y mantener,,1.126325364125435
2024-12-16,META,Comprar y mantener,,1.117664808146858
2024-12-17,META,Comprar y mantener,,1.0775185853764702
2024-12-18,META,Comprar y mantener,,1.0745956546506354
2024-12-19,META,Comprar y mantener,,1.0559752656225152
2024-12-20,META,Comprar y mantener,,1.0823180529008833
2024-12-23,META,Comprar y mantener,,1.0965723618841396
2024-12-24,META,Comprar y mantener,,1.0886331592231573
2024-12-26,META,Comprar y mantener,,1.082246227447812
2024-12-27,META,Comprar y mantener,,1.0667829488969884
2024-12-30,META,Comprar y mantener,,1.0564442891511998
2024-12-31,META,Comprar y mantener,,1.0812175408741636
2025-01-02,META,Comprar y mantener,,1.0909426408174447
2025-01-03,META,Comprar y mantener,,1.137079261313325
2025-01-06,META,Comprar y mantener,,1.1148680423154784
2025-01-07,META,Comprar y mantener,,1.1019310497696766
2025-01-08,META,Comprar y mantener,,1.111205276221721
2025-01-10,META,Comprar y mantener,,1.097618866482356
2025-01-13,META,Comprar y mantener,,1.0722142369323169
2025-01-14,META,Comprar y mantener,,1.1134787897539926
2025-01-15,META,Comprar y mantener,,1.102977554367893
2025-01-16,META,Comprar y mantener,,1.1056300052673698
2025-01-17,META,Comprar y mantener,,1.1122879702238733
2025-01-21,META,Comprar y mantener,,1.1249902296634127
2025-01-22,META,Comprar y mantener,,1.1483561894584027
2025-01-23,META,Comprar y mantener,,1.1682757448865297
2025-01-24,META,Comprar y mantener,,1.190631168145319
2025-01-27,META,Comprar y mantener,,1.2167034755973294
2025-01-28,META,Comprar y mantener,,1.2206008641263892
2025-01-29,META,Comprar y mantener,,1.2395642224596992
2025-01-30,META,Comprar y mantener,,1.2434974683798146
2025-01-31,META,Comprar y mantener,,1.2584373839605698
2025-02-03,META,Comprar y mantener,,1.2705803123680255
2025-02-04,META,Comprar y mantener,,1.2718074319730406
2025-02-05,META,Comprar y mantener,,1.2846540063444831
2025-02-06,META,Comprar y mantener,,1.2892189621045538
2025-02-07,META,Comprar y mantener,,1.29441540636266
2025-02-10,META,Comprar y mantener,,1.2987457396874287
2025-02-11,META,Comprar y mantener,,1.3088138089358994
2025-02-12,META,Comprar y mantener,,1.3145516555305619
2025-02-13,META,Comprar y mantener,,1.3291844591971833
2025-02-14,META,Comprar y mantener,,1.29255701960153
2025-02-18,META,Comprar y mantener,,1.2698227696464954
2025-02-19,META,Comprar y mantener,,1.2537101845730687
2025-02-20,META,Comprar y mantener,,1.233339202298905
2025-02-21,META,Comprar y mantener,,1.2055169656266116
2025-02-24,META,Comprar y mantener,,1.1863370242244873
2025-02-25,META,Comprar y mantener,,1.2155668848376346
2025-02-26,META,Comprar y mantener,,1.1876722693574697
2025-02-27,META,Comprar y mantener,,1.2056432411920268
2025-02-28,META,Comprar y mantener,,1.1819162727253594
2025-03-03,META,Comprar y mantener,,1.1547614926131171
2025-03-04,META,Comprar y mantener,,1.1844784161214368
2025-03-05,META,Comprar y mantener,,1.1329834397528997
2025-03-06,META,Comprar y mantener,,1.1288875075215135
2025-03-07,META,Comprar y mantener,,1.0789621773793407
2025-03-10,META,Comprar y mantener,,1.0928916670948554
2025-03-11,META,Comprar y mantener,,1.1178811698737534
2025-03-12,META,Comprar y mantener,,1.065700476236757
2025-03-13,META,Comprar y mantener,,1.0972770038867679
2025-03-14,META,Comprar y mantener,,1.0924011733999215
2025-03-17,META,Comprar y mantener,,1.0516955089264897
2025-03-18,META,Comprar y mantener,,1.0547656320291887
2025-03-19,META,Comprar y mantener,,1.0582691426114366
2025-03-20,META,Comprar y mantener,,1.0767798567181492
2025-03-21,META,Comprar y mantener,,1.117593425377628
2025-03-24,META,Comprar y mantener,,1.1310657333571834
2025-03-25,META,Comprar y mantener,,1.10338095001727
2025-03-26,META,Comprar y mantener,,1.0882111708524944
2025-03-27,META,Comprar y mantener,,1.0415463178643036
2025-03-28,META,Comprar y mantener,,1.0408599365700844
2025-03-31,META,Comprar y mantener,,1.0582691426114366
2025-04-01,META,Comprar y mantener,,1.0545307882519663
2025-04-02,META,Comprar y mantener,,0.9600631634643685
2025-04-03,META,Comprar y mantener,,0.9115020189112307
2025-04-04,META,Comprar y mantener,,0.9323061119875434
2025-04-07,META,Comprar y mantener,,0.9218318249802155
2025-04-08,META,Comprar y mantener,,1.0578537944983755
2025-04-09,META,Comprar y mantener,,0.9865559098936021
2025-04-10,META,Comprar y mantener,,0.9816440006737801
2025-04-11,META,Comprar y mantener,,0.9598103909916184
2025-04-14,META,Comprar y mantener,,0.9418234825388143
2025-04-15,META,Comprar y mantener,,0.907131678034405
2025-04-16,META,Comprar y mantener,,0.9056327505515113
2025-04-17,META,Comprar y mantener,,0.8752571688244644
2025-04-21,META,Comprar y mantener,,0.9034655918118462
2025-04-22,META,Comprar y mantener,,0.9395661269667098
2025-04-23,META,Comprar y mantener,,0.9628263959948536
2025-04-24,META,Comprar y mantener,,0.9883258705576541
2025-04-25,META,Comprar y mantener,,0.9927863529314392
2025-04-28,META,Comprar y mantener,,1.001274262212341
2025-04-29,META,Comprar y mantener,,0.9914500010888566
2025-04-30,META,Comprar y mantener,,1.033365520497536
2025-05-01,META,Comprar y mantener,,1.0781703266601956
2025-05-02,META,Comprar y mantener,,1.0822338323002878
2025-05-05,META,Comprar y mantener,,1.0606348450534284
2025-05-06,META,Comprar y mantener,,1.0777910572801104
2025-05-07,META,Comprar y mantener,,1.0799583266907355
2025-05-08,META,Comprar y mantener,,1.069989418622468
2025-05-09,META,Comprar y mantener,,1.1547595005358366
2025-05-12,META,Comprar y mantener,,1.1847376075098703
2025-05-13,META,Comprar y mantener,,1.1907513568079329
2025-05-14,META,Comprar y mantener,,1.1627959829707013
2025-05-15,META,Comprar y mantener,,1.1564028536215931
2025-05-16,META,Comprar y mantener,,1.1565654292619039
2025-05-19,META,Comprar y mantener,,1.1505515692928812
2025-05-20,META,Comprar y mantener,,1.147662061196981
2025-05-21,META,Comprar y mantener,,1.1495944868303838
2025-05-22,META,Comprar y mantener,,1.132420124566254
2025-05-23,META,Comprar y mantener,,1.1599784109988323
2025-05-27,META,Comprar y mantener,,1.1622541379503046
2025-05-28,META,Comprar y mantener,,1.1649086915980222
2025-05-29,META,Comprar y mantener,,1.169315055872344
2025-05-30,META,Comprar y mantener,,1.211591694623661
2025-06-02,META,Comprar y mantener,,1.2042776722159911
2025-06-03,META,Comprar y mantener,,1.242382679799249
2025-06-04,META,Comprar y mantener,,1.2363689305011865
2025-06-05,META,Comprar y mantener,,1.2600084689094158
2025-06-06,META,Comprar y mantener,,1.2534167958579812
2025-06-09,META,Comprar y mantener,,1.2684782281528697
2025-06-10,META,Comprar y mantener,,1.2535613321318044
2025-06-11,META,Comprar y mantener,,1.25215260148135
2025-06-12,META,Comprar y mantener,,1.2332084998950883
2025-06-13,META,Comprar y mantener,,1.2689481370492346
2025-06-16,META,Comprar y mantener,,1.2601103968636205
2025-06-17,META,Comprar y mantener,,1.2574716691631898
2025-06-18,META,Comprar y mantener,,1.2332174642428524
2025-06-20,META,Comprar y mantener,,1.262460162687365
2025-06-23,META,Comprar y mantener,,1.2871659051246995
2025-06-24,META,Comprar y mantener,,1.2808040956572853
2025-06-25,META,Comprar y mantener,,1.3122693989924474
2025-06-26,META,Comprar y mantener,,1.3258964249741503
2025-06-27,META,Comprar y mantener,,1.3339571443492657
2025-06-30,META,Comprar y mantener,,1.2998531133136728
2025-07-01,META,Comprar y mantener,,1.2896419465138595
2025-07-02,META,Comprar y mantener,,1.2994737332626272
2025-07-03,META,Comprar y mantener,,1.298280810984267
2025-07-07,META,Comprar y mantener,,1.3024735803056953
2025-07-08,META,Comprar y mantener,,1.3243604227196402
2025-07-09,META,Comprar y mantener,,1.3143477996221538
2025-07-10,META,Comprar y mantener,,1.2967626267543249
2025-07-11,META,Comprar y mantener,,1.3029256711774926
2025-07-14,META,Comprar y mantener,,1.2838945822166332
2025-07-15,META,Comprar y mantener,,1.2703757924338577
2025-07-16,META,Comprar y mantener,,1.2676649072674757
2025-07-17,META,Comprar y mantener,,1.2728519444939776
2025-07-18,META,Comprar y mantener,,1.2885573711053868
2025-07-21,META,Comprar y mantener,,1.2738098016531954
2025-07-22,META,Comprar y mantener,,1.2896600965513076
2025-07-23,META,Comprar y mantener,,1.2918647727464292
2025-07-24,META,Comprar y mantener,,1.2880332334385982
2025-07-25,META,Comprar y mantener,,1.2969795418360197
2025-07-28,META,Comprar y mantener,,1.2651165977414043
2025-07-29,META,Comprar y mantener,,1.256459693904509
2025-07-30,META,Comprar y mantener,,1.397845497507848
2025-07-31,META,Comprar y mantener,,1.355500242761301
2025-08-01,META,Comprar y mantener,,1.4031408816042374
2025-08-04,META,Comprar y mantener,,1.3798085657811021
2025-08-05,META,Comprar y mantener,,1.3952249198448652
2025-08-06,META,Comprar y mantener,,1.3768625048246173
2025-08-07,META,Comprar y mantener,,1.3903631445699451
2025-08-08,META,Comprar y mantener,,1.384164132084762
2025-08-11,META,Comprar y mantener,,1.4277744665756205
2025-08-12,META,Comprar y mantener,,1.409846103060682
2025-08-13,META,Comprar y mantener,,1.4135509241192574
2025-08-14,META,Comprar y mantener,,1.4191536414717008
2025-08-15,META,Comprar y mantener,,1.3868751279221039
2025-08-18,META,Comprar y mantener,,1.3581568991572597
2025-08-19,META,Comprar y mantener,,1.3513613701974163
2025-08-20,META,Comprar y mantener,,1.3357823298223823
2025-08-21,META,Comprar y mantener,,1.3641391072317088
2025-08-22,META,Comprar y mantener,,1.3614462614318146
2025-08-25,META,Comprar y mantener,,1.3628920668538849
2025-08-26,META,Comprar y mantener,,1.3507470356981883
2025-08-27,META,Comprar y mantener,,1.3574883358876084
2025-08-28,META,Comprar y mantener,,1.335059648453267
2025-08-29,META,Comprar y mantener,,1.3285713420785175
2025-09-02,META,Comprar y mantener,,1.3320775087638064
2025-09-03,META,Comprar y mantener,,1.353042351409589
2025-09-04,META,Comprar y mantener,,1.359910037835384
2025-09-05,META,Comprar y mantener,,1.3596388939832658
2025-09-08,META,Comprar y mantener,,1.3838569094996673
2025-09-09,META,Comprar y mantener,,1.3590606382170136
2025-09-10,META,Comprar y mantener,,1.3571088451656024
2025-09-11,META,Comprar y mantener,,1.3655850233247389
2025-09-12,META,Comprar y mantener,,1.3820496527220791
2025-09-15,META,Comprar y mantener,,1.40789419933831
2025-09-16,META,Comprar y mantener,,1.4019661093633249
2025-09-17,META,Comprar y mantener,,1.4101532149748153
2025-09-18,META,Comprar y mantener,,1.4067736558678217
2025-09-19,META,Comprar y mantener,,1.3838143011800492
2025-09-22,META,Comprar y mantener,,1.3661631684200315
2025-09-23,META,Comprar y mantener,,1.37567589079098
2025-09-24,META,Comprar y mantener,,1.3544256277392328
2025-09-25,META,Comprar y mantener,,1.345093631046043
2025-09-26,META,Comprar y mantener,,1.3444608144964871
2025-09-29,META,Comprar y mantener,,1.328147693643453
2025-09-30,META,Comprar y mantener,,1.2973304794503335
2025-10-01,META,Comprar y mantener,,1.314891194035992
2025-10-02,META,Comprar y mantener,,1.2850685797608261
2025-10-03,META,Comprar y mantener,,1.2942921189131686
2025-10-06,META,Comprar y mantener,,1.2896261205665738
2025-10-07,META,Comprar y mantener,,1.2982347718648881
2025-10-08,META,Comprar y mantener,,1.3265743952754072
2025-10-09,META,Comprar y mantener,,1.2755557467189178
2025-10-10,META,Comprar y mantener,,1.2943643870500803
2025-10-13,META,Comprar y mantener,,1.2816144284267599
2025-10-14,META,Comprar y mantener,,1.2977101915142593
2025-10-15,META,Comprar y mantener,,1.2877994963709771
2025-10-16,META,Comprar y mantener,,1.2965708339805624
2025-10-17,META,Comprar y mantener,,1.3241509225922703
2025-10-20,META,Comprar y mantener,,1.326140343770098
2025-10-21,META,Comprar y mantener,,1.3263934482557285
2025-10-22,META,Comprar y mantener,,1.3274605376525137
2025-10-23,META,Comprar y mantener,,1.3353456222140323
2025-10-24,META,Comprar y mantener,,1.3578800004152196
2025-10-27,META,Comprar y mantener,,1.3590013185824288
2025-10-28,META,Comprar y mantener,,1.35941733072125
2025-10-29,META,Comprar y mantener,,1.205330485058932
2025-10-30,META,Comprar y mantener,,1.1725599284209607
2025-10-31,META,Comprar y mantener,,1.153317347255449
2025-11-03,META,Comprar y mantener,,1.1345266356198143
2025-11-04,META,Comprar y mantener,,1.150134229102541
2025-11-05,META,Comprar y mantener,,1.1193711330088851
2025-11-06,META,Comprar y mantener,,1.12438076468643
2025-11-07,META,Comprar y mantener,,1.1425564777970763
2025-11-10,META,Comprar y mantener,,1.1340926947854653
2025-11-11,META,Comprar y mantener,,1.1014124456508931
2025-11-12,META,Comprar y mantener,,1.1030040047273473
2025-11-13,META,Comprar y mantener,,1.1022263198910882
2025-11-14,META,Comprar y mantener,,1.0887526838600123
2025-11-17,META,Comprar y mantener,,1.0809399781063653
2025-11-18,META,Comprar y mantener,,1.0676109890200725
2025-11-19,META,Comprar y mantener,,1.0654951816058698
2025-11-20,META,Comprar y mantener,,1.0747186100872523
2025-11-21,META,Comprar y mantener,,1.1087189424332802
2025-11-24,META,Comprar y mantener,,1.1506225093782747
2025-11-25,META,Comprar y mantener,,1.145902392932216
2025-11-26,META,Comprar y mantener,,1.1718365830260862
2025-11-28,META,Comprar y mantener,,1.159032284961382
2025-12-01,META,Comprar y mantener,,1.1702992527200557
2025-12-02,META,Comprar y mantener,,1.1567354198565405
2025-12-03,META,Comprar y mantener,,1.196396461138077
2025-12-04,META,Comprar y mantener,,1.2178998286754548
2025-12-05,META,Comprar y mantener,,1.2059273335464735
2025-12-08,META,Comprar y mantener,,1.1881314431707128
2025-12-09,META,Comprar y mantener,,1.1757791253068461
2025-12-10,META,Comprar y mantener,,1.180445234324401
2025-12-11,META,Comprar y mantener,,1.1651088953647528
2025-12-12,META,Comprar y mantener,,1.1719959492085563
2025-12-15,META,Comprar y mantener,,1.1894444434407256
2025-12-16,META,Comprar y mantener,,1.175597846274287
2025-12-17,META,Comprar y mantener,,1.202657338689928
2025-12-18,META,Comprar y mantener,,1.1923765598562444
2025-12-19,META,Comprar y mantener,,1.1973179075514393
2025-12-22,META,Comprar y mantener,,1.2035442557637548
2025-12-23,META,Comprar y mantener,,1.208268356364375
2025-12-24,META,Comprar y mantener,,1.2005577999068524
2025-12-26,META,Comprar y mantener,,1.1922318022405016
2025-12-29,META,Comprar y mantener,,1.2053724293527925
2025-12-30,META,Comprar y mantener,,1.1947657245417669
2025-12-31,META,Comprar y mantener,,1.1772448515017258
2026-01-02,META,Comprar y mantener,,1.1924127492601806
2026-01-05,META,Comprar y mantener,,1.195725020423465
2026-01-06,META,Comprar y mantener,,1.1741316773955681
2026-01-07,META,Comprar y mantener,,1.1693713873910123
2026-01-08,META,Comprar y mantener,,1.1820414415811777
2026-01-09,META,Comprar y mantener,,1.1619683855314638
2026-01-12,META,Comprar y mantener,,1.1422757055714357
2026-01-13,META,Comprar y mantener,,1.1140938989499454
2026-01-14,META,Comprar y mantener,,1.1236506683629932
2026-01-15,META,Comprar y mantener,,1.1226551830773592
2026-01-16,META,Comprar y mantener,,1.093459851803747
2026-01-20,META,Comprar y mantener,,1.109460327194645
2026-01-21,META,Comprar y mantener,,1.172213085632172
2026-01-22,META,Comprar y mantener,,1.1923585204897575
2026-01-23,META,Comprar y mantener,,1.2169743981075327
2026-01-26,META,Comprar y mantener,,1.2180785622759343
2026-01-27,META,Comprar y mantener,,1.2104040845513873
2026-01-28,META,Comprar y mantener,,1.3363443169575109
2026-01-29,META,Comprar y mantener,,1.296868096179255
2026-01-30,META,Comprar y mantener,,1.2786050636811301
2026-02-02,META,Comprar y mantener,,1.251979954783679
2026-02-03,META,Comprar y mantener,,1.2108748788154327
2026-02-04,META,Comprar y mantener,,1.2130830964812755
2026-02-05,META,Comprar y mantener,,1.1972455287435686
2026-02-06,META,Comprar y mantener,,1.225771079366969
2026-02-09,META,Comprar y mantener,,1.214005981617118
2026-02-10,META,Comprar y mantener,,1.2103318164144758
2026-02-11,META,Comprar y mantener,,1.1761589480417327
2026-02-12,META,Comprar y mantener,,1.1579864443889276
2026-02-13,META,Comprar y mantener,,1.1571176773525487
2026-02-17,META,Comprar y mantener,,1.164230942638691
2026-02-18,META,Comprar y mantener,,1.1670546015133625
2026-02-19,META,Comprar y mantener,,1.186747502815311
2026-02-20,META,Comprar y mantener,,1.1534253621124588
2026-02-23,META,Comprar y mantener,,1.157135827389997
2026-02-24,META,Comprar y mantener,,1.1831816844825558
2026-02-25,META,Comprar y mantener,,1.1891910069422165
2026-02-26,META,Comprar y mantener,,1.1732085709178064
2026-02-27,META,Comprar y mantener,,1.182946398021493
2026-03-02,META,Comprar y mantener,,1.1856976780882926
2026-03-03,META,Comprar y mantener,,1.208594171670758
2026-03-04,META,Comprar y mantener,,1.1956346022491062
2026-03-05,META,Comprar y mantener,,1.1671993591291054
2026-03-06,META,Comprar y mantener,,1.1717787021139825
2026-03-09,META,Comprar y mantener,,1.1838696151702155
2026-03-10,META,Comprar y mantener,,1.185299483974039
2026-03-11,META,Comprar y mantener,,1.1551086674147926
2026-03-12,META,Comprar y mantener,,1.110817706519637
2026-03-13,META,Comprar y mantener,,1.1366595970328268
2026-03-16,META,Comprar y mantener,,1.1279822190683226
2026-03-17,META,Comprar y mantener,,1.1153376191989683
2026-03-18,META,Comprar y mantener,,1.0990698734395539
2026-03-19,META,Comprar y mantener,,1.075447157017252
2026-03-20,META,Comprar y mantener,,1.0942873385720282
2026-03-23,META,Comprar y mantener,,1.0741065996781871
2026-03-24,META,Comprar y mantener,,1.0776754061268634
2026-03-25,META,Comprar y mantener,,0.9918982184770554
2026-03-26,META,Comprar y mantener,,0.9523700930185369
2026-03-27,META,Comprar y mantener,,0.9716814008502388
2026-03-30,META,Comprar y mantener,,1.0364443866060824
2026-03-31,META,Comprar y mantener,,1.0493064549119318
2026-04-01,META,Comprar y mantener,,1.0406653770223233
2026-04-02,META,Comprar y mantener,,1.0380567518230257
2026-04-06,META,Comprar y mantener,,1.0417341264835096
2026-04-07,META,Comprar y mantener,,1.1094318847579132
2026-04-08,META,Comprar y mantener,,1.13836249109509
2026-04-09,META,Comprar y mantener,,1.1410253450648111
2026-04-10,META,Comprar y mantener,,1.1494854759347408
2026-04-13,META,Comprar y mantener,,1.2001363648909902
2026-04-14,META,Comprar y mantener,,1.2166035397204118
2026-04-15,META,Comprar y mantener,,1.2261865381509909
2026-04-16,META,Comprar y mantener,,1.2473454976606986
2026-04-17,META,Comprar y mantener,,1.2153897006306023
2026-04-20,META,Comprar y mantener,,1.2116398364912868
2026-04-21,META,Comprar y mantener,,1.2222916950540124
2026-04-22,META,Comprar y mantener,,1.1940858728341917
2026-04-23,META,Comprar y mantener,,1.2228533501762575
2026-04-24,META,Comprar y mantener,,1.2293568184725336
2026-04-27,META,Comprar y mantener,,1.216168713518382
2026-04-28,META,Comprar y mantener,,1.2121470415011883
2026-04-29,META,Comprar y mantener,,1.1085080035834305
2026-04-30,META,Comprar y mantener,,1.102783548174934
2026-05-01,META,Comprar y mantener,,1.1057906995013653
2026-05-04,META,Comprar y mantener,,1.0959177431554599
2026-05-05,META,Comprar y mantener,,1.1102652370870771
2026-05-06,META,Comprar y mantener,,1.1173845892760221
2026-05-07,META,Comprar y mantener,,1.1043776526834699
2026-05-08,META,Comprar y mantener,,1.0848672477946413
2026-05-11,META,Comprar y mantener,,1.092367086744232
2026-05-12,META,Comprar y mantener,,1.1170585526277204
2026-05-13,META,Comprar y mantener,,1.1203193617945824
2026-05-14,META,Comprar y mantener,,1.1127108439622244
2026-05-15,META,Comprar y mantener,,1.1072399357231986
2026-05-18,META,Comprar y mantener,,1.0916605633352843
2026-05-19,META,Comprar y mantener,,1.0960989115170598
2026-05-20,META,Comprar y mantener,,1.1003016412248927
2026-05-21,META,Comprar y mantener,,1.105519002294448
2026-05-22,META,Comprar y mantener,,1.1092870164712114
2026-05-26,META,Comprar y mantener,,1.150807883236359
2026-05-27,META,Comprar y mantener,,1.1508621120067828
2026-05-28,META,Comprar y mantener,,1.1458260299697864
2026-05-29,META,Comprar y mantener,,1.0877837596047937
2026-06-01,META,Comprar y mantener,,1.08263899868503
2026-06-02,META,Comprar y mantener,,1.1285619135570575
2026-06-03,META,Comprar y mantener,,1.1368769547983637
2026-06-04,META,Comprar y mantener,,1.074251578635852
2026-06-05,META,Comprar y mantener,,1.06046562915552
2026-06-08,META,Comprar y mantener,,1.0590163929336878
2026-06-09,META,Comprar y mantener,,1.0343611164541353
2026-06-10,META,Comprar y mantener,,1.0297415999107606
2026-06-11,META,Comprar y mantener,,1.0271148246740152
2026-06-12,META,Comprar y mantener,,1.0761174910222657
2026-06-15,META,Comprar y mantener,,1.0883206244319876
2026-06-16,META,Comprar y mantener,,1.0291548224805849
2026-06-17,META,Comprar y mantener,,1.046634304581568
2026-06-18,META,Comprar y mantener,,1.0223913880991553
2026-06-22,META,Comprar y mantener,,1.0193996200361706
2026-06-23,META,Comprar y mantener,,1.0111856213813883
2026-06-24,META,Comprar y mantener,,0.9843497949760049
2026-06-25,META,Comprar y mantener,,0.9977314634392809
2026-06-26,META,Comprar y mantener,,1.020124846837367
2026-06-29,META,Comprar y mantener,,1.0213759820407124
2026-06-30,META,Comprar y mantener,,1.1113485951149904
2026-07-01,META,Comprar y mantener,,1.0569335654655794
2026-07-02,META,Comprar y mantener,,1.088465603389651
2026-07-06,META,Comprar y mantener,,1.116190006933262
2026-07-07,META,Comprar y mantener,,1.093597083794209
2026-07-08,META,Comprar y mantener,,1.1450203453806354
2026-07-09,META,Comprar y mantener,,1.2134337020827113
2026-07-10,META,Comprar y mantener,,1.1908044788687626
2026-07-13,META,Comprar y mantener,,1.1986195087125708
2026-07-14,META,Comprar y mantener,,1.2353737772284397
2026-07-15,META,Comprar y mantener,,1.2049658242455785
2026-07-16,META,Comprar y mantener,,1.1713666741297257
2026-07-17,META,Comprar y mantener,,1.1710764948724792
2026-07-20,META,Comprar y mantener,,1.1673775393747863
2026-07-21,META,Comprar y mantener,,1.1372053155368278
2026-07-22,META,Comprar y mantener,,1.0990004827476063
2026-07-23,META,Comprar y mantener,,1.079218159309939
2026-07-24,META,Comprar y mantener,,1.0768246784569753
2026-07-27,META,Comprar y mantener,,1.0759905514310915
2026-07-28,META,Comprar y mantener,,1.0618473560917234
2026-07-29,META,Comprar y mantener,,0.9773870421955294
2026-07-30,META,Comprar y mantener,,1.0094449885217502
2026-07-31,META,Comprar y mantener,,1.0702426337790647
2026-08-03,META,Comprar y mantener,,1.066072219991566
2026-08-04,META,Comprar y mantener,,1.0689733485382713
2024-11-18,META,DQN,0.0,1.0
2024-11-19,META,DQN,0.0,1.007395354119203
2024-11-20,META,DQN,0.0,1.0030664688959745
2024-11-21,META,DQN,0.0,0.9960302671204263
2024-11-22,META,DQN,0.0,1.0066648882265825
2024-11-25,META,DQN,0.0,1.021681757932554
2024-11-26,META,DQN,0.0,1.013950738749564
2024-11-27,META,DQN,0.0,1.0230711740450744
2024-11-29,META,DQN,0.0,1.0560443825677253
2024-12-02,META,DQN,0.0,1.0931320386466243
2024-12-03,META,DQN,0.0,1.0933637538002863
2024-12-04,META,DQN,0.0,1.0847241356499635
2024-12-05,META,DQN,0.0,1.1111595650824797
2024-12-06,META,DQN,0.0,1.092989444705909
2024-12-09,META,DQN,0.0,1.1032325885821876
2024-12-10,META,DQN,0.0,1.1270313423256524
2024-12-11,META,DQN,0.0,1.1236648568510696
2024-12-12,META,DQN,0.0,1.123103024422644
2024-12-13,META,DQN,0.0,1.123103024422644
2024-12-16,META,DQN,0.0,1.123103024422644
2024-12-17,META,DQN,0.0,1.0821999108572027
2024-12-18,META,DQN,0.0,1.0792642813340843
2024-12-19,META,DQN,0.0,1.0605629952311464
2024-12-20,META,DQN,0.0,1.0600327137335308
2024-12-23,META,DQN,0.0,1.0600327137335308
2024-12-24,META,DQN,0.0,1.0518280423934385
2024-12-26,META,DQN,0.0,1.0456570435686774
2024-12-27,META,DQN,0.0,1.030716556160868
2024-12-30,META,DQN,0.0,1.0302011978827876
2024-12-31,META,DQN,0.0,1.0538439576296619
2025-01-02,META,DQN,0.0,1.0633228436309796
2025-01-03,META,DQN,0.0,1.1082914062901892
2025-01-06,META,DQN,0.0,1.1077372605870441
2025-01-07,META,DQN,0.0,1.094329145410085
2025-01-08,META,DQN,0.0,1.1035393916498353
2025-01-10,META,DQN,0.0,1.1029876219540105
2025-01-13,META,DQN,0.0,1.0769072375693667
2025-01-14,META,DQN,0.0,1.1183524022184266
2025-01-15,META,DQN,0.0,1.1078052037191177
2025-01-16,META,DQN,0.0,1.1104692641956102
2025-01-17,META,DQN,0.0,1.1171563705612706
2025-01-21,META,DQN,0.0,1.1299142268298656
2025-01-22,META,DQN,0.0,1.1533824576640062
2025-01-23,META,DQN,0.0,1.173389199479978
2025-01-24,META,DQN,0.0,1.1958424707359132
2025-01-27,META,DQN,0.0,1.222028894706122
2025-01-28,META,DQN,0.0,1.2259433418100631
2025-01-29,META,DQN,0.0,1.244989701328839
2025-01-30,META,DQN,0.0,1.248940162768925
2025-01-31,META,DQN,0.0,1.2639454692304604
2025-02-03,META,DQN,0.0,1.2761415463173393
2025-02-04,META,DQN,0.0,1.2755034755441808
2025-02-05,META,DQN,0.0,1.2755034755441808
2025-02-06,META,DQN,0.0,1.2755034755441808
2025-02-07,META,DQN,0.0,1.2755034755441808
2025-02-10,META,DQN,0.0,1.2755034755441808
2025-02-11,META,DQN,0.0,1.2755034755441808
2025-02-12,META,DQN,0.0,1.2755034755441808
2025-02-13,META,DQN,0.0,1.2755034755441808
2025-02-14,META,DQN,0.0,1.2755034755441808
2025-02-18,META,DQN,0.0,1.2524314215730914
2025-02-19,META,DQN,0.0,1.2365395126302812
2025-02-20,META,DQN,0.0,1.216447529009942
2025-02-21,META,DQN,0.0,1.1890063425233237
2025-02-24,META,DQN,0.0,1.1700890874148502
2025-02-25,META,DQN,0.0,1.1989186191850978
2025-02-26,META,DQN,0.0,1.17140604518252
2025-02-27,META,DQN,0.0,1.1708203421599288
2025-02-28,META,DQN,0.0,1.1708203421599288
2025-03-03,META,DQN,0.0,1.1708203421599288
2025-03-04,META,DQN,0.0,1.2003651179818176
2025-03-05,META,DQN,0.0,1.148179470237813
2025-03-06,META,DQN,0.0,1.1476053805026942
2025-03-07,META,DQN,0.0,1.0962784450930263
2025-03-10,META,DQN,0.0,1.110431489237126
2025-03-11,META,DQN,0.0,1.135822048632487
2025-03-12,META,DQN,0.0,1.0828039068629727
2025-03-13,META,DQN,0.0,1.1148872063143678
2025-03-14,META,DQN,0.0,1.1143297627112108
2025-03-17,META,DQN,0.0,1.1143297627112108
2025-03-18,META,DQN,0.0,1.1170255636545516
2025-03-19,META,DQN,0.0,1.1207358768881903
2025-03-20,META,DQN,0.0,1.140339227842013
2025-03-21,META,DQN,0.0,1.1835619098788757
2025-03-24,META,DQN,0.0,1.1978294513663992
2025-03-25,META,DQN,0.0,1.1685105109536107
2025-03-26,META,DQN,0.0,1.1524453011975353
2025-03-27,META,DQN,0.0,1.1030259495149162
2025-03-28,META,DQN,0.0,1.102299053009403
2025-03-31,META,DQN,0.0,1.12073587688819
2025-04-01,META,DQN,0.0,1.1167768576912012
2025-04-02,META,DQN,0.0,1.016733067278287
2025-04-03,META,DQN,0.0,1.0162247007446479
2025-04-04,META,DQN,0.0,1.0389108686285562
2025-04-07,META,DQN,0.0,1.0272388968661388
2025-04-08,META,DQN,0.0,1.1788143297498896
2025-04-09,META,DQN,0.0,1.1782249225850148
2025-04-10,META,DQN,0.0,1.1717696105477715
2025-04-11,META,DQN,0.0,1.1457072495527894
2025-04-14,META,DQN,0.0,1.1242366220154802
2025-04-15,META,DQN,0.0,1.0828256805484828
2025-04-16,META,DQN,0.0,1.0810364395694068
2025-04-17,META,DQN,0.0,1.0447776904240615
2025-04-21,META,DQN,0.0,1.0784495437592867
2025-04-22,META,DQN,0.0,1.1215420599769235
2025-04-23,META,DQN,0.0,1.1493073968624306
2025-04-24,META,DQN,0.0,1.1797456304350056
2025-04-25,META,DQN,0.0,1.1850700226692554
2025-04-28,META,DQN,0.0,1.1952018771354573
2025-04-29,META,DQN,0.0,1.183474845112969
2025-04-30,META,DQN,0.0,1.1828831076904127
2025-05-01,META,DQN,0.0,1.233579276669224
2025-05-02,META,DQN,0.0,1.2329624870308895
2025-05-05,META,DQN,0.0,1.2329624870308895
2025-05-06,META,DQN,0.0,1.2329624870308895
2025-05-07,META,DQN,0.0,1.2329624870308895
2025-05-08,META,DQN,0.0,1.2329624870308895
2025-05-09,META,DQN,0.0,1.3300276549725394
2025-05-12,META,DQN,0.0,1.3645558067657817
2025-05-13,META,DQN,0.0,1.371482316461336
2025-05-14,META,DQN,0.0,1.3392839060638804
2025-05-15,META,DQN,0.0,1.3386142641108485
2025-05-16,META,DQN,0.0,1.3381331492427913
2025-05-19,META,DQN,0.0,1.3374640826681699
2025-05-20,META,DQN,0.0,1.3374640826681699
2025-05-21,META,DQN,0.0,1.3374640826681699
2025-05-22,META,DQN,0.0,1.3374640826681699
2025-05-23,META,DQN,0.0,1.3374640826681699
2025-05-27,META,DQN,0.0,1.3394192814092485
2025-05-28,META,DQN,0.0,1.3424784749394678
2025-05-29,META,DQN,0.0,1.3475565117278312
2025-05-30,META,DQN,0.0,1.3962774783802283
2025-06-02,META,DQN,0.0,1.3878485622614447
2025-06-03,META,DQN,0.0,1.4317620061535614
2025-06-04,META,DQN,0.0,1.4248315668456906
2025-06-05,META,DQN,0.0,1.4520745359294027
2025-06-06,META,DQN,0.0,1.4444780785853937
2025-06-09,META,DQN,0.0,1.4618353605796661
2025-06-10,META,DQN,0.0,1.4611044428993765
2025-06-11,META,DQN,0.0,1.4611044428993765
2025-06-12,META,DQN,0.0,1.4611044428993765
2025-06-13,META,DQN,0.0,1.5027181841513961
2025-06-16,META,DQN,0.0,1.4922523246761539
2025-06-17,META,DQN,0.0,1.4891274813648412
2025-06-18,META,DQN,0.0,1.4604050823070844
2025-06-20,META,DQN,0.0,1.495034972547051
2025-06-23,META,DQN,0.0,1.5242920929364423
2025-06-24,META,DQN,0.0,1.5167582887629947
2025-06-25,META,DQN,0.0,1.5540202399106113
2025-06-26,META,DQN,0.0,1.570157684098225
2025-06-27,META,DQN,0.0,1.5797033772819469
2025-06-30,META,DQN,0.0,1.5393165828230173
2025-07-01,META,DQN,0.0,1.5272242792973871
2025-07-02,META,DQN,0.0,1.5388673120571246
2025-07-03,META,DQN,0.0,1.5374546254802408
2025-07-07,META,DQN,0.0,1.542419801374595
2025-07-08,META,DQN,0.0,1.568338714156619
2025-07-09,META,DQN,0.0,1.5564815307459283
2025-07-10,META,DQN,0.0,1.5356567560617702
2025-07-11,META,DQN,0.0,1.5429551780019788
2025-07-14,META,DQN,0.0,1.520418115524242
2025-07-15,META,DQN,0.0,1.5044088471852408
2025-07-16,META,DQN,0.0,1.5011985533081866
2025-07-17,META,DQN,0.0,1.5073411646053356
2025-07-18,META,DQN,0.0,1.525939899628266
2025-07-21,META,DQN,0.0,1.5084754815478099
2025-07-22,META,DQN,0.0,1.5272457729979727
2025-07-23,META,DQN,0.0,1.5298566023233373
2025-07-24,META,DQN,0.0,1.5253192034942904
2025-07-25,META,DQN,0.0,1.5359136319955948
2025-07-28,META,DQN,0.0,1.4981807853223503
2025-07-29,META,DQN,0.0,1.4879290764980615
2025-07-30,META,DQN,0.0,1.655361465460505
2025-07-31,META,DQN,0.0,1.60521522034435
2025-08-01,META,DQN,0.0,1.6616323836654165
2025-08-04,META,DQN,0.0,1.634001707326413
2025-08-05,META,DQN,0.0,1.6522581158497776
2025-08-06,META,DQN,0.0,1.6305129127557991
2025-08-07,META,DQN,0.0,1.6465006873942154
2025-08-08,META,DQN,0.0,1.639159671230286
2025-08-11,META,DQN,0.0,1.6908040534890665
2025-08-12,META,DQN,0.0,1.6695728643810366
2025-08-13,META,DQN,0.0,1.673960200483436
2025-08-14,META,DQN,0.0,1.6805950699476482
2025-08-15,META,DQN,0.0,1.64237009616649
2025-08-18,META,DQN,0.0,1.6083612952379485
2025-08-19,META,DQN,0.0,1.6003138702560022
2025-08-20,META,DQN,0.0,1.5818648047822697
2025-08-21,META,DQN,0.0,1.6154455665272038
2025-08-22,META,DQN,0.0,1.6122566352915848
2025-08-25,META,DQN,0.0,1.6139687920260137
2025-08-26,META,DQN,0.0,1.5995863609148497
2025-08-27,META,DQN,0.0,1.6075695669133403
2025-08-28,META,DQN,0.0,1.581008988533355
2025-08-29,META,DQN,0.0,1.5733253837515597
2025-09-02,META,DQN,0.0,1.57747746867987
2025-09-03,META,DQN,0.0,1.602304527683991
2025-09-04,META,DQN,0.0,1.6104374032316788
2025-09-05,META,DQN,0.0,1.6101163083143986
2025-09-08,META,DQN,0.0,1.6387958510301346
2025-09-09,META,DQN,0.0,1.6094315242561168
2025-09-10,META,DQN,0.0,1.6071201650882974
2025-09-11,META,DQN,0.0,1.6171578543207825
2025-09-12,META,DQN,0.0,1.636655655112098
2025-09-15,META,DQN,0.0,1.667261374154067
2025-09-16,META,DQN,0.0,1.660241190789118
2025-09-17,META,DQN,0.0,1.6699365535220372
2025-09-18,META,DQN,0.0,1.6659344002612244
2025-09-19,META,DQN,0.0,1.6651014330610938
2025-09-22,META,DQN,0.0,1.6651014330610938
2025-09-23,META,DQN,0.0,1.6651014330610938
2025-09-24,META,DQN,0.0,1.6385478213757294
2025-09-25,META,DQN,0.0,1.6272582219045244
2025-09-26,META,DQN,0.0,1.6264926574044372
2025-09-29,META,DQN,0.0,1.6067574810417493
2025-09-30,META,DQN,0.0,1.5694756413136495
2025-10-01,META,DQN,0.0,1.5907201231344494
2025-10-02,META,DQN,0.0,1.5546415237285396
2025-10-03,META,DQN,0.0,1.5657999141738468
2025-10-06,META,DQN,0.0,1.5601551144382444
2025-10-07,META,DQN,0.0,1.5593750368810253
2025-10-08,META,DQN,0.0,1.5593750368810253
2025-10-09,META,DQN,0.0,1.5593750368810253
2025-10-10,META,DQN,0.0,1.5815890321440176
2025-10-13,META,DQN,0.0,1.5807982376279457
2025-10-14,META,DQN,0.0,1.5998610434650322
2025-10-15,META,DQN,0.0,1.5990611129433
2025-10-16,META,DQN,0.0,1.5990611129433
2025-10-17,META,DQN,0.0,1.5990611129433
2025-10-20,META,DQN,0.0,1.5990611129433
2025-10-21,META,DQN,0.0,1.5985667759829543
2025-10-22,META,DQN,0.0,1.5998528300259292
2025-10-23,META,DQN,0.0,1.6093559184364123
2025-10-24,META,DQN,0.0,1.636514306739087
2025-10-27,META,DQN,0.0,1.637865717189556
2025-10-28,META,DQN,0.0,1.6383670942013318
2025-10-29,META,DQN,0.0,1.6375479106542312
2025-10-30,META,DQN,0.0,1.6375479106542312
2025-10-31,META,DQN,0.0,1.6375479106542312
2025-11-03,META,DQN,0.0,1.6375479106542312
2025-11-04,META,DQN,0.0,1.6375479106542312
2025-11-05,META,DQN,0.0,1.6375479106542312
2025-11-06,META,DQN,0.0,1.644057815851688
2025-11-07,META,DQN,0.0,1.6706341538118719
2025-11-10,META,DQN,0.0,1.658258498652214
2025-11-11,META,DQN,0.0,1.6104737795418178
2025-11-12,META,DQN,0.0,1.6128009406079036
2025-11-13,META,DQN,0.0,1.6116638179591738
2025-11-14,META,DQN,0.0,1.5919628080161508
2025-11-17,META,DQN,0.0,1.580539151225993
2025-11-18,META,DQN,0.0,1.5610496425355513
2025-11-19,META,DQN,0.0,1.55795593102304
2025-11-20,META,DQN,0.0,1.5714423318580764
2025-11-21,META,DQN,0.0,1.6211572628589026
2025-11-24,META,DQN,0.0,1.6824282209824128
2025-11-25,META,DQN,0.0,1.6755265159919004
2025-11-26,META,DQN,0.0,1.7134472180002642
2025-11-28,META,DQN,0.0,1.7125904943912642
2025-12-01,META,DQN,0.0,1.7125904943912642
2025-12-02,META,DQN,0.0,1.7125904943912642
2025-12-03,META,DQN,0.0,1.7125904943912642
2025-12-04,META,DQN,0.0,1.7125904943912642
2025-12-05,META,DQN,0.0,1.7125904943912642
2025-12-08,META,DQN,0.0,1.7125904943912642
2025-12-09,META,DQN,0.0,1.7125904943912642
2025-12-10,META,DQN,0.0,1.7125904943912642
2025-12-11,META,DQN,0.0,1.7125904943912642
2025-12-12,META,DQN,0.0,1.7125904943912642
2025-12-15,META,DQN,0.0,1.7125904943912642
2025-12-16,META,DQN,0.0,1.7125904943912642
2025-12-17,META,DQN,0.0,1.7125904943912642
2025-12-18,META,DQN,0.0,1.7125904943912642
2025-12-19,META,DQN,0.0,1.7125904943912642
2025-12-22,META,DQN,0.0,1.7125904943912642
2025-12-23,META,DQN,0.0,1.7125904943912642
2025-12-24,META,DQN,0.0,1.7125904943912642
2025-12-26,META,DQN,0.0,1.6998571995853444
2025-12-29,META,DQN,0.0,1.7185928091890446
2025-12-30,META,DQN,0.0,1.7034700088216865
2025-12-31,META,DQN,0.0,1.6784891434193672
2026-01-02,META,DQN,0.0,1.7001151897627298
2026-01-05,META,DQN,0.0,1.7048377512422233
2026-01-06,META,DQN,0.0,1.6740504500310764
2026-01-07,META,DQN,0.0,1.667263335963869
2026-01-08,META,DQN,0.0,1.6853280133142092
2026-01-09,META,DQN,0.0,1.6567083029695733
2026-01-12,META,DQN,0.0,1.628630924269998
2026-01-13,META,DQN,0.0,1.5884499403431838
2026-01-14,META,DQN,0.0,1.602075766513076
2026-01-15,META,DQN,0.0,1.6006564260570622
2026-01-16,META,DQN,0.0,1.5590303815525743
2026-01-20,META,DQN,0.0,1.5818434982962253
2026-01-21,META,DQN,0.0,1.6713149651900032
2026-01-22,META,DQN,0.0,1.6704793077074083
2026-01-23,META,DQN,0.0,1.6704793077074083
2026-01-26,META,DQN,0.0,1.6711596984550607
2026-01-27,META,DQN,0.0,1.660630592798698
2026-01-28,META,DQN,0.0,1.833416033187641
2026-01-29,META,DQN,0.0,1.8324993251710473
2026-01-30,META,DQN,0.0,1.8057770626787928
2026-02-02,META,DQN,0.0,1.768174356179319
2026-02-03,META,DQN,0.0,1.7101215567250228
2026-02-04,META,DQN,0.0,1.713240227942311
2026-02-05,META,DQN,0.0,1.6908727922409104
2026-02-06,META,DQN,0.0,1.7311594972440318
2026-02-09,META,DQN,0.0,1.7145436208797624
2026-02-10,META,DQN,0.0,1.709354588366218
2026-02-11,META,DQN,0.0,1.6610921626756918
2026-02-12,META,DQN,0.0,1.6354270912632531
2026-02-13,META,DQN,0.0,1.6342001294502069
2026-02-17,META,DQN,0.0,1.644246211433868
2026-02-18,META,DQN,0.0,1.6482340717775705
2026-02-19,META,DQN,0.0,1.6760464045132746
2026-02-20,META,DQN,0.0,1.6289854635943264
2026-02-23,META,DQN,0.0,1.6342257627925434
2026-02-24,META,DQN,0.0,1.6710103905494078
2026-02-25,META,DQN,0.0,1.6794973713757264
2026-02-26,META,DQN,0.0,1.6569253378382396
2026-02-27,META,DQN,0.0,1.6706780949042437
2026-03-02,META,DQN,0.0,1.6745637344803368
2026-03-03,META,DQN,0.0,1.7069005084392574
2026-03-04,META,DQN,0.0,1.6885976768077002
2026-03-05,META,DQN,0.0,1.6484385133127888
2026-03-06,META,DQN,0.0,1.6549059306249199
2026-03-09,META,DQN,0.0,1.6719819567442986
2026-03-10,META,DQN,0.0,1.6740013639576181
2026-03-11,META,DQN,0.0,1.6313627997951456
2026-03-12,META,DQN,0.0,1.5688105672564974
2026-03-13,META,DQN,0.0,1.6053071325138148
2026-03-16,META,DQN,0.0,1.604504478947558
2026-03-17,META,DQN,0.0,1.604504478947558
2026-03-18,META,DQN,0.0,1.604504478947558
2026-03-19,META,DQN,0.0,1.604504478947558
2026-03-20,META,DQN,0.0,1.6318106795424048
2026-03-23,META,DQN,0.0,1.6017169883451736
2026-03-24,META,DQN,0.0,1.6070388231785815
2026-03-25,META,DQN,0.0,1.4791271441028426
2026-03-26,META,DQN,0.0,1.420182463860381
2026-03-27,META,DQN,0.0,1.448979651989071
2026-03-30,META,DQN,0.0,1.545554772682092
2026-03-31,META,DQN,0.0,1.544781995295751
2026-04-01,META,DQN,0.0,1.544781995295751
2026-04-02,META,DQN,0.0,1.54013731515567
2026-04-06,META,DQN,0.0,1.5455933385633234
2026-04-07,META,DQN,0.0,1.6460347098926753
2026-04-08,META,DQN,0.0,1.6452116925377291
2026-04-09,META,DQN,0.0,1.6482375607239204
2026-04-10,META,DQN,0.0,1.6604584158773752
2026-04-13,META,DQN,0.0,1.7336247990982532
2026-04-14,META,DQN,0.0,1.7327579866987042
2026-04-15,META,DQN,0.0,1.7327579866987042
2026-04-16,META,DQN,0.0,1.7327579866987042
2026-04-17,META,DQN,0.0,1.7327579866987042
2026-04-20,META,DQN,0.0,1.7327579866987042
2026-04-21,META,DQN,0.0,1.7327579866987042
2026-04-22,META,DQN,0.0,1.7327579866987042
2026-04-23,META,DQN,0.0,1.77363657534602
2026-04-24,META,DQN,0.0,1.783069259351192
2026-04-27,META,DQN,0.0,1.7639411232563662
2026-04-28,META,DQN,0.0,1.7581080570242522
2026-04-29,META,DQN,0.0,1.6077891424478532
2026-04-30,META,DQN,0.0,1.6069852478766293
2026-05-01,META,DQN,0.0,1.6069852478766293
2026-05-04,META,DQN,0.0,1.5918339268544646
2026-05-05,META,DQN,0.0,1.6126738372841718
2026-05-06,META,DQN,0.0,1.6230147834202913
2026-05-07,META,DQN,0.0,1.6041220489228514
2026-05-08,META,DQN,0.0,1.5757829471766913
2026-05-11,META,DQN,0.0,1.586676554986643
2026-05-12,META,DQN,0.0,1.6225412112006548
2026-05-13,META,DQN,0.0,1.6217299405950545
2026-05-14,META,DQN,0.0,1.6099052865275827
2026-05-15,META,DQN,0.0,1.6019898032338709
2026-05-18,META,DQN,0.0,1.5794490738932871
2026-05-19,META,DQN,0.0,1.5858706165969128
2026-05-20,META,DQN,0.0,1.591951259030839
2026-05-21,META,DQN,0.0,1.5994999022503935
2026-05-22,META,DQN,0.0,1.6049515844873359
2026-05-26,META,DQN,0.0,1.6650252894117825
2026-05-27,META,DQN,0.0,1.6641927767670768
2026-05-28,META,DQN,0.0,1.6641927767670768
2026-05-29,META,DQN,0.0,1.579060337602286
2026-06-01,META,DQN,0.0,1.578270807433485
2026-06-02,META,DQN,0.0,1.6444280835508813
2026-06-03,META,DQN,0.0,1.6565439339697483
2026-06-04,META,DQN,0.0,1.5652924695463342
2026-06-05,META,DQN,0.0,1.5452049562149484
2026-06-08,META,DQN,0.0,1.543093273449252
2026-06-09,META,DQN,0.0,1.5071680587457896
2026-06-10,META,DQN,0.0,1.5004369590647715
2026-06-11,META,DQN,0.0,1.496609483658601
2026-06-12,META,DQN,0.0,1.568011291343176
2026-06-15,META,DQN,0.0,1.5672272856975045
2026-06-16,META,DQN,0.0,1.4812424389650884
2026-06-17,META,DQN,0.0,1.5064003162188728
2026-06-18,META,DQN,0.0,1.4715079599342447
2026-06-22,META,DQN,0.0,1.4672019665835532
2026-06-23,META,DQN,0.0,1.4553797187202633
2026-06-24,META,DQN,0.0,1.416755437817082
2026-06-25,META,DQN,0.0,1.436015411923008
2026-06-26,META,DQN,0.0,1.4682457713565003
2026-06-29,META,DQN,0.0,1.4700465058228769
2026-06-30,META,DQN,0.0,1.5995423308620873
2026-07-01,META,DQN,0.0,1.5987425596966562
2026-07-02,META,DQN,0.0,1.645639290300918
2026-07-06,META,DQN,0.0,1.6875555140469354
2026-07-07,META,DQN,0.0,1.6533975196329724
2026-07-08,META,DQN,0.0,1.7311437887282128
2026-07-09,META,DQN,0.0,1.7302782168338489
2026-07-10,META,DQN,0.0,1.7302782168338489
2026-07-13,META,DQN,0.0,1.7302782168338489
2026-07-14,META,DQN,0.0,1.7302782168338489
2026-07-15,META,DQN,0.0,1.7302782168338489
2026-07-16,META,DQN,0.0,1.6811661678298842
2026-07-17,META,DQN,0.0,1.6807496974276925
2026-07-20,META,DQN,0.0,1.6754408910766412
2026-07-21,META,DQN,0.0,1.6321371817900063
2026-07-22,META,DQN,0.0,1.577304930069548
2026-07-23,META,DQN,0.0,1.548912989596098
2026-07-24,META,DQN,0.0,1.5454778235441522
2026-07-27,META,DQN,0.0,1.5442806696839997
2026-07-28,META,DQN,0.0,1.5239821055924268
2026-07-29,META,DQN,0.0,1.4027631692998543
2026-07-30,META,DQN,0.0,1.4487733008530592
2026-07-31,META,DQN,0.0,1.4480489142026327
2026-08-03,META,DQN,0.0,1.4480489142026327
2026-08-04,META,DQN,0.0,1.451265500862902
2024-11-18,META,DQN,1.0,1.0
2024-11-19,META,DQN,1.0,1.0
2024-11-20,META,DQN,1.0,1.0
2024-11-21,META,DQN,1.0,0.9924853085575748
2024-11-22,META,DQN,1.0,1.00308208012
2024-11-25,META,DQN,1.0,1.0180455034773928
2024-11-26,META,DQN,1.0,1.0103419996657295
2024-11-27,META,DQN,1.0,1.0194299745368278
2024-11-29,META,DQN,1.0,1.052285828535469
2024-12-02,META,DQN,1.0,1.0892414864127742
2024-12-03,META,DQN,1.0,1.088696865669568
2024-12-04,META,DQN,1.0,1.088696865669568
2024-12-05,META,DQN,1.0,1.088696865669568
2024-12-06,META,DQN,1.0,1.088696865669568
2024-12-09,META,DQN,1.0,1.088696865669568
2024-12-10,META,DQN,1.0,1.088696865669568
2024-12-11,META,DQN,1.0,1.088696865669568
2024-12-12,META,DQN,1.0,1.088696865669568
2024-12-13,META,DQN,1.0,1.088696865669568
2024-12-16,META,DQN,1.0,1.088696865669568
2024-12-17,META,DQN,1.0,1.088696865669568
2024-12-18,META,DQN,1.0,1.0851992637495336
2024-12-19,META,DQN,1.0,1.0663951374006182
2024-12-20,META,DQN,1.0,1.0929978630266488
2024-12-23,META,DQN,1.0,1.107392826887653
2024-12-24,META,DQN,1.0,1.099375283874921
2024-12-26,META,DQN,1.0,1.092925328833481
2024-12-27,META,DQN,1.0,1.0773094658566635
2024-12-30,META,DQN,1.0,1.0767708111237353
2024-12-31,META,DQN,1.0,1.1014823273228669
2025-01-02,META,DQN,1.0,1.1113897005516735
2025-01-03,META,DQN,1.0,1.1583910395028778
2025-01-06,META,DQN,1.0,1.1357635253629892
2025-01-07,META,DQN,1.0,1.1225840604364514
2025-01-08,META,DQN,1.0,1.1320321096498023
2025-01-10,META,DQN,1.0,1.1314660935949774
2025-01-13,META,DQN,1.0,1.1314660935949774
2025-01-14,META,DQN,1.0,1.1744452425100786
2025-01-15,META,DQN,1.0,1.1633690315816172
2025-01-16,META,DQN,1.0,1.1661667124791315
2025-01-17,META,DQN,1.0,1.1731892218793258
2025-01-21,META,DQN,1.0,1.1865869698249258
2025-01-22,META,DQN,1.0,1.2112322891344842
2025-01-23,META,DQN,1.0,1.2322425026389985
2025-01-24,META,DQN,1.0,1.2558219553705452
2025-01-27,META,DQN,1.0,1.25519404439286
2025-01-28,META,DQN,1.0,1.25519404439286
2025-01-29,META,DQN,1.0,1.25519404439286
2025-01-30,META,DQN,1.0,1.25519404439286
2025-01-31,META,DQN,1.0,1.25519404439286
2025-02-03,META,DQN,1.0,1.25519404439286
2025-02-04,META,DQN,1.0,1.25519404439286
2025-02-05,META,DQN,1.0,1.25519404439286
2025-02-06,META,DQN,1.0,1.25519404439286
2025-02-07,META,DQN,1.0,1.25519404439286
2025-02-10,META,DQN,1.0,1.25519404439286
2025-02-11,META,DQN,1.0,1.25519404439286
2025-02-12,META,DQN,1.0,1.25519404439286
2025-02-13,META,DQN,1.0,1.25519404439286
2025-02-14,META,DQN,1.0,1.25519404439286
2025-02-18,META,DQN,1.0,1.2324893593083552
2025-02-19,META,DQN,1.0,1.2168504921147252
2025-02-20,META,DQN,1.0,1.197078426680306
2025-02-21,META,DQN,1.0,1.1700741773705332
2025-02-24,META,DQN,1.0,1.1514581356241271
2025-02-25,META,DQN,1.0,1.1798286240426012
2025-02-26,META,DQN,1.0,1.17923870973058
2025-02-27,META,DQN,1.0,1.1964924518699196
2025-02-28,META,DQN,1.0,1.1729455702500677
2025-03-03,META,DQN,1.0,1.1459968939531213
2025-03-04,META,DQN,1.0,1.1754882670688913
2025-03-05,META,DQN,1.0,1.1749005229353569
2025-03-06,META,DQN,1.0,1.1749005229353569
2025-03-07,META,DQN,1.0,1.1223528055073742
2025-03-10,META,DQN,1.0,1.1368424717711783
2025-03-11,META,DQN,1.0,1.162836931206497
2025-03-12,META,DQN,1.0,1.1622555127408938
2025-03-13,META,DQN,1.0,1.1961118222877671
2025-03-14,META,DQN,1.0,1.1955137663766233
2025-03-17,META,DQN,1.0,1.1955137663766233
2025-03-18,META,DQN,1.0,1.1955137663766233
2025-03-19,META,DQN,1.0,1.1955137663766233
2025-03-20,META,DQN,1.0,1.215827337858758
2025-03-21,META,DQN,1.0,1.261911272492352
2025-03-24,META,DQN,1.0,1.2771232958631453
2025-03-25,META,DQN,1.0,1.2458635019346505
2025-03-26,META,DQN,1.0,1.2287348083556044
2025-03-27,META,DQN,1.0,1.1760439972987133
2025-03-28,META,DQN,1.0,1.175268981740519
2025-03-31,META,DQN,1.0,1.194926285416318
2025-04-01,META,DQN,1.0,1.1907051872963177
2025-04-02,META,DQN,1.0,1.0840387038524235
2025-04-03,META,DQN,1.0,1.0292067279967771
2025-04-04,META,DQN,1.0,1.052697309607982
2025-04-07,META,DQN,1.0,1.0408704497269825
2025-04-08,META,DQN,1.0,1.194457302283473
2025-04-09,META,DQN,1.0,1.1938600736323313
2025-04-10,META,DQN,1.0,1.1873190990218176
2025-04-11,META,DQN,1.0,1.1609108881445291
2025-04-14,META,DQN,1.0,1.1391553434422614
2025-04-15,META,DQN,1.0,1.0971948750450176
2025-04-16,META,DQN,1.0,1.096646277607495
2025-04-17,META,DQN,1.0,1.0593156399920534
2025-04-21,META,DQN,1.0,1.0587859821720573
2025-04-22,META,DQN,1.0,1.1005633919162316
2025-04-23,META,DQN,1.0,1.127809372634101
2025-04-24,META,DQN,1.0,1.15767825297307
2025-04-25,META,DQN,1.0,1.1629030513879766
2025-04-28,META,DQN,1.0,1.1728453874943499
2025-04-29,META,DQN,1.0,1.161337711946234
2025-04-30,META,DQN,1.0,1.2104355720013587
2025-05-01,META,DQN,1.0,1.262917806119057
2025-05-02,META,DQN,1.0,1.2676776047345821
2025-05-05,META,DQN,1.0,1.242377571044456
2025-05-06,META,DQN,1.0,1.2624735478774958
2025-05-07,META,DQN,1.0,1.265012184919951
2025-05-08,META,DQN,1.0,1.264379678827491
2025-05-09,META,DQN,1.0,1.264379678827491
2025-05-12,META,DQN,1.0,1.264379678827491
2025-05-13,META,DQN,1.0,1.264379678827491
2025-05-14,META,DQN,1.0,1.264379678827491
2025-05-15,META,DQN,1.0,1.264379678827491
2025-05-16,META,DQN,1.0,1.264379678827491
2025-05-19,META,DQN,1.0,1.264379678827491
2025-05-20,META,DQN,1.0,1.264379678827491
2025-05-21,META,DQN,1.0,1.2658764429583527
2025-05-22,META,DQN,1.0,1.2469648868730958
2025-05-23,META,DQN,1.0,1.277310705335991
2025-05-27,META,DQN,1.0,1.2798166230065056
2025-05-28,META,DQN,1.0,1.2827396858497173
2025-05-29,META,DQN,1.0,1.2875917556863918
2025-05-30,META,DQN,1.0,1.334144693870975
2025-06-02,META,DQN,1.0,1.3260908550824242
2025-06-03,META,DQN,1.0,1.368050199887035
2025-06-04,META,DQN,1.0,1.3614281573690128
2025-06-05,META,DQN,1.0,1.3874588448298528
2025-06-06,META,DQN,1.0,1.3802004213326238
2025-06-09,META,DQN,1.0,1.3967853237114436
2025-06-10,META,DQN,1.0,1.380359577510112
2025-06-11,META,DQN,1.0,1.379669397721357
2025-06-12,META,DQN,1.0,1.379669397721357
2025-06-13,META,DQN,1.0,1.379669397721357
2025-06-16,META,DQN,1.0,1.3693706914515449
2025-06-17,META,DQN,1.0,1.366503167792757
2025-06-18,META,DQN,1.0,1.3401459554048298
2025-06-20,META,DQN,1.0,1.3719241982385848
2025-06-23,META,DQN,1.0,1.3987720995720248
2025-06-24,META,DQN,1.0,1.3918586771838282
2025-06-25,META,DQN,1.0,1.4260522401383497
2025-06-26,META,DQN,1.0,1.4408608236064633
2025-06-27,META,DQN,1.0,1.4496204631521508
2025-06-30,META,DQN,1.0,1.412559376538841
2025-07-01,META,DQN,1.0,1.40146283089015
2025-07-02,META,DQN,1.0,1.4121471016110916
2025-07-03,META,DQN,1.0,1.4108507447131309
2025-07-07,META,DQN,1.0,1.4101453193407745
2025-07-08,META,DQN,1.0,1.4101453193407745
2025-07-09,META,DQN,1.0,1.3987790600788579
2025-07-10,META,DQN,1.0,1.3800642483810277
2025-07-11,META,DQN,1.0,1.3866231953263803
2025-07-14,META,DQN,1.0,1.3663695845723616
2025-07-15,META,DQN,1.0,1.3519823728532179
2025-07-16,META,DQN,1.0,1.349097345460846
2025-07-17,META,DQN,1.0,1.3546175883207392
2025-07-18,META,DQN,1.0,1.3713319023553958
2025-07-21,META,DQN,1.0,1.3556369764440699
2025-07-22,META,DQN,1.0,1.3725054648349873
2025-07-23,META,DQN,1.0,1.3748517653323722
2025-07-24,META,DQN,1.0,1.3707740950587934
2025-07-25,META,DQN,1.0,1.3802950976845203
2025-07-28,META,DQN,1.0,1.3463853372658365
2025-07-29,META,DQN,1.0,1.3371723300118612
2025-07-30,META,DQN,1.0,1.487640494929569
2025-07-31,META,DQN,1.0,1.4425750596998659
2025-08-01,META,DQN,1.0,1.4932760446609517
2025-08-04,META,DQN,1.0,1.4684449042231387
2025-08-05,META,DQN,1.0,1.4848515762268144
2025-08-06,META,DQN,1.0,1.4653095937848883
2025-08-07,META,DQN,1.0,1.4796774895419031
2025-08-08,META,DQN,1.0,1.4730802640130634
2025-08-11,META,DQN,1.0,1.5194920453592065
2025-08-12,META,DQN,1.0,1.5004119970847793
2025-08-13,META,DQN,1.0,1.504354808964226
2025-08-14,META,DQN,1.0,1.5103174344689754
2025-08-15,META,DQN,1.0,1.4759654091856922
2025-08-18,META,DQN,1.0,1.4454023747663653
2025-08-19,META,DQN,1.0,1.4381703136529211
2025-08-20,META,DQN,1.0,1.4215905046716262
2025-08-21,META,DQN,1.0,1.4517688687719699
2025-08-22,META,DQN,1.0,1.44890303956147
2025-08-25,META,DQN,1.0,1.4504417208374016
2025-08-26,META,DQN,1.0,1.4375165154469582
2025-08-27,META,DQN,1.0,1.4446908642345297
2025-08-28,META,DQN,1.0,1.4208213995941739
2025-08-29,META,DQN,1.0,1.4139162964738392
2025-09-02,META,DQN,1.0,1.417647692792179
2025-09-03,META,DQN,1.0,1.4399592779747308
2025-09-04,META,DQN,1.0,1.4472681318156635
2025-09-05,META,DQN,1.0,1.446979570186298
2025-09-08,META,DQN,1.0,1.4727533060199531
2025-09-09,META,DQN,1.0,1.4463641683440793
2025-09-10,META,DQN,1.0,1.4442869957336741
2025-09-11,META,DQN,1.0,1.453307667828158
2025-09-12,META,DQN,1.0,1.4708299544250383
2025-09-15,META,DQN,1.0,1.4983347066941168
2025-09-16,META,DQN,1.0,1.4920258072341286
2025-09-17,META,DQN,1.0,1.4912797943305116
2025-09-18,META,DQN,1.0,1.4912797943305116
2025-09-19,META,DQN,1.0,1.4912797943305116
2025-09-22,META,DQN,1.0,1.4715122541613135
2025-09-23,META,DQN,1.0,1.4817585321044335
2025-09-24,META,DQN,1.0,1.4588695952573356
2025-09-25,META,DQN,1.0,1.4488179793103892
2025-09-26,META,DQN,1.0,1.448136364310927
2025-09-29,META,DQN,1.0,1.4305652880341337
2025-09-30,META,DQN,1.0,1.3973716627245492
2025-10-01,META,DQN,1.0,1.416286538562192
2025-10-02,META,DQN,1.0,1.384164209859842
2025-10-03,META,DQN,1.0,1.3940990047680557
2025-10-06,META,DQN,1.0,1.3934019552656718
2025-10-07,META,DQN,1.0,1.3934019552656718
2025-10-08,META,DQN,1.0,1.3934019552656718
2025-10-09,META,DQN,1.0,1.3934019552656718
2025-10-10,META,DQN,1.0,1.413251589703598
2025-10-13,META,DQN,1.0,1.3993305490188117
2025-10-14,META,DQN,1.0,1.3986308837443024
2025-10-15,META,DQN,1.0,1.3986308837443024
2025-10-16,META,DQN,1.0,1.3986308837443024
2025-10-17,META,DQN,1.0,1.3986308837443024
2025-10-20,META,DQN,1.0,1.3986308837443024
2025-10-21,META,DQN,1.0,1.3981985081870962
2025-10-22,META,DQN,1.0,1.3974994089330028
2025-10-23,META,DQN,1.0,1.3974994089330028
2025-10-24,META,DQN,1.0,1.3974994089330028
2025-10-27,META,DQN,1.0,1.3979546945449277
2025-10-28,META,DQN,1.0,1.3972557171976554
2025-10-29,META,DQN,1.0,1.3972557171976554
2025-10-30,META,DQN,1.0,1.3972557171976554
2025-10-31,META,DQN,1.0,1.3736270830379214
2025-11-03,META,DQN,1.0,1.3512469198732147
2025-11-04,META,DQN,1.0,1.369835917220682
2025-11-05,META,DQN,1.0,1.3331963729938454
2025-11-06,META,DQN,1.0,1.3391629577891715
2025-11-07,META,DQN,1.0,1.3608106437809973
2025-11-10,META,DQN,1.0,1.3507300865108134
2025-11-11,META,DQN,1.0,1.3118071695890305
2025-11-12,META,DQN,1.0,1.3137027524976503
2025-11-13,META,DQN,1.0,1.3127765122432264
2025-11-14,META,DQN,1.0,1.2967291065544762
2025-11-17,META,DQN,1.0,1.296080742001199
2025-11-18,META,DQN,1.0,1.296080742001199
2025-11-19,META,DQN,1.0,1.296080742001199
2025-11-20,META,DQN,1.0,1.296080742001199
2025-11-21,META,DQN,1.0,1.296080742001199
2025-11-24,META,DQN,1.0,1.296080742001199
2025-11-25,META,DQN,1.0,1.2901158822773031
2025-11-26,META,DQN,1.0,1.3193139280624118
2025-11-28,META,DQN,1.0,1.3186542710983806
2025-12-01,META,DQN,1.0,1.3186542710983806
2025-12-02,META,DQN,1.0,1.3186542710983806
2025-12-03,META,DQN,1.0,1.3186542710983806
2025-12-04,META,DQN,1.0,1.3186542710983806
2025-12-05,META,DQN,1.0,1.3186542710983806
2025-12-08,META,DQN,1.0,1.3186542710983806
2025-12-09,META,DQN,1.0,1.3186542710983806
2025-12-10,META,DQN,1.0,1.3186542710983806
2025-12-11,META,DQN,1.0,1.3008629938442586
2025-12-12,META,DQN,1.0,1.3085525012522439
2025-12-15,META,DQN,1.0,1.3280340282882452
2025-12-16,META,DQN,1.0,1.3125740777925023
2025-12-17,META,DQN,1.0,1.342786440307078
2025-12-18,META,DQN,1.0,1.3313077838605925
2025-12-19,META,DQN,1.0,1.3368248787707504
2025-12-22,META,DQN,1.0,1.3437766976165362
2025-12-23,META,DQN,1.0,1.349051232619224
2025-12-24,META,DQN,1.0,1.3483767070029147
2025-12-26,META,DQN,1.0,1.3383513809393095
2025-12-29,META,DQN,1.0,1.3531025194419841
2025-12-30,META,DQN,1.0,1.3411958600118508
2025-12-31,META,DQN,1.0,1.3215276339300313
2026-01-02,META,DQN,1.0,1.338554504772451
2026-01-05,META,DQN,1.0,1.3422727269144006
2026-01-06,META,DQN,1.0,1.318032910121917
2026-01-07,META,DQN,1.0,1.3126892003757953
2026-01-08,META,DQN,1.0,1.3269120926775417
2026-01-09,META,DQN,1.0,1.326248636631203
2026-01-12,META,DQN,1.0,1.326248636631203
2026-01-13,META,DQN,1.0,1.326248636631203
2026-01-14,META,DQN,1.0,1.326248636631203
2026-01-15,META,DQN,1.0,1.326248636631203
2026-01-16,META,DQN,1.0,1.291095609374492
2026-01-20,META,DQN,1.0,1.290450061569805
2026-01-21,META,DQN,1.0,1.290450061569805
2026-01-22,META,DQN,1.0,1.290450061569805
2026-01-23,META,DQN,1.0,1.290450061569805
2026-01-26,META,DQN,1.0,1.2909756653759392
2026-01-27,META,DQN,1.0,1.282841901024691
2026-01-28,META,DQN,1.0,1.4163191498355645
2026-01-29,META,DQN,1.0,1.4156109902606469
2026-01-30,META,DQN,1.0,1.4156109902606469
2026-02-02,META,DQN,1.0,1.385425124774415
2026-02-03,META,DQN,1.0,1.3399387695140315
2026-02-04,META,DQN,1.0,1.3423823551509582
2026-02-05,META,DQN,1.0,1.3248567037415255
2026-02-06,META,DQN,1.0,1.3564227159453803
2026-02-09,META,DQN,1.0,1.3434036081267677
2026-02-10,META,DQN,1.0,1.3393378235550075
2026-02-11,META,DQN,1.0,1.3015225612192878
2026-02-12,META,DQN,1.0,1.2814130993669206
2026-02-13,META,DQN,1.0,1.280451732792978
2026-02-17,META,DQN,1.0,1.2883231818596765
2026-02-18,META,DQN,1.0,1.291447806925609
2026-02-19,META,DQN,1.0,1.3132397215159157
2026-02-20,META,DQN,1.0,1.276365863620183
2026-02-23,META,DQN,1.0,1.2757276806883728
2026-02-24,META,DQN,1.0,1.2757276806883728
2026-02-25,META,DQN,1.0,1.2815691759392944
2026-02-26,META,DQN,1.0,1.2643451999373458
2026-02-27,META,DQN,1.0,1.2748394762847597
2026-03-02,META,DQN,1.0,1.2778044799783657
2026-03-03,META,DQN,1.0,1.3024796080621464
2026-03-04,META,DQN,1.0,1.2885133195456024
2026-03-05,META,DQN,1.0,1.257869183422646
2026-03-06,META,DQN,1.0,1.2628042567466218
2026-03-09,META,DQN,1.0,1.2758344103479962
2026-03-10,META,DQN,1.0,1.2773753535387198
2026-03-11,META,DQN,1.0,1.2448392683573695
2026-03-12,META,DQN,1.0,1.197107718148361
2026-03-13,META,DQN,1.0,1.2249570460833739
2026-03-16,META,DQN,1.0,1.2156055961797303
2026-03-17,META,DQN,1.0,1.2019787445301213
2026-03-18,META,DQN,1.0,1.184447295498321
2026-03-19,META,DQN,1.0,1.1838550718505718
2026-03-20,META,DQN,1.0,1.1838550718505718
2026-03-23,META,DQN,1.0,1.1838550718505718
2026-03-24,META,DQN,1.0,1.1838550718505718
2026-03-25,META,DQN,1.0,1.1838550718505718
2026-03-26,META,DQN,1.0,1.1360853483139017
2026-03-27,META,DQN,1.0,1.1591218695625263
2026-03-30,META,DQN,1.0,1.2363778436524684
2026-03-31,META,DQN,1.0,1.2357596547306422
2026-04-01,META,DQN,1.0,1.2249652479417046
2026-04-02,META,DQN,1.0,1.2218946401511506
2026-04-06,META,DQN,1.0,1.2262232709120233
2026-04-07,META,DQN,1.0,1.3059101741959436
2026-04-08,META,DQN,1.0,1.3399643362228633
2026-04-09,META,DQN,1.0,1.3430987765965647
2026-04-10,META,DQN,1.0,1.3530571806498979
2026-04-13,META,DQN,1.0,1.4126782462860892
2026-04-14,META,DQN,1.0,1.4320617266470286
2026-04-15,META,DQN,1.0,1.4433418559832498
2026-04-16,META,DQN,1.0,1.4682480272216551
2026-04-17,META,DQN,1.0,1.4675139032080444
2026-04-20,META,DQN,1.0,1.4675139032080444
2026-04-21,META,DQN,1.0,1.4675139032080444
2026-04-22,META,DQN,1.0,1.4329155324114022
2026-04-23,META,DQN,1.0,1.4674368060061558
2026-04-24,META,DQN,1.0,1.4667030876031528
2026-04-27,META,DQN,1.0,1.4502354643123399
2026-04-28,META,DQN,1.0,1.445439771642123
2026-04-29,META,DQN,1.0,1.3218541156349708
2026-04-30,META,DQN,1.0,1.3150279177933415
2026-05-01,META,DQN,1.0,1.3186138326846464
2026-05-04,META,DQN,1.0,1.3068407034540666
2026-05-05,META,DQN,1.0,1.323949550518091
2026-05-06,META,DQN,1.0,1.3324391103238749
2026-05-07,META,DQN,1.0,1.3169288274832562
2026-05-08,META,DQN,1.0,1.2936634032223282
2026-05-11,META,DQN,1.0,1.3026066791843134
2026-05-12,META,DQN,1.0,1.332050323879381
2026-05-13,META,DQN,1.0,1.3359387162081537
2026-05-14,META,DQN,1.0,1.3268658447646708
2026-05-15,META,DQN,1.0,1.3203419923895505
2026-05-18,META,DQN,1.0,1.3017641765836185
2026-05-19,META,DQN,1.0,1.30705673991355
2026-05-20,META,DQN,1.0,1.3120683370722908
2026-05-21,META,DQN,1.0,1.318289843980902
2026-05-22,META,DQN,1.0,1.3227830592136514
2026-05-26,META,DQN,1.0,1.3722951316937946
2026-05-27,META,DQN,1.0,1.3716089841279477
2026-05-28,META,DQN,1.0,1.3716089841279477
2026-05-29,META,DQN,1.0,1.3716089841279477
2026-06-01,META,DQN,1.0,1.3716089841279477
2026-06-02,META,DQN,1.0,1.4291034989226645
2026-06-03,META,DQN,1.0,1.4396328765216155
2026-06-04,META,DQN,1.0,1.3603300548331636
2026-06-05,META,DQN,1.0,1.34287283923724
2026-06-08,META,DQN,1.0,1.3410376642853776
2026-06-09,META,DQN,1.0,1.3098165664788968
2026-06-10,META,DQN,1.0,1.3039668499713992
2026-06-11,META,DQN,1.0,1.300640551576405
2026-06-12,META,DQN,1.0,1.3626928688605329
2026-06-15,META,DQN,1.0,1.3781457566854347
2026-06-16,META,DQN,1.0,1.303223810827087
2026-06-17,META,DQN,1.0,1.325358164937211
2026-06-18,META,DQN,1.0,1.294659240622188
2026-06-22,META,DQN,1.0,1.290870750017095
2026-06-23,META,DQN,1.0,1.2804693231421647
2026-06-24,META,DQN,1.0,1.2464869842454553
2026-06-25,META,DQN,1.0,1.2458637407533326
2026-06-26,META,DQN,1.0,1.2732033473322217
2026-06-29,META,DQN,1.0,1.2747648714278295
2026-06-30,META,DQN,1.0,1.3870584132325807
2026-07-01,META,DQN,1.0,1.3191437867928846
2026-07-02,META,DQN,1.0,1.3184842148994882
2026-07-06,META,DQN,1.0,1.3514082007102375
2026-07-07,META,DQN,1.0,1.3240542005682545
2026-07-08,META,DQN,1.0,1.3863140460994816
2026-07-09,META,DQN,1.0,1.3856208890764319
2026-07-10,META,DQN,1.0,1.3856208890764319
2026-07-13,META,DQN,1.0,1.3856208890764319
2026-07-14,META,DQN,1.0,1.3856208890764319
2026-07-15,META,DQN,1.0,1.3856208890764319
2026-07-16,META,DQN,1.0,1.3856208890764319
2026-07-17,META,DQN,1.0,1.3856208890764319
2026-07-20,META,DQN,1.0,1.3856208890764319
2026-07-21,META,DQN,1.0,1.3491151027867736
2026-07-22,META,DQN,1.0,1.303791082391168
2026-07-23,META,DQN,1.0,1.280322469508919
2026-07-24,META,DQN,1.0,1.2774829812275614
2026-07-27,META,DQN,1.0,1.2764934208087981
2026-07-28,META,DQN,1.0,1.2597147457768425
2026-07-29,META,DQN,1.0,1.1595158779851655
2026-07-30,META,DQN,1.0,1.1975475851554893
2026-07-31,META,DQN,1.0,1.1969488113629116
2026-08-03,META,DQN,1.0,1.1969488113629116
2026-08-04,META,DQN,1.0,1.1996076231902562
2024-11-18,META,DQN,2.0,1.0115671041806689
2024-11-19,META,DQN,2.0,1.0195537846835119
2024-11-20,META,DQN,2.0,1.0190440077911702
2024-11-21,META,DQN,2.0,1.0190440077911702
2024-11-22,META,DQN,2.0,1.0190440077911702
2024-11-25,META,DQN,2.0,1.0190440077911702
2024-11-26,META,DQN,2.0,1.0190440077911702
2024-11-27,META,DQN,2.0,1.0277007347786198
2024-11-29,META,DQN,2.0,1.0608231523448917
2024-12-02,META,DQN,2.0,1.0602927407687193
2024-12-03,META,DQN,2.0,1.0602927407687193
2024-12-04,META,DQN,2.0,1.0602927407687193
2024-12-05,META,DQN,2.0,1.085602614920793
2024-12-06,META,DQN,2.0,1.0678504118942487
2024-12-09,META,DQN,2.0,1.0778579608786942
2024-12-10,META,DQN,2.0,1.1011093372855054
2024-12-11,META,DQN,2.0,1.0978202818256546
2024-12-12,META,DQN,2.0,1.0796504565749645
2024-12-13,META,DQN,2.0,1.0872968214264225
2024-12-16,META,DQN,2.0,1.078936364237745
2024-12-17,META,DQN,2.0,1.040181256876371
2024-12-18,META,DQN,2.0,1.039661166247933
2024-12-19,META,DQN,2.0,1.039661166247933
2024-12-20,META,DQN,2.0,1.039661166247933
2024-12-23,META,DQN,2.0,1.039661166247933
2024-12-24,META,DQN,2.0,1.0316141710339102
2024-12-26,META,DQN,2.0,1.0255617655260945
2024-12-27,META,DQN,2.0,1.0250489846433315
2024-12-30,META,DQN,2.0,1.0250489846433315
2024-12-31,META,DQN,2.0,1.0250489846433315
2025-01-02,META,DQN,2.0,1.0250489846433315
2025-01-03,META,DQN,2.0,1.0678863982914244
2025-01-06,META,DQN,2.0,1.0470267630274088
2025-01-07,META,DQN,2.0,1.0348770045677367
2025-01-08,META,DQN,2.0,1.04358688137208
2025-01-10,META,DQN,2.0,1.0308272236631493
2025-01-13,META,DQN,2.0,1.0069685013443683
2025-01-14,META,DQN,2.0,1.045722048426873
2025-01-15,META,DQN,2.0,1.0358598278978308
2025-01-16,META,DQN,2.0,1.0383508734511684
2025-01-17,META,DQN,2.0,1.044603691930277
2025-01-21,META,DQN,2.0,1.0565330011214287
2025-01-22,META,DQN,2.0,1.0784771095904147
2025-01-23,META,DQN,2.0,1.0971845322173475
2025-01-24,META,DQN,2.0,1.1181795967113877
2025-01-27,META,DQN,2.0,1.1426653677981948
2025-01-28,META,DQN,2.0,1.1463255947855668
2025-01-29,META,DQN,2.0,1.1641350062479467
2025-01-30,META,DQN,2.0,1.1678289086539893
2025-01-31,META,DQN,2.0,1.1818597094812628
2025-02-03,META,DQN,2.0,1.1932637237157422
2025-02-04,META,DQN,2.0,1.1944161713769181
2025-02-05,META,DQN,2.0,1.206481013734572
2025-02-06,META,DQN,2.0,1.2107681855534926
2025-02-07,META,DQN,2.0,1.2156484189123369
2025-02-10,META,DQN,2.0,1.2197152453992146
2025-02-11,META,DQN,2.0,1.2291706585557962
2025-02-12,META,DQN,2.0,1.2345593491619775
2025-02-13,META,DQN,2.0,1.248301726264525
2025-02-14,META,DQN,2.0,1.2139031175841921
2025-02-18,META,DQN,2.0,1.2132961660254
2025-02-19,META,DQN,2.0,1.1972941902150471
2025-02-20,META,DQN,2.0,1.1778398864804598
2025-02-21,META,DQN,2.0,1.1772509665372197
2025-02-24,META,DQN,2.0,1.1772509665372197
2025-02-25,META,DQN,2.0,1.2056683325689428
2025-02-26,META,DQN,2.0,1.1780008673285465
2025-02-27,META,DQN,2.0,1.1774118668948823
2025-02-28,META,DQN,2.0,1.1536517838213167
2025-03-03,META,DQN,2.0,1.1530749579294062
2025-03-04,META,DQN,2.0,1.1530749579294062
2025-03-05,META,DQN,2.0,1.1530749579294062
2025-03-06,META,DQN,2.0,1.1530749579294062
2025-03-07,META,DQN,2.0,1.1015033943121082
2025-03-10,META,DQN,2.0,1.1157238929767992
2025-03-11,META,DQN,2.0,1.141235465773526
2025-03-12,META,DQN,2.0,1.087964635373969
2025-03-13,META,DQN,2.0,1.087420653056282
2025-03-14,META,DQN,2.0,1.087420653056282
2025-03-17,META,DQN,2.0,1.0463568651953952
2025-03-18,META,DQN,2.0,1.0494114036604145
2025-03-19,META,DQN,2.0,1.0528971296323375
2025-03-20,META,DQN,2.0,1.0713138791770784
2025-03-21,META,DQN,2.0,1.1119202689519676
2025-03-24,META,DQN,2.0,1.1253241884560299
2025-03-25,META,DQN,2.0,1.0977799393237553
2025-03-26,META,DQN,2.0,1.0972310493540935
2025-03-27,META,DQN,2.0,1.0972310493540935
2025-03-28,META,DQN,2.0,1.0972310493540935
2025-03-31,META,DQN,2.0,1.0972310493540935
2025-04-01,META,DQN,2.0,1.0972310493540935
2025-04-02,META,DQN,2.0,1.0972310493540935
2025-04-03,META,DQN,2.0,1.0411831733395074
2025-04-04,META,DQN,2.0,1.064947104958133
2025-04-07,META,DQN,2.0,1.064414631405654
2025-04-08,META,DQN,2.0,1.064414631405654
2025-04-09,META,DQN,2.0,1.064414631405654
2025-04-10,META,DQN,2.0,1.0585828683432537
2025-04-11,META,DQN,2.0,1.0580535769090822
2025-04-14,META,DQN,2.0,1.0580535769090822
2025-04-15,META,DQN,2.0,1.0185514426054323
2025-04-16,META,DQN,2.0,1.0168684071795606
2025-04-17,META,DQN,2.0,0.9827619005529787
2025-04-21,META,DQN,2.0,1.0144350640232245
2025-04-22,META,DQN,2.0,1.013927846491213
2025-04-23,META,DQN,2.0,1.013927846491213
2025-04-24,META,DQN,2.0,1.040273726899684
2025-04-25,META,DQN,2.0,1.0449686587647475
2025-04-28,META,DQN,2.0,1.0539027049981502
2025-04-29,META,DQN,2.0,1.0435620663106329
2025-04-30,META,DQN,2.0,1.087680726854852
2025-05-01,META,DQN,2.0,1.0871368864914246
2025-05-02,META,DQN,2.0,1.0871368864914246
2025-05-05,META,DQN,2.0,1.0871368864914246
2025-05-06,META,DQN,2.0,1.0871368864914246
2025-05-07,META,DQN,2.0,1.0871368864914246
2025-05-08,META,DQN,2.0,1.0871368864914246
2025-05-09,META,DQN,2.0,1.0871368864914246
2025-05-12,META,DQN,2.0,1.1148159097337509
2025-05-13,META,DQN,2.0,1.114258501778884
2025-05-14,META,DQN,2.0,1.114258501778884
2025-05-15,META,DQN,2.0,1.114258501778884
2025-05-16,META,DQN,2.0,1.1138580232045567
2025-05-19,META,DQN,2.0,1.1080662313980185
2025-05-20,META,DQN,2.0,1.1052834214554916
2025-05-21,META,DQN,2.0,1.107144490221299
2025-05-22,META,DQN,2.0,1.0906043095126894
2025-05-23,META,DQN,2.0,1.1171449769683008
2025-05-27,META,DQN,2.0,1.1193366702866272
2025-05-28,META,DQN,2.0,1.121893201723352
2025-05-29,META,DQN,2.0,1.1261368563199168
2025-05-30,META,DQN,2.0,1.1668523853127961
2025-06-02,META,DQN,2.0,1.159808440945654
2025-06-03,META,DQN,2.0,1.196506380679136
2025-06-04,META,DQN,2.0,1.1907146954569152
2025-06-05,META,DQN,2.0,1.2134813188183469
2025-06-06,META,DQN,2.0,1.207133050290757
2025-06-09,META,DQN,2.0,1.2216383232119092
2025-06-10,META,DQN,2.0,1.2072722494092578
2025-06-11,META,DQN,2.0,1.2059155376333022
2025-06-12,META,DQN,2.0,1.1876709671054368
2025-06-13,META,DQN,2.0,1.2220908802235133
2025-06-16,META,DQN,2.0,1.2135794829746558
2025-06-17,META,DQN,2.0,1.2110381930953167
2025-06-18,META,DQN,2.0,1.1876796004351453
2025-06-20,META,DQN,2.0,1.2158424812013107
2025-06-23,META,DQN,2.0,1.2396359378764008
2025-06-24,META,DQN,2.0,1.2335090449760135
2025-06-25,META,DQN,2.0,1.2638124585881618
2025-06-26,META,DQN,2.0,1.276936292171726
2025-06-27,META,DQN,2.0,1.2846993609282447
2025-06-30,META,DQN,2.0,1.2518546574367568
2025-07-01,META,DQN,2.0,1.2420205488091884
2025-07-02,META,DQN,2.0,1.2514892863967713
2025-07-03,META,DQN,2.0,1.2503404140397105
2025-07-07,META,DQN,2.0,1.2543783609037278
2025-07-08,META,DQN,2.0,1.2754570084307808
2025-07-09,META,DQN,2.0,1.265814112068596
2025-07-10,META,DQN,2.0,1.2488782903738642
2025-07-11,META,DQN,2.0,1.2548137578402334
2025-07-14,META,DQN,2.0,1.236485412038906
2025-07-15,META,DQN,2.0,1.2234658179177416
2025-07-16,META,DQN,2.0,1.2208550350634695
2025-07-17,META,DQN,2.0,1.2258505354348468
2025-07-18,META,DQN,2.0,1.240976022498845
2025-07-21,META,DQN,2.0,1.2267730227017881
2025-07-22,META,DQN,2.0,1.2420380286372392
2025-07-23,META,DQN,2.0,1.2441612948238063
2025-07-24,META,DQN,2.0,1.2404712391717239
2025-07-25,META,DQN,2.0,1.2490871956359333
2025-07-28,META,DQN,2.0,1.2184008245714315
2025-07-29,META,DQN,2.0,1.2177916241591458
2025-07-30,META,DQN,2.0,1.2177916241591458
2025-07-31,META,DQN,2.0,1.2177916241591458
2025-08-01,META,DQN,2.0,1.2599834369875405
2025-08-04,META,DQN,2.0,1.2593534452690467
2025-08-05,META,DQN,2.0,1.2727942991150472
2025-08-06,META,DQN,2.0,1.2560431811961135
2025-08-07,META,DQN,2.0,1.268359143345191
2025-08-08,META,DQN,2.0,1.262704092579497
2025-08-11,META,DQN,2.0,1.3024876316583696
2025-08-12,META,DQN,2.0,1.2861324773390121
2025-08-13,META,DQN,2.0,1.289512201321523
2025-08-14,META,DQN,2.0,1.2946232816959586
2025-08-15,META,DQN,2.0,1.2651771992432435
2025-08-18,META,DQN,2.0,1.2389789875193304
2025-08-19,META,DQN,2.0,1.232779764443153
2025-08-20,META,DQN,2.0,1.218567780774433
2025-08-21,META,DQN,2.0,1.2444362584044615
2025-08-22,META,DQN,2.0,1.2438140402752593
2025-08-25,META,DQN,2.0,1.2445130176222987
2025-08-26,META,DQN,2.0,1.2334228882273983
2025-08-27,META,DQN,2.0,1.2395786477665962
2025-08-28,META,DQN,2.0,1.219098087229874
2025-08-29,META,DQN,2.0,1.2131733467885142
2025-09-02,META,DQN,2.0,1.2163749723522086
2025-09-03,META,DQN,2.0,1.2355188357729625
2025-09-04,META,DQN,2.0,1.2417900038028562
2025-09-05,META,DQN,2.0,1.2415424111564421
2025-09-08,META,DQN,2.0,1.2636568810430526
2025-09-09,META,DQN,2.0,1.24101438194113
2025-09-10,META,DQN,2.0,1.239232119119839
2025-09-11,META,DQN,2.0,1.246972067363196
2025-09-12,META,DQN,2.0,1.262006600261034
2025-09-15,META,DQN,2.0,1.2613755969609035
2025-09-16,META,DQN,2.0,1.2613755969609035
2025-09-17,META,DQN,2.0,1.2613755969609035
2025-09-18,META,DQN,2.0,1.2613755969609035
2025-09-19,META,DQN,2.0,1.2613755969609035
2025-09-22,META,DQN,2.0,1.2613755969609035
2025-09-23,META,DQN,2.0,1.2613755969609035
2025-09-24,META,DQN,2.0,1.2412602591646231
2025-09-25,META,DQN,2.0,1.2327079722049865
2025-09-26,META,DQN,2.0,1.2321280289299787
2025-09-29,META,DQN,2.0,1.2171779067504245
2025-09-30,META,DQN,2.0,1.1889355415052152
2025-10-01,META,DQN,2.0,1.205029018098754
2025-10-02,META,DQN,2.0,1.1776981516665028
2025-10-03,META,DQN,2.0,1.1861510429616577
2025-10-06,META,DQN,2.0,1.1818748994818393
2025-10-07,META,DQN,2.0,1.1897642782138702
2025-10-08,META,DQN,2.0,1.1891693960747634
2025-10-09,META,DQN,2.0,1.1891693960747634
2025-10-10,META,DQN,2.0,1.2061096463074057
2025-10-13,META,DQN,2.0,1.1942290288866393
2025-10-14,META,DQN,2.0,1.2092273209585924
2025-10-15,META,DQN,2.0,1.1999923751168216
2025-10-16,META,DQN,2.0,1.1993923789292633
2025-10-17,META,DQN,2.0,1.1993923789292633
2025-10-20,META,DQN,2.0,1.1993923789292633
2025-10-21,META,DQN,2.0,1.1993923789292633
2025-10-22,META,DQN,2.0,1.1993923789292633
2025-10-23,META,DQN,2.0,1.1993923789292633
2025-10-24,META,DQN,2.0,1.1993923789292633
2025-10-27,META,DQN,2.0,1.1993923789292633
2025-10-28,META,DQN,2.0,1.1993923789292633
2025-10-29,META,DQN,2.0,1.1993923789292633
2025-10-30,META,DQN,2.0,1.1661835714860243
2025-10-31,META,DQN,2.0,1.1656004797002812
2025-11-03,META,DQN,2.0,1.1656004797002812
2025-11-04,META,DQN,2.0,1.1656004797002812
2025-11-05,META,DQN,2.0,1.1656004797002812
2025-11-06,META,DQN,2.0,1.1656004797002812
2025-11-07,META,DQN,2.0,1.1838597128587636
2025-11-10,META,DQN,2.0,1.175089965436611
2025-11-11,META,DQN,2.0,1.1412283304903876
2025-11-12,META,DQN,2.0,1.1428774241744755
2025-11-13,META,DQN,2.0,1.1420716261549997
2025-11-14,META,DQN,2.0,1.1281109203230504
2025-11-17,META,DQN,2.0,1.1200157864982476
2025-11-18,META,DQN,2.0,1.1062049565751435
2025-11-19,META,DQN,2.0,1.1040126630592275
2025-11-20,META,DQN,2.0,1.1135695170141373
2025-11-21,META,DQN,2.0,1.1130127322556302
2025-11-24,META,DQN,2.0,1.1130127322556302
2025-11-25,META,DQN,2.0,1.107890393342883
2025-11-26,META,DQN,2.0,1.1329642916446439
2025-11-28,META,DQN,2.0,1.1323978094988216
2025-12-01,META,DQN,2.0,1.1323978094988216
2025-12-02,META,DQN,2.0,1.1323978094988216
2025-12-03,META,DQN,2.0,1.1323978094988216
2025-12-04,META,DQN,2.0,1.1323978094988216
2025-12-05,META,DQN,2.0,1.1323978094988216
2025-12-08,META,DQN,2.0,1.1323978094988216
2025-12-09,META,DQN,2.0,1.1323978094988216
2025-12-10,META,DQN,2.0,1.1323978094988216
2025-12-11,META,DQN,2.0,1.1323978094988216
2025-12-12,META,DQN,2.0,1.1323978094988216
2025-12-15,META,DQN,2.0,1.1323978094988216
2025-12-16,META,DQN,2.0,1.1323978094988216
2025-12-17,META,DQN,2.0,1.1323978094988216
2025-12-18,META,DQN,2.0,1.1221514373172128
2025-12-19,META,DQN,2.0,1.1215903615985543
2025-12-22,META,DQN,2.0,1.1215903615985543
2025-12-23,META,DQN,2.0,1.1215903615985543
2025-12-24,META,DQN,2.0,1.1215903615985543
2025-12-26,META,DQN,2.0,1.1215903615985543
2025-12-29,META,DQN,2.0,1.1333915925663687
2025-12-30,META,DQN,2.0,1.1234182849272478
2025-12-31,META,DQN,2.0,1.1069437002143159
2026-01-02,META,DQN,2.0,1.121205821512021
2026-01-05,META,DQN,2.0,1.1243202948460282
2026-01-06,META,DQN,2.0,1.1040164345226584
2026-01-07,META,DQN,2.0,1.0995404132217246
2026-01-08,META,DQN,2.0,1.1114538538702752
2026-01-09,META,DQN,2.0,1.0925794940377087
2026-01-12,META,DQN,2.0,1.0740627954985027
2026-01-13,META,DQN,2.0,1.0475639127380278
2026-01-14,META,DQN,2.0,1.056549983632863
2026-01-15,META,DQN,2.0,1.0556139454211153
2026-01-16,META,DQN,2.0,1.0281620623334384
2026-01-20,META,DQN,2.0,1.043207042493509
2026-01-21,META,DQN,2.0,1.0426854389722622
2026-01-22,META,DQN,2.0,1.060083493199655
2026-01-23,META,DQN,2.0,1.0595534514530551
2026-01-26,META,DQN,2.0,1.0595534514530551
2026-01-27,META,DQN,2.0,1.0523479810463316
2026-01-28,META,DQN,2.0,1.0518218070558085
2026-01-29,META,DQN,2.0,1.0202246001188953
2026-01-30,META,DQN,2.0,1.0058573756631073
2026-02-02,META,DQN,2.0,0.9849118445346512
2026-02-03,META,DQN,2.0,0.9525751637140565
2026-02-04,META,DQN,2.0,0.954312331890024
2026-02-05,META,DQN,2.0,0.9418531802926786
2026-02-06,META,DQN,2.0,0.9642937573750123
2026-02-09,META,DQN,2.0,0.9550383503042671
2026-02-10,META,DQN,2.0,0.9521479455393723
2026-02-11,META,DQN,2.0,0.9252647173427566
2026-02-12,META,DQN,2.0,0.9109687104265841
2026-02-13,META,DQN,2.0,0.9102852658226978
2026-02-17,META,DQN,2.0,0.9158811535259072
2026-02-18,META,DQN,2.0,0.9181024790830482
2026-02-19,META,DQN,2.0,0.9335945575875255
2026-02-20,META,DQN,2.0,0.9073805827246774
2026-02-23,META,DQN,2.0,0.9102995441558237
2026-02-24,META,DQN,2.0,0.9307893875063511
2026-02-25,META,DQN,2.0,0.9355168217160869
2026-02-26,META,DQN,2.0,0.9229437046427559
2026-02-27,META,DQN,2.0,0.9306042915537569
2026-03-02,META,DQN,2.0,0.9327686779044084
2026-03-03,META,DQN,2.0,0.9507809692685926
2026-03-04,META,DQN,2.0,0.9503055787839583
2026-03-05,META,DQN,2.0,0.927229733341323
2026-03-06,META,DQN,2.0,0.9308675891553582
2026-03-09,META,DQN,2.0,0.9404726784670495
2026-03-10,META,DQN,2.0,0.940002442127816
2026-03-11,META,DQN,2.0,0.940002442127816
2026-03-12,META,DQN,2.0,0.940002442127816
2026-03-13,META,DQN,2.0,0.940002442127816
2026-03-16,META,DQN,2.0,0.940002442127816
2026-03-17,META,DQN,2.0,0.940002442127816
2026-03-18,META,DQN,2.0,0.9258220446298414
2026-03-19,META,DQN,2.0,0.9059230080477879
2026-03-20,META,DQN,2.0,0.9217933870198304
2026-03-23,META,DQN,2.0,0.9213324903263205
2026-03-24,META,DQN,2.0,0.9213324903263205
2026-03-25,META,DQN,2.0,0.8475386947721987
2026-03-26,META,DQN,2.0,0.8137634391725441
2026-03-27,META,DQN,2.0,0.8302642054095826
2026-03-30,META,DQN,2.0,0.8298490733068778
2026-03-31,META,DQN,2.0,0.8298490733068778
2026-04-01,META,DQN,2.0,0.8298490733068778
2026-04-02,META,DQN,2.0,0.8298490733068778
2026-04-06,META,DQN,2.0,0.8298490733068778
2026-04-07,META,DQN,2.0,0.8298490733068778
2026-04-08,META,DQN,2.0,0.8298490733068778
2026-04-09,META,DQN,2.0,0.8313753291204299
2026-04-10,META,DQN,2.0,0.8375395603680628
2026-04-13,META,DQN,2.0,0.8371207905878788
2026-04-14,META,DQN,2.0,0.8371207905878788
2026-04-15,META,DQN,2.0,0.8371207905878788
2026-04-16,META,DQN,2.0,0.8371207905878788
2026-04-17,META,DQN,2.0,0.8371207905878788
2026-04-20,META,DQN,2.0,0.8371207905878788
2026-04-21,META,DQN,2.0,0.8440615889662952
2026-04-22,META,DQN,2.0,0.8245838724626985
2026-04-23,META,DQN,2.0,0.8444494436141272
2026-04-24,META,DQN,2.0,0.8489404565254963
2026-04-27,META,DQN,2.0,0.8398333236961568
2026-04-28,META,DQN,2.0,0.8370561315685576
2026-04-29,META,DQN,2.0,0.7654875106102559
2026-04-30,META,DQN,2.0,0.7651047668549508
2026-05-01,META,DQN,2.0,0.7651047668549508
2026-05-04,META,DQN,2.0,0.7651047668549508
2026-05-05,META,DQN,2.0,0.7651047668549508
2026-05-06,META,DQN,2.0,0.7651047668549508
2026-05-07,META,DQN,2.0,0.7558159978611888
2026-05-08,META,DQN,2.0,0.7424634312786483
2026-05-11,META,DQN,2.0,0.7420921995630091
2026-05-12,META,DQN,2.0,0.7584951339778958
2026-05-13,META,DQN,2.0,0.760709259531187
2026-05-14,META,DQN,2.0,0.7555429916224439
2026-05-15,META,DQN,2.0,0.7518281843117803
2026-05-18,META,DQN,2.0,0.7412496178446376
2026-05-19,META,DQN,2.0,0.7442633054359078
2026-05-20,META,DQN,2.0,0.747117005472774
2026-05-21,META,DQN,2.0,0.7506596514461246
2026-05-22,META,DQN,2.0,0.7532181748208497
2026-05-26,META,DQN,2.0,0.7814113033957355
2026-05-27,META,DQN,2.0,0.781448125331695
2026-05-28,META,DQN,2.0,0.7780285698299807
2026-05-29,META,DQN,2.0,0.738617225157569
2026-06-01,META,DQN,2.0,0.7382479165449902
2026-06-02,META,DQN,2.0,0.7691934748280974
2026-06-03,META,DQN,2.0,0.7688088780906834
2026-06-04,META,DQN,2.0,0.7688088780906834
2026-06-05,META,DQN,2.0,0.7688088780906834
2026-06-08,META,DQN,2.0,0.7688088780906834
2026-06-09,META,DQN,2.0,0.7688088780906834
2026-06-10,META,DQN,2.0,0.7688088780906834
2026-06-11,META,DQN,2.0,0.7688088780906834
2026-06-12,META,DQN,2.0,0.7688088780906834
2026-06-15,META,DQN,2.0,0.7688088780906834
2026-06-16,META,DQN,2.0,0.7266287079568237
2026-06-17,META,DQN,2.0,0.7389699934634865
2026-06-18,META,DQN,2.0,0.7218534249006908
2026-06-22,META,DQN,2.0,0.7214924981882405
2026-06-23,META,DQN,2.0,0.7153181943381112
2026-06-24,META,DQN,2.0,0.6963343851521717
2026-06-25,META,DQN,2.0,0.7058006500198478
2026-06-26,META,DQN,2.0,0.7216418509217724
2026-06-29,META,DQN,2.0,0.7225269107521399
2026-06-30,META,DQN,2.0,0.7861740253503999
2026-07-01,META,DQN,2.0,0.7857809383377248
2026-07-02,META,DQN,2.0,0.7857809383377248
2026-07-06,META,DQN,2.0,0.7857809383377248
2026-07-07,META,DQN,2.0,0.7857809383377248
2026-07-08,META,DQN,2.0,0.8223371393946377
2026-07-09,META,DQN,2.0,0.8219259708249405
2026-07-10,META,DQN,2.0,0.8061869794295577
2026-07-13,META,DQN,2.0,0.805783885939843
2026-07-14,META,DQN,2.0,0.805783885939843
2026-07-15,META,DQN,2.0,0.805783885939843
2026-07-16,META,DQN,2.0,0.805783885939843
2026-07-17,META,DQN,2.0,0.805783885939843
2026-07-20,META,DQN,2.0,0.8028358496379008
2026-07-21,META,DQN,2.0,0.7820856277573379
2026-07-22,META,DQN,2.0,0.7558111721009135
2026-07-23,META,DQN,2.0,0.7422063545425791
2026-07-24,META,DQN,2.0,0.7418352513653078
2026-07-27,META,DQN,2.0,0.7418352513653078
2026-07-28,META,DQN,2.0,0.7418352513653078
2026-07-29,META,DQN,2.0,0.7418352513653078
2026-07-30,META,DQN,2.0,0.7418352513653078
2026-07-31,META,DQN,2.0,0.7418352513653078
2026-08-03,META,DQN,2.0,0.7418352513653078
2026-08-04,META,DQN,2.0,0.7418352513653078
2024-11-18,SPY,Comprar y mantener,,1.0031553686844146
2024-11-19,SPY,Comprar y mantener,,1.0034952655850475
2024-11-20,SPY,Comprar y mantener,,1.0088824885573022
2024-11-21,SPY,Comprar y mantener,,1.0120093071645258
2024-11-22,SPY,Comprar y mantener,,1.0154421494216186
2024-11-25,SPY,Comprar y mantener,,1.0207443717052378
2024-11-26,SPY,Comprar y mantener,,1.0176513204948694
2024-11-27,SPY,Comprar y mantener,,1.0239731276264785
2024-11-29,SPY,Comprar y mantener,,1.0258085285483327
2024-12-02,SPY,Comprar y mantener,,1.0262843418676553
2024-12-03,SPY,Comprar y mantener,,1.0326568530215017
2024-12-04,SPY,Comprar y mantener,,1.030957686080063
2024-12-05,SPY,Comprar y mantener,,1.0329119609413162
2024-12-06,SPY,Comprar y mantener,,1.027592802032315
2024-12-09,SPY,Comprar y mantener,,1.0243980252157467
2024-12-10,SPY,Comprar y mantener,,1.032317167828686
2024-12-11,SPY,Comprar y mantener,,1.0269981147735934
2024-12-12,SPY,Comprar y mantener,,1.0267941342916502
2024-12-13,SPY,Comprar y mantener,,1.031178603187388
2024-12-16,SPY,Comprar y mantener,,1.0269301565642484
2024-12-17,SPY,Comprar y mantener,,0.9963239808366274
2024-12-18,SPY,Comprar y mantener,,0.9960179571867582
2024-12-19,SPY,Comprar y mantener,,1.007981248379168
2024-12-20,SPY,Comprar y mantener,,1.014017144103549
2024-12-23,SPY,Comprar y mantener,,1.025288044879565
2024-12-24,SPY,Comprar y mantener,,1.0253563206506355
2024-12-26,SPY,Comprar y mantener,,1.0145629268564804
2024-12-27,SPY,Comprar y mantener,,1.0029850497454176
2024-12-30,SPY,Comprar y mantener,,0.9993361596607971
2024-12-31,SPY,Comprar y mantener,,0.9968807723960571
2025-01-02,SPY,Comprar y mantener,,1.0093452818458621
2025-01-03,SPY,Comprar y mantener,,1.0151596253394664
2025-01-06,SPY,Comprar y mantener,,1.003684214811964
2025-01-07,SPY,Comprar y mantener,,1.0051505031544015
2025-01-08,SPY,Comprar y mantener,,0.989804544457593
2025-01-10,SPY,Comprar y mantener,,0.9913393202789186
2025-01-13,SPY,Comprar y mantener,,0.9927032478917042
2025-01-14,SPY,Comprar y mantener,,1.010760442750428
2025-01-15,SPY,Comprar y mantener,,1.0088166474261298
2025-01-16,SPY,Comprar y mantener,,1.0189450669662283
2025-01-17,SPY,Comprar y mantener,,1.0282720665640375
2025-01-21,SPY,Comprar y mantener,,1.0340524309529693
2025-01-22,SPY,Comprar y mantener,,1.0396962437997594
2025-01-23,SPY,Comprar y mantener,,1.0366610946774153
2025-01-24,SPY,Comprar y mantener,,1.021997152713954
2025-01-27,SPY,Comprar y mantener,,1.0307785812666488
2025-01-28,SPY,Comprar y mantener,,1.0261578464468335
2025-01-29,SPY,Comprar y mantener,,1.031665213605391
2025-01-30,SPY,Comprar y mantener,,1.026174677218307
2025-01-31,SPY,Comprar y mantener,,1.0192690857805655
2025-02-03,SPY,Comprar y mantener,,1.0261066131550534
2025-02-04,SPY,Comprar y mantener,,1.0302668834722983
2025-02-05,SPY,Comprar y mantener,,1.0338478153475739
2025-02-06,SPY,Comprar y mantener,,1.0243844759154406
2025-02-07,SPY,Comprar y mantener,,1.0313411947910536
2025-02-10,SPY,Comprar y mantener,,1.032125678107961
2025-02-11,SPY,Comprar y mantener,,1.0288007009837694
2025-02-12,SPY,Comprar y mantener,,1.0396621588411783
2025-02-13,SPY,Comprar y mantener,,1.0396111372572152
2025-02-14,SPY,Comprar y mantener,,1.0426631171510325
2025-02-18,SPY,Comprar y mantener,,1.0451185044157725
2025-02-19,SPY,Comprar y mantener,,1.0407705551185142
2025-02-20,SPY,Comprar y mantener,,1.022969103303057
2025-02-21,SPY,Comprar y mantener,,1.0183141776707523
2025-02-24,SPY,Comprar y mantener,,1.0132499149737486
2025-02-25,SPY,Comprar y mantener,,1.0137614010602818
2025-02-26,SPY,Comprar y mantener,,0.9975798316086943
2025-02-27,SPY,Comprar y mantener,,1.0131475542440969
2025-02-28,SPY,Comprar y mantener,,0.9953972298665114
2025-03-03,SPY,Comprar y mantener,,0.9836150547117793
2025-03-04,SPY,Comprar y mantener,,0.9941865787134317
2025-03-05,SPY,Comprar y mantener,,0.9765388267733153
2025-03-06,SPY,Comprar y mantener,,0.9820121089732917
2025-03-07,SPY,Comprar y mantener,,0.9558557140030377
2025-03-10,SPY,Comprar y mantener,,0.9479097903512135
2025-03-11,SPY,Comprar y mantener,,0.952939968089636
2025-03-12,SPY,Comprar y mantener,,0.9402366522219463
2025-03-13,SPY,Comprar y mantener,,0.959657986401273
2025-03-14,SPY,Comprar y mantener,,0.9670583390079831
2025-03-17,SPY,Comprar y mantener,,0.9566059006535471
2025-03-18,SPY,Comprar y mantener,,0.9670242540494022
2025-03-19,SPY,Comprar y mantener,,0.9642276996371256
2025-03-20,SPY,Comprar y mantener,,0.9645457906325793
2025-03-21,SPY,Comprar y mantener,,0.9818194548595731
2025-03-24,SPY,Comprar y mantener,,0.9841795736065401
2025-03-25,SPY,Comprar y mantener,,0.9724302131634854
2025-03-26,SPY,Comprar y mantener,,0.9698476953544727
2025-03-27,SPY,Comprar y mantener,,0.9503166965257982
2025-03-28,SPY,Comprar y mantener,,0.9566958764758887
2025-03-31,SPY,Comprar y mantener,,0.9593980092016613
2025-04-01,SPY,Comprar y mantener,,0.965469577693253
2025-04-02,SPY,Comprar y mantener,,0.9178902569852582
2025-04-03,SPY,Comprar y mantener,,0.8641543141700818
2025-04-04,SPY,Comprar y mantener,,0.8626150924845937
2025-04-07,SPY,Comprar y mantener,,0.8491042171479135
2025-04-08,SPY,Comprar y mantener,,0.9382766612496272
2025-04-09,SPY,Comprar y mantener,,0.8971620504499014
2025-04-10,SPY,Comprar y mantener,,0.9131700194913245
2025-04-11,SPY,Comprar y mantener,,0.9220290389590502
2025-04-14,SPY,Comprar y mantener,,0.9194466270039459
2025-04-15,SPY,Comprar y mantener,,0.8990090953017056
2025-04-16,SPY,Comprar y mantener,,0.9002918329665668
2025-04-17,SPY,Comprar y mantener,,0.8788624501403992
2025-04-21,SPY,Comprar y mantener,,0.9017284822145859
2025-04-22,SPY,Comprar y mantener,,0.9157010923007399
2025-04-23,SPY,Comprar y mantener,,0.934975712962696
2025-04-24,SPY,Comprar y mantener,,0.9417312035579904
2025-04-25,SPY,Comprar y mantener,,0.9420903658699953
2025-04-28,SPY,Comprar y mantener,,0.948024959403811
2025-04-29,SPY,Comprar y mantener,,0.9484011641951063
2025-04-30,SPY,Comprar y mantener,,0.955122463977911
2025-05-01,SPY,Comprar y mantener,,0.9693004306468206
2025-05-02,SPY,Comprar y mantener,,0.9637420419043002
2025-05-05,SPY,Comprar y mantener,,0.9556867711648541
2025-05-06,SPY,Comprar y mantener,,0.9597059382218863
2025-05-07,SPY,Comprar y mantener,,0.9663929413382927
2025-05-08,SPY,Comprar y mantener,,0.9651615428191205
2025-05-09,SPY,Comprar y mantener,,0.9970578659852073
2025-05-12,SPY,Comprar y mantener,,1.0036422966641447
2025-05-13,SPY,Comprar y mantener,,1.0049249284750972
2025-05-14,SPY,Comprar y mantener,,1.009833268364679
2025-05-15,SPY,Comprar y mantener,,1.0162294907940599
2025-05-16,SPY,Comprar y mantener,,1.017341168542564
2025-05-19,SPY,Comprar y mantener,,1.0139208170466905
2025-05-20,SPY,Comprar y mantener,,0.996835361069253
2025-05-21,SPY,Comprar y mantener,,0.9972288200476561
2025-05-22,SPY,Comprar y mantener,,0.9904218844527642
2025-05-23,SPY,Comprar y mantener,,1.0110134335920713
2025-05-27,SPY,Comprar y mantener,,1.005164370016434
2025-05-28,SPY,Comprar y mantener,,1.009132092073869
2025-05-29,SPY,Comprar y mantener,,1.0080034776999829
2025-05-30,SPY,Comprar y mantener,,1.0136812696514457
2025-06-02,SPY,Comprar y mantener,,1.0194619516021035
2025-06-03,SPY,Comprar y mantener,,1.0191882133943686
2025-06-04,SPY,Comprar y mantener,,1.0142627251715879
2025-06-05,SPY,Comprar y mantener,,1.0246782205119098
2025-06-06,SPY,Comprar y mantener,,1.0256017958647663
2025-06-09,SPY,Comprar y mantener,,1.0314165627740053
2025-06-10,SPY,Comprar y mantener,,1.0284749885068962
2025-06-11,SPY,Comprar y mantener,,1.0325625371889078
2025-06-12,SPY,Comprar y mantener,,1.0210183216207913
2025-06-13,SPY,Comprar y mantener,,1.0307324289624853
2025-06-16,SPY,Comprar y mantener,,1.021924854494357
2025-06-17,SPY,Comprar y mantener,,1.021770731203382
2025-06-18,SPY,Comprar y mantener,,1.0193711289484935
2025-06-20,SPY,Comprar y mantener,,1.0294399527380296
2025-06-23,SPY,Comprar y mantener,,1.0408123674124283
2025-06-24,SPY,Comprar y mantener,,1.0413956224490173
2025-06-25,SPY,Comprar y mantener,,1.0495434095046121
2025-06-26,SPY,Comprar y mantener,,1.0547578788979715
2025-06-27,SPY,Comprar y mantener,,1.0598008649593391
2025-06-30,SPY,Comprar y mantener,,1.059457792441447
2025-07-01,SPY,Comprar y mantener,,1.0642605959841176
2025-07-02,SPY,Comprar y mantener,,1.0726484597045007
2025-07-03,SPY,Comprar y mantener,,1.0646552193555159
2025-07-07,SPY,Comprar y mantener,,1.064071964318927
2025-07-08,SPY,Comprar y mantener,,1.0704528379315557
2025-07-09,SPY,Comprar y mantener,,1.0734717914058782
2025-07-10,SPY,Comprar y mantener,,1.0696980995629748
2025-07-11,SPY,Comprar y mantener,,1.0717391746293103
2025-07-14,SPY,Comprar y mantener,,1.0671595111260463
2025-07-15,SPY,Comprar y mantener,,1.0707272112627424
2025-07-16,SPY,Comprar y mantener,,1.0772796740612713
2025-07-17,SPY,Comprar y mantener,,1.076490744880201
2025-07-18,SPY,Comprar y mantener,,1.078531925800445
2025-07-21,SPY,Comprar y mantener,,1.0786862607992376
2025-07-22,SPY,Comprar y mantener,,1.0878632654085083
2025-07-23,SPY,Comprar y mantener,,1.0882233804056907
2025-07-24,SPY,Comprar y mantener,,1.0928202980960626
2025-07-25,SPY,Comprar y mantener,,1.0925459247648759
2025-07-28,SPY,Comprar y mantener,,1.0896642638100553
2025-07-29,SPY,Comprar y mantener,,1.088292079592396
2025-07-30,SPY,Comprar y mantener,,1.0842096118979991
2025-07-31,SPY,Comprar y mantener,,1.0664389635699554
2025-08-01,SPY,Comprar y mantener,,1.082648584307332
2025-08-04,SPY,Comprar y mantener,,1.0771596357288775
2025-08-05,SPY,Comprar y mantener,,1.0854103127836674
2025-08-06,SPY,Comprar y mantener,,1.0845011335623858
2025-08-07,SPY,Comprar y mantener,,1.092957696469474
2025-08-08,SPY,Comprar y mantener,,1.0907963713629272
2025-08-11,SPY,Comprar y mantener,,1.1024090744099315
2025-08-12,SPY,Comprar y mantener,,1.1061826603989262
2025-08-13,SPY,Comprar y mantener,,1.1062856562520298
2025-08-14,SPY,Comprar y mantener,,1.103695516961595
2025-08-15,SPY,Comprar y mantener,,1.1034552285889894
2025-08-18,SPY,Comprar y mantener,,1.0974688724938502
2025-08-19,SPY,Comprar y mantener,,1.0945528090187224
2025-08-20,SPY,Comprar y mantener,,1.0901616713267406
2025-08-21,SPY,Comprar y mantener,,1.1069031021011084
2025-08-22,SPY,Comprar y mantener,,1.102031493517824
2025-08-25,SPY,Comprar y mantener,,1.1066457712492124
2025-08-26,SPY,Comprar y mantener,,1.1091672113529418
2025-08-27,SPY,Comprar y mantener,,1.1130952381946377
2025-08-28,SPY,Comprar y mantener,,1.106457033730113
2025-08-29,SPY,Comprar y mantener,,1.0982579075288295
2025-09-02,SPY,Comprar y mantener,,1.104210072811479
2025-09-03,SPY,Comprar y mantener,,1.11343831071253
2025-09-04,SPY,Comprar y mantener,,1.1102135772398174
2025-09-05,SPY,Comprar y mantener,,1.1129409031958457
2025-09-08,SPY,Comprar y mantener,,1.1155138941530813
2025-09-09,SPY,Comprar y mantener,,1.1187387334797025
2025-09-10,SPY,Comprar y mantener,,1.1280356705674588
2025-09-11,SPY,Comprar y mantener,,1.1276580896753512
2025-09-12,SPY,Comprar y mantener,,1.1336616999575984
2025-09-15,SPY,Comprar y mantener,,1.1321007782208394
2025-09-16,SPY,Comprar y mantener,,1.1306944031906905
2025-09-17,SPY,Comprar y mantener,,1.1359775717707552
2025-09-18,SPY,Comprar y mantener,,1.1416038128687118
2025-09-19,SPY,Comprar y mantener,,1.1470049027029978
2025-09-22,SPY,Comprar y mantener,,1.1407611099020538
2025-09-23,SPY,Comprar y mantener,,1.137131591082714
2025-09-24,SPY,Comprar y mantener,,1.1318854713706723
2025-09-25,SPY,Comprar y mantener,,1.1383701876676737
2025-09-26,SPY,Comprar y mantener,,1.1415694103484049
2025-09-29,SPY,Comprar y mantener,,1.1458695136789592
2025-09-30,SPY,Comprar y mantener,,1.1497740409529376
2025-10-01,SPY,Comprar y mantener,,1.151098379203893
2025-10-02,SPY,Comprar y mantener,,1.1510813367246024
2025-10-03,SPY,Comprar y mantener,,1.155209427453622
2025-10-06,SPY,Comprar y mantener,,1.150926472456267
2025-10-07,SPY,Comprar y mantener,,1.1577895106227363
2025-10-08,SPY,Comprar y mantener,,1.1544354236736696
2025-10-09,SPY,Comprar y mantener,,1.1232335021482402
2025-10-10,SPY,Comprar y mantener,,1.1404685296985817
2025-10-13,SPY,Comprar y mantener,,1.1390752805531037
2025-10-14,SPY,Comprar y mantener,,1.1441322393304114
2025-10-15,SPY,Comprar y mantener,,1.1363403331156539
2025-10-16,SPY,Comprar y mantener,,1.1427906468923483
2025-10-17,SPY,Comprar y mantener,,1.1546762413158185
2025-10-20,SPY,Comprar y mantener,,1.1546589871287105
2025-10-21,SPY,Comprar y mantener,,1.1486560119699154
2025-10-22,SPY,Comprar y mantener,,1.1554674992828788
2025-10-23,SPY,Comprar y mantener,,1.1649106206184627
2025-10-24,SPY,Comprar y mantener,,1.178653845284601
2025-10-27,SPY,Comprar y mantener,,1.181784368778627
2025-10-28,SPY,Comprar y mantener,,1.1823520632906461
2025-10-29,SPY,Comprar y mantener,,1.1693484398841538
2025-10-30,SPY,Comprar y mantener,,1.173183950409701
2025-10-31,SPY,Comprar y mantener,,1.1753858175632559
2025-11-03,SPY,Comprar y mantener,,1.1614533261084752
2025-11-04,SPY,Comprar y mantener,,1.1654782092765736
2025-11-05,SPY,Comprar y mantener,,1.152973369487578
2025-11-06,SPY,Comprar y mantener,,1.1541085468037993
2025-11-07,SPY,Comprar y mantener,,1.1721175781340931
2025-11-10,SPY,Comprar y mantener,,1.1748008688641283
2025-11-11,SPY,Comprar y mantener,,1.1754546226038696
2025-11-12,SPY,Comprar y mantener,,1.1559491345671766
2025-11-13,SPY,Comprar y mantener,,1.155759867778534
2025-11-14,SPY,Comprar y mantener,,1.1449923023380861
2025-11-17,SPY,Comprar y mantener,,1.1353771684009677
2025-11-18,SPY,Comprar y mantener,,1.1397633309592439
2025-11-19,SPY,Comprar y mantener,,1.1223907991815834
2025-11-20,SPY,Comprar y mantener,,1.133571194865715
2025-11-21,SPY,Comprar y mantener,,1.1502555703833277
2025-11-24,SPY,Comprar y mantener,,1.161074898385099
2025-11-25,SPY,Comprar y mantener,,1.1690903680548974
2025-11-26,SPY,Comprar y mantener,,1.1754717709370692
2025-11-28,SPY,Comprar y mantener,,1.1701050836230902
2025-12-01,SPY,Comprar y mantener,,1.172272548256338
2025-12-02,SPY,Comprar y mantener,,1.1763318339447435
2025-12-03,SPY,Comprar y mantener,,1.1771917910985092
2025-12-04,SPY,Comprar y mantener,,1.179427849064554
2025-12-05,SPY,Comprar y mantener,,1.175884601180753
2025-12-08,SPY,Comprar y mantener,,1.174869673904743
2025-12-09,SPY,Comprar y mantener,,1.1826616859734096
2025-12-10,SPY,Comprar y mantener,,1.1854136758901501
2025-12-11,SPY,Comprar y mantener,,1.1726681243129145
2025-12-12,SPY,Comprar y mantener,,1.1708963415901512
2025-12-15,SPY,Comprar y mantener,,1.16769711890942
2025-12-16,SPY,Comprar y mantener,,1.1548482539173548
2025-12-17,SPY,Comprar y mantener,,1.1635688164725835
2025-12-18,SPY,Comprar y mantener,,1.1741148296822546
2025-12-19,SPY,Comprar y mantener,,1.1814294406229688
2025-12-22,SPY,Comprar y mantener,,1.186829048502534
2025-12-23,SPY,Comprar y mantener,,1.191003926659171
2025-12-24,SPY,Comprar y mantener,,1.1908831473494164
2025-12-26,SPY,Comprar y mantener,,1.1866392524443483
2025-12-29,SPY,Comprar y mantener,,1.1851902182890188
2025-12-30,SPY,Comprar y mantener,,1.1764092131519586
2025-12-31,SPY,Comprar y mantener,,1.1785655631247995
2026-01-02,SPY,Comprar y mantener,,1.186414948011947
2026-01-05,SPY,Comprar y mantener,,1.1934708519999526
2026-01-06,SPY,Comprar y mantener,,1.189623803398364
2026-01-07,SPY,Comprar y mantener,,1.1895030240886093
2026-01-08,SPY,Comprar y mantener,,1.1973696631628645
2026-01-09,SPY,Comprar y mantener,,1.1992500519958893
2026-01-12,SPY,Comprar y mantener,,1.196852143403539
2026-01-13,SPY,Comprar y mantener,,1.1909694182849553
2026-01-14,SPY,Comprar y mantener,,1.1942126761916794
2026-01-15,SPY,Comprar y mantener,,1.1932120391933354
2026-01-16,SPY,Comprar y mantener,,1.1689220603401658
2026-01-20,SPY,Comprar y mantener,,1.1824127175802963
2026-01-21,SPY,Comprar y mantener,,1.1885887638797128
2026-01-22,SPY,Comprar y mantener,,1.1890199068495906
2026-01-23,SPY,Comprar y mantener,,1.1950579196521445
2026-01-26,SPY,Comprar y mantener,,1.1998193343165382
2026-01-27,SPY,Comprar y mantener,,1.1996985550067838
2026-01-28,SPY,Comprar y mantener,,1.1973179006015413
2026-01-29,SPY,Comprar y mantener,,1.1937468131397688
2026-01-30,SPY,Comprar y mantener,,1.1996814066735846
2026-02-02,SPY,Comprar y mantener,,1.189537532462825
2026-02-03,SPY,Comprar y mantener,,1.183775586653996
2026-02-04,SPY,Comprar y mantener,,1.1689910770885974
2026-02-05,SPY,Comprar y mantener,,1.19141792129585
2026-02-06,SPY,Comprar y mantener,,1.1971627187714797
2026-02-09,SPY,Comprar y mantener,,1.194005625946386
2026-02-10,SPY,Comprar y mantener,,1.19372966480657
2026-02-11,SPY,Comprar y mantener,,1.1752879026977685
2026-02-12,SPY,Comprar y mantener,,1.1761158919711259
2026-02-13,SPY,Comprar y mantener,,1.1780135349912584
2026-02-17,SPY,Comprar y mantener,,1.1839480226711654
2026-02-18,SPY,Comprar y mantener,,1.1808254382202874
2026-02-19,SPY,Comprar y mantener,,1.1893650964456557
2026-02-20,SPY,Comprar y mantener,,1.1772200540921165
2026-02-23,SPY,Comprar y mantener,,1.1857766489428667
2026-02-24,SPY,Comprar y mantener,,1.1957825955106727
2026-02-25,SPY,Comprar y mantener,,1.1891406861593457
2026-02-26,SPY,Comprar y mantener,,1.18343050291184
2026-02-27,SPY,Comprar y mantener,,1.1841034162090445
2026-03-02,SPY,Comprar y mantener,,1.1736663266713607
2026-03-03,SPY,Comprar y mantener,,1.1819468545283862
2026-03-04,SPY,Comprar y mantener,,1.1753569194461997
2026-03-05,SPY,Comprar y mantener,,1.1599513649988287
2026-03-06,SPY,Comprar y mantener,,1.1701124933966962
2026-03-09,SPY,Comprar y mantener,,1.168231998709763
2026-03-10,SPY,Comprar y mantener,,1.1667657103673255
2026-03-11,SPY,Comprar y mantener,,1.1490484124092346
2026-03-12,SPY,Comprar y mantener,,1.1425446424086785
2026-03-13,SPY,Comprar y mantener,,1.154172165002892
2026-03-16,SPY,Comprar y mantener,,1.1572082668104138
2026-03-17,SPY,Comprar y mantener,,1.1410609940252245
2026-03-18,SPY,Comprar y mantener,,1.1382490907961955
2026-03-19,SPY,Comprar y mantener,,1.121931393218101
2026-03-20,SPY,Comprar y mantener,,1.1337116630024775
2026-03-23,SPY,Comprar y mantener,,1.129906003279166
2026-03-24,SPY,Comprar y mantener,,1.1362026171805195
2026-03-25,SPY,Comprar y mantener,,1.1159114814339237
2026-03-26,SPY,Comprar y mantener,,1.0968830769634568
2026-03-27,SPY,Comprar y mantener,,1.0932157682987336
2026-03-30,SPY,Comprar y mantener,,1.1249932175254214
2026-03-31,SPY,Comprar y mantener,,1.1334694692595164
2026-04-01,SPY,Comprar y mantener,,1.1344901126465927
2026-04-02,SPY,Comprar y mantener,,1.139852671658135
2026-04-06,SPY,Comprar y mantener,,1.1403542074772564
2026-04-07,SPY,Comprar y mantener,,1.1693986146368496
2026-04-08,SPY,Comprar y mantener,,1.1761448959420926
2026-04-09,SPY,Comprar y mantener,,1.175366552151886
2026-04-10,SPY,Comprar y mantener,,1.1868527597780694
2026-04-13,SPY,Comprar y mantener,,1.2013144149221258
2026-04-14,SPY,Comprar y mantener,,1.2107939500022804
2026-04-15,SPY,Comprar y mantener,,1.2137692916662448
2026-04-16,SPY,Comprar y mantener,,1.2284385263251378
2026-04-17,SPY,Comprar y mantener,,1.2259819746674028
2026-04-20,SPY,Comprar y mantener,,1.2179556020450144
2026-04-21,SPY,Comprar y mantener,,1.2302894877715616
2026-04-22,SPY,Comprar y mantener,,1.2255150530764056
2026-04-23,SPY,Comprar y mantener,,1.235011948197577
2026-04-24,SPY,Comprar y mantener,,1.2371396117611775
2026-04-27,SPY,Comprar y mantener,,1.2311196999770004
2026-04-28,SPY,Comprar y mantener,,1.2309294805031803
2026-04-29,SPY,Comprar y mantener,,1.2431767777324627
2026-04-30,SPY,Comprar y mantener,,1.2466192526952413
2026-05-01,SPY,Comprar y mantener,,1.2420523975149222
2026-05-04,SPY,Comprar y mantener,,1.252016425934908
2026-05-05,SPY,Comprar y mantener,,1.2694187026608958
2026-05-06,SPY,Comprar y mantener,,1.2655265602942278
2026-05-07,SPY,Comprar y mantener,,1.275974870346227
2026-05-08,SPY,Comprar y mantener,,1.2788809835539428
2026-05-11,SPY,Comprar y mantener,,1.2769435394641628
2026-05-12,SPY,Comprar y mantener,,1.2840878314658803
2026-05-13,SPY,Comprar y mantener,,1.2942248251725785
2026-05-14,SPY,Comprar y mantener,,1.2786561498519982
2026-05-15,SPY,Comprar y mantener,,1.2777566033364023
2026-05-18,SPY,Comprar y mantener,,1.2692457373741832
2026-05-19,SPY,Comprar y mantener,,1.282254230060473
2026-05-20,SPY,Comprar y mantener,,1.284797052653747
2026-05-21,SPY,Comprar y mantener,,1.2898482953199883
2026-05-22,SPY,Comprar y mantener,,1.2984111355513481
2026-05-26,SPY,Comprar y mantener,,1.2981861959954948
2026-05-27,SPY,Comprar y mantener,,1.3053477421843203
2026-05-28,SPY,Comprar y mantener,,1.30859989181937
2026-05-29,SPY,Comprar y mantener,,1.3121633577997205
2026-06-01,SPY,Comprar y mantener,,1.3139451966438045
2026-06-02,SPY,Comprar y mantener,,1.30472500363981
2026-06-03,SPY,Comprar y mantener,,1.3096551494345705
2026-06-04,SPY,Comprar y mantener,,1.2758537734747466
2026-06-05,SPY,Comprar y mantener,,1.2787425266414458
2026-06-08,SPY,Comprar y mantener,,1.274988841187275
2026-06-09,SPY,Comprar y mantener,,1.2548879249144997
2026-06-10,SPY,Comprar y mantener,,1.2762170640891883
2026-06-11,SPY,Comprar y mantener,,1.2831191623479448
2026-06-12,SPY,Comprar y mantener,,1.3057456470268864
2026-06-15,SPY,Comprar y mantener,,1.2979613622935506
2026-06-16,SPY,Comprar y mantener,,1.2817525883874432
2026-06-17,SPY,Comprar y mantener,,1.2950789603613695
2026-06-18,SPY,Comprar y mantener,,1.291003373171034
2026-06-22,SPY,Comprar y mantener,,1.2722554815584548
2026-06-23,SPY,Comprar y mantener,,1.271665769433439
2026-06-24,SPY,Comprar y mantener,,1.273504134264735
2026-06-25,SPY,Comprar y mantener,,1.2642949500672387
2026-06-26,SPY,Comprar y mantener,,1.2851240353775268
2026-06-29,SPY,Comprar y mantener,,1.295131040484419
2026-06-30,SPY,Comprar y mantener,,1.2933793700042966
2026-07-01,SPY,Comprar y mantener,,1.2916797796472235
2026-07-02,SPY,Comprar y mantener,,1.3029527975014124
2026-07-06,SPY,Comprar y mantener,,1.296761296531335
2026-07-07,SPY,Comprar y mantener,,1.2927550436511568
2026-07-08,SPY,Comprar y mantener,,1.303698538287759
2026-07-09,SPY,Comprar y mantener,,1.309317687173837
2026-07-10,SPY,Comprar y mantener,,1.2992933220259282
2026-07-13,SPY,Comprar y mantener,,1.3039066470721388
2026-07-14,SPY,Comprar y mantener,,1.3090748583074239
2026-07-15,SPY,Comprar y mantener,,1.3019814820357607
2026-07-16,SPY,Comprar y mantener,,1.2890955681756722
2026-07-17,SPY,Comprar y mantener,,1.287014480331872
2026-07-20,SPY,Comprar y mantener,,1.2977498661840943
2026-07-21,SPY,Comprar y mantener,,1.2962409187164763
2026-07-22,SPY,Comprar y mantener,,1.280233267236779
2026-07-23,SPY,Comprar y mantener,,1.2815340000661086
2026-07-24,SPY,Comprar y mantener,,1.2818115490145543
2026-07-27,SPY,Comprar y mantener,,1.284881206511114
2026-07-28,SPY,Comprar y mantener,,1.265110131017651
2026-07-29,SPY,Comprar y mantener,,1.2863207138146664
2026-07-30,SPY,Comprar y mantener,,1.295581978135212
2026-07-31,SPY,Comprar y mantener,,1.314034960758329
2026-08-03,SPY,Comprar y mantener,,1.3377257006347056
2026-08-04,SPY,Comprar y mantener,,1.337847115067912
2024-11-18,SPY,DQN,0.0,1.0
2024-11-19,SPY,DQN,0.0,0.9998388277740852
2024-11-20,SPY,DQN,0.0,1.005206421310659
2024-11-21,SPY,DQN,0.0,1.0083218467223434
2024-11-22,SPY,DQN,0.0,1.0117421807248799
2024-11-25,SPY,DQN,0.0,1.0170250832900063
2024-11-26,SPY,DQN,0.0,1.013943302236842
2024-11-27,SPY,DQN,0.0,1.0202420745865022
2024-11-29,SPY,DQN,0.0,1.0220707878541548
2024-12-02,SPY,DQN,0.0,1.0225448674514845
2024-12-03,SPY,DQN,0.0,1.0288941590730294
2024-12-04,SPY,DQN,0.0,1.027201183389751
2024-12-05,SPY,DQN,0.0,1.0291483374555797
2024-12-06,SPY,DQN,0.0,1.023848559977089
2024-12-09,SPY,DQN,0.0,1.0206654239755304
2024-12-10,SPY,DQN,0.0,1.0285557115918658
2024-12-11,SPY,DQN,0.0,1.0232560395815835
2024-12-12,SPY,DQN,0.0,1.0230528023437517
2024-12-13,SPY,DQN,0.0,1.0274212955409474
2024-12-16,SPY,DQN,0.0,1.023188328991709
2024-12-17,SPY,DQN,0.0,0.9926936730509943
2024-12-18,SPY,DQN,0.0,0.9923887644601422
2024-12-19,SPY,DQN,0.0,1.0043084649832585
2024-12-20,SPY,DQN,0.0,1.0103223677016868
2024-12-23,SPY,DQN,0.0,1.0215522006728268
2024-12-24,SPY,DQN,0.0,1.0216202276673267
2024-12-26,SPY,DQN,0.0,1.010866161784853
2024-12-27,SPY,DQN,0.0,0.9993304710089842
2024-12-30,SPY,DQN,0.0,0.9956948763928438
2024-12-31,SPY,DQN,0.0,0.9932484358278475
2025-01-02,SPY,DQN,0.0,1.0056675283183398
2025-01-03,SPY,DQN,0.0,1.0114606860763207
2025-01-06,SPY,DQN,0.0,1.0000270885263063
2025-01-07,SPY,DQN,0.0,1.0014880341508248
2025-01-08,SPY,DQN,0.0,0.9861979915560138
2025-01-10,SPY,DQN,0.0,0.9877271751114495
2025-01-13,SPY,DQN,0.0,0.989086132978322
2025-01-14,SPY,DQN,0.0,1.0070775327981396
2025-01-15,SPY,DQN,0.0,1.005140820084955
2025-01-16,SPY,DQN,0.0,1.0152323346814611
2025-01-17,SPY,DQN,0.0,1.024525349471208
2025-01-21,SPY,DQN,0.0,1.0302846519342517
2025-01-22,SPY,DQN,0.0,1.0359079004082952
2025-01-23,SPY,DQN,0.0,1.0328838104651954
2025-01-24,SPY,DQN,0.0,1.0182732995379251
2025-01-27,SPY,DQN,0.0,1.0270227311809228
2025-01-28,SPY,DQN,0.0,1.0224188329422943
2025-01-29,SPY,DQN,0.0,1.0279061328955463
2025-01-30,SPY,DQN,0.0,1.0224356023874501
2025-01-31,SPY,DQN,0.0,1.0155551728677625
2025-02-03,SPY,DQN,0.0,1.0223677863293672
2025-02-04,SPY,DQN,0.0,1.0265128978609024
2025-02-05,SPY,DQN,0.0,1.0300807818871682
2025-02-06,SPY,DQN,0.0,1.0206519240448384
2025-02-07,SPY,DQN,0.0,1.0275832947092447
2025-02-10,SPY,DQN,0.0,1.0283649196026396
2025-02-11,SPY,DQN,0.0,1.0250520577045923
2025-02-12,SPY,DQN,0.0,1.0358739396451493
2025-02-13,SPY,DQN,0.0,1.0358231039686392
2025-02-14,SPY,DQN,0.0,1.038863963356895
2025-02-18,SPY,DQN,0.0,1.0413104039218914
2025-02-19,SPY,DQN,0.0,1.0369782972566375
2025-02-20,SPY,DQN,0.0,1.0192417086286216
2025-02-21,SPY,DQN,0.0,1.014603744158639
2025-02-24,SPY,DQN,0.0,1.0095579341262817
2025-02-25,SPY,DQN,0.0,1.0100675565098851
2025-02-26,SPY,DQN,0.0,0.9939449478769607
2025-02-27,SPY,DQN,0.0,1.0094559463686361
2025-02-28,SPY,DQN,0.0,0.9917702988853389
2025-03-03,SPY,DQN,0.0,0.9800310544670126
2025-03-04,SPY,DQN,0.0,0.9905640589844135
2025-03-05,SPY,DQN,0.0,0.972980610195179
2025-03-06,SPY,DQN,0.0,0.9784339493852855
2025-03-07,SPY,DQN,0.0,0.9523728605264279
2025-03-10,SPY,DQN,0.0,0.9444558894533351
2025-03-11,SPY,DQN,0.0,0.9494677387225468
2025-03-12,SPY,DQN,0.0,0.9368107099536169
2025-03-13,SPY,DQN,0.0,0.9561612785767242
2025-03-14,SPY,DQN,0.0,0.963534666503068
2025-03-17,SPY,DQN,0.0,0.9531203137202601
2025-03-18,SPY,DQN,0.0,0.9635007057399223
2025-03-19,SPY,DQN,0.0,0.9607143411388428
2025-03-20,SPY,DQN,0.0,0.961031273105467
2025-03-21,SPY,DQN,0.0,0.9782419972457663
2025-03-24,SPY,DQN,0.0,0.9805935164230883
2025-03-25,SPY,DQN,0.0,0.9688869671494054
2025-03-26,SPY,DQN,0.0,0.9663138592659679
2025-03-27,SPY,DQN,0.0,0.965830702336335
2025-03-28,SPY,DQN,0.0,0.9718311076234866
2025-03-31,SPY,DQN,0.0,0.9745759889430408
2025-04-01,SPY,DQN,0.0,0.980743611567203
2025-04-02,SPY,DQN,0.0,0.9324115709672673
2025-04-03,SPY,DQN,0.0,0.8778255085524982
2025-04-04,SPY,DQN,0.0,0.8762619358934456
2025-04-07,SPY,DQN,0.0,0.8625373142385726
2025-04-08,SPY,DQN,0.0,0.9531204945906057
2025-04-09,SPY,DQN,0.0,0.9526439343433104
2025-04-10,SPY,DQN,0.0,0.9526439343433104
2025-04-11,SPY,DQN,0.0,0.9526439343433104
2025-04-14,SPY,DQN,0.0,0.9526439343433104
2025-04-15,SPY,DQN,0.0,0.9526439343433104
2025-04-16,SPY,DQN,0.0,0.9526439343433104
2025-04-17,SPY,DQN,0.0,0.9526439343433104
2025-04-21,SPY,DQN,0.0,0.9526439343433104
2025-04-22,SPY,DQN,0.0,0.9526439343433104
2025-04-23,SPY,DQN,0.0,0.9526439343433104
2025-04-24,SPY,DQN,0.0,0.9526439343433104
2025-04-25,SPY,DQN,0.0,0.9526439343433104
2025-04-28,SPY,DQN,0.0,0.9526439343433104
2025-04-29,SPY,DQN,0.0,0.9526439343433104
2025-04-30,SPY,DQN,0.0,0.9589189805847871
2025-05-01,SPY,DQN,0.0,0.9584395210944947
2025-05-02,SPY,DQN,0.0,0.9584395210944947
2025-05-05,SPY,DQN,0.0,0.9584395210944947
2025-05-06,SPY,DQN,0.0,0.9619910451566807
2025-05-07,SPY,DQN,0.0,0.9686939703556601
2025-05-08,SPY,DQN,0.0,0.967459639816185
2025-05-09,SPY,DQN,0.0,0.9994319096929865
2025-05-12,SPY,DQN,0.0,1.0060320182244897
2025-05-13,SPY,DQN,0.0,1.0055290022153776
2025-05-14,SPY,DQN,0.0,1.0055290022153776
2025-05-15,SPY,DQN,0.0,1.0055290022153776
2025-05-16,SPY,DQN,0.0,1.0055290022153776
2025-05-19,SPY,DQN,0.0,1.0055290022153776
2025-05-20,SPY,DQN,0.0,1.0055290022153776
2025-05-21,SPY,DQN,0.0,1.0054231281431387
2025-05-22,SPY,DQN,0.0,0.9985602594200326
2025-05-23,SPY,DQN,0.0,1.019321010947416
2025-05-27,SPY,DQN,0.0,1.0134238851537147
2025-05-28,SPY,DQN,0.0,1.0174242102971436
2025-05-29,SPY,DQN,0.0,1.0162863220096736
2025-05-30,SPY,DQN,0.0,1.022010768826717
2025-06-02,SPY,DQN,0.0,1.0278389510982173
2025-06-03,SPY,DQN,0.0,1.0275629635619767
2025-06-04,SPY,DQN,0.0,1.0225970022128614
2025-06-05,SPY,DQN,0.0,1.033098082502264
2025-06-06,SPY,DQN,0.0,1.03402924694685
2025-06-09,SPY,DQN,0.0,1.0398917942557322
2025-06-10,SPY,DQN,0.0,1.0369260488401906
2025-06-11,SPY,DQN,0.0,1.0410471852330487
2025-06-12,SPY,DQN,0.0,1.0294081099324577
2025-06-13,SPY,DQN,0.0,1.0392020388625678
2025-06-16,SPY,DQN,0.0,1.0303220918583529
2025-06-17,SPY,DQN,0.0,1.0301667021241045
2025-06-18,SPY,DQN,0.0,1.0277473821476781
2025-06-20,SPY,DQN,0.0,1.0378989422587404
2025-06-23,SPY,DQN,0.0,1.0493648049640807
2025-06-24,SPY,DQN,0.0,1.049952852653441
2025-06-25,SPY,DQN,0.0,1.0581675907197643
2025-06-26,SPY,DQN,0.0,1.0634249078205953
2025-06-27,SPY,DQN,0.0,1.0685093324973312
2025-06-30,SPY,DQN,0.0,1.0681634409254224
2025-07-01,SPY,DQN,0.0,1.0730057094847065
2025-07-02,SPY,DQN,0.0,1.081462496944763
2025-07-03,SPY,DQN,0.0,1.0734035755075624
2025-07-07,SPY,DQN,0.0,1.072815527818202
2025-07-08,SPY,DQN,0.0,1.0792488335740351
2025-07-09,SPY,DQN,0.0,1.0822925940278565
2025-07-10,SPY,DQN,0.0,1.0784878934605797
2025-07-11,SPY,DQN,0.0,1.080545740202185
2025-07-14,SPY,DQN,0.0,1.0759284452416615
2025-07-15,SPY,DQN,0.0,1.079525461452587
2025-07-16,SPY,DQN,0.0,1.0861317663562338
2025-07-17,SPY,DQN,0.0,1.0853363544816779
2025-07-18,SPY,DQN,0.0,1.0873943079470016
2025-07-21,SPY,DQN,0.0,1.087549911128687
2025-07-22,SPY,DQN,0.0,1.0968023239107363
2025-07-23,SPY,DQN,0.0,1.0971653980013358
2025-07-24,SPY,DQN,0.0,1.1018000889279873
2025-07-25,SPY,DQN,0.0,1.101523461049435
2025-07-28,SPY,DQN,0.0,1.0986181212586084
2025-07-29,SPY,DQN,0.0,1.0972346616946924
2025-07-30,SPY,DQN,0.0,1.093118648040326
2025-07-31,SPY,DQN,0.0,1.0752019768893062
2025-08-01,SPY,DQN,0.0,1.0915447933624682
2025-08-04,SPY,DQN,0.0,1.0860107416593667
2025-08-05,SPY,DQN,0.0,1.0943292151801471
2025-08-06,SPY,DQN,0.0,1.0934125651612878
2025-08-07,SPY,DQN,0.0,1.101938616314701
2025-08-08,SPY,DQN,0.0,1.099759531428792
2025-08-11,SPY,DQN,0.0,1.1114676569753024
2025-08-12,SPY,DQN,0.0,1.1152722508188604
2025-08-13,SPY,DQN,0.0,1.115376092997036
2025-08-14,SPY,DQN,0.0,1.1127646703271707
2025-08-15,SPY,DQN,0.0,1.1125224074860005
2025-08-18,SPY,DQN,0.0,1.1064868610293048
2025-08-19,SPY,DQN,0.0,1.1035468360299403
2025-08-20,SPY,DQN,0.0,1.0991196160122028
2025-08-21,SPY,DQN,0.0,1.1159986124474968
2025-08-22,SPY,DQN,0.0,1.1110869734711375
2025-08-25,SPY,DQN,0.0,1.1157391670876358
2025-08-26,SPY,DQN,0.0,1.1182813260641444
2025-08-27,SPY,DQN,0.0,1.1222416298131068
2025-08-28,SPY,DQN,0.0,1.1155488786974128
2025-08-29,SPY,DQN,0.0,1.1072823796275797
2025-09-02,SPY,DQN,0.0,1.113283454323175
2025-09-03,SPY,DQN,0.0,1.122587521385016
2025-09-04,SPY,DQN,0.0,1.1193362900222805
2025-09-05,SPY,DQN,0.0,1.1220860266314219
2025-09-08,SPY,DQN,0.0,1.1246801600588774
2025-09-09,SPY,DQN,0.0,1.1279314981453314
2025-09-10,SPY,DQN,0.0,1.1373048289005288
2025-09-11,SPY,DQN,0.0,1.1369241453963639
2025-09-12,SPY,DQN,0.0,1.1429770878191878
2025-09-15,SPY,DQN,0.0,1.1414033398650485
2025-09-16,SPY,DQN,0.0,1.139985408540032
2025-09-17,SPY,DQN,0.0,1.1453119893342196
2025-09-18,SPY,DQN,0.0,1.1509844617003158
2025-09-19,SPY,DQN,0.0,1.1564299327169982
2025-09-22,SPY,DQN,0.0,1.1501348341767228
2025-09-23,SPY,DQN,0.0,1.1464754913141482
2025-09-24,SPY,DQN,0.0,1.1411862638214627
2025-09-25,SPY,DQN,0.0,1.14772426554522
2025-09-26,SPY,DQN,0.0,1.1509497764917784
2025-09-29,SPY,DQN,0.0,1.1552852141115395
2025-09-30,SPY,DQN,0.0,1.1592218251949775
2025-10-01,SPY,DQN,0.0,1.1605570456380967
2025-10-02,SPY,DQN,0.0,1.1605398631194057
2025-10-03,SPY,DQN,0.0,1.164701874696479
2025-10-06,SPY,DQN,0.0,1.1603837263191275
2025-10-07,SPY,DQN,0.0,1.1673031586130795
2025-10-08,SPY,DQN,0.0,1.1639215108662428
2025-10-09,SPY,DQN,0.0,1.1324632006835562
2025-10-10,SPY,DQN,0.0,1.1498398498185756
2025-10-13,SPY,DQN,0.0,1.1484351522346627
2025-10-14,SPY,DQN,0.0,1.1535336644422507
2025-10-15,SPY,DQN,0.0,1.145677731517784
2025-10-16,SPY,DQN,0.0,1.1521810480330037
2025-10-17,SPY,DQN,0.0,1.1641643073260062
2025-10-20,SPY,DQN,0.0,1.1641469113598781
2025-10-21,SPY,DQN,0.0,1.1580946092793658
2025-10-22,SPY,DQN,0.0,1.1649620671223708
2025-10-23,SPY,DQN,0.0,1.1744827833329234
2025-10-24,SPY,DQN,0.0,1.1883389371632371
2025-10-27,SPY,DQN,0.0,1.191495184416439
2025-10-28,SPY,DQN,0.0,1.1920675437191683
2025-10-29,SPY,DQN,0.0,1.1789570685105537
2025-10-30,SPY,DQN,0.0,1.1828240957294796
2025-10-31,SPY,DQN,0.0,1.1850440557996036
2025-11-03,SPY,DQN,0.0,1.1709970799604739
2025-11-04,SPY,DQN,0.0,1.1750550359119343
2025-11-05,SPY,DQN,0.0,1.1624474428652551
2025-11-06,SPY,DQN,0.0,1.1635919480232768
2025-11-07,SPY,DQN,0.0,1.1817489609885325
2025-11-10,SPY,DQN,0.0,1.1844543005307455
2025-11-11,SPY,DQN,0.0,1.1851134262166783
2025-11-12,SPY,DQN,0.0,1.1654476600418968
2025-11-13,SPY,DQN,0.0,1.1652568380330808
2025-11-14,SPY,DQN,0.0,1.1544007946556905
2025-11-17,SPY,DQN,0.0,1.1447066524024503
2025-11-18,SPY,DQN,0.0,1.1491288564054147
2025-11-19,SPY,DQN,0.0,1.1316135731599637
2025-11-20,SPY,DQN,0.0,1.142885839039805
2025-11-21,SPY,DQN,0.0,1.1597073113907856
2025-11-24,SPY,DQN,0.0,1.17061554266656
2025-11-25,SPY,DQN,0.0,1.178696876084662
2025-11-26,SPY,DQN,0.0,1.1851307154590878
2025-11-28,SPY,DQN,0.0,1.1797199296509429
2025-12-01,SPY,DQN,0.0,1.1819052045125293
2025-12-02,SPY,DQN,0.0,1.1859978456725273
2025-12-03,SPY,DQN,0.0,1.1868648691622483
2025-12-04,SPY,DQN,0.0,1.189119300993473
2025-12-05,SPY,DQN,0.0,1.1855469379615389
2025-12-08,SPY,DQN,0.0,1.1845236709478209
2025-12-09,SPY,DQN,0.0,1.1923797105960063
2025-12-10,SPY,DQN,0.0,1.195154313831576
2025-12-11,SPY,DQN,0.0,1.1823040310488526
2025-12-12,SPY,DQN,0.0,1.1805176894473077
2025-12-15,SPY,DQN,0.0,1.1772921785007493
2025-12-16,SPY,DQN,0.0,1.1643377333686944
2025-12-17,SPY,DQN,0.0,1.173129953476239
2025-12-18,SPY,DQN,0.0,1.1837626241106474
2025-12-19,SPY,DQN,0.0,1.1911373397880496
2025-12-22,SPY,DQN,0.0,1.196581316672672
2025-12-23,SPY,DQN,0.0,1.2007905001333563
2025-12-24,SPY,DQN,0.0,1.2006687283704598
2025-12-26,SPY,DQN,0.0,1.196389961045263
2025-12-29,SPY,DQN,0.0,1.19492902006166
2025-12-30,SPY,DQN,0.0,1.186075860710808
2025-12-31,SPY,DQN,0.0,1.1882499295819438
2026-01-02,SPY,DQN,0.0,1.1961638134855979
2026-01-05,SPY,DQN,0.0,1.2032776963947975
2026-01-06,SPY,DQN,0.0,1.1993990362905467
2026-01-07,SPY,DQN,0.0,1.1992772645276502
2026-01-08,SPY,DQN,0.0,1.2072085443974325
2026-01-09,SPY,DQN,0.0,1.2091043845342375
2026-01-12,SPY,DQN,0.0,1.2066867721373085
2026-01-13,SPY,DQN,0.0,1.2007557082010998
2026-01-14,SPY,DQN,0.0,1.2040256162145864
2026-01-15,SPY,DQN,0.0,1.2030167569028762
2026-01-16,SPY,DQN,0.0,1.1785271853721244
2026-01-20,SPY,DQN,0.0,1.1921286964099127
2026-01-21,SPY,DQN,0.0,1.198355491770299
2026-01-22,SPY,DQN,0.0,1.1987901774760639
2026-01-23,SPY,DQN,0.0,1.2048778051074251
2026-01-26,SPY,DQN,0.0,1.2096783446927457
2026-01-27,SPY,DQN,0.0,1.2095565729298492
2026-01-28,SPY,DQN,0.0,1.2071563564990482
2026-01-29,SPY,DQN,0.0,1.2035559251291281
2026-01-30,SPY,DQN,0.0,1.2095392836874397
2026-02-02,SPY,DQN,0.0,1.1993120564599062
2026-02-03,SPY,DQN,0.0,1.1935027642865943
2026-02-04,SPY,DQN,0.0,1.1785967692366368
2026-02-05,SPY,DQN,0.0,1.2012078965967115
2026-02-06,SPY,DQN,0.0,1.2069998995276139
2026-02-09,SPY,DQN,0.0,1.2038168646210492
2026-02-10,SPY,DQN,0.0,1.2035386358867186
2026-02-11,SPY,DQN,0.0,1.1849453363599194
2026-02-12,SPY,DQN,0.0,1.1857801292866301
2026-02-13,SPY,DQN,0.0,1.1876933653895634
2026-02-17,SPY,DQN,0.0,1.1936766172241564
2026-02-18,SPY,DQN,0.0,1.190528374249848
2026-02-19,SPY,DQN,0.0,1.1991382035223441
2026-02-20,SPY,DQN,0.0,1.186893364395109
2026-02-23,SPY,DQN,0.0,1.1955202694625773
2026-02-24,SPY,DQN,0.0,1.2056084356848047
2026-02-25,SPY,DQN,0.0,1.1989119492389604
2026-02-26,SPY,DQN,0.0,1.1931548449640326
2026-02-27,SPY,DQN,0.0,1.1938332876430278
2026-03-02,SPY,DQN,0.0,1.1833104357150355
2026-03-03,SPY,DQN,0.0,1.1916590053244547
2026-03-04,SPY,DQN,0.0,1.1850149202244318
2026-03-05,SPY,DQN,0.0,1.169482777117582
2026-03-06,SPY,DQN,0.0,1.1797274003112435
2026-03-09,SPY,DQN,0.0,1.1778314534507197
2026-03-10,SPY,DQN,0.0,1.1763531165009886
2026-03-11,SPY,DQN,0.0,1.1584902341041317
2026-03-12,SPY,DQN,0.0,1.1519330221110307
2026-03-13,SPY,DQN,0.0,1.163656088978142
2026-03-16,SPY,DQN,0.0,1.1667171386743729
2026-03-17,SPY,DQN,0.0,1.1504371824714528
2026-03-18,SPY,DQN,0.0,1.1476021736111683
2026-03-19,SPY,DQN,0.0,1.1311503922213388
2026-03-20,SPY,DQN,0.0,1.1430274614143572
2026-03-23,SPY,DQN,0.0,1.1391905302840701
2026-03-24,SPY,DQN,0.0,1.1455388839599157
2026-03-25,SPY,DQN,0.0,1.1250810143458543
2026-03-26,SPY,DQN,0.0,1.1058962519707
2026-03-27,SPY,DQN,0.0,1.1021988087405934
2026-03-30,SPY,DQN,0.0,1.134237375781184
2026-03-31,SPY,DQN,0.0,1.1427832775462525
2026-04-01,SPY,DQN,0.0,1.1438123076407738
2026-04-02,SPY,DQN,0.0,1.1492189312238943
2026-04-06,SPY,DQN,0.0,1.149724588202513
2026-04-07,SPY,DQN,0.0,1.1790076555531595
2026-04-08,SPY,DQN,0.0,1.178418151725383
2026-04-09,SPY,DQN,0.0,1.178418151725383
2026-04-10,SPY,DQN,0.0,1.178418151725383
2026-04-13,SPY,DQN,0.0,1.1921878231301415
2026-04-14,SPY,DQN,0.0,1.201595340555318
2026-04-15,SPY,DQN,0.0,1.2045480780380027
2026-04-16,SPY,DQN,0.0,1.2191058680035087
2026-04-17,SPY,DQN,0.0,1.2166679791903359
2026-04-20,SPY,DQN,0.0,1.2087025842983277
2026-04-21,SPY,DQN,0.0,1.220942767378143
2026-04-22,SPY,DQN,0.0,1.2162046048828032
2026-04-23,SPY,DQN,0.0,1.2256293504617852
2026-04-24,SPY,DQN,0.0,1.2277408498001219
2026-04-27,SPY,DQN,0.0,1.221766672318968
2026-04-28,SPY,DQN,0.0,1.2215778979751377
2026-04-29,SPY,DQN,0.0,1.2337321503853633
2026-04-30,SPY,DQN,0.0,1.2371484722750172
2026-05-01,SPY,DQN,0.0,1.232616312277313
2026-05-04,SPY,DQN,0.0,1.2425046422632642
2026-05-05,SPY,DQN,0.0,1.2597747109062085
2026-05-06,SPY,DQN,0.0,1.2591448235507554
2026-05-07,SPY,DQN,0.0,1.2591448235507554
2026-05-08,SPY,DQN,0.0,1.2591448235507554
2026-05-11,SPY,DQN,0.0,1.2591448235507554
2026-05-12,SPY,DQN,0.0,1.2591448235507554
2026-05-13,SPY,DQN,0.0,1.2591448235507554
2026-05-14,SPY,DQN,0.0,1.2591448235507554
2026-05-15,SPY,DQN,0.0,1.2591448235507554
2026-05-18,SPY,DQN,0.0,1.2591448235507554
2026-05-19,SPY,DQN,0.0,1.2591448235507554
2026-05-20,SPY,DQN,0.0,1.2591448235507554
2026-05-21,SPY,DQN,0.0,1.2591448235507554
2026-05-22,SPY,DQN,0.0,1.2591448235507554
2026-05-26,SPY,DQN,0.0,1.2591448235507554
2026-05-27,SPY,DQN,0.0,1.2591448235507554
2026-05-28,SPY,DQN,0.0,1.2591448235507554
2026-05-29,SPY,DQN,0.0,1.2591448235507554
2026-06-01,SPY,DQN,0.0,1.2591448235507554
2026-06-02,SPY,DQN,0.0,1.2591448235507554
2026-06-03,SPY,DQN,0.0,1.2591448235507554
2026-06-04,SPY,DQN,0.0,1.2591448235507554
2026-06-05,SPY,DQN,0.0,1.2591448235507554
2026-06-08,SPY,DQN,0.0,1.2548190937731412
2026-06-09,SPY,DQN,0.0,1.2350361649139947
2026-06-10,SPY,DQN,0.0,1.2560278867436705
2026-06-11,SPY,DQN,0.0,1.2628207969264142
2026-06-12,SPY,DQN,0.0,1.2850893408406203
2026-06-15,SPY,DQN,0.0,1.2774281999747437
2026-06-16,SPY,DQN,0.0,1.2614758415485354
2026-06-17,SPY,DQN,0.0,1.2745913963388302
2026-06-18,SPY,DQN,0.0,1.2705802830964525
2026-06-22,SPY,DQN,0.0,1.2521289746586886
2026-06-23,SPY,DQN,0.0,1.2515485915130522
2026-06-24,SPY,DQN,0.0,1.2533578742433098
2026-06-25,SPY,DQN,0.0,1.244294375179011
2026-06-26,SPY,DQN,0.0,1.2647939537704915
2026-06-29,SPY,DQN,0.0,1.2746426525778634
2026-06-30,SPY,DQN,0.0,1.2729186927333132
2026-07-01,SPY,DQN,0.0,1.271245989127796
2026-07-02,SPY,DQN,0.0,1.2823406729328004
2026-07-06,SPY,DQN,0.0,1.276247118710684
2026-07-07,SPY,DQN,0.0,1.2723042429410027
2026-07-08,SPY,DQN,0.0,1.2830746164368407
2026-07-09,SPY,DQN,0.0,1.288604872926332
2026-07-10,SPY,DQN,0.0,1.2787390887059489
2026-07-13,SPY,DQN,0.0,1.2832794330342774
2026-07-14,SPY,DQN,0.0,1.2883658855028728
2026-07-15,SPY,DQN,0.0,1.2813847232389648
2026-07-16,SPY,DQN,0.0,1.2687026587141508
2026-07-17,SPY,DQN,0.0,1.2666544927397818
2026-07-20,SPY,DQN,0.0,1.2772200496381827
2026-07-21,SPY,DQN,0.0,1.2757349730377439
2026-07-22,SPY,DQN,0.0,1.2599805553720291
2026-07-23,SPY,DQN,0.0,1.2612607111956835
2026-07-24,SPY,DQN,0.0,1.2615338694451643
2026-07-27,SPY,DQN,0.0,1.2645549663470321
2026-07-28,SPY,DQN,0.0,1.2450966603350946
2026-07-29,SPY,DQN,0.0,1.265971701295427
2026-07-30,SPY,DQN,0.0,1.2750864565987587
2026-07-31,SPY,DQN,0.0,1.2932475213740309
2026-08-03,SPY,DQN,0.0,1.3165634844492902
2026-08-04,SPY,DQN,0.0,1.3166829781610196
2024-11-18,SPY,DQN,1.0,1.0
2024-11-19,SPY,DQN,1.0,0.9998388277740852
2024-11-20,SPY,DQN,1.0,1.005206421310659
2024-11-21,SPY,DQN,1.0,1.0083218467223434
2024-11-22,SPY,DQN,1.0,1.0117421807248799
2024-11-25,SPY,DQN,1.0,1.0170250832900063
2024-11-26,SPY,DQN,1.0,1.013943302236842
2024-11-27,SPY,DQN,1.0,1.0202420745865022
2024-11-29,SPY,DQN,1.0,1.0220707878541548
2024-12-02,SPY,DQN,1.0,1.0225448674514845
2024-12-03,SPY,DQN,1.0,1.0288941590730294
2024-12-04,SPY,DQN,1.0,1.027201183389751
2024-12-05,SPY,DQN,1.0,1.0291483374555797
2024-12-06,SPY,DQN,1.0,1.023848559977089
2024-12-09,SPY,DQN,1.0,1.0206654239755304
2024-12-10,SPY,DQN,1.0,1.0285557115918658
2024-12-11,SPY,DQN,1.0,1.0232560395815835
2024-12-12,SPY,DQN,1.0,1.0230528023437517
2024-12-13,SPY,DQN,1.0,1.0274212955409474
2024-12-16,SPY,DQN,1.0,1.023188328991709
2024-12-17,SPY,DQN,1.0,0.9926936730509943
2024-12-18,SPY,DQN,1.0,0.9921973262144689
2024-12-19,SPY,DQN,1.0,1.0036186286867392
2024-12-20,SPY,DQN,1.0,1.0031168193723958
2024-12-23,SPY,DQN,1.0,1.0031168193723958
2024-12-24,SPY,DQN,1.0,1.0031168193723958
2024-12-26,SPY,DQN,1.0,1.0031168193723958
2024-12-27,SPY,DQN,1.0,1.0031168193723958
2024-12-30,SPY,DQN,1.0,1.0031168193723958
2024-12-31,SPY,DQN,1.0,1.0031168193723958
2025-01-02,SPY,DQN,1.0,1.0151577428928937
2025-01-03,SPY,DQN,1.0,1.0210055691259317
2025-01-06,SPY,DQN,1.0,1.0094640757842632
2025-01-07,SPY,DQN,1.0,1.0109388079605675
2025-01-08,SPY,DQN,1.0,0.9955044773371657
2025-01-10,SPY,DQN,1.0,0.9970480913874282
2025-01-13,SPY,DQN,1.0,0.998419873374988
2025-01-14,SPY,DQN,1.0,1.0165810532065678
2025-01-15,SPY,DQN,1.0,1.014626064255263
2025-01-16,SPY,DQN,1.0,1.0248128097667646
2025-01-17,SPY,DQN,1.0,1.0341935202431234
2025-01-21,SPY,DQN,1.0,1.0400071716978914
2025-01-22,SPY,DQN,1.0,1.0456834852586778
2025-01-23,SPY,DQN,1.0,1.0426308577903576
2025-01-24,SPY,DQN,1.0,1.0278824713924777
2025-01-27,SPY,DQN,1.0,1.0367144690738126
2025-01-28,SPY,DQN,1.0,1.0320671250830507
2025-01-29,SPY,DQN,1.0,1.0376062072133394
2025-01-30,SPY,DQN,1.0,1.0320840527769601
2025-01-31,SPY,DQN,1.0,1.0251386944903904
2025-02-03,SPY,DQN,1.0,1.0320155967569367
2025-02-04,SPY,DQN,1.0,1.0361998245935746
2025-02-05,SPY,DQN,1.0,1.0398013777838861
2025-02-06,SPY,DQN,1.0,1.0302835423405132
2025-02-07,SPY,DQN,1.0,1.0372803224897131
2025-02-10,SPY,DQN,1.0,1.0367616823284684
2025-02-11,SPY,DQN,1.0,1.0329033895462507
2025-02-12,SPY,DQN,1.0,1.043808161117269
2025-02-13,SPY,DQN,1.0,1.0437569360675922
2025-02-14,SPY,DQN,1.0,1.0468210867569694
2025-02-18,SPY,DQN,1.0,1.049286265703653
2025-02-19,SPY,DQN,1.0,1.0449209774972796
2025-02-20,SPY,DQN,1.0,1.0270485364098585
2025-02-21,SPY,DQN,1.0,1.0223750476971314
2025-02-24,SPY,DQN,1.0,1.0172905895505868
2025-02-25,SPY,DQN,1.0,1.0178041153597943
2025-02-26,SPY,DQN,1.0,1.0015580164615914
2025-02-27,SPY,DQN,1.0,1.0171878206231233
2025-02-28,SPY,DQN,1.0,0.9993667108614156
2025-03-03,SPY,DQN,1.0,0.9875375503234094
2025-03-04,SPY,DQN,1.0,0.9981512318299781
2025-03-05,SPY,DQN,1.0,0.9804331035478072
2025-03-06,SPY,DQN,1.0,0.9859282123000592
2025-03-07,SPY,DQN,1.0,0.9596675099140174
2025-03-10,SPY,DQN,1.0,0.9516898992211039
2025-03-11,SPY,DQN,1.0,0.9567401364838395
2025-03-12,SPY,DQN,1.0,0.9439861618746986
2025-03-13,SPY,DQN,1.0,0.9634849451513378
2025-03-14,SPY,DQN,1.0,0.970914809151235
2025-03-17,SPY,DQN,1.0,0.9604206881859242
2025-03-18,SPY,DQN,1.0,0.9708805882674261
2025-03-19,SPY,DQN,1.0,0.9680728816545429
2025-03-20,SPY,DQN,1.0,0.9683922411447474
2025-03-21,SPY,DQN,1.0,0.9857347899133132
2025-03-24,SPY,DQN,1.0,0.9881043204269907
2025-03-25,SPY,DQN,1.0,0.9763081054603534
2025-03-26,SPY,DQN,1.0,0.9737152889936246
2025-03-27,SPY,DQN,1.0,0.9541064037429914
2025-03-28,SPY,DQN,1.0,0.9605110228170971
2025-03-31,SPY,DQN,1.0,0.9632239312052674
2025-04-01,SPY,DQN,1.0,0.9693197121167991
2025-04-02,SPY,DQN,1.0,0.9215506528766545
2025-04-03,SPY,DQN,1.0,0.8676004199295108
2025-04-04,SPY,DQN,1.0,0.8660550600802381
2025-04-07,SPY,DQN,1.0,0.8524903055873134
2025-04-08,SPY,DQN,1.0,0.9420183547796483
2025-04-09,SPY,DQN,1.0,0.9007397856512418
2025-04-10,SPY,DQN,1.0,0.9168115918492998
2025-04-11,SPY,DQN,1.0,0.9163531860533752
2025-04-14,SPY,DQN,1.0,0.9163531860533752
2025-04-15,SPY,DQN,1.0,0.9163531860533752
2025-04-16,SPY,DQN,1.0,0.9172024942813688
2025-04-17,SPY,DQN,1.0,0.895370591936653
2025-04-21,SPY,DQN,1.0,0.9186661288778847
2025-04-22,SPY,DQN,1.0,0.9329011939460774
2025-04-23,SPY,DQN,1.0,0.9525378600804573
2025-04-24,SPY,DQN,1.0,0.9594202426559844
2025-04-25,SPY,DQN,1.0,0.9597861513051134
2025-04-28,SPY,DQN,1.0,0.9658322174721536
2025-04-29,SPY,DQN,1.0,0.9662154887185446
2025-04-30,SPY,DQN,1.0,0.9730630382573286
2025-05-01,SPY,DQN,1.0,0.9875073172304168
2025-05-02,SPY,DQN,1.0,0.9818445223097675
2025-05-05,SPY,DQN,1.0,0.9736379451269151
2025-05-06,SPY,DQN,1.0,0.9777326063408199
2025-05-07,SPY,DQN,1.0,0.9845452150006421
2025-05-08,SPY,DQN,1.0,0.9832906864668026
2025-05-09,SPY,DQN,1.0,1.015786135270264
2025-05-12,SPY,DQN,1.0,1.015278242202629
2025-05-13,SPY,DQN,1.0,1.015278242202629
2025-05-14,SPY,DQN,1.0,1.015278242202629
2025-05-15,SPY,DQN,1.0,1.015278242202629
2025-05-16,SPY,DQN,1.0,1.0158812402364432
2025-05-19,SPY,DQN,1.0,1.015373299616325
2025-05-20,SPY,DQN,1.0,0.9977556813825188
2025-05-21,SPY,DQN,1.0,0.9981495036187922
2025-05-22,SPY,DQN,1.0,0.9913362835747889
2025-05-23,SPY,DQN,1.0,1.01194684369795
2025-05-27,SPY,DQN,1.0,1.0060923800209194
2025-05-28,SPY,DQN,1.0,1.0100637652461644
2025-05-29,SPY,DQN,1.0,1.0089341088880404
2025-05-30,SPY,DQN,1.0,1.0146171428157327
2025-06-02,SPY,DQN,1.0,1.0204031617349927
2025-06-03,SPY,DQN,1.0,1.0201291708006361
2025-06-04,SPY,DQN,1.0,1.0151991351600558
2025-06-05,SPY,DQN,1.0,1.0256242465235534
2025-06-06,SPY,DQN,1.0,1.0265486745600036
2025-06-09,SPY,DQN,1.0,1.0323688099065116
2025-06-10,SPY,DQN,1.0,1.0294245198543723
2025-06-11,SPY,DQN,1.0,1.0289098075944452
2025-06-12,SPY,DQN,1.0,1.0289098075944452
2025-06-13,SPY,DQN,1.0,1.0289098075944452
2025-06-16,SPY,DQN,1.0,1.0196033524617454
2025-06-17,SPY,DQN,1.0,1.0194495792919476
2025-06-18,SPY,DQN,1.0,1.0170554282025608
2025-06-20,SPY,DQN,1.0,1.0271013786910017
2025-06-23,SPY,DQN,1.0,1.0384479587028357
2025-06-24,SPY,DQN,1.0,1.0390298887616174
2025-06-25,SPY,DQN,1.0,1.0471591665265068
2025-06-26,SPY,DQN,1.0,1.0523617902335198
2025-06-27,SPY,DQN,1.0,1.0573933201664447
2025-06-30,SPY,DQN,1.0,1.0570510270048274
2025-07-01,SPY,DQN,1.0,1.0618429200405881
2025-07-02,SPY,DQN,1.0,1.070211729089201
2025-07-03,SPY,DQN,1.0,1.0622366469478728
2025-07-07,SPY,DQN,1.0,1.0616547168890913
2025-07-08,SPY,DQN,1.0,1.0680210951002271
2025-07-09,SPY,DQN,1.0,1.0710331904317067
2025-07-10,SPY,DQN,1.0,1.0672680712673572
2025-07-11,SPY,DQN,1.0,1.0693045096327705
2025-07-14,SPY,DQN,1.0,1.0647352497302063
2025-07-15,SPY,DQN,1.0,1.0682948451387684
2025-07-16,SPY,DQN,1.0,1.074832422737433
2025-07-17,SPY,DQN,1.0,1.0740452857631864
2025-07-18,SPY,DQN,1.0,1.0760818297420405
2025-07-21,SPY,DQN,1.0,1.0762358141387198
2025-07-22,SPY,DQN,1.0,1.085391971388461
2025-07-23,SPY,DQN,1.0,1.0857512683140462
2025-07-24,SPY,DQN,1.0,1.09033774320746
2025-07-25,SPY,DQN,1.0,1.0900639931689187
2025-07-28,SPY,DQN,1.0,1.0871888784701507
2025-07-29,SPY,DQN,1.0,1.0858198114371223
2025-07-30,SPY,DQN,1.0,1.0817466178659734
2025-07-31,SPY,DQN,1.0,1.0812057445570404
2025-08-01,SPY,DQN,1.0,1.0970992140105456
2025-08-04,SPY,DQN,1.0,1.091537001803877
2025-08-05,SPY,DQN,1.0,1.0998978046008954
2025-08-06,SPY,DQN,1.0,1.0989764901286643
2025-08-07,SPY,DQN,1.0,1.1075459268351586
2025-08-08,SPY,DQN,1.0,1.1053557534862222
2025-08-11,SPY,DQN,1.0,1.1171234568482113
2025-08-12,SPY,DQN,1.0,1.1209474106985513
2025-08-13,SPY,DQN,1.0,1.121051781286685
2025-08-14,SPY,DQN,1.0,1.1184270701653638
2025-08-15,SPY,DQN,1.0,1.1181835745486488
2025-08-18,SPY,DQN,1.0,1.112117315688701
2025-08-19,SPY,DQN,1.0,1.109162330116338
2025-08-20,SPY,DQN,1.0,1.1047125818043613
2025-08-21,SPY,DQN,1.0,1.12167746848153
2025-08-22,SPY,DQN,1.0,1.116740836202915
2025-08-25,SPY,DQN,1.0,1.1214167029113828
2025-08-26,SPY,DQN,1.0,1.1239717978850174
2025-08-27,SPY,DQN,1.0,1.1279522539841624
2025-08-28,SPY,DQN,1.0,1.1212254462221305
2025-08-29,SPY,DQN,1.0,1.112916882352575
2025-09-02,SPY,DQN,1.0,1.118948494038867
2025-09-03,SPY,DQN,1.0,1.1183890197918476
2025-09-04,SPY,DQN,1.0,1.1183890197918476
2025-09-05,SPY,DQN,1.0,1.1183890197918476
2025-09-08,SPY,DQN,1.0,1.1204154116561544
2025-09-09,SPY,DQN,1.0,1.123654420780648
2025-09-10,SPY,DQN,1.0,1.1329922081886912
2025-09-11,SPY,DQN,1.0,1.132612968223253
2025-09-12,SPY,DQN,1.0,1.1386429580970359
2025-09-15,SPY,DQN,1.0,1.1370751777408965
2025-09-16,SPY,DQN,1.0,1.1356626231625928
2025-09-17,SPY,DQN,1.0,1.1409690057459994
2025-09-18,SPY,DQN,1.0,1.1466199682923957
2025-09-19,SPY,DQN,1.0,1.1520447902706712
2025-09-22,SPY,DQN,1.0,1.145773562527088
2025-09-23,SPY,DQN,1.0,1.142128095766522
2025-09-24,SPY,DQN,1.0,1.1368589248421856
2025-09-25,SPY,DQN,1.0,1.1433721346887509
2025-09-26,SPY,DQN,1.0,1.1465854146089731
2025-09-29,SPY,DQN,1.0,1.150904412398709
2025-09-30,SPY,DQN,1.0,1.1548260959886016
2025-10-01,SPY,DQN,1.0,1.1561562533218213
2025-10-02,SPY,DQN,1.0,1.156139135958649
2025-10-03,SPY,DQN,1.0,1.1602853653312737
2025-10-06,SPY,DQN,1.0,1.155983591223736
2025-10-07,SPY,DQN,1.0,1.1628767852689206
2025-10-08,SPY,DQN,1.0,1.159507960613785
2025-10-09,SPY,DQN,1.0,1.1281689392590413
2025-10-10,SPY,DQN,1.0,1.1454796967394596
2025-10-13,SPY,DQN,1.0,1.1440803257203696
2025-10-14,SPY,DQN,1.0,1.1435082855575094
2025-10-15,SPY,DQN,1.0,1.1435082855575094
2025-10-16,SPY,DQN,1.0,1.1435082855575094
2025-10-17,SPY,DQN,1.0,1.1435082855575094
2025-10-20,SPY,DQN,1.0,1.142919444109032
2025-10-21,SPY,DQN,1.0,1.136977501849048
2025-10-22,SPY,DQN,1.0,1.1437197360325333
2025-10-23,SPY,DQN,1.0,1.1530668481304158
2025-10-24,SPY,DQN,1.0,1.166670343942411
2025-10-27,SPY,DQN,1.0,1.1697690390649076
2025-10-28,SPY,DQN,1.0,1.1703309617653184
2025-10-29,SPY,DQN,1.0,1.1574595476068326
2025-10-30,SPY,DQN,1.0,1.1612560620813215
2025-10-31,SPY,DQN,1.0,1.1634355426129723
2025-11-03,SPY,DQN,1.0,1.14964470430828
2025-11-04,SPY,DQN,1.0,1.1536286660531463
2025-11-05,SPY,DQN,1.0,1.141250964325079
2025-11-06,SPY,DQN,1.0,1.1423746001705395
2025-11-07,SPY,DQN,1.0,1.160200531728172
2025-11-10,SPY,DQN,1.0,1.162856541150643
2025-11-11,SPY,DQN,1.0,1.1635036481052836
2025-11-12,SPY,DQN,1.0,1.1441964744787145
2025-11-13,SPY,DQN,1.0,1.1440091319860175
2025-11-14,SPY,DQN,1.0,1.1333510415499775
2025-11-17,SPY,DQN,1.0,1.1238336657213162
2025-11-18,SPY,DQN,1.0,1.1281752336896587
2025-11-19,SPY,DQN,1.0,1.1109793303247484
2025-11-20,SPY,DQN,1.0,1.122046053714658
2025-11-21,SPY,DQN,1.0,1.138560797378772
2025-11-24,SPY,DQN,1.0,1.1492701241005665
2025-11-25,SPY,DQN,1.0,1.1572040996218238
2025-11-26,SPY,DQN,1.0,1.1635206220895216
2025-11-28,SPY,DQN,1.0,1.1582084984668988
2025-12-01,SPY,DQN,1.0,1.160353926252394
2025-12-02,SPY,DQN,1.0,1.164371940743416
2025-12-03,SPY,DQN,1.0,1.1652231546196303
2025-12-04,SPY,DQN,1.0,1.1674364783420763
2025-12-05,SPY,DQN,1.0,1.163929255043391
2025-12-08,SPY,DQN,1.0,1.162924646642955
2025-12-09,SPY,DQN,1.0,1.1706374364807206
2025-12-10,SPY,DQN,1.0,1.1733614466178228
2025-12-11,SPY,DQN,1.0,1.1607454804443458
2025-12-12,SPY,DQN,1.0,1.1589917116284825
2025-12-15,SPY,DQN,1.0,1.155825015791355
2025-12-16,SPY,DQN,1.0,1.14310678660173
2025-12-17,SPY,DQN,1.0,1.1517386862526604
2025-12-18,SPY,DQN,1.0,1.1621774770034574
2025-12-19,SPY,DQN,1.0,1.169417719502261
2025-12-22,SPY,DQN,1.0,1.16883301064251
2025-12-23,SPY,DQN,1.0,1.16883301064251
2025-12-24,SPY,DQN,1.0,1.16883301064251
2025-12-26,SPY,DQN,1.0,1.16883301064251
2025-12-29,SPY,DQN,1.0,1.1668213036183483
2025-12-30,SPY,DQN,1.0,1.1581763926977238
2025-12-31,SPY,DQN,1.0,1.1602993220364421
2026-01-02,SPY,DQN,1.0,1.1680270516154505
2026-01-05,SPY,DQN,1.0,1.1749735982224383
2026-01-06,SPY,DQN,1.0,1.1711861738958445
2026-01-07,SPY,DQN,1.0,1.1710672665090949
2026-01-08,SPY,DQN,1.0,1.1788119828576389
2026-01-09,SPY,DQN,1.0,1.1806632280970966
2026-01-12,SPY,DQN,1.0,1.1783024839848788
2026-01-13,SPY,DQN,1.0,1.1725109334930064
2026-01-14,SPY,DQN,1.0,1.1757039250991619
2026-01-15,SPY,DQN,1.0,1.1747187966794033
2026-01-16,SPY,DQN,1.0,1.150805281065654
2026-01-20,SPY,DQN,1.0,1.1640868505763455
2026-01-21,SPY,DQN,1.0,1.1701671761503245
2026-01-22,SPY,DQN,1.0,1.1705916369620961
2026-01-23,SPY,DQN,1.0,1.1765360683797896
2026-01-26,SPY,DQN,1.0,1.1812236872784638
2026-01-27,SPY,DQN,1.0,1.1811047798917143
2026-01-28,SPY,DQN,1.0,1.1787610225490321
2026-01-29,SPY,DQN,1.0,1.175245282321699
2026-01-30,SPY,DQN,1.0,1.1810878973354886
2026-02-02,SPY,DQN,1.0,1.1711012400481662
2026-02-03,SPY,DQN,1.0,1.1654285969430436
2026-02-04,SPY,DQN,1.0,1.1508732281437968
2026-02-05,SPY,DQN,1.0,1.172952485287624
2026-02-06,SPY,DQN,1.0,1.1786082458365212
2026-02-09,SPY,DQN,1.0,1.1755000838647343
2026-02-10,SPY,DQN,1.0,1.1752283997654738
2026-02-11,SPY,DQN,1.0,1.1570724611045256
2026-02-12,SPY,DQN,1.0,1.1578876176156174
2026-02-13,SPY,DQN,1.0,1.1597558496246108
2026-02-17,SPY,DQN,1.0,1.1655983604250901
2026-02-18,SPY,DQN,1.0,1.1625241719923745
2026-02-19,SPY,DQN,1.0,1.1709314765661196
2026-02-20,SPY,DQN,1.0,1.15897466665259
2026-02-23,SPY,DQN,1.0,1.1673986453559406
2026-02-24,SPY,DQN,1.0,1.1772495127002878
2026-02-25,SPY,DQN,1.0,1.170710544348846
2026-02-26,SPY,DQN,1.0,1.16508886155233
2026-02-27,SPY,DQN,1.0,1.1657513455642212
2026-03-02,SPY,DQN,1.0,1.1554760174081027
2026-03-03,SPY,DQN,1.0,1.1636282077988829
2026-03-04,SPY,DQN,1.0,1.1571404081826682
2026-03-05,SPY,DQN,1.0,1.1419736198934476
2026-03-06,SPY,DQN,1.0,1.1519772639503054
2026-03-09,SPY,DQN,1.0,1.1501259144975378
2026-03-10,SPY,DQN,1.0,1.1486823517269362
2026-03-11,SPY,DQN,1.0,1.1312396489598662
2026-03-12,SPY,DQN,1.0,1.1248366789780198
2026-03-13,SPY,DQN,1.0,1.1362839900187893
2026-03-16,SPY,DQN,1.0,1.1392730361772065
2026-03-17,SPY,DQN,1.0,1.1233760252245721
2026-03-18,SPY,DQN,1.0,1.1206077028568084
2026-03-19,SPY,DQN,1.0,1.104542908475018
2026-03-20,SPY,DQN,1.0,1.1161405993221678
2026-03-23,SPY,DQN,1.0,1.1123939223997976
2026-03-24,SPY,DQN,1.0,1.118592946933906
2026-03-25,SPY,DQN,1.0,1.0986162975333402
2026-03-26,SPY,DQN,1.0,1.0798828087081793
2026-03-27,SPY,DQN,1.0,1.0762723385820248
2026-03-30,SPY,DQN,1.0,1.1075572784677739
2026-03-31,SPY,DQN,1.0,1.1159021592688083
2026-04-01,SPY,DQN,1.0,1.1169069840041637
2026-04-02,SPY,DQN,1.0,1.1221864302905253
2026-04-06,SPY,DQN,1.0,1.1226801929534702
2026-04-07,SPY,DQN,1.0,1.1512744493874314
2026-04-08,SPY,DQN,1.0,1.1579161720625677
2026-04-09,SPY,DQN,1.0,1.157149891593882
2026-04-10,SPY,DQN,1.0,1.1684580778657554
2026-04-13,SPY,DQN,1.0,1.1826955960693961
2026-04-14,SPY,DQN,1.0,1.19202821062294
2026-04-15,SPY,DQN,1.0,1.1949574383413977
2026-04-16,SPY,DQN,1.0,1.2093993188460166
2026-04-17,SPY,DQN,1.0,1.2069808405600397
2026-04-20,SPY,DQN,1.0,1.199078866326653
2026-04-21,SPY,DQN,1.0,1.1984793268934897
2026-04-22,SPY,DQN,1.0,1.1984793268934897
2026-04-23,SPY,DQN,1.0,1.1984793268934897
2026-04-24,SPY,DQN,1.0,1.1984793268934897
2026-04-27,SPY,DQN,1.0,1.1984793268934897
2026-04-28,SPY,DQN,1.0,1.1984793268934897
2026-04-29,SPY,DQN,1.0,1.1984793268934897
2026-04-30,SPY,DQN,1.0,1.201198790692123
2026-05-01,SPY,DQN,1.0,1.1967983284756083
2026-05-04,SPY,DQN,1.0,1.2063993184030717
2026-05-05,SPY,DQN,1.0,1.2231675447186463
2026-05-06,SPY,DQN,1.0,1.2194172122142066
2026-05-07,SPY,DQN,1.0,1.2294848390153355
2026-05-08,SPY,DQN,1.0,1.2322850682458524
2026-05-11,SPY,DQN,1.0,1.2304182147597975
2026-05-12,SPY,DQN,1.0,1.237302205115522
2026-05-13,SPY,DQN,1.0,1.2470698583548037
2026-05-14,SPY,DQN,1.0,1.2320684263399146
2026-05-15,SPY,DQN,1.0,1.2312016547219014
2026-05-18,SPY,DQN,1.0,1.2305860538945406
2026-05-19,SPY,DQN,1.0,1.2425830306673367
2026-05-20,SPY,DQN,1.0,1.2450471817930078
2026-05-21,SPY,DQN,1.0,1.2444246582021112
2026-05-22,SPY,DQN,1.0,1.2444246582021112
2026-05-26,SPY,DQN,1.0,1.24358685905136
2026-05-27,SPY,DQN,1.0,1.2504472037063754
2026-05-28,SPY,DQN,1.0,1.2535625738761491
2026-05-29,SPY,DQN,1.0,1.2569761669951565
2026-06-01,SPY,DQN,1.0,1.258683064956547
2026-06-02,SPY,DQN,1.0,1.2580537234240687
2026-06-03,SPY,DQN,1.0,1.2621784862550653
2026-06-04,SPY,DQN,1.0,1.2296024531209016
2026-06-05,SPY,DQN,1.0,1.2289876518943412
2026-06-08,SPY,DQN,1.0,1.2247655255887049
2026-06-09,SPY,DQN,1.0,1.2054564081373593
2026-06-10,SPY,DQN,1.0,1.2259453673405756
2026-06-11,SPY,DQN,1.0,1.232575583800885
2026-06-12,SPY,DQN,1.0,1.254310784537405
2026-06-15,SPY,DQN,1.0,1.246833131969185
2026-06-16,SPY,DQN,1.0,1.2312628408019495
2026-06-17,SPY,DQN,1.0,1.244064271251833
2026-06-18,SPY,DQN,1.0,1.2401492262522191
2026-06-22,SPY,DQN,1.0,1.2221398362224378
2026-06-23,SPY,DQN,1.0,1.2215733535541908
2026-06-24,SPY,DQN,1.0,1.2233393030245638
2026-06-25,SPY,DQN,1.0,1.2144928794641925
2026-06-26,SPY,DQN,1.0,1.2345014825150487
2026-06-29,SPY,DQN,1.0,1.244114299877355
2026-06-30,SPY,DQN,1.0,1.2424316297653188
2026-07-01,SPY,DQN,1.0,1.2407989882788037
2026-07-02,SPY,DQN,1.0,1.2516279486517428
2026-07-06,SPY,DQN,1.0,1.2456803382140402
2026-07-07,SPY,DQN,1.0,1.241831896364256
2026-07-08,SPY,DQN,1.0,1.2523443138281565
2026-07-09,SPY,DQN,1.0,1.257742117806119
2026-07-10,SPY,DQN,1.0,1.2481126242353058
2026-07-13,SPY,DQN,1.0,1.252544224961844
2026-07-14,SPY,DQN,1.0,1.2575088542554171
2026-07-15,SPY,DQN,1.0,1.250694894448936
2026-07-16,SPY,DQN,1.0,1.2383165719478186
2026-07-17,SPY,DQN,1.0,1.2363174606109424
2026-07-20,SPY,DQN,1.0,1.2466299669411551
2026-07-21,SPY,DQN,1.0,1.2451804586956225
2026-07-22,SPY,DQN,1.0,1.2298033675049929
2026-07-23,SPY,DQN,1.0,1.2310528629326396
2026-07-24,SPY,DQN,1.0,1.2313194789003552
2026-07-27,SPY,DQN,1.0,1.2342682189643468
2026-07-28,SPY,DQN,1.0,1.2152759494746341
2026-07-29,SPY,DQN,1.0,1.2356510223758514
2026-07-30,SPY,DQN,1.0,1.2445474745617437
2026-07-31,SPY,DQN,1.0,1.2622735724153025
2026-08-03,SPY,DQN,1.0,1.2850311060806607
2026-08-04,SPY,DQN,1.0,1.2851477378560114
2024-11-18,SPY,DQN,2.0,1.0
2024-11-19,SPY,DQN,2.0,1.0
2024-11-20,SPY,DQN,2.0,1.0
2024-11-21,SPY,DQN,2.0,1.0
2024-11-22,SPY,DQN,2.0,1.0
2024-11-25,SPY,DQN,2.0,1.0
2024-11-26,SPY,DQN,2.0,1.0
2024-11-27,SPY,DQN,2.0,1.0
2024-11-29,SPY,DQN,2.0,1.0
2024-12-02,SPY,DQN,2.0,1.0
2024-12-03,SPY,DQN,2.0,1.0057093036928242
2024-12-04,SPY,DQN,2.0,1.0040544771194742
2024-12-05,SPY,DQN,2.0,1.0059577544803755
2024-12-06,SPY,DQN,2.0,1.0007774009225112
2024-12-09,SPY,DQN,2.0,0.9976659929477869
2024-12-10,SPY,DQN,2.0,1.005378482706413
2024-12-11,SPY,DQN,2.0,1.0001982322401617
2024-12-12,SPY,DQN,2.0,0.9999995747017337
2024-12-13,SPY,DQN,2.0,1.0042696293159972
2024-12-16,SPY,DQN,2.0,1.0001320474245565
2024-12-17,SPY,DQN,2.0,0.9703245507816374
2024-12-18,SPY,DQN,2.0,0.9700265129281889
2024-12-19,SPY,DQN,2.0,0.9695414996717249
2024-12-20,SPY,DQN,2.0,0.9695414996717249
2024-12-23,SPY,DQN,2.0,0.9695414996717249
2024-12-24,SPY,DQN,2.0,0.9695414996717249
2024-12-26,SPY,DQN,2.0,0.9695414996717249
2024-12-27,SPY,DQN,2.0,0.9695414996717249
2024-12-30,SPY,DQN,2.0,0.9695414996717249
2024-12-31,SPY,DQN,2.0,0.9695414996717249
2025-01-02,SPY,DQN,2.0,0.9695414996717249
2025-01-03,SPY,DQN,2.0,0.9695414996717249
2025-01-06,SPY,DQN,2.0,0.9695414996717249
2025-01-07,SPY,DQN,2.0,0.9704731379651899
2025-01-08,SPY,DQN,2.0,0.9556566098484167
2025-01-10,SPY,DQN,2.0,0.9571384364034655
2025-01-13,SPY,DQN,2.0,0.958455308957559
2025-01-14,SPY,DQN,2.0,0.9758895364711503
2025-01-15,SPY,DQN,2.0,0.9740128014528482
2025-01-16,SPY,DQN,2.0,0.9837917938155446
2025-01-17,SPY,DQN,2.0,0.9927970149631039
2025-01-21,SPY,DQN,2.0,0.9983779586620866
2025-01-22,SPY,DQN,2.0,1.003827061802685
2025-01-23,SPY,DQN,2.0,1.0008966243371415
2025-01-24,SPY,DQN,2.0,0.9867385835984069
2025-01-27,SPY,DQN,2.0,0.9952170557243287
2025-01-28,SPY,DQN,2.0,0.9907557347517795
2025-01-29,SPY,DQN,2.0,0.996073099535977
2025-01-30,SPY,DQN,2.0,0.9907719848671152
2025-01-31,SPY,DQN,2.0,0.984104634086253
2025-02-03,SPY,DQN,2.0,0.9907062689918894
2025-02-04,SPY,DQN,2.0,0.994723011337329
2025-02-05,SPY,DQN,2.0,0.9981804022284764
2025-02-06,SPY,DQN,2.0,0.9890435449264993
2025-02-07,SPY,DQN,2.0,0.9957602592652681
2025-02-10,SPY,DQN,2.0,0.9965176781630863
2025-02-11,SPY,DQN,2.0,0.9933074116674219
2025-02-12,SPY,DQN,2.0,1.0037941527640803
2025-02-13,SPY,DQN,2.0,1.0037448914081568
2025-02-14,SPY,DQN,2.0,1.006691578989036
2025-02-18,SPY,DQN,2.0,1.0090622561923543
2025-02-19,SPY,DQN,2.0,1.0048643097306238
2025-02-20,SPY,DQN,2.0,0.9876770022085491
2025-02-21,SPY,DQN,2.0,0.9831826699954124
2025-02-24,SPY,DQN,2.0,0.9782931227130724
2025-02-25,SPY,DQN,2.0,0.9787869626961054
2025-02-26,SPY,DQN,2.0,0.9631636521236075
2025-02-27,SPY,DQN,2.0,0.978194293395276
2025-02-28,SPY,DQN,2.0,0.9777051962485784
2025-03-03,SPY,DQN,2.0,0.9656435830215773
2025-03-04,SPY,DQN,2.0,0.9760219564167929
2025-03-05,SPY,DQN,2.0,0.9586966437000984
2025-03-06,SPY,DQN,2.0,0.9640699244456054
2025-03-07,SPY,DQN,2.0,0.9383914287403878
2025-03-10,SPY,DQN,2.0,0.9305906837753651
2025-03-11,SPY,DQN,2.0,0.9355289559493194
2025-03-12,SPY,DQN,2.0,0.9230577403127052
2025-03-13,SPY,DQN,2.0,0.9421242304341682
2025-03-14,SPY,DQN,2.0,0.9493893723944654
2025-03-17,SPY,DQN,2.0,0.9391279088518528
2025-03-18,SPY,DQN,2.0,0.9493559101966537
2025-03-19,SPY,DQN,2.0,0.9466104511780574
2025-03-20,SPY,DQN,2.0,0.9469227303843438
2025-03-21,SPY,DQN,2.0,0.963880790284061
2025-03-24,SPY,DQN,2.0,0.9661977876828507
2025-03-25,SPY,DQN,2.0,0.9546630979054888
2025-03-26,SPY,DQN,2.0,0.9521277648619711
2025-03-27,SPY,DQN,2.0,0.9329536137562443
2025-03-28,SPY,DQN,2.0,0.9392162407404864
2025-03-31,SPY,DQN,2.0,0.9418690032359521
2025-04-01,SPY,DQN,2.0,0.9478296390809368
2025-04-02,SPY,DQN,2.0,0.9011196324517035
2025-04-03,SPY,DQN,2.0,0.9006690726354777
2025-04-04,SPY,DQN,2.0,0.9006690726354777
2025-04-07,SPY,DQN,2.0,0.8861118349554515
2025-04-08,SPY,DQN,2.0,0.9791707981247125
2025-04-09,SPY,DQN,2.0,0.9362642355574019
2025-04-10,SPY,DQN,2.0,0.9529699008158451
2025-04-11,SPY,DQN,2.0,0.9524934158654372
2025-04-14,SPY,DQN,2.0,0.9524934158654372
2025-04-15,SPY,DQN,2.0,0.9524934158654372
2025-04-16,SPY,DQN,2.0,0.9533762201242277
2025-04-17,SPY,DQN,2.0,0.9306832851776932
2025-04-21,SPY,DQN,2.0,0.95489757928752
2025-04-22,SPY,DQN,2.0,0.9696940638288852
2025-04-23,SPY,DQN,2.0,0.9692092167969708
2025-04-24,SPY,DQN,2.0,0.9757274505063691
2025-04-25,SPY,DQN,2.0,0.9760995784826817
2025-04-28,SPY,DQN,2.0,0.9756115286934404
2025-04-29,SPY,DQN,2.0,0.9756115286934404
2025-04-30,SPY,DQN,2.0,0.9820378620122887
2025-05-01,SPY,DQN,2.0,0.9966153644795949
2025-05-02,SPY,DQN,2.0,0.9909003400687941
2025-05-05,SPY,DQN,2.0,0.9826180714035282
2025-05-06,SPY,DQN,2.0,0.986750498786002
2025-05-07,SPY,DQN,2.0,0.9936259419792813
2025-05-08,SPY,DQN,2.0,0.9931291290082918
2025-05-09,SPY,DQN,2.0,1.0254531506764069
2025-05-12,SPY,DQN,2.0,1.0322250998435245
2025-05-13,SPY,DQN,2.0,1.0317089872936027
2025-05-14,SPY,DQN,2.0,1.0317089872936027
2025-05-15,SPY,DQN,2.0,1.0317089872936027
2025-05-16,SPY,DQN,2.0,1.0317089872936027
2025-05-19,SPY,DQN,2.0,1.0317089872936027
2025-05-20,SPY,DQN,2.0,1.0317089872936027
2025-05-21,SPY,DQN,2.0,1.0317089872936027
2025-05-22,SPY,DQN,2.0,1.024150840712125
2025-05-23,SPY,DQN,2.0,1.0454436379469503
2025-05-27,SPY,DQN,2.0,1.039395383690455
2025-05-28,SPY,DQN,2.0,1.0434982270793398
2025-05-29,SPY,DQN,2.0,1.0423311775845745
2025-05-30,SPY,DQN,2.0,1.0482023275377
2025-06-02,SPY,DQN,2.0,1.0541798714233812
2025-06-03,SPY,DQN,2.0,1.0538968110225686
2025-06-04,SPY,DQN,2.0,1.048803584607175
2025-06-05,SPY,DQN,2.0,1.0595737811029013
2025-06-06,SPY,DQN,2.0,1.0605288089440033
2025-06-09,SPY,DQN,2.0,1.0665415985563131
2025-06-10,SPY,DQN,2.0,1.063499848564751
2025-06-11,SPY,DQN,2.0,1.0677265992907277
2025-06-12,SPY,DQN,2.0,1.0557892438414578
2025-06-13,SPY,DQN,2.0,1.0658341664718385
2025-06-16,SPY,DQN,2.0,1.0567266488192455
2025-06-17,SPY,DQN,2.0,1.0565672768379681
2025-06-18,SPY,DQN,2.0,1.054085955791557
2025-06-20,SPY,DQN,2.0,1.0644976747881876
2025-06-23,SPY,DQN,2.0,1.0762573786401957
2025-06-24,SPY,DQN,2.0,1.076860496508903
2025-06-25,SPY,DQN,2.0,1.085285757596042
2025-06-26,SPY,DQN,2.0,1.0906778064763303
2025-06-27,SPY,DQN,2.0,1.095892532135692
2025-06-30,SPY,DQN,2.0,1.0955377762350604
2025-07-01,SPY,DQN,2.0,1.1005041399263464
2025-07-02,SPY,DQN,2.0,1.1091776535227829
2025-07-03,SPY,DQN,2.0,1.1009122022520346
2025-07-07,SPY,DQN,2.0,1.1003090843833274
2025-07-08,SPY,DQN,2.0,1.106907259542252
2025-07-09,SPY,DQN,2.0,1.1100290239007875
2025-07-10,SPY,DQN,2.0,1.1061268184526178
2025-07-11,SPY,DQN,2.0,1.1082374026167583
2025-07-14,SPY,DQN,2.0,1.1035017780302336
2025-07-15,SPY,DQN,2.0,1.1071909766957346
2025-07-16,SPY,DQN,2.0,1.1139665845343643
2025-07-17,SPY,DQN,2.0,1.1131507882593235
2025-07-18,SPY,DQN,2.0,1.1152614818822422
2025-07-21,SPY,DQN,2.0,1.115421072781076
2025-07-22,SPY,DQN,2.0,1.1249106015701098
2025-07-23,SPY,DQN,2.0,1.1252829803340556
2025-07-24,SPY,DQN,2.0,1.1300364467014512
2025-07-25,SPY,DQN,2.0,1.1297527295479686
2025-07-28,SPY,DQN,2.0,1.1267729332249528
2025-07-29,SPY,DQN,2.0,1.1253540190812046
2025-07-30,SPY,DQN,2.0,1.121132522376589
2025-07-31,SPY,DQN,2.0,1.1027566921260068
2025-08-01,SPY,DQN,2.0,1.1195183337722647
2025-08-04,SPY,DQN,2.0,1.1138424582797155
2025-08-05,SPY,DQN,2.0,1.1132855370505756
2025-08-06,SPY,DQN,2.0,1.1132855370505756
2025-08-07,SPY,DQN,2.0,1.1132855370505756
2025-08-08,SPY,DQN,2.0,1.1105273708472867
2025-08-11,SPY,DQN,2.0,1.1223501316501179
2025-08-12,SPY,DQN,2.0,1.1261919765966575
2025-08-13,SPY,DQN,2.0,1.1262968355024607
2025-08-14,SPY,DQN,2.0,1.123659844170393
2025-08-15,SPY,DQN,2.0,1.1234152093130718
2025-08-18,SPY,DQN,2.0,1.1173205683059846
2025-08-19,SPY,DQN,2.0,1.114351757270969
2025-08-20,SPY,DQN,2.0,1.1098811899642478
2025-08-21,SPY,DQN,2.0,1.1269254500939827
2025-08-22,SPY,DQN,2.0,1.1219657208412788
2025-08-25,SPY,DQN,2.0,1.1266634644824638
2025-08-26,SPY,DQN,2.0,1.1292305139544425
2025-08-27,SPY,DQN,2.0,1.1332295933753573
2025-08-28,SPY,DQN,2.0,1.126471312962374
2025-08-29,SPY,DQN,2.0,1.1181238758947392
2025-09-02,SPY,DQN,2.0,1.1241837076247716
2025-09-03,SPY,DQN,2.0,1.133578871601163
2025-09-04,SPY,DQN,2.0,1.1302958071547162
2025-09-05,SPY,DQN,2.0,1.1330724666696423
2025-09-08,SPY,DQN,2.0,1.1356919994788526
2025-09-09,SPY,DQN,2.0,1.138975171693959
2025-09-10,SPY,DQN,2.0,1.148440277530439
2025-09-11,SPY,DQN,2.0,1.1480558667215999
2025-09-12,SPY,DQN,2.0,1.1541680740202043
2025-09-15,SPY,DQN,2.0,1.1525789173655527
2025-09-16,SPY,DQN,2.0,1.1511471029539362
2025-09-17,SPY,DQN,2.0,1.1565258367552151
2025-09-18,SPY,DQN,2.0,1.1622538487822993
2025-09-19,SPY,DQN,2.0,1.1677526368703868
2025-09-22,SPY,DQN,2.0,1.1613959024831209
2025-09-23,SPY,DQN,2.0,1.1577007306823144
2025-09-24,SPY,DQN,2.0,1.1523597159119
2025-09-25,SPY,DQN,2.0,1.1589617317684446
2025-09-26,SPY,DQN,2.0,1.1622188239679248
2025-09-29,SPY,DQN,2.0,1.1665967102273789
2025-09-30,SPY,DQN,2.0,1.1705718650058596
2025-10-01,SPY,DQN,2.0,1.1719201587062764
2025-10-02,SPY,DQN,2.0,1.1719028079520788
2025-10-03,SPY,DQN,2.0,1.176105570139662
2025-10-06,SPY,DQN,2.0,1.1717451424030654
2025-10-07,SPY,DQN,2.0,1.1787323234490665
2025-10-08,SPY,DQN,2.0,1.175317565700573
2025-10-09,SPY,DQN,2.0,1.1435512445184415
2025-10-10,SPY,DQN,2.0,1.1610980299079512
2025-10-13,SPY,DQN,2.0,1.1596795788101266
2025-10-14,SPY,DQN,2.0,1.1590997390207216
2025-10-15,SPY,DQN,2.0,1.1590997390207216
2025-10-16,SPY,DQN,2.0,1.1590997390207216
2025-10-17,SPY,DQN,2.0,1.1590997390207216
2025-10-20,SPY,DQN,2.0,1.1590997390207216
2025-10-21,SPY,DQN,2.0,1.1590997390207216
2025-10-22,SPY,DQN,2.0,1.1590997390207216
2025-10-23,SPY,DQN,2.0,1.1590997390207216
2025-10-24,SPY,DQN,2.0,1.172194858985852
2025-10-27,SPY,DQN,2.0,1.1753082273088014
2025-10-28,SPY,DQN,2.0,1.1758728108726066
2025-10-29,SPY,DQN,2.0,1.1629404469166753
2025-10-30,SPY,DQN,2.0,1.1667549389642085
2025-10-31,SPY,DQN,2.0,1.168944739954459
2025-11-03,SPY,DQN,2.0,1.1550885981181636
2025-11-04,SPY,DQN,2.0,1.1590914250520752
2025-11-05,SPY,DQN,2.0,1.1466551113949783
2025-11-06,SPY,DQN,2.0,1.1477840679749238
2025-11-07,SPY,DQN,2.0,1.1656944103754006
2025-11-10,SPY,DQN,2.0,1.1683629967559523
2025-11-11,SPY,DQN,2.0,1.1690131679455966
2025-11-12,SPY,DQN,2.0,1.1496145693747832
2025-11-13,SPY,DQN,2.0,1.1494263397622373
2025-11-14,SPY,DQN,2.0,1.1387177802444604
2025-11-17,SPY,DQN,2.0,1.1291553369413299
2025-11-18,SPY,DQN,2.0,1.1335174634656326
2025-11-19,SPY,DQN,2.0,1.1162401326200992
2025-11-20,SPY,DQN,2.0,1.1273592600847044
2025-11-21,SPY,DQN,2.0,1.1439522057450247
2025-11-24,SPY,DQN,2.0,1.1547122441669038
2025-11-25,SPY,DQN,2.0,1.1626837893129904
2025-11-26,SPY,DQN,2.0,1.1690302223064646
2025-11-28,SPY,DQN,2.0,1.163692944271528
2025-12-01,SPY,DQN,2.0,1.1658485312662097
2025-12-02,SPY,DQN,2.0,1.1698855721956904
2025-12-03,SPY,DQN,2.0,1.1707408168110838
2025-12-04,SPY,DQN,2.0,1.1729646212492384
2025-12-05,SPY,DQN,2.0,1.1694407902532933
2025-12-08,SPY,DQN,2.0,1.1684314247470906
2025-12-09,SPY,DQN,2.0,1.1761807368327277
2025-12-10,SPY,DQN,2.0,1.1789176459305852
2025-12-11,SPY,DQN,2.0,1.1662419395783379
2025-12-12,SPY,DQN,2.0,1.1644798661696165
2025-12-15,SPY,DQN,2.0,1.1612981751293616
2025-12-16,SPY,DQN,2.0,1.1485197215165746
2025-12-17,SPY,DQN,2.0,1.1571924956610777
2025-12-18,SPY,DQN,2.0,1.1676807170473902
2025-12-19,SPY,DQN,2.0,1.1749552441483615
2025-12-22,SPY,DQN,2.0,1.1803252623452116
2025-12-23,SPY,DQN,2.0,1.1844772622998043
2025-12-24,SPY,DQN,2.0,1.1843571448568988
2025-12-26,SPY,DQN,2.0,1.180136506363503
2025-12-29,SPY,DQN,2.0,1.1786954128701355
2025-12-30,SPY,DQN,2.0,1.1699625273672634
2025-12-31,SPY,DQN,2.0,1.1721070606095303
2026-01-02,SPY,DQN,2.0,1.179913431112393
2026-01-05,SPY,DQN,2.0,1.1869306689666852
2026-01-06,SPY,DQN,2.0,1.1831047020714072
2026-01-07,SPY,DQN,2.0,1.1829845846285019
2026-01-08,SPY,DQN,2.0,1.1908081147660654
2026-01-09,SPY,DQN,2.0,1.1926781991269524
2026-01-12,SPY,DQN,2.0,1.1902934309988746
2026-01-13,SPY,DQN,2.0,1.1844429430304027
2026-01-14,SPY,DQN,2.0,1.1876684279849858
2026-01-15,SPY,DQN,2.0,1.1866732744461734
2026-01-16,SPY,DQN,2.0,1.1625164039192841
2026-01-20,SPY,DQN,2.0,1.1759331327786404
2026-01-21,SPY,DQN,2.0,1.1753451662122512
2026-01-22,SPY,DQN,2.0,1.1753451662122512
2026-01-23,SPY,DQN,2.0,1.1753451662122512
2026-01-26,SPY,DQN,2.0,1.1753451662122512
2026-01-27,SPY,DQN,2.0,1.1746391780012515
2026-01-28,SPY,DQN,2.0,1.172308250851253
2026-01-29,SPY,DQN,2.0,1.1688117564834297
2026-01-30,SPY,DQN,2.0,1.1746223878634878
2026-02-02,SPY,DQN,2.0,1.1646903995194597
2026-02-03,SPY,DQN,2.0,1.1590488095881188
2026-02-04,SPY,DQN,2.0,1.144573119765392
2026-02-05,SPY,DQN,2.0,1.1665315106751988
2026-02-06,SPY,DQN,2.0,1.1721563104687762
2026-02-09,SPY,DQN,2.0,1.1690651631922666
2026-02-10,SPY,DQN,2.0,1.1687949663456663
2026-02-11,SPY,DQN,2.0,1.1507384168949963
2026-02-12,SPY,DQN,2.0,1.1515491110776235
2026-02-13,SPY,DQN,2.0,1.1534071160139516
2026-02-17,SPY,DQN,2.0,1.159217643751184
2026-02-18,SPY,DQN,2.0,1.156160284035853
2026-02-19,SPY,DQN,2.0,1.1645215653563938
2026-02-20,SPY,DQN,2.0,1.1526302093925027
2026-02-23,SPY,DQN,2.0,1.1610080735651558
2026-02-24,SPY,DQN,2.0,1.1708050153072966
2026-02-25,SPY,DQN,2.0,1.1643018425659095
2026-02-26,SPY,DQN,2.0,1.158710933976336
2026-02-27,SPY,DQN,2.0,1.1593697914193124
2026-03-02,SPY,DQN,2.0,1.1491507124480946
2026-03-03,SPY,DQN,2.0,1.1572582761313215
2026-03-04,SPY,DQN,2.0,1.1508059920173532
2026-03-05,SPY,DQN,2.0,1.1357222297362435
2026-03-06,SPY,DQN,2.0,1.1456711118608607
2026-03-09,SPY,DQN,2.0,1.143829897062296
2026-03-10,SPY,DQN,2.0,1.1423942366406965
2026-03-11,SPY,DQN,2.0,1.1250470186891193
2026-03-12,SPY,DQN,2.0,1.118679099835271
2026-03-13,SPY,DQN,2.0,1.1300637460243135
2026-03-16,SPY,DQN,2.0,1.1330364295510476
2026-03-17,SPY,DQN,2.0,1.1172264419902562
2026-03-18,SPY,DQN,2.0,1.1144732739683552
2026-03-19,SPY,DQN,2.0,1.0984964214581863
2026-03-20,SPY,DQN,2.0,1.1100306242447144
2026-03-23,SPY,DQN,2.0,1.1063044573751395
2026-03-24,SPY,DQN,2.0,1.1124695472190924
2026-03-25,SPY,DQN,2.0,1.0926022539606137
2026-03-26,SPY,DQN,2.0,1.0739713159699131
2026-03-27,SPY,DQN,2.0,1.0703806102735285
2026-03-30,SPY,DQN,2.0,1.1014942901915659
2026-03-31,SPY,DQN,2.0,1.1097934894595125
2026-04-01,SPY,DQN,2.0,1.110792813584914
2026-04-02,SPY,DQN,2.0,1.1160433591348882
2026-04-06,SPY,DQN,2.0,1.116534418843056
2026-04-07,SPY,DQN,2.0,1.1449721446443388
2026-04-08,SPY,DQN,2.0,1.1515775092118665
2026-04-09,SPY,DQN,2.0,1.1508154235144927
2026-04-10,SPY,DQN,2.0,1.1620617065312258
2026-04-13,SPY,DQN,2.0,1.1762212857355667
2026-04-14,SPY,DQN,2.0,1.1855028117055002
2026-04-15,SPY,DQN,2.0,1.1884160042502827
2026-04-16,SPY,DQN,2.0,1.2027788270358217
2026-04-17,SPY,DQN,2.0,1.2003735879797963
2026-04-20,SPY,DQN,2.0,1.1997734011858066
2026-04-21,SPY,DQN,2.0,1.1997734011858066
2026-04-22,SPY,DQN,2.0,1.1945175048144145
2026-04-23,SPY,DQN,2.0,1.2037741903485077
2026-04-24,SPY,DQN,2.0,1.2058480378828131
2026-04-27,SPY,DQN,2.0,1.1999803906551543
2026-04-28,SPY,DQN,2.0,1.1997949824949978
2026-04-29,SPY,DQN,2.0,1.2117325028790342
2026-04-30,SPY,DQN,2.0,1.2150879056483448
2026-05-01,SPY,DQN,2.0,1.210636562157174
2026-05-04,SPY,DQN,2.0,1.220348565560366
2026-05-05,SPY,DQN,2.0,1.237310678037593
2026-05-06,SPY,DQN,2.0,1.2335169815207336
2026-05-07,SPY,DQN,2.0,1.2437010173850922
2026-05-08,SPY,DQN,2.0,1.246533624858068
2026-05-11,SPY,DQN,2.0,1.2446451854839193
2026-05-12,SPY,DQN,2.0,1.2516087734334385
2026-05-13,SPY,DQN,2.0,1.2614893672282252
2026-05-14,SPY,DQN,2.0,1.2463144779842938
2026-05-15,SPY,DQN,2.0,1.2454376841362078
2026-05-18,SPY,DQN,2.0,1.237142087645998
2026-05-19,SPY,DQN,2.0,1.249821550200143
2026-05-20,SPY,DQN,2.0,1.2523000559448736
2026-05-21,SPY,DQN,2.0,1.257223535073705
2026-05-22,SPY,DQN,2.0,1.2655697912225887
2026-05-26,SPY,DQN,2.0,1.2653505411723203
2026-05-27,SPY,DQN,2.0,1.2723309468904014
2026-05-28,SPY,DQN,2.0,1.2755008383230613
2026-05-29,SPY,DQN,2.0,1.278974171825293
2026-06-01,SPY,DQN,2.0,1.280710941752903
2026-06-02,SPY,DQN,2.0,1.2717239595747638
2026-06-03,SPY,DQN,2.0,1.2765294047941802
2026-06-04,SPY,DQN,2.0,1.2435829834756773
2026-06-05,SPY,DQN,2.0,1.2463986700035974
2026-06-08,SPY,DQN,2.0,1.2427399283412093
2026-06-09,SPY,DQN,2.0,1.2231474343197246
2026-06-10,SPY,DQN,2.0,1.2439370852039229
2026-06-11,SPY,DQN,2.0,1.243315116661321
2026-06-12,SPY,DQN,2.0,1.243315116661321
2026-06-15,SPY,DQN,2.0,1.2352813578998276
2026-06-16,SPY,DQN,2.0,1.2198553237956635
2026-06-17,SPY,DQN,2.0,1.2325381503774513
2026-06-18,SPY,DQN,2.0,1.2286593778461792
2026-06-22,SPY,DQN,2.0,1.2108168428665378
2026-06-23,SPY,DQN,2.0,1.2102556085989227
2026-06-24,SPY,DQN,2.0,1.2120051967385157
2026-06-25,SPY,DQN,2.0,1.203240734335312
2026-06-26,SPY,DQN,2.0,1.223063959843688
2026-06-29,SPY,DQN,2.0,1.23258771549317
2026-06-30,SPY,DQN,2.0,1.2309206351376691
2026-07-01,SPY,DQN,2.0,1.2293031198978865
2026-07-02,SPY,DQN,2.0,1.2400317511245855
2026-07-06,SPY,DQN,2.0,1.2341392446540997
2026-07-07,SPY,DQN,2.0,1.2303264582016802
2026-07-08,SPY,DQN,2.0,1.2407414792551452
2026-07-09,SPY,DQN,2.0,1.2460892731632554
2026-07-10,SPY,DQN,2.0,1.236548995808534
2026-07-13,SPY,DQN,2.0,1.240939538233808
2026-07-14,SPY,DQN,2.0,1.2458581707741134
2026-07-15,SPY,DQN,2.0,1.239107341568018
2026-07-16,SPY,DQN,2.0,1.2268437028856285
2026-07-17,SPY,DQN,2.0,1.2248631130989989
2026-07-20,SPY,DQN,2.0,1.235080075173801
2026-07-21,SPY,DQN,2.0,1.233643996465337
2026-07-22,SPY,DQN,2.0,1.2184093723608982
2026-07-23,SPY,DQN,2.0,1.2196472913485943
2026-07-24,SPY,DQN,2.0,1.219911437148215
2026-07-27,SPY,DQN,2.0,1.222832857454546
2026-07-28,SPY,DQN,2.0,1.204016549286829
2026-07-29,SPY,DQN,2.0,1.2242028493420523
2026-07-30,SPY,DQN,2.0,1.2330168768609742
2026-07-31,SPY,DQN,2.0,1.2505787443357554
2026-08-03,SPY,DQN,2.0,1.273125431913905
2026-08-04,SPY,DQN,2.0,1.2732409831084759
2024-11-18,PEP,Comprar y mantener,,0.989331258497439
2024-11-19,PEP,Comprar y mantener,,1.0020829909710702
2024-11-20,PEP,Comprar y mantener,,1.0121833527319954
2024-11-21,PEP,Comprar y mantener,,1.0226625553103452
2024-11-22,PEP,Comprar y mantener,,1.029290724587477
2024-11-25,PEP,Comprar y mantener,,1.0236725914864377
2024-11-26,PEP,Comprar y mantener,,1.0272077181027615
2024-11-27,PEP,Comprar y mantener,,1.0318159180295616
2024-11-29,PEP,Comprar y mantener,,1.029290724587477
2024-12-02,PEP,Comprar y mantener,,1.020768557226928
2024-12-03,PEP,Comprar y mantener,,1.011173316555903
2024-12-04,PEP,Comprar y mantener,,1.0131301457699968
2024-12-05,PEP,Comprar y mantener,,1.0045670866735814
2024-12-06,PEP,Comprar y mantener,,1.015262902149986
2024-12-09,PEP,Comprar y mantener,,1.0176185545410972
2024-12-10,PEP,Comprar y mantener,,0.998073540819064
2024-12-11,PEP,Comprar y mantener,,1.011634043846915
2024-12-12,PEP,Comprar y mantener,,1.005713188298238
2024-12-13,PEP,Comprar y mantener,,0.9932985808913364
2024-12-16,PEP,Comprar y mantener,,0.9940625456392539
2024-12-17,PEP,Comprar y mantener,,0.9831758677281871
2024-12-18,PEP,Comprar y mantener,,0.9643309576048589
2024-12-19,PEP,Comprar y mantener,,0.972734672833804
2024-12-20,PEP,Comprar y mantener,,0.9631851649857633
2024-12-23,PEP,Comprar y mantener,,0.972862189128522
2024-12-24,PEP,Comprar y mantener,,0.9705066397392644
2024-12-26,PEP,Comprar y mantener,,0.9733716362962717
2024-12-27,PEP,Comprar y mantener,,0.9659227482499063
2024-12-30,PEP,Comprar y mantener,,0.9680873322026479
2024-12-31,PEP,Comprar y mantener,,0.956309379252653
2025-01-02,PEP,Comprar y mantener,,0.9527440730932337
2025-01-03,PEP,Comprar y mantener,,0.9312254408549748
2025-01-06,PEP,Comprar y mantener,,0.9256866191811836
2025-01-07,PEP,Comprar y mantener,,0.9329443357873258
2025-01-08,PEP,Comprar y mantener,,0.9081151209735225
2025-01-10,PEP,Comprar y mantener,,0.9199568320708762
2025-01-13,PEP,Comprar y mantener,,0.9228216226241763
2025-01-14,PEP,Comprar y mantener,,0.9217393821487324
2025-01-15,PEP,Comprar y mantener,,0.9329443357873258
2025-01-16,PEP,Comprar y mantener,,0.9438310136983926
2025-01-17,PEP,Comprar y mantener,,0.9457410800709665
2025-01-21,PEP,Comprar y mantener,,0.9428124283684539
2025-01-22,PEP,Comprar y mantener,,0.9461867690913573
2025-01-23,PEP,Comprar y mantener,,0.9493697323703305
2025-01-24,PEP,Comprar y mantener,,0.9843218663509903
2025-01-27,PEP,Comprar y mantener,,0.9565641028365279
2025-01-28,PEP,Comprar y mantener,,0.9573279645825918
2025-01-29,PEP,Comprar y mantener,,0.9670686438708558
2025-01-30,PEP,Comprar y mantener,,0.9593651352424692
2025-01-31,PEP,Comprar y mantener,,0.9566912071238316
2025-02-03,PEP,Comprar y mantener,,0.9135265293544499
2025-02-04,PEP,Comprar y mantener,,0.9273418589680295
2025-02-05,PEP,Comprar y mantener,,0.9253682404518039
2025-02-06,PEP,Comprar y mantener,,0.9204659702330658
2025-02-07,PEP,Comprar y mantener,,0.9190017988845898
2025-02-10,PEP,Comprar y mantener,,0.9272144456751653
2025-02-11,PEP,Comprar y mantener,,0.9167099046408375
2025-02-12,PEP,Comprar y mantener,,0.9204659702330655
2025-02-13,PEP,Comprar y mantener,,0.9128899778993969
2025-02-14,PEP,Comprar y mantener,,0.9174102142432496
2025-02-18,PEP,Comprar y mantener,,0.9282967891524628
2025-02-19,PEP,Comprar y mantener,,0.9492426280830273
2025-02-20,PEP,Comprar y mantener,,0.9772550121795108
2025-02-21,PEP,Comprar y mantener,,0.9794833542796113
2025-02-24,PEP,Comprar y mantener,,0.9958450957171108
2025-02-25,PEP,Comprar y mantener,,0.9645857841905882
2025-02-26,PEP,Comprar y mantener,,0.9678328146224808
2025-02-27,PEP,Comprar y mantener,,0.977064046742995
2025-02-28,PEP,Comprar y mantener,,0.9931076154548213
2025-03-03,PEP,Comprar y mantener,,0.9816480412342066
2025-03-04,PEP,Comprar y mantener,,0.9796743197161275
2025-03-05,PEP,Comprar y mantener,,0.984321866350991
2025-03-06,PEP,Comprar y mantener,,0.9919328793148731
2025-03-07,PEP,Comprar y mantener,,1.003558080516026
2025-03-10,PEP,Comprar y mantener,,0.9783807194371613
2025-03-11,PEP,Comprar y mantener,,0.9516621416233513
2025-03-12,PEP,Comprar y mantener,,0.9527538582693236
2025-03-13,PEP,Comprar y mantener,,0.9543596571664562
2025-03-14,PEP,Comprar y mantener,,0.9720223120145255
2025-03-17,PEP,Comprar y mantener,,0.9569288324000148
2025-03-18,PEP,Comprar y mantener,,0.9512767086872981
2025-03-19,PEP,Comprar y mantener,,0.9451109147308354
2025-03-20,PEP,Comprar y mantener,,0.9341922032433088
2025-03-21,PEP,Comprar y mantener,,0.9406148838225713
2025-03-24,PEP,Comprar y mantener,,0.9347701466436816
2025-03-25,PEP,Comprar y mantener,,0.9546809199477366
2025-03-26,PEP,Comprar y mantener,,0.9612962139931722
2025-03-27,PEP,Comprar y mantener,,0.9587272447633209
2025-03-28,PEP,Comprar y mantener,,0.9630304562017048
2025-03-31,PEP,Comprar y mantener,,0.9612962139931724
2025-04-01,PEP,Comprar y mantener,,0.957763662423188
2025-04-02,PEP,Comprar y mantener,,0.9722149254806993
2025-04-03,PEP,Comprar y mantener,,0.9416425333156246
2025-04-04,PEP,Comprar y mantener,,0.919676564027318
2025-04-07,PEP,Comprar y mantener,,0.9011148059994495
2025-04-08,PEP,Comprar y mantener,,0.9350912034212553
2025-04-09,PEP,Comprar y mantener,,0.9257781878290077
2025-04-10,PEP,Comprar y mantener,,0.9276408733489401
2025-04-11,PEP,Comprar y mantener,,0.9425418424991313
2025-04-14,PEP,Comprar y mantener,,0.9174286515750396
2025-04-15,PEP,Comprar y mantener,,0.8997658937251167
2025-04-16,PEP,Comprar y mantener,,0.9174286515750396
2025-04-17,PEP,Comprar y mantener,,0.9102993782802975
2025-04-21,PEP,Comprar y mantener,,0.9214109092377043
2025-04-22,PEP,Comprar y mantener,,0.9137035895407358
2025-04-23,PEP,Comprar y mantener,,0.8690651612504962
2025-04-24,PEP,Comprar y mantener,,0.8566693516818707
2025-04-25,PEP,Comprar y mantener,,0.8591098776003224
2025-04-28,PEP,Comprar y mantener,,0.8626424806712337
2025-04-29,PEP,Comprar y mantener,,0.8707993004571752
2025-04-30,PEP,Comprar y mantener,,0.8577611713296968
2025-05-01,PEP,Comprar y mantener,,0.8590457074455493
2025-05-02,PEP,Comprar y mantener,,0.847741666023823
2025-05-05,PEP,Comprar y mantener,,0.839713186547428
2025-05-06,PEP,Comprar y mantener,,0.8472920629329966
2025-05-07,PEP,Comprar y mantener,,0.844144789796285
2025-05-08,PEP,Comprar y mantener,,0.8377863308727224
2025-05-09,PEP,Comprar y mantener,,0.845750485691564
2025-05-12,PEP,Comprar y mantener,,0.8369513463467694
2025-05-13,PEP,Comprar y mantener,,0.8250050368671169
2025-05-14,PEP,Comprar y mantener,,0.8445944443880381
2025-05-15,PEP,Comprar y mantener,,0.8476773928671962
2025-05-16,PEP,Comprar y mantener,,0.8464570269061168
2025-05-19,PEP,Comprar y mantener,,0.846521403064597
2025-05-20,PEP,Comprar y mantener,,0.8359236453527896
2025-05-21,PEP,Comprar y mantener,,0.8357309803856899
2025-05-22,PEP,Comprar y mantener,,0.8307211762318263
2025-05-23,PEP,Comprar y mantener,,0.8437595628639385
2025-05-27,PEP,Comprar y mantener,,0.8392635319556745
2025-05-28,PEP,Comprar y mantener,,0.8472920629329965
2025-05-29,PEP,Comprar y mantener,,0.8442732846086116
2025-05-30,PEP,Comprar y mantener,,0.8408051091971073
2025-06-02,PEP,Comprar y mantener,,0.8468424083412432
2025-06-03,PEP,Comprar y mantener,,0.8461359701285438
2025-06-04,PEP,Comprar y mantener,,0.8420896453129598
2025-06-05,PEP,Comprar y mantener,,0.8443167513908174
2025-06-06,PEP,Comprar y mantener,,0.8438622557119465
2025-06-09,PEP,Comprar y mantener,,0.85600457771894
2025-06-10,PEP,Comprar y mantener,,0.8434725996998971
2025-06-11,PEP,Comprar y mantener,,0.8590564196383207
2025-06-12,PEP,Comprar y mantener,,0.84964127770826
2025-06-13,PEP,Comprar y mantener,,0.8532773976420076
2025-06-16,PEP,Comprar y mantener,,0.8395117149218482
2025-06-17,PEP,Comprar y mantener,,0.8380833367174874
2025-06-18,PEP,Comprar y mantener,,0.8380833367174874
2025-06-20,PEP,Comprar y mantener,,0.8382130675520569
2025-06-23,PEP,Comprar y mantener,,0.8509399765789784
2025-06-24,PEP,Comprar y mantener,,0.831265386525156
2025-06-25,PEP,Comprar y mantener,,0.8325640338949474
2025-06-26,PEP,Comprar y mantener,,0.8508748279065962
2025-06-27,PEP,Comprar y mantener,,0.8573681677574069
2025-06-30,PEP,Comprar y mantener,,0.878276411011419
2025-07-01,PEP,Comprar y mantener,,0.8861981805675171
2025-07-02,PEP,Comprar y mantener,,0.8790556200336646
2025-07-03,PEP,Comprar y mantener,,0.8730169303645053
2025-07-07,PEP,Comprar y mantener,,0.8768478783042779
2025-07-08,PEP,Comprar y mantener,,0.8732117068696035
2025-07-09,PEP,Comprar y mantener,,0.8836009888297881
2025-07-10,PEP,Comprar y mantener,,0.8782764110114192
2025-07-11,PEP,Comprar y mantener,,0.880289376235708
2025-07-14,PEP,Comprar y mantener,,0.8688612175804318
2025-07-15,PEP,Comprar y mantener,,0.878860843528567
2025-07-16,PEP,Comprar y mantener,,0.944377644535284
2025-07-17,PEP,Comprar y mantener,,0.9300925234675788
2025-07-18,PEP,Comprar y mantener,,0.9200928975194436
2025-07-21,PEP,Comprar y mantener,,0.9482734836428045
2025-07-22,PEP,Comprar y mantener,,0.9458061772424251
2025-07-23,PEP,Comprar y mantener,,0.9383389548661246
2025-07-24,PEP,Comprar y mantener,,0.9314561650069717
2025-07-25,PEP,Comprar y mantener,,0.9192489003313034
2025-07-28,PEP,Comprar y mantener,,0.9343131274194008
2025-07-29,PEP,Comprar y mantener,,0.9276250110634923
2025-07-30,PEP,Comprar y mantener,,0.895548482830757
2025-07-31,PEP,Comprar y mantener,,0.9043791407427435
2025-08-01,PEP,Comprar y mantener,,0.9061973294619344
2025-08-04,PEP,Comprar y mantener,,0.9054831146092907
2025-08-05,PEP,Comprar y mantener,,0.9142490873572361
2025-08-06,PEP,Comprar y mantener,,0.934507903924499
2025-08-07,PEP,Comprar y mantener,,0.942884220660395
2025-08-08,PEP,Comprar y mantener,,0.9406764789310083
2025-08-11,PEP,Comprar y mantener,,0.9536630556307757
2025-08-12,PEP,Comprar y mantener,,0.9697662624158182
2025-08-13,PEP,Comprar y mantener,,0.9650260141127434
2025-08-14,PEP,Comprar y mantener,,0.9765841611072231
2025-08-15,PEP,Comprar y mantener,,0.9710650127874634
2025-08-18,PEP,Comprar y mantener,,0.988012216760646
2025-08-19,PEP,Comprar y mantener,,0.9787268056651547
2025-08-20,PEP,Comprar y mantener,,0.9673637441813338
2025-08-21,PEP,Comprar y mantener,,0.971649239300904
2025-08-22,PEP,Comprar y mantener,,0.9622989370376646
2025-08-25,PEP,Comprar y mantener,,0.95450715582077
2025-08-26,PEP,Comprar y mantener,,0.9586628686048437
2025-08-27,PEP,Comprar y mantener,,0.95437727048342
2025-08-28,PEP,Comprar y mantener,,0.9652208936196953
2025-08-29,PEP,Comprar y mantener,,0.9758049520849781
2025-09-02,PEP,Comprar y mantener,,0.9651561054538009
2025-09-03,PEP,Comprar y mantener,,0.9537928379662727
2025-09-04,PEP,Comprar y mantener,,0.9598448148745423
2025-09-05,PEP,Comprar y mantener,,0.9291591206705424
2025-09-08,PEP,Comprar y mantener,,0.9382731366816959
2025-09-09,PEP,Comprar y mantener,,0.9353880547632429
2025-09-10,PEP,Comprar y mantener,,0.9456821630107303
2025-09-11,PEP,Comprar y mantener,,0.9410925034175724
2025-09-12,PEP,Comprar y mantener,,0.9221433554184327
2025-09-15,PEP,Comprar y mantener,,0.9181437934443687
2025-09-16,PEP,Comprar y mantener,,0.9260118990347577
2025-09-17,PEP,Comprar y mantener,,0.9227335560393801
2025-09-18,PEP,Comprar y mantener,,0.9294869755704511
2025-09-19,PEP,Comprar y mantener,,0.9247005824369775
2025-09-22,PEP,Comprar y mantener,,0.9304048250876
2025-09-23,PEP,Comprar y mantener,,0.932175220946735
2025-09-24,PEP,Comprar y mantener,,0.9174224714638287
2025-09-25,PEP,Comprar y mantener,,0.9208320388206526
2025-09-26,PEP,Comprar y mantener,,0.9190617459633711
2025-09-29,PEP,Comprar y mantener,,0.9208320388206526
2025-09-30,PEP,Comprar y mantener,,0.938535276399028
2025-10-01,PEP,Comprar y mantener,,0.9330931734657374
2025-10-02,PEP,Comprar y mantener,,0.9309295165296779
2025-10-03,PEP,Comprar y mantener,,0.915980033506456
2025-10-06,PEP,Comprar y mantener,,0.9231269201181584
2025-10-07,PEP,Comprar y mantener,,0.9103413000347031
2025-10-08,PEP,Comprar y mantener,,0.9488294876483693
2025-10-09,PEP,Comprar y mantener,,0.9840393322666576
2025-10-10,PEP,Comprar y mantener,,0.9762367358551381
2025-10-13,PEP,Comprar y mantener,,0.993612118533605
2025-10-14,PEP,Comprar y mantener,,0.9911206066976371
2025-10-15,PEP,Comprar y mantener,,1.001021247864493
2025-10-16,PEP,Comprar y mantener,,1.0078403825781408
2025-10-17,PEP,Comprar y mantener,,1.0073814063186397
2025-10-20,PEP,Comprar y mantener,,1.0043652030405938
2025-10-21,PEP,Comprar y mantener,,1.0033816383408685
2025-10-22,PEP,Comprar y mantener,,0.9934153849932896
2025-10-23,PEP,Comprar y mantener,,0.9936777307143285
2025-10-24,PEP,Comprar y mantener,,1.000759005145308
2025-10-27,PEP,Comprar y mantener,,0.9843013689821362
2025-10-28,PEP,Comprar y mantener,,0.9583367647364474
2025-10-29,PEP,Comprar y mantener,,0.9674506777457472
2025-10-30,PEP,Comprar y mantener,,0.9578777884769463
2025-10-31,PEP,Comprar y mantener,,0.9415513766752207
2025-11-03,PEP,Comprar y mantener,,0.9369617170820628
2025-11-04,PEP,Comprar y mantener,,0.9366993713610239
2025-11-05,PEP,Comprar y mantener,,0.9283066773304107
2025-11-06,PEP,Comprar y mantener,,0.9372894689801179
2025-11-07,PEP,Comprar y mantener,,0.9351257090422048
2025-11-10,PEP,Comprar y mantener,,0.951255490305468
2025-11-11,PEP,Comprar y mantener,,0.9467312368893261
2025-11-12,PEP,Comprar y mantener,,0.9508621262266901
2025-11-13,PEP,Comprar y mantener,,0.9563042291599807
2025-11-14,PEP,Comprar y mantener,,0.9692865827837519
2025-11-17,PEP,Comprar y mantener,,0.9754499046957291
2025-11-18,PEP,Comprar y mantener,,0.9645655958272943
2025-11-19,PEP,Comprar y mantener,,0.9579434006576697
2025-11-20,PEP,Comprar y mantener,,0.9594513477939122
2025-11-21,PEP,Comprar y mantener,,0.9540092448606216
2025-11-24,PEP,Comprar y mantener,,0.9580089098365392
2025-11-25,PEP,Comprar y mantener,,0.970270044481624
2025-11-26,PEP,Comprar y mantener,,0.9752531711554135
2025-11-28,PEP,Comprar y mantener,,0.9803019100099263
2025-12-01,PEP,Comprar y mantener,,0.9744008308171346
2025-12-02,PEP,Comprar y mantener,,0.970794529919995
2025-12-03,PEP,Comprar y mantener,,0.9632543822313682
2025-12-04,PEP,Comprar y mantener,,0.9601623695890961
2025-12-05,PEP,Comprar y mantener,,0.9642011752693698
2025-12-08,PEP,Comprar y mantener,,0.9576463433119788
2025-12-09,PEP,Comprar y mantener,,0.9911482111943948
2025-12-10,PEP,Comprar y mantener,,0.9867783575567521
2025-12-11,PEP,Comprar y mantener,,0.9974380193825542
2025-12-12,PEP,Comprar y mantener,,1.0012120072973032
2025-12-15,PEP,Comprar y mantener,,0.9955841920220285
2025-12-16,PEP,Comprar y mantener,,0.9936641344696585
2025-12-17,PEP,Comprar y mantener,,0.9889632328746468
2025-12-18,PEP,Comprar y mantener,,0.9809520577096512
2025-12-19,PEP,Comprar y mantener,,0.9736027724556867
2025-12-22,PEP,Comprar y mantener,,0.951290407933829
2025-12-23,PEP,Comprar y mantener,,0.9516876860830427
2025-12-24,PEP,Comprar y mantener,,0.9519524008467137
2025-12-26,PEP,Comprar y mantener,,0.9549980626548801
2025-12-29,PEP,Comprar y mantener,,0.954468427123831
2025-12-30,PEP,Comprar y mantener,,0.9502311368717309
2025-12-31,PEP,Comprar y mantener,,0.9416900171701253
2026-01-02,PEP,Comprar y mantener,,0.9263957869430095
2026-01-05,PEP,Comprar y mantener,,0.9200397485630059
2026-01-06,PEP,Comprar y mantener,,0.9071289812274648
2026-01-07,PEP,Comprar y mantener,,0.9227542594119497
2026-01-08,PEP,Comprar y mantener,,0.9263296597530186
2026-01-09,PEP,Comprar y mantener,,0.9359299475148688
2026-01-12,PEP,Comprar y mantener,,0.9499662161043527
2026-01-13,PEP,Comprar y mantener,,0.9661211298198866
2026-01-14,PEP,Comprar y mantener,,0.9704248562675385
2026-01-15,PEP,Comprar y mantener,,0.9687696164806932
2026-01-16,PEP,Comprar y mantener,,0.9776415781359606
2026-01-20,PEP,Comprar y mantener,,0.9715503575214814
2026-01-21,PEP,Comprar y mantener,,0.9560573337169785
2026-01-22,PEP,Comprar y mantener,,0.9572491681646195
2026-01-23,PEP,Comprar y mantener,,0.9657900818625178
2026-01-26,PEP,Comprar y mantener,,0.9850569905799162
2026-01-27,PEP,Comprar y mantener,,0.9832031632193908
2026-01-28,PEP,Comprar y mantener,,0.9844611248570228
2026-01-29,PEP,Comprar y mantener,,1.017168333439158
2026-01-30,PEP,Comprar y mantener,,1.0275630744975819
2026-02-02,PEP,Comprar y mantener,,1.078212999967639
2026-02-03,PEP,Comprar y mantener,,1.1002604437221188
2026-02-04,PEP,Comprar y mantener,,1.1091987385710844
2026-02-05,PEP,Comprar y mantener,,1.1287965922439984
2026-02-06,PEP,Comprar y mantener,,1.1021806042763425
2026-02-09,PEP,Comprar y mantener,,1.1054910838500334
2026-02-10,PEP,Comprar y mantener,,1.119924630588731
2026-02-11,PEP,Comprar y mantener,,1.1070138632531898
2026-02-12,PEP,Comprar y mantener,,1.0986715371289715
2026-02-13,PEP,Comprar y mantener,,1.0720555491613157
2026-02-17,PEP,Comprar y mantener,,1.0884090504505297
2026-02-18,PEP,Comprar y mantener,,1.0897333452818596
2026-02-19,PEP,Comprar y mantener,,1.0920506809834432
2026-02-20,PEP,Comprar y mantener,,1.1144292756971454
2026-02-23,PEP,Comprar y mantener,,1.1225066810539857
2026-02-24,PEP,Comprar y mantener,,1.1200569879705664
2026-02-25,PEP,Comprar y mantener,,1.1095297865284535
2026-02-26,PEP,Comprar y mantener,,1.1238309758853156
2026-02-27,PEP,Comprar y mantener,,1.107543498784239
2026-03-02,PEP,Comprar y mantener,,1.091852093409763
2026-03-03,PEP,Comprar y mantener,,1.0852972614523722
2026-03-04,PEP,Comprar y mantener,,1.063977937800768
2026-03-05,PEP,Comprar y mantener,,1.0650000251937282
2026-03-06,PEP,Comprar y mantener,,1.0790281566367803
2026-03-09,PEP,Comprar y mantener,,1.0740181464792096
2026-03-10,PEP,Comprar y mantener,,1.0698096967461086
2026-03-11,PEP,Comprar y mantener,,1.0611924586747161
2026-03-12,PEP,Comprar y mantener,,1.0680061342901246
2026-03-13,PEP,Comprar y mantener,,1.0535772226348377
2026-03-16,PEP,Comprar y mantener,,1.0454275099767925
2026-03-17,PEP,Comprar y mantener,,1.025654553152812
2026-03-18,PEP,Comprar y mantener,,1.0203106109859723
2026-03-19,PEP,Comprar y mantener,,1.00227436841501
2026-03-20,PEP,Comprar y mantener,,1.0078857033937136
2026-03-23,PEP,Comprar y mantener,,1.0059484445317977
2026-03-24,PEP,Comprar y mantener,,1.0135636805716761
2026-03-25,PEP,Comprar y mantener,,1.0075516683825911
2026-03-26,PEP,Comprar y mantener,,1.022314512047147
2026-03-27,PEP,Comprar y mantener,,1.0475652104457527
2026-03-30,PEP,Comprar y mantener,,1.0373446455217132
2026-03-31,PEP,Comprar y mantener,,1.0330693475856465
2026-04-01,PEP,Comprar y mantener,,1.0488342962835704
2026-04-02,PEP,Comprar y mantener,,1.0469638856246204
2026-04-06,PEP,Comprar y mantener,,1.0234502104845935
2026-04-07,PEP,Comprar y mantener,,1.0340714526190145
2026-04-08,PEP,Comprar y mantener,,1.0520408469870108
2026-04-09,PEP,Comprar y mantener,,1.0491683312946931
2026-04-10,PEP,Comprar y mantener,,1.041285908446658
2026-04-13,PEP,Comprar y mantener,,1.0402170582121777
2026-04-14,PEP,Comprar y mantener,,1.034405487630137
2026-04-15,PEP,Comprar y mantener,,1.0579860109731298
2026-04-16,PEP,Comprar y mantener,,1.0532431876237156
2026-04-17,PEP,Comprar y mantener,,1.0487008058813456
2026-04-20,PEP,Comprar y mantener,,1.0348730130434842
2026-04-21,PEP,Comprar y mantener,,1.0273245222047183
2026-04-22,PEP,Comprar y mantener,,1.0400834648080994
2026-04-23,PEP,Comprar y mantener,,1.0383466475532277
2026-04-24,PEP,Comprar y mantener,,1.029395477472566
2026-04-27,PEP,Comprar y mantener,,1.0440246247311902
2026-04-28,PEP,Comprar y mantener,,1.0373446455217135
2026-04-29,PEP,Comprar y mantener,,1.0587208261964873
2026-04-30,PEP,Comprar y mantener,,1.0515063703688439
2026-05-01,PEP,Comprar y mantener,,1.0326685673734117
2026-05-04,PEP,Comprar y mantener,,1.0356745734679542
2026-05-05,PEP,Comprar y mantener,,1.0418202820629712
2026-05-06,PEP,Comprar y mantener,,1.0440246247311902
2026-05-07,PEP,Comprar y mantener,,1.032869008980456
2026-05-08,PEP,Comprar y mantener,,0.998066021683763
2026-05-11,PEP,Comprar y mantener,,1.014365343998
2026-05-12,PEP,Comprar y mantener,,0.9971307648533612
2026-05-13,PEP,Comprar y mantener,,0.9931227567273045
2026-05-14,PEP,Comprar y mantener,,0.9961287628218471
2026-05-15,PEP,Comprar y mantener,,0.9957279826096122
2026-05-18,PEP,Comprar y mantener,,1.004478814085083
2026-05-19,PEP,Comprar y mantener,,0.9972643582574396
2026-05-20,PEP,Comprar y mantener,,0.994325200365863
2026-05-21,PEP,Comprar y mantener,,1.0058148511277198
2026-05-22,PEP,Comprar y mantener,,0.97314935829628
2026-05-26,PEP,Comprar y mantener,,0.9869103029311753
2026-05-27,PEP,Comprar y mantener,,0.9772242146253025
2026-05-28,PEP,Comprar y mantener,,0.9631961861841042
2026-05-29,PEP,Comprar y mantener,,0.9453603852201862
2026-06-01,PEP,Comprar y mantener,,0.948566832921773
2026-06-02,PEP,Comprar y mantener,,0.9521739578337411
2026-06-03,PEP,Comprar y mantener,,0.9495688349532873
2026-06-04,PEP,Comprar y mantener,,0.9580067467976171
2026-06-05,PEP,Comprar y mantener,,0.9496363011673746
2026-06-08,PEP,Comprar y mantener,,0.9638120342665903
2026-06-09,PEP,Comprar y mantener,,0.9742075993398428
2026-06-10,PEP,Comprar y mantener,,0.9702248266679104
2026-06-11,PEP,Comprar y mantener,,0.9738700622656989
2026-06-12,PEP,Comprar y mantener,,0.9872356857865986
2026-06-15,PEP,Comprar y mantener,,0.9863581099941952
2026-06-16,PEP,Comprar y mantener,,0.955779125710492
2026-06-17,PEP,Comprar y mantener,,0.9586818209459053
2026-06-18,PEP,Comprar y mantener,,0.9498389058133441
2026-06-22,PEP,Comprar y mantener,,0.9588843225900208
2026-06-23,PEP,Comprar y mantener,,0.9603694033147712
2026-06-24,PEP,Comprar y mantener,,0.9418059972572455
2026-06-25,PEP,Comprar y mantener,,0.9544290804157698
2026-06-26,PEP,Comprar y mantener,,0.9361356422164471
2026-06-29,PEP,Comprar y mantener,,0.9139945697770737
2026-06-30,PEP,Comprar y mantener,,0.9528765334769322
2026-07-01,PEP,Comprar y mantener,,0.9735325251915552
2026-07-02,PEP,Comprar y mantener,,0.96725466521841
2026-07-06,PEP,Comprar y mantener,,0.9786627385122406
2026-07-07,PEP,Comprar y mantener,,0.9619894164676964
2026-07-08,PEP,Comprar y mantener,,0.9306004256075306
2026-07-09,PEP,Comprar y mantener,,0.9273602962998271
2026-07-10,PEP,Comprar y mantener,,0.9348531661376661
2026-07-13,PEP,Comprar y mantener,,0.9143321068512179
2026-07-14,PEP,Comprar y mantener,,0.913994569777074
2026-07-15,PEP,Comprar y mantener,,0.9411983893230453
2026-07-16,PEP,Comprar y mantener,,0.9256051447150204
2026-07-17,PEP,Comprar y mantener,,0.914399676067159
2026-07-20,PEP,Comprar y mantener,,0.9112944791876301
2026-07-21,PEP,Comprar y mantener,,0.9156821521459403
2026-07-22,PEP,Comprar y mantener,,0.9109569421134863
2026-07-23,PEP,Comprar y mantener,,0.922365015407317
2026-07-24,PEP,Comprar y mantener,,0.943628512054287
2026-07-27,PEP,Comprar y mantener,,0.9643520729848509
2026-07-28,PEP,Comprar y mantener,,0.9686722797290738
2026-07-29,PEP,Comprar y mantener,,0.9463961718596723
2026-07-30,PEP,Comprar y mantener,,0.9420759651154494
2026-07-31,PEP,Comprar y mantener,,0.9425485376196217
2026-08-03,PEP,Comprar y mantener,,0.938970871237774
2026-08-04,PEP,Comprar y mantener,,0.9388020511997753
2024-11-18,PEP,DQN,0.0,0.989331258497439
2024-11-19,PEP,DQN,0.0,1.0020829909710702
2024-11-20,PEP,DQN,0.0,1.0121833527319954
2024-11-21,PEP,DQN,0.0,1.0226625553103452
2024-11-22,PEP,DQN,0.0,1.029290724587477
2024-11-25,PEP,DQN,0.0,1.0236725914864377
2024-11-26,PEP,DQN,0.0,1.0272077181027615
2024-11-27,PEP,DQN,0.0,1.0318159180295616
2024-11-29,PEP,DQN,0.0,1.029290724587477
2024-12-02,PEP,DQN,0.0,1.020768557226928
2024-12-03,PEP,DQN,0.0,1.011173316555903
2024-12-04,PEP,DQN,0.0,1.0131301457699968
2024-12-05,PEP,DQN,0.0,1.0045670866735814
2024-12-06,PEP,DQN,0.0,1.015262902149986
2024-12-09,PEP,DQN,0.0,1.0176185545410972
2024-12-10,PEP,DQN,0.0,0.998073540819064
2024-12-11,PEP,DQN,0.0,1.011634043846915
2024-12-12,PEP,DQN,0.0,1.005713188298238
2024-12-13,PEP,DQN,0.0,0.9932985808913364
2024-12-16,PEP,DQN,0.0,0.9940625456392539
2024-12-17,PEP,DQN,0.0,0.9831758677281871
2024-12-18,PEP,DQN,0.0,0.9643309576048589
2024-12-19,PEP,DQN,0.0,0.972734672833804
2024-12-20,PEP,DQN,0.0,0.9631851649857633
2024-12-23,PEP,DQN,0.0,0.972862189128522
2024-12-24,PEP,DQN,0.0,0.9705066397392644
2024-12-26,PEP,DQN,0.0,0.9733716362962717
2024-12-27,PEP,DQN,0.0,0.9659227482499063
2024-12-30,PEP,DQN,0.0,0.9680873322026479
2024-12-31,PEP,DQN,0.0,0.956309379252653
2025-01-02,PEP,DQN,0.0,0.9527440730932337
2025-01-03,PEP,DQN,0.0,0.9312254408549748
2025-01-06,PEP,DQN,0.0,0.9256866191811836
2025-01-07,PEP,DQN,0.0,0.9329443357873258
2025-01-08,PEP,DQN,0.0,0.9081151209735225
2025-01-10,PEP,DQN,0.0,0.9199568320708762
2025-01-13,PEP,DQN,0.0,0.9228216226241763
2025-01-14,PEP,DQN,0.0,0.9217393821487324
2025-01-15,PEP,DQN,0.0,0.9329443357873258
2025-01-16,PEP,DQN,0.0,0.9438310136983926
2025-01-17,PEP,DQN,0.0,0.9457410800709665
2025-01-21,PEP,DQN,0.0,0.9428124283684539
2025-01-22,PEP,DQN,0.0,0.9461867690913573
2025-01-23,PEP,DQN,0.0,0.9493697323703305
2025-01-24,PEP,DQN,0.0,0.9843218663509903
2025-01-27,PEP,DQN,0.0,0.9565641028365279
2025-01-28,PEP,DQN,0.0,0.9573279645825918
2025-01-29,PEP,DQN,0.0,0.9670686438708558
2025-01-30,PEP,DQN,0.0,0.9593651352424692
2025-01-31,PEP,DQN,0.0,0.9566912071238316
2025-02-03,PEP,DQN,0.0,0.9135265293544499
2025-02-04,PEP,DQN,0.0,0.9273418589680295
2025-02-05,PEP,DQN,0.0,0.9253682404518039
2025-02-06,PEP,DQN,0.0,0.9204659702330658
2025-02-07,PEP,DQN,0.0,0.9190017988845898
2025-02-10,PEP,DQN,0.0,0.9272144456751653
2025-02-11,PEP,DQN,0.0,0.9167099046408375
2025-02-12,PEP,DQN,0.0,0.9204659702330655
2025-02-13,PEP,DQN,0.0,0.9128899778993969
2025-02-14,PEP,DQN,0.0,0.9174102142432496
2025-02-18,PEP,DQN,0.0,0.9282967891524628
2025-02-19,PEP,DQN,0.0,0.9492426280830273
2025-02-20,PEP,DQN,0.0,0.9772550121795108
2025-02-21,PEP,DQN,0.0,0.9767663846734211
2025-02-24,PEP,DQN,0.0,0.9767663846734211
2025-02-25,PEP,DQN,0.0,0.9767663846734211
2025-02-26,PEP,DQN,0.0,0.9795660347777246
2025-02-27,PEP,DQN,0.0,0.9889091788701597
2025-02-28,PEP,DQN,0.0,1.0051472467980982
2025-03-03,PEP,DQN,0.0,0.9935487459930731
2025-03-04,PEP,DQN,0.0,0.9930519716200766
2025-03-05,PEP,DQN,0.0,0.9930519716200766
2025-03-06,PEP,DQN,0.0,0.9930519716200766
2025-03-07,PEP,DQN,0.0,0.9930519716200766
2025-03-10,PEP,DQN,0.0,0.9930519716200766
2025-03-11,PEP,DQN,0.0,0.9930519716200766
2025-03-12,PEP,DQN,0.0,0.9930519716200766
2025-03-13,PEP,DQN,0.0,0.9930519716200766
2025-03-14,PEP,DQN,0.0,0.9930519716200766
2025-03-17,PEP,DQN,0.0,0.9930519716200766
2025-03-18,PEP,DQN,0.0,0.9930519716200766
2025-03-19,PEP,DQN,0.0,0.9930519716200766
2025-03-20,PEP,DQN,0.0,0.9930519716200766
2025-03-21,PEP,DQN,0.0,0.9993827940002447
2025-03-24,PEP,DQN,0.0,0.9931728882540183
2025-03-25,PEP,DQN,0.0,1.0143276505244667
2025-03-26,PEP,DQN,0.0,1.0213562561312515
2025-03-27,PEP,DQN,0.0,1.0186267823680937
2025-03-28,PEP,DQN,0.0,1.0231988506443142
2025-03-31,PEP,DQN,0.0,1.0213562561312517
2025-04-01,PEP,DQN,0.0,1.0176029971528122
2025-04-02,PEP,DQN,0.0,1.0329571488887022
2025-04-03,PEP,DQN,0.0,1.000474649167842
2025-04-04,PEP,DQN,0.0,0.9771362859994229
2025-04-07,PEP,DQN,0.0,0.9574148230303691
2025-04-08,PEP,DQN,0.0,0.9935140040761498
2025-04-09,PEP,DQN,0.0,0.9930172470741118
2025-04-10,PEP,DQN,0.0,0.9945187103962149
2025-04-11,PEP,DQN,0.0,1.0104939579824945
2025-04-14,PEP,DQN,0.0,0.9835702432462133
2025-04-15,PEP,DQN,0.0,0.9830784581245903
2025-04-16,PEP,DQN,0.0,0.9830784581245903
2025-04-17,PEP,DQN,0.0,0.9830784581245903
2025-04-21,PEP,DQN,0.0,0.9830784581245903
2025-04-22,PEP,DQN,0.0,0.9830784581245903
2025-04-23,PEP,DQN,0.0,0.9345592239635956
2025-04-24,PEP,DQN,0.0,0.9212292474700196
2025-04-25,PEP,DQN,0.0,0.9238536951065228
2025-04-28,PEP,DQN,0.0,0.9276525204785718
2025-04-29,PEP,DQN,0.0,0.9364240505191865
2025-04-30,PEP,DQN,0.0,0.9224033482949936
2025-05-01,PEP,DQN,0.0,0.9237846889919984
2025-05-02,PEP,DQN,0.0,0.9233227966475025
2025-05-05,PEP,DQN,0.0,0.9233227966475025
2025-05-06,PEP,DQN,0.0,0.9233227966475025
2025-05-07,PEP,DQN,0.0,0.9233227966475025
2025-05-08,PEP,DQN,0.0,0.9233227966475025
2025-05-09,PEP,DQN,0.0,0.9233227966475025
2025-05-12,PEP,DQN,0.0,0.9233227966475025
2025-05-13,PEP,DQN,0.0,0.9233227966475025
2025-05-14,PEP,DQN,0.0,0.9447850578055422
2025-05-15,PEP,DQN,0.0,0.9482337232288667
2025-05-16,PEP,DQN,0.0,0.9468685904923878
2025-05-19,PEP,DQN,0.0,0.9469406033182064
2025-05-20,PEP,DQN,0.0,0.9350856791011595
2025-05-21,PEP,DQN,0.0,0.9348701591160496
2025-05-22,PEP,DQN,0.0,0.9292660634005824
2025-05-23,PEP,DQN,0.0,0.9438511378700655
2025-05-27,PEP,DQN,0.0,0.9388217621148917
2025-05-28,PEP,DQN,0.0,0.9478026832586469
2025-05-29,PEP,DQN,0.0,0.9444258002200986
2025-05-30,PEP,DQN,0.0,0.9405462100470753
2025-06-02,PEP,DQN,0.0,0.9472996880728688
2025-06-03,PEP,DQN,0.0,0.9465094481274653
2025-06-04,PEP,DQN,0.0,0.9419831251683302
2025-06-05,PEP,DQN,0.0,0.9444744232800912
2025-06-06,PEP,DQN,0.0,0.9439660127298116
2025-06-09,PEP,DQN,0.0,0.9575487262741601
2025-06-10,PEP,DQN,0.0,0.9435301334976967
2025-06-11,PEP,DQN,0.0,0.9609625951000491
2025-06-12,PEP,DQN,0.0,0.9504305752984212
2025-06-13,PEP,DQN,0.0,0.95449803253144
2025-06-16,PEP,DQN,0.0,0.9390993859609882
2025-06-17,PEP,DQN,0.0,0.9375015653817242
2025-06-18,PEP,DQN,0.0,0.9375015653817242
2025-06-20,PEP,DQN,0.0,0.937646685628314
2025-06-23,PEP,DQN,0.0,0.9518833332413563
2025-06-24,PEP,DQN,0.0,0.9298748310249236
2025-06-25,PEP,DQN,0.0,0.9313275313575978
2025-06-26,PEP,DQN,0.0,0.9518104562616276
2025-06-27,PEP,DQN,0.0,0.9590740731455207
2025-06-30,PEP,DQN,0.0,0.9824625715456813
2025-07-01,PEP,DQN,0.0,0.9913240666190988
2025-07-02,PEP,DQN,0.0,0.9833342147893902
2025-07-03,PEP,DQN,0.0,0.976579181286559
2025-07-07,PEP,DQN,0.0,0.9808645781356354
2025-07-08,PEP,DQN,0.0,0.9767970632923559
2025-07-09,PEP,DQN,0.0,0.9884187811742716
2025-07-10,PEP,DQN,0.0,0.9824625715456814
2025-07-11,PEP,DQN,0.0,0.9847143261936394
2025-07-14,PEP,DQN,0.0,0.9719304941337928
2025-07-15,PEP,DQN,0.0,0.9831163327835936
2025-07-16,PEP,DQN,0.0,1.0564051106552208
2025-07-17,PEP,DQN,0.0,1.0404254069958034
2025-07-18,PEP,DQN,0.0,1.0399051942923057
2025-07-21,PEP,DQN,0.0,1.0399051942923057
2025-07-22,PEP,DQN,0.0,1.0399051942923057
2025-07-23,PEP,DQN,0.0,1.0399051942923057
2025-07-24,PEP,DQN,0.0,1.0399051942923057
2025-07-25,PEP,DQN,0.0,1.0399051942923057
2025-07-28,PEP,DQN,0.0,1.0399051942923057
2025-07-29,PEP,DQN,0.0,1.0399051942923057
2025-07-30,PEP,DQN,0.0,1.0399051942923057
2025-07-31,PEP,DQN,0.0,1.0399051942923057
2025-08-01,PEP,DQN,0.0,1.0414758957230015
2025-08-04,PEP,DQN,0.0,1.0406550617509598
2025-08-05,PEP,DQN,0.0,1.0507296327331659
2025-08-06,PEP,DQN,0.0,1.0740127173822962
2025-08-07,PEP,DQN,0.0,1.083639463888553
2025-08-08,PEP,DQN,0.0,1.0811021469925703
2025-08-11,PEP,DQN,0.0,1.0805615959190742
2025-08-12,PEP,DQN,0.0,1.0805615959190742
2025-08-13,PEP,DQN,0.0,1.0805615959190742
2025-08-14,PEP,DQN,0.0,1.0805615959190742
2025-08-15,PEP,DQN,0.0,1.0805615959190742
2025-08-18,PEP,DQN,0.0,1.0805615959190742
2025-08-19,PEP,DQN,0.0,1.0805615959190742
2025-08-20,PEP,DQN,0.0,1.0805615959190742
2025-08-21,PEP,DQN,0.0,1.0805615959190742
2025-08-22,PEP,DQN,0.0,1.0805615959190742
2025-08-25,PEP,DQN,0.0,1.0805615959190742
2025-08-26,PEP,DQN,0.0,1.0805615959190742
2025-08-27,PEP,DQN,0.0,1.075190781992933
2025-08-28,PEP,DQN,0.0,1.0874070868024794
2025-08-29,PEP,DQN,0.0,1.0993309689504502
2025-09-02,PEP,DQN,0.0,1.098781303465975
2025-09-03,PEP,DQN,0.0,1.0852954087699473
2025-09-04,PEP,DQN,0.0,1.0921817917360135
2025-09-05,PEP,DQN,0.0,1.0572653594575638
2025-09-08,PEP,DQN,0.0,1.0676359549775003
2025-09-09,PEP,DQN,0.0,1.064353097279912
2025-09-10,PEP,DQN,0.0,1.0760664882529463
2025-09-11,PEP,DQN,0.0,1.0708440371231054
2025-09-12,PEP,DQN,0.0,1.0492823074634245
2025-09-15,PEP,DQN,0.0,1.0447313126616624
2025-09-16,PEP,DQN,0.0,1.0536842199734577
2025-09-17,PEP,DQN,0.0,1.049953880994563
2025-09-18,PEP,DQN,0.0,1.0576384167960655
2025-09-19,PEP,DQN,0.0,1.0521921078225118
2025-09-22,PEP,DQN,0.0,1.0586828132595862
2025-09-23,PEP,DQN,0.0,1.0606972994468817
2025-09-24,PEP,DQN,0.0,1.0439105396357355
2025-09-25,PEP,DQN,0.0,1.0477901953124786
2025-09-26,PEP,DQN,0.0,1.0457758263282426
2025-09-29,PEP,DQN,0.0,1.0477901953124789
2025-09-30,PEP,DQN,0.0,1.0679342367640188
2025-10-01,PEP,DQN,0.0,1.0617418131134622
2025-10-02,PEP,DQN,0.0,1.05927984564486
2025-10-03,PEP,DQN,0.0,1.0422692279900012
2025-10-06,PEP,DQN,0.0,1.0504014794789294
2025-10-07,PEP,DQN,0.0,1.0358530636987917
2025-10-08,PEP,DQN,0.0,1.079647744940113
2025-10-09,PEP,DQN,0.0,1.1197120872025392
2025-10-10,PEP,DQN,0.0,1.1108337210366084
2025-10-13,PEP,DQN,0.0,1.1306047051496466
2025-10-14,PEP,DQN,0.0,1.1277696803425432
2025-10-15,PEP,DQN,0.0,1.127205795502372
2025-10-16,PEP,DQN,0.0,1.1343209188913337
2025-10-17,PEP,DQN,0.0,1.1338043426740811
2025-10-20,PEP,DQN,0.0,1.1304096161548243
2025-10-21,PEP,DQN,0.0,1.1293026174343248
2025-10-22,PEP,DQN,0.0,1.1180856332267557
2025-10-23,PEP,DQN,0.0,1.1183809024424969
2025-10-24,PEP,DQN,0.0,1.1263508527027977
2025-10-27,PEP,DQN,0.0,1.107827839239462
2025-10-28,PEP,DQN,0.0,1.0786047655705162
2025-10-29,PEP,DQN,0.0,1.078065463187731
2025-10-30,PEP,DQN,0.0,1.0668590119085977
2025-10-31,PEP,DQN,0.0,1.0486750851359592
2025-11-03,PEP,DQN,0.0,1.043563243356708
2025-11-04,PEP,DQN,0.0,1.043271049613317
2025-11-05,PEP,DQN,0.0,1.033923488401998
2025-11-06,PEP,DQN,0.0,1.043928284774639
2025-11-07,PEP,DQN,0.0,1.0415183460359614
2025-11-10,PEP,DQN,0.0,1.0594832709019908
2025-11-11,PEP,DQN,0.0,1.0544442767972795
2025-11-12,PEP,DQN,0.0,1.0590451523680255
2025-11-13,PEP,DQN,0.0,1.0651064230519893
2025-11-14,PEP,DQN,0.0,1.0795658260425598
2025-11-17,PEP,DQN,0.0,1.086430371399167
2025-11-18,PEP,DQN,0.0,1.074307715310492
2025-11-19,PEP,DQN,0.0,1.0669320890246325
2025-11-20,PEP,DQN,0.0,1.0686116007652064
2025-11-21,PEP,DQN,0.0,1.0625503300812427
2025-11-24,PEP,DQN,0.0,1.0670050514199196
2025-11-25,PEP,DQN,0.0,1.0806611797378467
2025-11-26,PEP,DQN,0.0,1.0862112547718106
2025-11-28,PEP,DQN,0.0,1.091834406921809
2025-12-01,PEP,DQN,0.0,1.0852619405878456
2025-12-02,PEP,DQN,0.0,1.0812453377831341
2025-12-03,PEP,DQN,0.0,1.0728473201972748
2025-12-04,PEP,DQN,0.0,1.069403518083867
2025-12-05,PEP,DQN,0.0,1.0739018333065207
2025-12-08,PEP,DQN,0.0,1.0666012343893998
2025-12-09,PEP,DQN,0.0,1.1039147310547281
2025-12-10,PEP,DQN,0.0,1.0990477033502302
2025-12-11,PEP,DQN,0.0,1.1109201534890285
2025-12-12,PEP,DQN,0.0,1.1151235216703559
2025-12-15,PEP,DQN,0.0,1.1088554094789977
2025-12-16,PEP,DQN,0.0,1.1067169000284487
2025-12-17,PEP,DQN,0.0,1.1014811598421062
2025-12-18,PEP,DQN,0.0,1.092558524278812
2025-12-19,PEP,DQN,0.0,1.0843730842377126
2025-12-22,PEP,DQN,0.0,1.0595221612353296
2025-12-23,PEP,DQN,0.0,1.0599646391576927
2025-12-24,PEP,DQN,0.0,1.0602594714782716
2025-12-26,PEP,DQN,0.0,1.0636516492553914
2025-12-29,PEP,DQN,0.0,1.063061755172739
2025-12-30,PEP,DQN,0.0,1.058342373070025
2025-12-31,PEP,DQN,0.0,1.0488294992618363
2026-01-02,PEP,DQN,0.0,1.0317951890979609
2026-01-05,PEP,DQN,0.0,1.0247160012231424
2026-01-06,PEP,DQN,0.0,1.0103363291519505
2026-01-07,PEP,DQN,0.0,1.0277393517976705
2026-01-08,PEP,DQN,0.0,1.03172153837819
2026-01-09,PEP,DQN,0.0,1.042414085630936
2026-01-12,PEP,DQN,0.0,1.0580473113079514
2026-01-13,PEP,DQN,0.0,1.0760402280363237
2026-01-14,PEP,DQN,0.0,1.080833605021051
2026-01-15,PEP,DQN,0.0,1.078990042611828
2026-01-16,PEP,DQN,0.0,1.0888713994603665
2026-01-20,PEP,DQN,0.0,1.0820871586268743
2026-01-21,PEP,DQN,0.0,1.0648314374206966
2026-01-22,PEP,DQN,0.0,1.0661588711877856
2026-01-23,PEP,DQN,0.0,1.0756715155544796
2026-01-26,PEP,DQN,0.0,1.0971304902212375
2026-01-27,PEP,DQN,0.0,1.0950657462112068
2026-01-28,PEP,DQN,0.0,1.096466830698067
2026-01-29,PEP,DQN,0.0,1.132895256797922
2026-01-30,PEP,DQN,0.0,1.1323288091695232
2026-02-02,PEP,DQN,0.0,1.1323288091695232
2026-02-03,PEP,DQN,0.0,1.1323288091695232
2026-02-04,PEP,DQN,0.0,1.1323288091695232
2026-02-05,PEP,DQN,0.0,1.1323288091695232
2026-02-06,PEP,DQN,0.0,1.1323288091695232
2026-02-09,PEP,DQN,0.0,1.1323288091695232
2026-02-10,PEP,DQN,0.0,1.1323288091695232
2026-02-11,PEP,DQN,0.0,1.1323288091695232
2026-02-12,PEP,DQN,0.0,1.1323288091695232
2026-02-13,PEP,DQN,0.0,1.1323288091695232
2026-02-17,PEP,DQN,0.0,1.1323288091695232
2026-02-18,PEP,DQN,0.0,1.1323288091695232
2026-02-19,PEP,DQN,0.0,1.1323288091695232
2026-02-20,PEP,DQN,0.0,1.1323288091695232
2026-02-23,PEP,DQN,0.0,1.1323288091695232
2026-02-24,PEP,DQN,0.0,1.1323288091695232
2026-02-25,PEP,DQN,0.0,1.1323288091695232
2026-02-26,PEP,DQN,0.0,1.1323288091695232
2026-02-27,PEP,DQN,0.0,1.1323288091695232
2026-03-02,PEP,DQN,0.0,1.1157200871756605
2026-03-03,PEP,DQN,0.0,1.1090219659492928
2026-03-04,PEP,DQN,0.0,1.087236599793323
2026-03-05,PEP,DQN,0.0,1.0882810301168602
2026-03-06,PEP,DQN,0.0,1.1026158178880459
2026-03-09,PEP,DQN,0.0,1.0974962884174382
2026-03-10,PEP,DQN,0.0,1.0931958415607341
2026-03-11,PEP,DQN,0.0,1.0843902298205923
2026-03-12,PEP,DQN,0.0,1.091352853052709
2026-03-13,PEP,DQN,0.0,1.0766085239745717
2026-03-16,PEP,DQN,0.0,1.0682806577991315
2026-03-17,PEP,DQN,0.0,1.0480754622011847
2026-03-18,PEP,DQN,0.0,1.0426147009348594
2026-03-19,PEP,DQN,0.0,1.0241841843337036
2026-03-20,PEP,DQN,0.0,1.0299181836449653
2026-03-23,PEP,DQN,0.0,1.0279385761144721
2026-03-24,PEP,DQN,0.0,1.0357202819604927
2026-03-25,PEP,DQN,0.0,1.0295768465957635
2026-03-26,PEP,DQN,0.0,1.0446624074696185
2026-03-27,PEP,DQN,0.0,1.070465088609843
2026-03-30,PEP,DQN,0.0,1.0600211011349256
2026-03-31,PEP,DQN,0.0,1.0556523447669877
2026-04-01,PEP,DQN,0.0,1.0717619167884485
2026-04-02,PEP,DQN,0.0,1.0698506187691892
2026-04-06,PEP,DQN,0.0,1.0458229323862083
2026-04-07,PEP,DQN,0.0,1.056676355914593
2026-04-08,PEP,DQN,0.0,1.075038563004515
2026-04-09,PEP,DQN,0.0,1.0721032538376503
2026-04-10,PEP,DQN,0.0,1.064048520453662
2026-04-13,PEP,DQN,0.0,1.0629563050483064
2026-04-14,PEP,DQN,0.0,1.057017692963795
2026-04-15,PEP,DQN,0.0,1.0811136888580102
2026-04-16,PEP,DQN,0.0,1.0762671869253704
2026-04-17,PEP,DQN,0.0,1.0716255082729484
2026-04-20,PEP,DQN,0.0,1.0574954385284967
2026-04-21,PEP,DQN,0.0,1.0497819369402264
2026-04-22,PEP,DQN,0.0,1.0628197912793225
2026-04-23,PEP,DQN,0.0,1.0610450070290471
2026-04-24,PEP,DQN,0.0,1.0518981634931874
2026-04-27,PEP,DQN,0.0,1.0668471053445743
2026-04-28,PEP,DQN,0.0,1.0600211011349254
2026-04-29,PEP,DQN,0.0,1.0818645672141636
2026-04-30,PEP,DQN,0.0,1.074492402675095
2026-05-01,PEP,DQN,0.0,1.0552428034600358
2026-05-04,PEP,DQN,0.0,1.0583145211424003
2026-05-05,PEP,DQN,0.0,1.0645945755295976
2026-05-06,PEP,DQN,0.0,1.0668471053445745
2026-05-07,PEP,DQN,0.0,1.055447626740254
2026-05-08,PEP,DQN,0.0,1.0198838427304844
2026-05-11,PEP,DQN,0.0,1.0365394698278807
2026-05-12,PEP,DQN,0.0,1.0189281410941124
2026-05-13,PEP,DQN,0.0,1.0148325175176265
2026-05-14,PEP,DQN,0.0,1.0179042351999912
2026-05-15,PEP,DQN,0.0,1.0174946938930394
2026-05-18,PEP,DQN,0.0,1.0264368194021654
2026-05-19,PEP,DQN,0.0,1.0190646548630966
2026-05-20,PEP,DQN,0.0,1.016061246691966
2026-05-21,PEP,DQN,0.0,1.0278020623454887
2026-05-22,PEP,DQN,0.0,0.9944224986394617
2026-05-26,PEP,DQN,0.0,1.0084842588726795
2026-05-27,PEP,DQN,0.0,0.9985864317271819
2026-05-28,PEP,DQN,0.0,0.9842517492094806
2026-05-29,PEP,DQN,0.0,0.9660260558885427
2026-06-01,PEP,DQN,0.0,0.9693025968511254
2026-06-02,PEP,DQN,0.0,0.9729885738671755
2026-06-03,PEP,DQN,0.0,0.970326502745247
2026-06-04,PEP,DQN,0.0,0.9789488681694283
2026-06-05,PEP,DQN,0.0,0.9703954437773862
2026-06-08,PEP,DQN,0.0,0.9848810597914045
2026-06-09,PEP,DQN,0.0,0.995503872935947
2026-06-10,PEP,DQN,0.0,0.9914340364630855
2026-06-11,PEP,DQN,0.0,0.995158957268283
2026-06-12,PEP,DQN,0.0,1.0088167546292106
2026-06-15,PEP,DQN,0.0,1.0079199949439808
2026-06-16,PEP,DQN,0.0,0.9766725510670266
2026-06-17,PEP,DQN,0.0,0.9796386995047567
2026-06-18,PEP,DQN,0.0,0.9706024773807721
2026-06-22,PEP,DQN,0.0,0.9798456278546582
2026-06-23,PEP,DQN,0.0,0.9813631725895929
2026-06-24,PEP,DQN,0.0,0.9623939686563943
2026-06-25,PEP,DQN,0.0,0.9752929936498544
2026-06-26,PEP,DQN,0.0,0.9565996590986965
2026-06-29,PEP,DQN,0.0,0.9339745806459235
2026-06-30,PEP,DQN,0.0,0.9737065078827809
2026-07-01,PEP,DQN,0.0,0.9948140416006191
2026-07-02,PEP,DQN,0.0,0.9883989469932165
2026-07-06,PEP,DQN,0.0,1.000056401887267
2026-07-07,PEP,DQN,0.0,0.9830185993888061
2026-07-08,PEP,DQN,0.0,0.9509434421122454
2026-07-09,PEP,DQN,0.0,0.9476324832603354
2026-07-10,PEP,DQN,0.0,0.9552891479671477
2026-07-13,PEP,DQN,0.0,0.9343194963135878
2026-07-14,PEP,DQN,0.0,0.9339745806459238
2026-07-15,PEP,DQN,0.0,0.9617730783532055
2026-07-16,PEP,DQN,0.0,0.9612921918140289
2026-07-17,PEP,DQN,0.0,0.9612921918140289
2026-07-20,PEP,DQN,0.0,0.9612921918140289
2026-07-21,PEP,DQN,0.0,0.9612921918140289
2026-07-22,PEP,DQN,0.0,0.9612921918140289
2026-07-23,PEP,DQN,0.0,0.9612921918140289
2026-07-24,PEP,DQN,0.0,0.9612921918140289
2026-07-27,PEP,DQN,0.0,0.9612921918140289
2026-07-28,PEP,DQN,0.0,0.9612921918140289
2026-07-29,PEP,DQN,0.0,0.9612921918140289
2026-07-30,PEP,DQN,0.0,0.9612921918140289
2026-07-31,PEP,DQN,0.0,0.9612937576364261
2026-08-03,PEP,DQN,0.0,0.957644939328924
2026-08-04,PEP,DQN,0.0,0.9574727618311987
2024-11-18,PEP,DQN,1.0,0.989331258497439
2024-11-19,PEP,DQN,1.0,0.9888365928681903
2024-11-20,PEP,DQN,1.0,0.998309021030981
2024-11-21,PEP,DQN,1.0,1.0086445817166425
2024-11-22,PEP,DQN,1.0,1.0151818964871542
2024-11-25,PEP,DQN,1.0,1.0096407729930936
2024-11-26,PEP,DQN,1.0,1.0131274424606729
2024-11-27,PEP,DQN,1.0,1.0176724762682552
2024-11-29,PEP,DQN,1.0,1.0171636400301212
2024-12-02,PEP,DQN,1.0,1.0171636400301212
2024-12-03,PEP,DQN,1.0,1.0171636400301212
2024-12-04,PEP,DQN,1.0,1.0171636400301212
2024-12-05,PEP,DQN,1.0,1.0080579076893472
2024-12-06,PEP,DQN,1.0,1.0187908905963206
2024-12-09,PEP,DQN,1.0,1.0211547287631573
2024-12-10,PEP,DQN,1.0,1.0015417970836682
2024-12-11,PEP,DQN,1.0,1.0010410261851264
2024-12-12,PEP,DQN,1.0,0.994681648558247
2024-12-13,PEP,DQN,1.0,0.9824032153972031
2024-12-16,PEP,DQN,1.0,0.9831588003132017
2024-12-17,PEP,DQN,1.0,0.9723915369841547
2024-12-18,PEP,DQN,1.0,0.9537533342773553
2024-12-19,PEP,DQN,1.0,0.9620648702253779
2024-12-20,PEP,DQN,1.0,0.9526201097114169
2024-12-23,PEP,DQN,1.0,0.9521437996565612
2024-12-24,PEP,DQN,1.0,0.949362342913094
2024-12-26,PEP,DQN,1.0,0.9521649201778193
2024-12-27,PEP,DQN,1.0,0.9448783200472992
2024-12-30,PEP,DQN,1.0,0.9469957445023847
2024-12-31,PEP,DQN,1.0,0.9354743962194597
2025-01-02,PEP,DQN,1.0,0.93500665902135
2025-01-03,PEP,DQN,1.0,0.93500665902135
2025-01-06,PEP,DQN,1.0,0.93500665902135
2025-01-07,PEP,DQN,1.0,0.93500665902135
2025-01-08,PEP,DQN,1.0,0.93500665902135
2025-01-10,PEP,DQN,1.0,0.93500665902135
2025-01-13,PEP,DQN,1.0,0.93500665902135
2025-01-14,PEP,DQN,1.0,0.93500665902135
2025-01-15,PEP,DQN,1.0,0.93500665902135
2025-01-16,PEP,DQN,1.0,0.93500665902135
2025-01-17,PEP,DQN,1.0,0.9364313638854769
2025-01-21,PEP,DQN,1.0,0.9335315413379318
2025-01-22,PEP,DQN,1.0,0.9368726656180844
2025-01-23,PEP,DQN,1.0,0.9400242963416885
2025-01-24,PEP,DQN,1.0,0.9746323673919184
2025-01-27,PEP,DQN,1.0,0.9471478466346007
2025-01-28,PEP,DQN,1.0,0.9466742727112835
2025-01-29,PEP,DQN,1.0,0.9466742727112835
2025-01-30,PEP,DQN,1.0,0.9466742727112835
2025-01-31,PEP,DQN,1.0,0.9466742727112835
2025-02-03,PEP,DQN,1.0,0.9466742727112835
2025-02-04,PEP,DQN,1.0,0.9466742727112835
2025-02-05,PEP,DQN,1.0,0.9441861727823407
2025-02-06,PEP,DQN,1.0,0.9437140796959497
2025-02-07,PEP,DQN,1.0,0.9437140796959497
2025-02-10,PEP,DQN,1.0,0.9437140796959497
2025-02-11,PEP,DQN,1.0,0.9325507549799047
2025-02-12,PEP,DQN,1.0,0.9363717258083575
2025-02-13,PEP,DQN,1.0,0.9286648194743927
2025-02-14,PEP,DQN,1.0,0.933263166011075
2025-02-18,PEP,DQN,1.0,0.944337862160136
2025-02-19,PEP,DQN,1.0,0.9656456475451302
2025-02-20,PEP,DQN,1.0,0.9941420887919362
2025-02-21,PEP,DQN,1.0,0.9936450177475403
2025-02-24,PEP,DQN,1.0,0.9936450177475403
2025-02-25,PEP,DQN,1.0,0.9936450177475403
2025-02-26,PEP,DQN,1.0,0.9936450177475403
2025-02-27,PEP,DQN,1.0,0.9936450177475403
2025-02-28,PEP,DQN,1.0,0.9936450177475403
2025-03-03,PEP,DQN,1.0,0.9936450177475403
2025-03-04,PEP,DQN,1.0,0.9936450177475403
2025-03-05,PEP,DQN,1.0,0.9936450177475403
2025-03-06,PEP,DQN,1.0,0.9936450177475403
2025-03-07,PEP,DQN,1.0,0.9936450177475403
2025-03-10,PEP,DQN,1.0,0.9682195340263718
2025-03-11,PEP,DQN,1.0,0.9677354242593587
2025-03-12,PEP,DQN,1.0,0.9677354242593587
2025-03-13,PEP,DQN,1.0,0.9688826058088029
2025-03-14,PEP,DQN,1.0,0.9868140417472293
2025-03-17,PEP,DQN,1.0,0.9714908774141434
2025-03-18,PEP,DQN,1.0,0.9710051319754364
2025-03-19,PEP,DQN,1.0,0.9710051319754364
2025-03-20,PEP,DQN,1.0,0.9710051319754364
2025-03-21,PEP,DQN,1.0,0.9710051319754364
2025-03-24,PEP,DQN,1.0,0.9710051319754364
2025-03-25,PEP,DQN,1.0,0.9710051319754364
2025-03-26,PEP,DQN,1.0,0.9772480392199183
2025-03-27,PEP,DQN,1.0,0.9746364403119605
2025-03-28,PEP,DQN,1.0,0.9790110595805008
2025-03-31,PEP,DQN,1.0,0.9772480392199184
2025-04-01,PEP,DQN,1.0,0.9736568682104433
2025-04-02,PEP,DQN,1.0,0.9883479366674178
2025-04-03,PEP,DQN,1.0,0.9572682238144201
2025-04-04,PEP,DQN,1.0,0.9567895897025129
2025-04-07,PEP,DQN,1.0,0.9567895897025129
2025-04-08,PEP,DQN,1.0,0.9567895897025129
2025-04-09,PEP,DQN,1.0,0.9567895897025129
2025-04-10,PEP,DQN,1.0,0.9567895897025129
2025-04-11,PEP,DQN,1.0,0.9567895897025129
2025-04-14,PEP,DQN,1.0,0.9567895897025129
2025-04-15,PEP,DQN,1.0,0.9567895897025129
2025-04-16,PEP,DQN,1.0,0.9567895897025129
2025-04-17,PEP,DQN,1.0,0.9488760505410204
2025-04-21,PEP,DQN,1.0,0.94840161251575
2025-04-22,PEP,DQN,1.0,0.94840161251575
2025-04-23,PEP,DQN,1.0,0.9015938327947902
2025-04-24,PEP,DQN,1.0,0.8887340543134044
2025-04-25,PEP,DQN,1.0,0.8882896872862477
2025-04-28,PEP,DQN,1.0,0.8914981309635643
2025-04-29,PEP,DQN,1.0,0.8910523818980826
2025-04-30,PEP,DQN,1.0,0.8910523818980826
2025-05-01,PEP,DQN,1.0,0.8910523818980826
2025-05-02,PEP,DQN,1.0,0.8910523818980826
2025-05-05,PEP,DQN,1.0,0.8910523818980826
2025-05-06,PEP,DQN,1.0,0.8910523818980826
2025-05-07,PEP,DQN,1.0,0.8910523818980826
2025-05-08,PEP,DQN,1.0,0.883895068774931
2025-05-09,PEP,DQN,1.0,0.8922975419496857
2025-05-12,PEP,DQN,1.0,0.883014129712313
2025-05-13,PEP,DQN,1.0,0.870410338447153
2025-05-14,PEP,DQN,1.0,0.8910778763024529
2025-05-15,PEP,DQN,1.0,0.8943304991462471
2025-05-16,PEP,DQN,1.0,0.8930429686443169
2025-05-19,PEP,DQN,1.0,0.8931108878343663
2025-05-20,PEP,DQN,1.0,0.8819298677623629
2025-05-21,PEP,DQN,1.0,0.881726599210383
2025-05-22,PEP,DQN,1.0,0.8764410735053796
2025-05-23,PEP,DQN,1.0,0.890197045910539
2025-05-27,PEP,DQN,1.0,0.8854535696774827
2025-05-28,PEP,DQN,1.0,0.893923962042287
2025-05-29,PEP,DQN,1.0,0.8907390410471343
2025-05-30,PEP,DQN,1.0,0.887079989770084
2025-06-02,PEP,DQN,1.0,0.8934495600836293
2025-06-03,PEP,DQN,1.0,0.8930028353035875
2025-06-04,PEP,DQN,1.0,0.8930028353035875
2025-06-05,PEP,DQN,1.0,0.8930028353035875
2025-06-06,PEP,DQN,1.0,0.8930028353035875
2025-06-09,PEP,DQN,1.0,0.8930028353035875
2025-06-10,PEP,DQN,1.0,0.8930028353035875
2025-06-11,PEP,DQN,1.0,0.8930028353035875
2025-06-12,PEP,DQN,1.0,0.8930028353035875
2025-06-13,PEP,DQN,1.0,0.8930028353035875
2025-06-16,PEP,DQN,1.0,0.8930028353035875
2025-06-17,PEP,DQN,1.0,0.8930028353035875
2025-06-18,PEP,DQN,1.0,0.8930028353035875
2025-06-20,PEP,DQN,1.0,0.8930028353035875
2025-06-23,PEP,DQN,1.0,0.8930028353035875
2025-06-24,PEP,DQN,1.0,0.8930028353035875
2025-06-25,PEP,DQN,1.0,0.8930028353035875
2025-06-26,PEP,DQN,1.0,0.8930028353035875
2025-06-27,PEP,DQN,1.0,0.8993711681097073
2025-06-30,PEP,DQN,1.0,0.9213037192186067
2025-07-01,PEP,DQN,1.0,0.9296135811975037
2025-07-02,PEP,DQN,1.0,0.929148774406905
2025-07-03,PEP,DQN,1.0,0.929148774406905
2025-07-07,PEP,DQN,1.0,0.929148774406905
2025-07-08,PEP,DQN,1.0,0.929148774406905
2025-07-09,PEP,DQN,1.0,0.929148774406905
2025-07-10,PEP,DQN,1.0,0.929148774406905
2025-07-11,PEP,DQN,1.0,0.929148774406905
2025-07-14,PEP,DQN,1.0,0.929148774406905
2025-07-15,PEP,DQN,1.0,0.929148774406905
2025-07-16,PEP,DQN,1.0,0.929148774406905
2025-07-17,PEP,DQN,1.0,0.929148774406905
2025-07-18,PEP,DQN,1.0,0.929148774406905
2025-07-21,PEP,DQN,1.0,0.929148774406905
2025-07-22,PEP,DQN,1.0,0.929148774406905
2025-07-23,PEP,DQN,1.0,0.929148774406905
2025-07-24,PEP,DQN,1.0,0.9218688208553093
2025-07-25,PEP,DQN,1.0,0.909787203796773
2025-07-28,PEP,DQN,1.0,0.9093323101948747
2025-07-29,PEP,DQN,1.0,0.9023683484746297
2025-07-30,PEP,DQN,1.0,0.8711651753594624
2025-07-31,PEP,DQN,1.0,0.8707295927717826
2025-08-01,PEP,DQN,1.0,0.8707295927717826
2025-08-04,PEP,DQN,1.0,0.8707295927717826
2025-08-05,PEP,DQN,1.0,0.8707295927717826
2025-08-06,PEP,DQN,1.0,0.8707295927717826
2025-08-07,PEP,DQN,1.0,0.8707295927717826
2025-08-08,PEP,DQN,1.0,0.8707295927717826
2025-08-11,PEP,DQN,1.0,0.8707295927717826
2025-08-12,PEP,DQN,1.0,0.8707295927717826
2025-08-13,PEP,DQN,1.0,0.8707295927717826
2025-08-14,PEP,DQN,1.0,0.8707295927717826
2025-08-15,PEP,DQN,1.0,0.8707295927717826
2025-08-18,PEP,DQN,1.0,0.8707295927717826
2025-08-19,PEP,DQN,1.0,0.8707295927717826
2025-08-20,PEP,DQN,1.0,0.8707295927717826
2025-08-21,PEP,DQN,1.0,0.8707295927717826
2025-08-22,PEP,DQN,1.0,0.8707295927717826
2025-08-25,PEP,DQN,1.0,0.8707295927717826
2025-08-26,PEP,DQN,1.0,0.8707295927717826
2025-08-27,PEP,DQN,1.0,0.8707295927717826
2025-08-28,PEP,DQN,1.0,0.8707295927717826
2025-08-29,PEP,DQN,1.0,0.8707295927717826
2025-09-02,PEP,DQN,1.0,0.8707295927717826
2025-09-03,PEP,DQN,1.0,0.8707295927717826
2025-09-04,PEP,DQN,1.0,0.8707295927717826
2025-09-05,PEP,DQN,1.0,0.8707295927717826
2025-09-08,PEP,DQN,1.0,0.8707295927717826
2025-09-09,PEP,DQN,1.0,0.867616834681529
2025-09-10,PEP,DQN,1.0,0.8771651088636433
2025-09-11,PEP,DQN,1.0,0.8729079816657883
2025-09-12,PEP,DQN,1.0,0.8553317471573343
2025-09-15,PEP,DQN,1.0,0.8549040812837556
2025-09-16,PEP,DQN,1.0,0.8549040812837556
2025-09-17,PEP,DQN,1.0,0.8549040812837556
2025-09-18,PEP,DQN,1.0,0.8549040812837556
2025-09-19,PEP,DQN,1.0,0.8549040812837556
2025-09-22,PEP,DQN,1.0,0.8549040812837556
2025-09-23,PEP,DQN,1.0,0.8549040812837556
2025-09-24,PEP,DQN,1.0,0.8549040812837556
2025-09-25,PEP,DQN,1.0,0.8549040812837556
2025-09-26,PEP,DQN,1.0,0.8549040812837556
2025-09-29,PEP,DQN,1.0,0.8549040812837556
2025-09-30,PEP,DQN,1.0,0.8549040812837556
2025-10-01,PEP,DQN,1.0,0.8549040812837556
2025-10-02,PEP,DQN,1.0,0.8549040812837556
2025-10-03,PEP,DQN,1.0,0.8549040812837556
2025-10-06,PEP,DQN,1.0,0.8549040812837556
2025-10-07,PEP,DQN,1.0,0.8549040812837556
2025-10-08,PEP,DQN,1.0,0.8549040812837556
2025-10-09,PEP,DQN,1.0,0.8862010225691956
2025-10-10,PEP,DQN,1.0,0.8791742008844812
2025-10-13,PEP,DQN,1.0,0.8787346137840389
2025-10-14,PEP,DQN,1.0,0.8787346137840389
2025-10-15,PEP,DQN,1.0,0.8787346137840389
2025-10-16,PEP,DQN,1.0,0.8787346137840389
2025-10-17,PEP,DQN,1.0,0.8787346137840389
2025-10-20,PEP,DQN,1.0,0.8787346137840389
2025-10-21,PEP,DQN,1.0,0.8787346137840389
2025-10-22,PEP,DQN,1.0,0.8787346137840389
2025-10-23,PEP,DQN,1.0,0.8787346137840389
2025-10-24,PEP,DQN,1.0,0.8787346137840389
2025-10-27,PEP,DQN,1.0,0.8787346137840389
2025-10-28,PEP,DQN,1.0,0.8787346137840389
2025-10-29,PEP,DQN,1.0,0.8787346137840389
2025-10-30,PEP,DQN,1.0,0.8787346137840389
2025-10-31,PEP,DQN,1.0,0.8787346137840389
2025-11-03,PEP,DQN,1.0,0.8787346137840389
2025-11-04,PEP,DQN,1.0,0.8787346137840389
2025-11-05,PEP,DQN,1.0,0.8787346137840389
2025-11-06,PEP,DQN,1.0,0.8867983523405107
2025-11-07,PEP,DQN,1.0,0.8863549531643405
2025-11-10,PEP,DQN,1.0,0.8863549531643405
2025-11-11,PEP,DQN,1.0,0.8863549531643405
2025-11-12,PEP,DQN,1.0,0.889779224106569
2025-11-13,PEP,DQN,1.0,0.8948717290995978
2025-11-14,PEP,DQN,1.0,0.9070201028919959
2025-11-17,PEP,DQN,1.0,0.9127874961212543
2025-11-18,PEP,DQN,1.0,0.9026023897501301
2025-11-19,PEP,DQN,1.0,0.8964056010492347
2025-11-20,PEP,DQN,1.0,0.8978166784240419
2025-11-21,PEP,DQN,1.0,0.8927241734310131
2025-11-24,PEP,DQN,1.0,0.8964669019515829
2025-11-25,PEP,DQN,1.0,0.9079403875077515
2025-11-26,PEP,DQN,1.0,0.9126034006440767
2025-11-28,PEP,DQN,1.0,0.9121470989437548
2025-12-01,PEP,DQN,1.0,0.9121470989437548
2025-12-02,PEP,DQN,1.0,0.9121470989437548
2025-12-03,PEP,DQN,1.0,0.9121470989437548
2025-12-04,PEP,DQN,1.0,0.9121470989437548
2025-12-05,PEP,DQN,1.0,0.9121470989437548
2025-12-08,PEP,DQN,1.0,0.9121470989437548
2025-12-09,PEP,DQN,1.0,0.9121470989437548
2025-12-10,PEP,DQN,1.0,0.9121470989437548
2025-12-11,PEP,DQN,1.0,0.9121470989437548
2025-12-12,PEP,DQN,1.0,0.9121470989437548
2025-12-15,PEP,DQN,1.0,0.9121470989437548
2025-12-16,PEP,DQN,1.0,0.9121470989437548
2025-12-17,PEP,DQN,1.0,0.9121470989437548
2025-12-18,PEP,DQN,1.0,0.9121470989437548
2025-12-19,PEP,DQN,1.0,0.9121470989437548
2025-12-22,PEP,DQN,1.0,0.9121470989437548
2025-12-23,PEP,DQN,1.0,0.9121470989437548
2025-12-24,PEP,DQN,1.0,0.9121470989437548
2025-12-26,PEP,DQN,1.0,0.9121470989437548
2025-12-29,PEP,DQN,1.0,0.9121470989437548
2025-12-30,PEP,DQN,1.0,0.9121470989437548
2025-12-31,PEP,DQN,1.0,0.9121470989437548
2026-01-02,PEP,DQN,1.0,0.9121470989437548
2026-01-05,PEP,DQN,1.0,0.9121470989437548
2026-01-06,PEP,DQN,1.0,0.9121470989437548
2026-01-07,PEP,DQN,1.0,0.9121470989437548
2026-01-08,PEP,DQN,1.0,0.9121470989437548
2026-01-09,PEP,DQN,1.0,0.9121470989437548
2026-01-12,PEP,DQN,1.0,0.9121470989437548
2026-01-13,PEP,DQN,1.0,0.9121470989437548
2026-01-14,PEP,DQN,1.0,0.9121470989437548
2026-01-15,PEP,DQN,1.0,0.9121470989437548
2026-01-16,PEP,DQN,1.0,0.9121470989437548
2026-01-20,PEP,DQN,1.0,0.9121470989437548
2026-01-21,PEP,DQN,1.0,0.9121470989437548
2026-01-22,PEP,DQN,1.0,0.9121470989437548
2026-01-23,PEP,DQN,1.0,0.9121470989437548
2026-01-26,PEP,DQN,1.0,0.9121470989437548
2026-01-27,PEP,DQN,1.0,0.9121470989437548
2026-01-28,PEP,DQN,1.0,0.9121470989437548
2026-01-29,PEP,DQN,1.0,0.9121470989437548
2026-01-30,PEP,DQN,1.0,0.9121470989437548
2026-02-02,PEP,DQN,1.0,0.9121470989437548
2026-02-03,PEP,DQN,1.0,0.9121470989437548
2026-02-04,PEP,DQN,1.0,0.9121470989437548
2026-02-05,PEP,DQN,1.0,0.9121470989437548
2026-02-06,PEP,DQN,1.0,0.9121470989437548
2026-02-09,PEP,DQN,1.0,0.9121470989437548
2026-02-10,PEP,DQN,1.0,0.9121470989437548
2026-02-11,PEP,DQN,1.0,0.9121470989437548
2026-02-12,PEP,DQN,1.0,0.9121470989437548
2026-02-13,PEP,DQN,1.0,0.8895937056861004
2026-02-17,PEP,DQN,1.0,0.8891489088332574
2026-02-18,PEP,DQN,1.0,0.889786184354053
2026-02-19,PEP,DQN,1.0,0.89167832916242
2026-02-20,PEP,DQN,1.0,0.9099508400365005
2026-02-23,PEP,DQN,1.0,0.9165461816611847
2026-02-24,PEP,DQN,1.0,0.9160879085703542
2026-02-25,PEP,DQN,1.0,0.9160879085703542
2026-02-26,PEP,DQN,1.0,0.9160879085703542
2026-02-27,PEP,DQN,1.0,0.9160879085703542
2026-03-02,PEP,DQN,1.0,0.9160879085703542
2026-03-03,PEP,DQN,1.0,0.9160879085703542
2026-03-04,PEP,DQN,1.0,0.9160879085703542
2026-03-05,PEP,DQN,1.0,0.9160879085703542
2026-03-06,PEP,DQN,1.0,0.9160879085703542
2026-03-09,PEP,DQN,1.0,0.9160879085703542
2026-03-10,PEP,DQN,1.0,0.9160879085703542
2026-03-11,PEP,DQN,1.0,0.9160879085703542
2026-03-12,PEP,DQN,1.0,0.9160879085703542
2026-03-13,PEP,DQN,1.0,0.9160879085703542
2026-03-16,PEP,DQN,1.0,0.9160879085703542
2026-03-17,PEP,DQN,1.0,0.8983032049574436
2026-03-18,PEP,DQN,1.0,0.8936227983226532
2026-03-19,PEP,DQN,1.0,0.8778260425269703
2026-03-20,PEP,DQN,1.0,0.882740640897313
2026-03-23,PEP,DQN,1.0,0.8822992705768644
2026-03-24,PEP,DQN,1.0,0.8822992705768644
2026-03-25,PEP,DQN,1.0,0.8822992705768644
2026-03-26,PEP,DQN,1.0,0.8822992705768644
2026-03-27,PEP,DQN,1.0,0.8822992705768644
2026-03-30,PEP,DQN,1.0,0.8822992705768644
2026-03-31,PEP,DQN,1.0,0.8822992705768644
2026-04-01,PEP,DQN,1.0,0.8822992705768644
2026-04-02,PEP,DQN,1.0,0.8822992705768644
2026-04-06,PEP,DQN,1.0,0.8822992705768644
2026-04-07,PEP,DQN,1.0,0.8822992705768644
2026-04-08,PEP,DQN,1.0,0.8822992705768644
2026-04-09,PEP,DQN,1.0,0.8822992705768644
2026-04-10,PEP,DQN,1.0,0.8822992705768644
2026-04-13,PEP,DQN,1.0,0.8822992705768644
2026-04-14,PEP,DQN,1.0,0.8822992705768644
2026-04-15,PEP,DQN,1.0,0.8822992705768644
2026-04-16,PEP,DQN,1.0,0.8779028800043029
2026-04-17,PEP,DQN,1.0,0.8741166983697436
2026-04-20,PEP,DQN,1.0,0.862590908980258
2026-04-21,PEP,DQN,1.0,0.862159613525768
2026-04-22,PEP,DQN,1.0,0.862159613525768
2026-04-23,PEP,DQN,1.0,0.862159613525768
2026-04-24,PEP,DQN,1.0,0.862159613525768
2026-04-27,PEP,DQN,1.0,0.862159613525768
2026-04-28,PEP,DQN,1.0,0.862159613525768
2026-04-29,PEP,DQN,1.0,0.862159613525768
2026-04-30,PEP,DQN,1.0,0.8558535076552358
2026-05-01,PEP,DQN,1.0,0.8405208380447764
2026-05-04,PEP,DQN,1.0,0.8401005776257541
2026-05-05,PEP,DQN,1.0,0.8446656968804058
2026-05-06,PEP,DQN,1.0,0.8464528886524143
2026-05-07,PEP,DQN,1.0,0.8374083671409255
2026-05-08,PEP,DQN,1.0,0.8091915143644846
2026-05-11,PEP,DQN,1.0,0.8087869186073023
2026-05-12,PEP,DQN,1.0,0.8087869186073023
2026-05-13,PEP,DQN,1.0,0.8087869186073023
2026-05-14,PEP,DQN,1.0,0.8087869186073023
2026-05-15,PEP,DQN,1.0,0.8087869186073023
2026-05-18,PEP,DQN,1.0,0.8087869186073023
2026-05-19,PEP,DQN,1.0,0.8087869186073023
2026-05-20,PEP,DQN,1.0,0.8087869186073023
2026-05-21,PEP,DQN,1.0,0.8087869186073023
2026-05-22,PEP,DQN,1.0,0.8087869186073023
2026-05-26,PEP,DQN,1.0,0.8087869186073023
2026-05-27,PEP,DQN,1.0,0.8087869186073023
2026-05-28,PEP,DQN,1.0,0.8087869186073023
2026-05-29,PEP,DQN,1.0,0.8087869186073023
2026-06-01,PEP,DQN,1.0,0.8087869186073023
2026-06-02,PEP,DQN,1.0,0.8087869186073023
2026-06-03,PEP,DQN,1.0,0.8061697054318732
2026-06-04,PEP,DQN,1.0,0.8133333660909112
2026-06-05,PEP,DQN,1.0,0.8062269832362148
2026-06-08,PEP,DQN,1.0,0.8182619681222107
2026-06-09,PEP,DQN,1.0,0.8270876470244822
2026-06-10,PEP,DQN,1.0,0.8237063327336738
2026-06-11,PEP,DQN,1.0,0.8268010831087148
2026-06-12,PEP,DQN,1.0,0.838148297107463
2026-06-15,PEP,DQN,1.0,0.8374032484158735
2026-06-16,PEP,DQN,1.0,0.8114421491832817
2026-06-17,PEP,DQN,1.0,0.8110364281086901
2026-06-18,PEP,DQN,1.0,0.8110364281086901
2026-06-22,PEP,DQN,1.0,0.8183544959347637
2026-06-23,PEP,DQN,1.0,0.8196219298256869
2026-06-24,PEP,DQN,1.0,0.8037790940955067
2026-06-25,PEP,DQN,1.0,0.8145521942619942
2026-06-26,PEP,DQN,1.0,0.7989397611000003
2026-06-29,PEP,DQN,1.0,0.7985402912194504
2026-06-30,PEP,DQN,1.0,0.7985402912194504
2026-07-01,PEP,DQN,1.0,0.7985402912194504
2026-07-02,PEP,DQN,1.0,0.7985402912194504
2026-07-06,PEP,DQN,1.0,0.7985402912194504
2026-07-07,PEP,DQN,1.0,0.7985402912194504
2026-07-08,PEP,DQN,1.0,0.7985402912194504
2026-07-09,PEP,DQN,1.0,0.7985402912194504
2026-07-10,PEP,DQN,1.0,0.7985402912194504
2026-07-13,PEP,DQN,1.0,0.7985402912194504
2026-07-14,PEP,DQN,1.0,0.7985402912194504
2026-07-15,PEP,DQN,1.0,0.7985402912194504
2026-07-16,PEP,DQN,1.0,0.7985402912194504
2026-07-17,PEP,DQN,1.0,0.7985402912194504
2026-07-20,PEP,DQN,1.0,0.7985402912194504
2026-07-21,PEP,DQN,1.0,0.7985402912194504
2026-07-22,PEP,DQN,1.0,0.7985402912194504
2026-07-23,PEP,DQN,1.0,0.7985402912194504
2026-07-24,PEP,DQN,1.0,0.7985402912194504
2026-07-27,PEP,DQN,1.0,0.8156782173001078
2026-07-28,PEP,DQN,1.0,0.8193323791298102
2026-07-29,PEP,DQN,1.0,0.8004905718020586
2026-07-30,PEP,DQN,1.0,0.7968364099723563
2026-07-31,PEP,DQN,1.0,0.7972361261222424
2026-08-03,PEP,DQN,1.0,0.7942100274408681
2026-08-04,PEP,DQN,1.0,0.794067234335013
2024-11-18,PEP,DQN,2.0,1.0
2024-11-19,PEP,DQN,2.0,1.0
2024-11-20,PEP,DQN,2.0,1.009579366531446
2024-11-21,PEP,DQN,2.0,1.0200316098648794
2024-11-22,PEP,DQN,2.0,1.0266427272301357
2024-11-25,PEP,DQN,2.0,1.02103904757869
2024-11-26,PEP,DQN,2.0,1.0245650795770265
2024-11-27,PEP,DQN,2.0,1.0291614242515283
2024-11-29,PEP,DQN,2.0,1.0266427272301357
2024-12-02,PEP,DQN,2.0,1.0181424843619684
2024-12-03,PEP,DQN,2.0,1.0085719288176358
2024-12-04,PEP,DQN,2.0,1.0105237238091687
2024-12-05,PEP,DQN,2.0,1.0019826944049641
2024-12-06,PEP,DQN,2.0,1.0014817030577616
2024-12-09,PEP,DQN,2.0,1.0033046389243185
2024-12-10,PEP,DQN,2.0,0.9840345471520645
2024-12-11,PEP,DQN,2.0,0.9974043069046524
2024-12-12,PEP,DQN,2.0,0.9915667346513958
2024-12-13,PEP,DQN,2.0,0.9793267522471976
2024-12-16,PEP,DQN,2.0,0.9800799709971307
2024-12-17,PEP,DQN,2.0,0.9693464260927988
2024-12-18,PEP,DQN,2.0,0.9507665901980283
2024-12-19,PEP,DQN,2.0,0.9502912069029293
2024-12-20,PEP,DQN,2.0,0.940486884914918
2024-12-23,PEP,DQN,2.0,0.9499358617286381
2024-12-24,PEP,DQN,2.0,0.9476358228701712
2024-12-26,PEP,DQN,2.0,0.950433303339289
2024-12-27,PEP,DQN,2.0,0.9431599546941096
2024-12-30,PEP,DQN,2.0,0.9452735283794775
2024-12-31,PEP,DQN,2.0,0.9337731329380893
2025-01-02,PEP,DQN,2.0,0.9302918462597487
2025-01-03,PEP,DQN,2.0,0.9092803189469407
2025-01-06,PEP,DQN,2.0,0.903872024330858
2025-01-07,PEP,DQN,2.0,0.9109587066538846
2025-01-08,PEP,DQN,2.0,0.8867146134680615
2025-01-10,PEP,DQN,2.0,0.8982772645416763
2025-01-13,PEP,DQN,2.0,0.9010745438617401
2025-01-14,PEP,DQN,2.0,0.9000178073063198
2025-01-15,PEP,DQN,2.0,0.9109587066538846
2025-01-16,PEP,DQN,2.0,0.9215888307129513
2025-01-17,PEP,DQN,2.0,0.9234538847420478
2025-01-21,PEP,DQN,2.0,0.9205942492152304
2025-01-22,PEP,DQN,2.0,0.9238890707204722
2025-01-23,PEP,DQN,2.0,0.9269970247545071
2025-01-24,PEP,DQN,2.0,0.9611254818815284
2025-01-27,PEP,DQN,2.0,0.9340218537434148
2025-01-28,PEP,DQN,2.0,0.9335548428165432
2025-01-29,PEP,DQN,2.0,0.9335548428165432
2025-01-30,PEP,DQN,2.0,0.9335548428165432
2025-01-31,PEP,DQN,2.0,0.9335548428165432
2025-02-03,PEP,DQN,2.0,0.8909672706494944
2025-02-04,PEP,DQN,2.0,0.8905217870141697
2025-02-05,PEP,DQN,2.0,0.8905217870141697
2025-02-06,PEP,DQN,2.0,0.8905217870141697
2025-02-07,PEP,DQN,2.0,0.8905217870141697
2025-02-10,PEP,DQN,2.0,0.8905217870141697
2025-02-11,PEP,DQN,2.0,0.879987681304573
2025-02-12,PEP,DQN,2.0,0.8835932837253604
2025-02-13,PEP,DQN,2.0,0.8763207759303253
2025-02-14,PEP,DQN,2.0,0.8806599374022788
2025-02-18,PEP,DQN,2.0,0.8911104100798489
2025-02-19,PEP,DQN,2.0,0.9112171855604827
2025-02-20,PEP,DQN,2.0,0.9381074294687076
2025-02-21,PEP,DQN,2.0,0.9376383757539734
2025-02-24,PEP,DQN,2.0,0.9376383757539734
2025-02-25,PEP,DQN,2.0,0.9376383757539734
2025-02-26,PEP,DQN,2.0,0.9376383757539734
2025-02-27,PEP,DQN,2.0,0.9461127927954476
2025-02-28,PEP,DQN,2.0,0.9616481363084448
2025-03-03,PEP,DQN,2.0,0.9505515763579953
2025-03-04,PEP,DQN,2.0,0.9486403780246874
2025-03-05,PEP,DQN,2.0,0.9531407005378484
2025-03-06,PEP,DQN,2.0,0.9605106132424093
2025-03-07,PEP,DQN,2.0,0.971767553472577
2025-03-10,PEP,DQN,2.0,0.9712816696958408
2025-03-11,PEP,DQN,2.0,0.9712816696958408
2025-03-12,PEP,DQN,2.0,0.9712816696958408
2025-03-13,PEP,DQN,2.0,0.9712816696958408
2025-03-14,PEP,DQN,2.0,0.9712816696958408
2025-03-17,PEP,DQN,2.0,0.9712816696958408
2025-03-18,PEP,DQN,2.0,0.9712816696958408
2025-03-19,PEP,DQN,2.0,0.9712816696958408
2025-03-20,PEP,DQN,2.0,0.9712816696958408
2025-03-21,PEP,DQN,2.0,0.9774737038568786
2025-03-24,PEP,DQN,2.0,0.971399935520254
2025-03-25,PEP,DQN,2.0,0.9920909299568682
2025-03-26,PEP,DQN,2.0,0.9989654501073637
2025-03-27,PEP,DQN,2.0,0.9962958135628172
2025-03-28,PEP,DQN,2.0,1.0007676501194134
2025-03-31,PEP,DQN,2.0,0.9989654501073637
2025-04-01,PEP,DQN,2.0,0.99529447240271
2025-04-02,PEP,DQN,2.0,1.0103120208905991
2025-04-03,PEP,DQN,2.0,1.009806864880154
2025-04-04,PEP,DQN,2.0,0.9857459029687328
2025-04-07,PEP,DQN,2.0,0.9658506727937417
2025-04-08,PEP,DQN,2.0,1.0022679262785088
2025-04-09,PEP,DQN,2.0,0.9922858659287908
2025-04-10,PEP,DQN,2.0,0.9942823663199196
2025-04-11,PEP,DQN,2.0,1.0102538174415425
2025-04-14,PEP,DQN,2.0,0.9833365010368597
2025-04-15,PEP,DQN,2.0,0.9828448327863413
2025-04-16,PEP,DQN,2.0,1.0016470404204072
2025-04-17,PEP,DQN,2.0,0.9938633119704977
2025-04-21,PEP,DQN,2.0,1.0059948625591113
2025-04-22,PEP,DQN,2.0,0.9975800240310266
2025-04-23,PEP,DQN,2.0,0.9970812340190112
2025-04-24,PEP,DQN,2.0,0.9823609415099278
2025-04-25,PEP,DQN,2.0,0.9851595444181824
2025-04-28,PEP,DQN,2.0,0.9892104553932374
2025-04-29,PEP,DQN,2.0,0.998564053895288
2025-04-30,PEP,DQN,2.0,0.9836129542906951
2025-05-01,PEP,DQN,2.0,0.9850859591387091
2025-05-02,PEP,DQN,2.0,0.9721233747388903
2025-05-05,PEP,DQN,2.0,0.9629169467957867
2025-05-06,PEP,DQN,2.0,0.9716078053249236
2025-05-07,PEP,DQN,2.0,0.9679987603699489
2025-05-08,PEP,DQN,2.0,0.9607073804665591
2025-05-09,PEP,DQN,2.0,0.9698400459585697
2025-05-12,PEP,DQN,2.0,0.9597498859753053
2025-05-13,PEP,DQN,2.0,0.9460507991514797
2025-05-14,PEP,DQN,2.0,0.9685143888411225
2025-05-15,PEP,DQN,2.0,0.972049671345004
2025-05-16,PEP,DQN,2.0,0.9706502517764634
2025-05-19,PEP,DQN,2.0,0.9707240732847633
2025-05-20,PEP,DQN,2.0,0.9585713994168049
2025-05-21,PEP,DQN,2.0,0.9580921137170966
2025-05-22,PEP,DQN,2.0,0.9518697675268999
2025-05-23,PEP,DQN,2.0,0.9668096130581412
2025-05-27,PEP,DQN,2.0,0.9616579014876531
2025-05-28,PEP,DQN,2.0,0.9708572768420058
2025-05-29,PEP,DQN,2.0,0.9673982536413674
2025-05-30,PEP,DQN,2.0,0.9634242953300292
2025-06-02,PEP,DQN,2.0,0.9703420466733697
2025-06-03,PEP,DQN,2.0,0.9695325847305015
2025-06-04,PEP,DQN,2.0,0.9648961623402369
2025-06-05,PEP,DQN,2.0,0.967448059421041
2025-06-06,PEP,DQN,2.0,0.9669272821631996
2025-06-09,PEP,DQN,2.0,0.9808403850871682
2025-06-10,PEP,DQN,2.0,0.9664808004937574
2025-06-11,PEP,DQN,2.0,0.9659975600935106
2025-06-12,PEP,DQN,2.0,0.9549273589779038
2025-06-13,PEP,DQN,2.0,0.954449895298415
2025-06-16,PEP,DQN,2.0,0.954449895298415
2025-06-17,PEP,DQN,2.0,0.954449895298415
2025-06-18,PEP,DQN,2.0,0.954449895298415
2025-06-20,PEP,DQN,2.0,0.954449895298415
2025-06-23,PEP,DQN,2.0,0.954449895298415
2025-06-24,PEP,DQN,2.0,0.954449895298415
2025-06-25,PEP,DQN,2.0,0.954449895298415
2025-06-26,PEP,DQN,2.0,0.954449895298415
2025-06-27,PEP,DQN,2.0,0.9612564297681069
2025-06-30,PEP,DQN,2.0,0.9846981482956852
2025-07-01,PEP,DQN,2.0,0.9935798075493272
2025-07-02,PEP,DQN,2.0,0.9855717749486622
2025-07-03,PEP,DQN,2.0,0.9788013704828226
2025-07-07,PEP,DQN,2.0,0.9830965186790117
2025-07-08,PEP,DQN,2.0,0.9790197482753911
2025-07-09,PEP,DQN,2.0,0.9906679111772438
2025-07-10,PEP,DQN,2.0,0.9846981482956856
2025-07-11,PEP,DQN,2.0,0.9869550267727679
2025-07-14,PEP,DQN,2.0,0.9741421053220818
2025-07-15,PEP,DQN,2.0,0.9736550342694208
2025-07-16,PEP,DQN,2.0,0.9736550342694208
2025-07-17,PEP,DQN,2.0,0.9584402214773237
2025-07-18,PEP,DQN,2.0,0.957961001366585
2025-07-21,PEP,DQN,2.0,0.957961001366585
2025-07-22,PEP,DQN,2.0,0.957961001366585
2025-07-23,PEP,DQN,2.0,0.957961001366585
2025-07-24,PEP,DQN,2.0,0.9504553017560566
2025-07-25,PEP,DQN,2.0,0.9379990425494396
2025-07-28,PEP,DQN,2.0,0.95337053832201
2025-07-29,PEP,DQN,2.0,0.9465460028387036
2025-07-30,PEP,DQN,2.0,0.9138152018991845
2025-07-31,PEP,DQN,2.0,0.913358294298235
2025-08-01,PEP,DQN,2.0,0.913358294298235
2025-08-04,PEP,DQN,2.0,0.913358294298235
2025-08-05,PEP,DQN,2.0,0.913358294298235
2025-08-06,PEP,DQN,2.0,0.913358294298235
2025-08-07,PEP,DQN,2.0,0.913358294298235
2025-08-08,PEP,DQN,2.0,0.913358294298235
2025-08-11,PEP,DQN,2.0,0.913358294298235
2025-08-12,PEP,DQN,2.0,0.913358294298235
2025-08-13,PEP,DQN,2.0,0.913358294298235
2025-08-14,PEP,DQN,2.0,0.913358294298235
2025-08-15,PEP,DQN,2.0,0.913358294298235
2025-08-18,PEP,DQN,2.0,0.913358294298235
2025-08-19,PEP,DQN,2.0,0.913358294298235
2025-08-20,PEP,DQN,2.0,0.913358294298235
2025-08-21,PEP,DQN,2.0,0.913358294298235
2025-08-22,PEP,DQN,2.0,0.9041122539486113
2025-08-25,PEP,DQN,2.0,0.8967916131298993
2025-08-26,PEP,DQN,2.0,0.9006960452220081
2025-08-27,PEP,DQN,2.0,0.8966695814819503
2025-08-28,PEP,DQN,2.0,0.9068575305457696
2025-08-29,PEP,DQN,2.0,0.9168016098611104
2025-09-02,PEP,DQN,2.0,0.9163432090561798
2025-09-03,PEP,DQN,2.0,0.9163432090561798
2025-09-04,PEP,DQN,2.0,0.9216993901292021
2025-09-05,PEP,DQN,2.0,0.8922331835141102
2025-09-08,PEP,DQN,2.0,0.9009849972124587
2025-09-09,PEP,DQN,2.0,0.8982145720317398
2025-09-10,PEP,DQN,2.0,0.9080995796356756
2025-09-11,PEP,DQN,2.0,0.9036923188135528
2025-09-12,PEP,DQN,2.0,0.9032404726541461
2025-09-15,PEP,DQN,2.0,0.9032404726541461
2025-09-16,PEP,DQN,2.0,0.9032404726541461
2025-09-17,PEP,DQN,2.0,0.9032404726541461
2025-09-18,PEP,DQN,2.0,0.9032404726541461
2025-09-19,PEP,DQN,2.0,0.9032404726541461
2025-09-22,PEP,DQN,2.0,0.9032404726541461
2025-09-23,PEP,DQN,2.0,0.9032404726541461
2025-09-24,PEP,DQN,2.0,0.9032404726541461
2025-09-25,PEP,DQN,2.0,0.9032404726541461
2025-09-26,PEP,DQN,2.0,0.9032404726541461
2025-09-29,PEP,DQN,2.0,0.9045286704052067
2025-09-30,PEP,DQN,2.0,0.9219184714476899
2025-10-01,PEP,DQN,2.0,0.9165727211664962
2025-10-02,PEP,DQN,2.0,0.9144473718638227
2025-10-03,PEP,DQN,2.0,0.8997625700409424
2025-10-06,PEP,DQN,2.0,0.9067829207367104
2025-10-07,PEP,DQN,2.0,0.8942236705729067
2025-10-08,PEP,DQN,2.0,0.9320304232713498
2025-10-09,PEP,DQN,2.0,0.9666168761694741
2025-10-10,PEP,DQN,2.0,0.9589524250423617
2025-10-13,PEP,DQN,2.0,0.9584729488298406
2025-10-14,PEP,DQN,2.0,0.9584729488298406
2025-10-15,PEP,DQN,2.0,0.9584729488298406
2025-10-16,PEP,DQN,2.0,0.9645230004913181
2025-10-17,PEP,DQN,2.0,0.9640837512147254
2025-10-20,PEP,DQN,2.0,0.9611971855579788
2025-10-21,PEP,DQN,2.0,0.9602558948617976
2025-10-22,PEP,DQN,2.0,0.9507179950627507
2025-10-23,PEP,DQN,2.0,0.9509690650599414
2025-10-24,PEP,DQN,2.0,0.9577459834882335
2025-10-27,PEP,DQN,2.0,0.9419957030991004
2025-10-28,PEP,DQN,2.0,0.9171470679118914
2025-10-29,PEP,DQN,2.0,0.925869261300749
2025-10-30,PEP,DQN,2.0,0.9167078186352987
2025-10-31,PEP,DQN,2.0,0.9162494647259811
2025-11-03,PEP,DQN,2.0,0.9113250163816716
2025-11-04,PEP,DQN,2.0,0.9110698488394288
2025-11-05,PEP,DQN,2.0,0.9106143139150091
2025-11-06,PEP,DQN,2.0,0.9106143139150091
2025-11-07,PEP,DQN,2.0,0.9106143139150091
2025-11-10,PEP,DQN,2.0,0.9106143139150091
2025-11-11,PEP,DQN,2.0,0.9106143139150091
2025-11-12,PEP,DQN,2.0,0.9106143139150091
2025-11-13,PEP,DQN,2.0,0.9106143139150091
2025-11-14,PEP,DQN,2.0,0.9106143139150091
2025-11-17,PEP,DQN,2.0,0.9106143139150091
2025-11-18,PEP,DQN,2.0,0.8999981492860726
2025-11-19,PEP,DQN,2.0,0.893819239917279
2025-11-20,PEP,DQN,2.0,0.8952262459702737
2025-11-21,PEP,DQN,2.0,0.8901484341663134
2025-11-24,PEP,DQN,2.0,0.8938803639507288
2025-11-25,PEP,DQN,2.0,0.8934334237687535
2025-11-26,PEP,DQN,2.0,0.8934334237687535
2025-11-28,PEP,DQN,2.0,0.8934334237687535
2025-12-01,PEP,DQN,2.0,0.8934334237687535
2025-12-02,PEP,DQN,2.0,0.8934334237687535
2025-12-03,PEP,DQN,2.0,0.8934334237687535
2025-12-04,PEP,DQN,2.0,0.8934334237687535
2025-12-05,PEP,DQN,2.0,0.8934334237687535
2025-12-08,PEP,DQN,2.0,0.8934334237687535
2025-12-09,PEP,DQN,2.0,0.8934334237687535
2025-12-10,PEP,DQN,2.0,0.8934334237687535
2025-12-11,PEP,DQN,2.0,0.8934334237687535
2025-12-12,PEP,DQN,2.0,0.8963671746933677
2025-12-15,PEP,DQN,2.0,0.8913286924925683
2025-12-16,PEP,DQN,2.0,0.8896096993613208
2025-12-17,PEP,DQN,2.0,0.885401066373981
2025-12-18,PEP,DQN,2.0,0.878228804758776
2025-12-19,PEP,DQN,2.0,0.8716491213240011
2025-12-22,PEP,DQN,2.0,0.8516732610652186
2025-12-23,PEP,DQN,2.0,0.8520289370754767
2025-12-24,PEP,DQN,2.0,0.852265931461363
2025-12-26,PEP,DQN,2.0,0.8518397984956323
2025-12-29,PEP,DQN,2.0,0.8518397984956323
2025-12-30,PEP,DQN,2.0,0.8518397984956323
2025-12-31,PEP,DQN,2.0,0.8518397984956323
2026-01-02,PEP,DQN,2.0,0.8518397984956323
2026-01-05,PEP,DQN,2.0,0.8518397984956323
2026-01-06,PEP,DQN,2.0,0.8394601500072569
2026-01-07,PEP,DQN,2.0,0.8539198339552927
2026-01-08,PEP,DQN,2.0,0.8572285212189148
2026-01-09,PEP,DQN,2.0,0.8661126591656163
2026-01-12,PEP,DQN,2.0,0.8791018683955171
2026-01-13,PEP,DQN,2.0,0.8940516788101794
2026-01-14,PEP,DQN,2.0,0.8980343614541044
2026-01-15,PEP,DQN,2.0,0.8965025970980776
2026-01-16,PEP,DQN,2.0,0.9047127396644763
2026-01-20,PEP,DQN,2.0,0.8990759040252501
2026-01-21,PEP,DQN,2.0,0.8847386087164887
2026-01-22,PEP,DQN,2.0,0.8842962394121305
2026-01-23,PEP,DQN,2.0,0.8842962394121305
2026-01-26,PEP,DQN,2.0,0.8842962394121305
2026-01-27,PEP,DQN,2.0,0.8821898905617979
2026-01-28,PEP,DQN,2.0,0.8833186105262452
2026-01-29,PEP,DQN,2.0,0.9126655144409727
2026-01-30,PEP,DQN,2.0,0.9219923105903286
2026-02-02,PEP,DQN,2.0,0.9674385152801955
2026-02-03,PEP,DQN,2.0,0.9669547960225555
2026-02-04,PEP,DQN,2.0,0.9669547960225555
2026-02-05,PEP,DQN,2.0,0.9669547960225555
2026-02-06,PEP,DQN,2.0,0.9669547960225555
2026-02-09,PEP,DQN,2.0,0.9669547960225555
2026-02-10,PEP,DQN,2.0,0.9669547960225555
2026-02-11,PEP,DQN,2.0,0.9669547960225555
2026-02-12,PEP,DQN,2.0,0.9669547960225555
2026-02-13,PEP,DQN,2.0,0.9669547960225555
2026-02-17,PEP,DQN,2.0,0.9812215771496153
2026-02-18,PEP,DQN,2.0,0.9824154542700516
2026-02-19,PEP,DQN,2.0,0.9845045767290681
2026-02-20,PEP,DQN,2.0,1.0046793079023173
2026-02-23,PEP,DQN,2.0,1.011961243329292
2026-02-24,PEP,DQN,2.0,1.0097527981589305
2026-02-25,PEP,DQN,2.0,1.0002623247034534
2026-02-26,PEP,DQN,2.0,1.0131551204497282
2026-02-27,PEP,DQN,2.0,0.9984716483100108
2026-03-02,PEP,DQN,2.0,0.9843255462329802
2026-03-03,PEP,DQN,2.0,0.9784162398481063
2026-03-04,PEP,DQN,2.0,0.9591964617981803
2026-03-05,PEP,DQN,2.0,0.9601178931325577
2026-03-06,PEP,DQN,2.0,0.9727645219467117
2026-03-09,PEP,DQN,2.0,0.9682479019624215
2026-03-10,PEP,DQN,2.0,0.9644539040323612
2026-03-11,PEP,DQN,2.0,0.9566852990877538
2026-03-12,PEP,DQN,2.0,0.9628279579812732
2026-03-13,PEP,DQN,2.0,0.9498200181400043
2026-03-16,PEP,DQN,2.0,0.9424728962979605
2026-03-17,PEP,DQN,2.0,0.9246471975207349
2026-03-18,PEP,DQN,2.0,0.9198295314429195
2026-03-19,PEP,DQN,2.0,0.9035695137831922
2026-03-20,PEP,DQN,2.0,0.9086282395953666
2026-03-23,PEP,DQN,2.0,0.9068817636770992
2026-03-24,PEP,DQN,2.0,0.9137470446248487
2026-03-25,PEP,DQN,2.0,0.9083271006437003
2026-03-26,PEP,DQN,2.0,0.9216360865784945
2026-03-27,PEP,DQN,2.0,0.9444000741588562
2026-03-30,PEP,DQN,2.0,0.9351860393895065
2026-03-31,PEP,DQN,2.0,0.9347184463698118
2026-04-01,PEP,DQN,2.0,0.9347184463698118
2026-04-02,PEP,DQN,2.0,0.9347184463698118
2026-04-06,PEP,DQN,2.0,0.9347184463698118
2026-04-07,PEP,DQN,2.0,0.9347184463698118
2026-04-08,PEP,DQN,2.0,0.9347184463698118
2026-04-09,PEP,DQN,2.0,0.9347184463698118
2026-04-10,PEP,DQN,2.0,0.9347184463698118
2026-04-13,PEP,DQN,2.0,0.9332916253672338
2026-04-14,PEP,DQN,2.0,0.9280774346253791
2026-04-15,PEP,DQN,2.0,0.9492340814848491
2026-04-16,PEP,DQN,2.0,0.9449787798844196
2026-04-17,PEP,DQN,2.0,0.9409033162050783
2026-04-20,PEP,DQN,2.0,0.9284969024176813
2026-04-21,PEP,DQN,2.0,0.9280326539664726
2026-04-22,PEP,DQN,2.0,0.9280326539664726
2026-04-23,PEP,DQN,2.0,0.9280326539664726
2026-04-24,PEP,DQN,2.0,0.9280326539664726
2026-04-27,PEP,DQN,2.0,0.9280326539664726
2026-04-28,PEP,DQN,2.0,0.9280326539664726
2026-04-29,PEP,DQN,2.0,0.9280326539664726
2026-04-30,PEP,DQN,2.0,0.9280326539664726
2026-05-01,PEP,DQN,2.0,0.9280326539664726
2026-05-04,PEP,DQN,2.0,0.9280326539664726
2026-05-05,PEP,DQN,2.0,0.9280326539664726
2026-05-06,PEP,DQN,2.0,0.9280326539664726
2026-05-07,PEP,DQN,2.0,0.9280326539664726
2026-05-08,PEP,DQN,2.0,0.9280326539664726
2026-05-11,PEP,DQN,2.0,0.9427242516134203
2026-05-12,PEP,DQN,2.0,0.9267068907856494
2026-05-13,PEP,DQN,2.0,0.9229819543182767
2026-05-14,PEP,DQN,2.0,0.9257756566688063
2026-05-15,PEP,DQN,2.0,0.9254031821675073
2026-05-18,PEP,DQN,2.0,0.9335359728848968
2026-05-19,PEP,DQN,2.0,0.9268310489527491
2026-05-20,PEP,DQN,2.0,0.9240994735493651
2026-05-21,PEP,DQN,2.0,0.9347776502830848
2026-05-22,PEP,DQN,2.0,0.9044192074741757
2026-05-26,PEP,DQN,2.0,0.9172082645029724
2026-05-27,PEP,DQN,2.0,0.908206270888694
2026-05-28,PEP,DQN,2.0,0.8951689932528892
2026-05-29,PEP,DQN,2.0,0.8785928728095742
2026-06-01,PEP,DQN,2.0,0.881572860274349
2026-06-02,PEP,DQN,2.0,0.8849252265132315
2026-06-03,PEP,DQN,2.0,0.8825040943911923
2026-06-04,PEP,DQN,2.0,0.8903460659014507
2026-06-05,PEP,DQN,2.0,0.8825667957014854
2026-06-08,PEP,DQN,2.0,0.8957413461295963
2026-06-09,PEP,DQN,2.0,0.905402708637462
2026-06-10,PEP,DQN,2.0,0.9017012253319545
2026-06-11,PEP,DQN,2.0,0.9050890106316133
2026-06-12,PEP,DQN,2.0,0.9175106667002493
2026-06-15,PEP,DQN,2.0,0.9166950710304812
2026-06-16,PEP,DQN,2.0,0.8882757739354796
2026-06-17,PEP,DQN,2.0,0.8909734619131481
2026-06-18,PEP,DQN,2.0,0.8905279751821915
2026-06-22,PEP,DQN,2.0,0.8905279751821915
2026-06-23,PEP,DQN,2.0,0.891461924411083
2026-06-24,PEP,DQN,2.0,0.874230461569235
2026-06-25,PEP,DQN,2.0,0.8859478257060545
2026-06-26,PEP,DQN,2.0,0.8689669602547232
2026-06-29,PEP,DQN,2.0,0.8484145322231736
2026-06-30,PEP,DQN,2.0,0.8845066755850098
2026-07-01,PEP,DQN,2.0,0.9036805789403022
2026-07-02,PEP,DQN,2.0,0.9032287386508321
2026-07-06,PEP,DQN,2.0,0.9032287386508321
2026-07-07,PEP,DQN,2.0,0.9032287386508321
2026-07-08,PEP,DQN,2.0,0.9032287386508321
2026-07-09,PEP,DQN,2.0,0.9032287386508321
2026-07-10,PEP,DQN,2.0,0.9100750163731883
2026-07-13,PEP,DQN,2.0,0.8900978648347623
2026-07-14,PEP,DQN,2.0,0.8897692741326019
2026-07-15,PEP,DQN,2.0,0.9162520603235055
2026-07-16,PEP,DQN,2.0,0.9010721124386526
2026-07-17,PEP,DQN,2.0,0.9006215763824333
2026-07-20,PEP,DQN,2.0,0.9006215763824333
2026-07-21,PEP,DQN,2.0,0.9006215763824333
2026-07-22,PEP,DQN,2.0,0.9006215763824333
2026-07-23,PEP,DQN,2.0,0.9006215763824333
2026-07-24,PEP,DQN,2.0,0.9006215763824333
2026-07-27,PEP,DQN,2.0,0.9006215763824333
2026-07-28,PEP,DQN,2.0,0.9006215763824333
2026-07-29,PEP,DQN,2.0,0.9006215763824333
2026-07-30,PEP,DQN,2.0,0.9006215763824333
2026-07-31,PEP,DQN,2.0,0.9006230433801347
2026-08-03,PEP,DQN,2.0,0.897204515149052
2026-08-04,PEP,DQN,2.0,0.8970432043938628
2024-11-18,TLT,Comprar y mantener,,1.0045975822496316
2024-11-19,TLT,Comprar y mantener,,1.0013854580183803
2024-11-20,TLT,Comprar y mantener,,1.0006101586132192
2024-11-21,TLT,Comprar y mantener,,1.001163969987655
2024-11-22,TLT,Comprar y mantener,,1.0270819953802817
2024-11-25,TLT,Comprar y mantener,,1.0230948456367348
2024-11-26,TLT,Comprar y mantener,,1.0301831930009264
2024-11-27,TLT,Comprar y mantener,,1.040816261832945
2024-11-29,TLT,Comprar y mantener,,1.0433170862919858
2024-12-02,TLT,Comprar y mantener,,1.0343143190942068
2024-12-03,TLT,Comprar y mantener,,1.0454288002864958
2024-12-04,TLT,Comprar y mantener,,1.0475405142810057
2024-12-05,TLT,Comprar y mantener,,1.049096590948642
2024-12-06,TLT,Comprar y mantener,,1.0394268033252734
2024-12-09,TLT,Comprar y mantener,,1.0345365375059075
2024-12-10,TLT,Comprar y mantener,,1.0247557319743101
2024-12-11,TLT,Comprar y mantener,,1.012307849014195
2024-12-12,TLT,Comprar y mantener,,1.0019712235604803
2024-12-13,TLT,Comprar y mantener,,1.0049720850946589
2024-12-16,TLT,Comprar y mantener,,1.0074172180043417
2024-12-17,TLT,Comprar y mantener,,0.9948205199205321
2024-12-18,TLT,Comprar y mantener,,0.9797573252835153
2024-12-19,TLT,Comprar y mantener,,0.9853361577672388
2024-12-20,TLT,Comprar y mantener,,0.9762984235802727
2024-12-23,TLT,Comprar y mantener,,0.9804268107448965
2024-12-24,TLT,Comprar y mantener,,0.9798688909774754
2024-12-26,TLT,Comprar y mantener,,0.9718353393337698
2024-12-27,TLT,Comprar y mantener,,0.9796454856966901
2024-12-30,TLT,Comprar y mantener,,0.9744017154853337
2024-12-31,TLT,Comprar y mantener,,0.9770794747356137
2025-01-02,TLT,Comprar y mantener,,0.9739553614118724
2025-01-03,TLT,Comprar y mantener,,0.9696036602640854
2025-01-06,TLT,Comprar y mantener,,0.9586691266845582
2025-01-07,TLT,Comprar y mantener,,0.9598965319133602
2025-01-08,TLT,Comprar y mantener,,0.9535364656790521
2025-01-10,TLT,Comprar y mantener,,0.9532019511924164
2025-01-13,TLT,Comprar y mantener,,0.9516398488817347
2025-01-14,TLT,Comprar y mantener,,0.9680417405486477
2025-01-15,TLT,Comprar y mantener,,0.971165853872389
2025-01-16,TLT,Comprar y mantener,,0.9728396131746522
2025-01-17,TLT,Comprar y mantener,,0.981542558982117
2025-01-21,TLT,Comprar y mantener,,0.9764100805718547
2025-01-22,TLT,Comprar y mantener,,0.9688227004063664
2025-01-23,TLT,Comprar y mantener,,0.9731742189589097
2025-01-24,TLT,Comprar y mantener,,0.9846665810082362
2025-01-27,TLT,Comprar y mantener,,0.9839971868444772
2025-01-28,TLT,Comprar y mantener,,0.9819889130555782
2025-01-29,TLT,Comprar y mantener,,0.9856708548491186
2025-01-30,TLT,Comprar y mantener,,0.9791993142184726
2025-01-31,TLT,Comprar y mantener,,0.987172152943616
2025-02-03,TLT,Comprar y mantener,,0.9901953823951595
2025-02-04,TLT,Comprar y mantener,,1.00654377365564
2025-02-05,TLT,Comprar y mantener,,1.0060958675226066
2025-02-06,TLT,Comprar y mantener,,0.9996013198912422
2025-02-07,TLT,Comprar y mantener,,0.9965779991420768
2025-02-10,TLT,Comprar y mantener,,0.9901953823951597
2025-02-11,TLT,Comprar y mantener,,0.9767584722970192
2025-02-12,TLT,Comprar y mantener,,0.9929947500778084
2025-02-13,TLT,Comprar y mantener,,0.9982576014921415
2025-02-14,TLT,Comprar y mantener,,0.9865002024464439
2025-02-18,TLT,Comprar y mantener,,0.9877318073658532
2025-02-19,TLT,Comprar y mantener,,0.9914270786121908
2025-02-20,TLT,Comprar y mantener,,1.003408430724405
2025-02-21,TLT,Comprar y mantener,,1.006319820589123
2025-02-24,TLT,Comprar y mantener,,1.0236757724048742
2025-02-25,TLT,Comprar y mantener,,1.0297225964984489
2025-02-26,TLT,Comprar y mantener,,1.022444167485465
2025-02-27,TLT,Comprar y mantener,,1.0349855392104041
2025-02-28,TLT,Comprar y mantener,,1.039815639896939
2025-03-03,TLT,Comprar y mantener,,1.0270102354494697
2025-03-04,TLT,Comprar y mantener,,1.018810248241043
2025-03-05,TLT,Comprar y mantener,,1.015440453016773
2025-03-06,TLT,Comprar y mantener,,1.0121828625698164
2025-03-07,TLT,Comprar y mantener,,1.022741706435232
2025-03-10,TLT,Comprar y mantener,,1.0154404530167733
2025-03-11,TLT,Comprar y mantener,,1.0093747303154659
2025-03-12,TLT,Comprar y mantener,,1.0182485852711245
2025-03-13,TLT,Comprar y mantener,,1.012856821614671
2025-03-14,TLT,Comprar y mantener,,1.0179116057486977
2025-03-17,TLT,Comprar y mantener,,1.0189227269112224
2025-03-18,TLT,Comprar y mantener,,1.0242020118974973
2025-03-19,TLT,Comprar y mantener,,1.0248758796447295
2025-03-20,TLT,Comprar y mantener,,1.018810248241044
2025-03-21,TLT,Comprar y mantener,,1.0083636091529415
2025-03-24,TLT,Comprar y mantener,,1.0082514043756283
2025-03-25,TLT,Comprar y mantener,,1.0016240187044019
2025-03-26,TLT,Comprar y mantener,,0.9987036816727378
2025-03-27,TLT,Comprar y mantener,,1.0125199333898662
2025-03-28,TLT,Comprar y mantener,,1.0225169316901188
2025-03-31,TLT,Comprar y mantener,,1.031377548490602
2025-04-01,TLT,Comprar y mantener,,1.0307013070052005
2025-04-02,TLT,Comprar y mantener,,1.0354360016768513
2025-04-03,TLT,Comprar y mantener,,1.0467091581359997
2025-04-04,TLT,Comprar y mantener,,1.0151445574242008
2025-04-07,TLT,Comprar y mantener,,0.9959799997186424
2025-04-08,TLT,Comprar y mantener,,1.0018422200207386
2025-04-09,TLT,Comprar y mantener,,0.9742229547416572
2025-04-10,TLT,Comprar y mantener,,0.9795215035261527
2025-04-11,TLT,Comprar y mantener,,0.9865108842682065
2025-04-14,TLT,Comprar y mantener,,0.9900053920439896
2025-04-15,TLT,Comprar y mantener,,0.9955291720617084
2025-04-16,TLT,Comprar y mantener,,0.9867362980966736
2025-04-17,TLT,Comprar y mantener,,0.9694882600700064
2025-04-21,TLT,Comprar y mantener,,0.9748994701199246
2025-04-22,TLT,Comprar y mantener,,0.9843689507608484
2025-04-23,TLT,Comprar y mantener,,0.9947399954180189
2025-04-24,TLT,Comprar y mantener,,1.0020677251468282
2025-04-25,TLT,Comprar y mantener,,1.0083804992129928
2025-04-28,TLT,Comprar y mantener,,1.0168353893817597
2025-04-29,TLT,Comprar y mantener,,1.0086060043390819
2025-04-30,TLT,Comprar y mantener,,1.0034918767508214
2025-05-01,TLT,Comprar y mantener,,0.9926300160783251
2025-05-02,TLT,Comprar y mantener,,0.9870854202028136
2025-05-05,TLT,Comprar y mantener,,0.9903671132219515
2025-05-06,TLT,Comprar y mantener,,0.9945532917812369
2025-05-07,TLT,Comprar y mantener,,0.9834650130064325
2025-05-08,TLT,Comprar y mantener,,0.9849359089928377
2025-05-09,TLT,Comprar y mantener,,0.9757709972185671
2025-05-12,TLT,Comprar y mantener,,0.9718107802734802
2025-05-13,TLT,Comprar y mantener,,0.9653615162625774
2025-05-14,TLT,Comprar y mantener,,0.9738476302180336
2025-05-15,TLT,Comprar y mantener,,0.9764500689302473
2025-05-16,TLT,Comprar y mantener,,0.9736213034133474
2025-05-19,TLT,Comprar y mantener,,0.9666062680395402
2025-05-20,TLT,Comprar y mantener,,0.9500870589284878
2025-05-21,TLT,Comprar y mantener,,0.9550654269529856
2025-05-22,TLT,Comprar y mantener,,0.9566494406929227
2025-05-23,TLT,Comprar y mantener,,0.9700007136217226
2025-05-27,TLT,Comprar y mantener,,0.9658140785743278
2025-05-28,TLT,Comprar y mantener,,0.9747528461391562
2025-05-29,TLT,Comprar y mantener,,0.9762237421255614
2025-05-30,TLT,Comprar y mantener,,0.9671382592823423
2025-06-02,TLT,Comprar y mantener,,0.965434828252962
2025-06-03,TLT,Comprar y mantener,,0.981106978028041
2025-06-04,TLT,Comprar y mantener,,0.9817884234778907
2025-06-05,TLT,Comprar y mantener,,0.969296078575911
2025-06-06,TLT,Comprar y mantener,,0.9703183380483075
2025-06-09,TLT,Comprar y mantener,,0.975314965597185
2025-06-10,TLT,Comprar y mantener,,0.9782678045822448
2025-06-11,TLT,Comprar y mantener,,0.9899652210903551
2025-06-12,TLT,Comprar y mantener,,0.9804257151734354
2025-06-13,TLT,Comprar y mantener,,0.9705451213411032
2025-06-16,TLT,Comprar y mantener,,0.9823565685789646
2025-06-17,TLT,Comprar y mantener,,0.984059908310723
2025-06-18,TLT,Comprar y mantener,,0.9822427204444574
2025-06-20,TLT,Comprar y mantener,,0.9854225253175566
2025-06-23,TLT,Comprar y mantener,,0.9925774286481122
2025-06-24,TLT,Comprar y mantener,,0.9938266540085481
2025-06-25,TLT,Comprar y mantener,,0.9988235554502911
2025-06-26,TLT,Comprar y mantener,,0.9924637631088489
2025-06-27,TLT,Comprar y mantener,,1.0022305088066739
2025-06-30,TLT,Comprar y mantener,,1.0047155387771263
2025-07-01,TLT,Comprar y mantener,,0.9983319177563684
2025-07-02,TLT,Comprar y mantener,,0.9913786908725865
2025-07-03,TLT,Comprar y mantener,,0.9819173357200117
2025-07-07,TLT,Comprar y mantener,,0.9806632715856154
2025-07-08,TLT,Comprar y mantener,,0.9909224766559603
2025-07-09,TLT,Comprar y mantener,,0.9916065697368449
2025-07-10,TLT,Comprar y mantener,,0.9779276296430516
2025-07-11,TLT,Comprar y mantener,,0.9758756242932632
2025-07-14,TLT,Comprar y mantener,,0.9690364281392324
2025-07-15,TLT,Comprar y mantener,,0.9704041578128922
2025-07-16,TLT,Comprar y mantener,,0.9701761876510121
2025-07-17,TLT,Comprar y mantener,,0.9716581306496669
2025-07-18,TLT,Comprar y mantener,,0.9803214532892279
2025-07-21,TLT,Comprar y mantener,,0.9862489513909813
2025-07-22,TLT,Comprar y mantener,,0.9807774849106105
2025-07-23,TLT,Comprar y mantener,,0.9790674804524535
2025-07-24,TLT,Comprar y mantener,,0.9852231313113311
2025-07-25,TLT,Comprar y mantener,,0.9788396928858171
2025-07-28,TLT,Comprar y mantener,,0.9953683056519251
2025-07-29,TLT,Comprar y mantener,,0.9902385661703198
2025-07-30,TLT,Comprar y mantener,,0.9908087198190753
2025-07-31,TLT,Comprar y mantener,,1.0048945734136698
2025-08-01,TLT,Comprar y mantener,,1.0076408971779955
2025-08-04,TLT,Comprar y mantener,,1.0107303174054154
2025-08-05,TLT,Comprar y mantener,,1.0048945734136698
2025-08-06,TLT,Comprar y mantener,,1.003178086824358
2025-08-07,TLT,Comprar y mantener,,0.9988299462838249
2025-08-08,TLT,Comprar y mantener,,0.9999741793790776
2025-08-11,TLT,Comprar y mantener,,0.9949392981266248
2025-08-12,TLT,Comprar y mantener,,1.0031780868243583
2025-08-13,TLT,Comprar y mantener,,0.9957402521635396
2025-08-14,TLT,Comprar y mantener,,0.9886460617515465
2025-08-15,TLT,Comprar y mantener,,0.9857854333646041
2025-08-18,TLT,Comprar y mantener,,0.991506781436111
2025-08-19,TLT,Comprar y mantener,,0.9936804865158899
2025-08-20,TLT,Comprar y mantener,,0.9887605489694071
2025-08-21,TLT,Comprar y mantener,,0.9960837138171216
2025-08-22,TLT,Comprar y mantener,,0.9932229941325571
2025-08-25,TLT,Comprar y mantener,,0.9926510145313637
2025-08-26,TLT,Comprar y mantener,,0.991506781436111
2025-08-27,TLT,Comprar y mantener,,0.9980291748421545
2025-08-28,TLT,Comprar y mantener,,0.9909344366444299
2025-08-29,TLT,Comprar y mantener,,0.9835603277236964
2025-09-02,TLT,Comprar y mantener,,0.9943573670846447
2025-09-03,TLT,Comprar y mantener,,1.0019383564166
2025-09-04,TLT,Comprar y mantener,,1.0172148222983715
2025-09-05,TLT,Comprar y mantener,,1.03076850205492
2025-09-08,TLT,Comprar y mantener,,1.024910481443431
2025-09-09,TLT,Comprar y mantener,,1.0307685020549198
2025-09-10,TLT,Comprar y mantener,,1.0376602856391643
2025-09-11,TLT,Comprar y mantener,,1.0331804939278537
2025-09-12,TLT,Comprar y mantener,,1.0355926683960313
2025-09-15,TLT,Comprar y mantener,,1.0377748641546467
2025-09-16,TLT,Comprar y mantener,,1.0351333500602604
2025-09-17,TLT,Comprar y mantener,,1.0244511631076603
2025-09-18,TLT,Comprar y mantener,,1.0224983982728755
2025-09-19,TLT,Comprar y mantener,,1.0188227560152459
2025-09-22,TLT,Comprar y mantener,,1.0259443357138087
2025-09-23,TLT,Comprar y mantener,,1.0220391712347265
2025-09-24,TLT,Comprar y mantener,,1.0220391712347265
2025-09-25,TLT,Comprar y mantener,,1.0211199867774536
2025-09-26,TLT,Comprar y mantener,,1.0295050342654681
2025-09-29,TLT,Comprar y mantener,,1.0265185977555495
2025-09-30,TLT,Comprar y mantener,,1.0291696068026135
2025-10-01,TLT,Comprar y mantener,,1.0321665425390503
2025-10-02,TLT,Comprar y mantener,,1.0302069303826231
2025-10-03,TLT,Comprar y mantener,,1.0220233767461382
2025-10-06,TLT,Comprar y mantener,,1.0279017567273103
2025-10-07,TLT,Comprar y mantener,,1.0287086451096483
2025-10-08,TLT,Comprar y mantener,,1.0279017567273103
2025-10-09,TLT,Comprar y mantener,,1.0444993904955735
2025-10-10,TLT,Comprar y mantener,,1.0439230286085288
2025-10-13,TLT,Comprar y mantener,,1.0472658910343386
2025-10-14,TLT,Comprar y mantener,,1.0449605347837823
2025-10-15,TLT,Comprar y mantener,,1.0527980704332722
2025-10-16,TLT,Comprar y mantener,,1.0511845675614617
2025-10-17,TLT,Comprar y mantener,,1.0552187355802862
2025-10-20,TLT,Comprar y mantener,,1.060405536075578
2025-10-21,TLT,Comprar y mantener,,1.0610971155614584
2025-10-22,TLT,Comprar y mantener,,1.0538356679061474
2025-10-23,TLT,Comprar y mantener,,1.0542967208967344
2025-10-24,TLT,Comprar y mantener,,1.0578696533297283
2025-10-27,TLT,Comprar y mantener,,1.0606361538684934
2025-10-28,TLT,Comprar y mantener,,1.0499167174861588
2025-10-29,TLT,Comprar y mantener,,1.043807811009693
2025-10-30,TLT,Comprar y mantener,,1.0406957489720425
2025-10-31,TLT,Comprar y mantener,,1.038092945069341
2025-11-03,TLT,Comprar y mantener,,1.0404066094034903
2025-11-04,TLT,Comprar y mantener,,1.0290701836923661
2025-11-05,TLT,Comprar y mantener,,1.0383244758384755
2025-11-06,TLT,Comprar y mantener,,1.0361265768888934
2025-11-07,TLT,Comprar y mantener,,1.035895228715003
2025-11-10,TLT,Comprar y mantener,,1.0406380488750029
2025-11-11,TLT,Comprar y mantener,,1.0424888342661272
2025-11-12,TLT,Comprar y mantener,,1.0339285866416896
2025-11-13,TLT,Comprar y mantener,,1.028029116909859
2025-11-14,TLT,Comprar y mantener,,1.030573946822655
2025-11-17,TLT,Comprar y mantener,,1.0302269245618192
2025-11-18,TLT,Comprar y mantener,,1.0281446996991825
2025-11-19,TLT,Comprar y mantener,,1.0321934753375108
2025-11-20,TLT,Comprar y mantener,,1.0353168582802768
2025-11-21,TLT,Comprar y mantener,,1.0412164193097293
2025-11-24,TLT,Comprar y mantener,,1.0438769233094707
2025-11-25,TLT,Comprar y mantener,,1.0485040693825252
2025-11-26,TLT,Comprar y mantener,,1.043529809751013
2025-11-28,TLT,Comprar y mantener,,1.0305392537263338
2025-12-01,TLT,Comprar y mantener,,1.0310035021336872
2025-12-02,TLT,Comprar y mantener,,1.0339059448314591
2025-12-03,TLT,Comprar y mantener,,1.0283335031812686
2025-12-04,TLT,Comprar y mantener,,1.0235737929612174
2025-12-05,TLT,Comprar y mantener,,1.020207193153714
2025-12-08,TLT,Comprar y mantener,,1.0212520031387193
2025-12-09,TLT,Comprar y mantener,,1.0251991645238747
2025-12-10,TLT,Comprar y mantener,,1.0238061454089489
2025-12-11,TLT,Comprar y mantener,,1.0139382419460605
2025-12-12,TLT,Comprar y mantener,,1.0146348428011454
2025-12-15,TLT,Comprar y mantener,,1.020207193153714
2025-12-16,TLT,Comprar y mantener,,1.0192785137437634
2025-12-17,TLT,Comprar y mantener,,1.0241543545388694
2025-12-18,TLT,Comprar y mantener,,1.0203319057052274
2025-12-19,TLT,Comprar y mantener,,1.0181173905884597
2025-12-22,TLT,Comprar y mantener,,1.0197490616870277
2025-12-23,TLT,Comprar y mantener,,1.025925710998942
2025-12-24,TLT,Comprar y mantener,,1.022545964333885
2025-12-26,TLT,Comprar y mantener,,1.026391876656355
2025-12-29,TLT,Comprar y mantener,,1.0239446439013682
2025-12-30,TLT,Comprar y mantener,,1.015786744896637
2025-12-31,TLT,Comprar y mantener,,1.0142714782659892
2026-01-02,TLT,Comprar y mantener,,1.0192828047319922
2026-01-05,TLT,Comprar y mantener,,1.0171851505712546
2026-01-06,TLT,Comprar y mantener,,1.0231288083520842
2026-01-07,TLT,Comprar y mantener,,1.018000894822917
2026-01-08,TLT,Comprar y mantener,,1.0247604794506524
2026-01-09,TLT,Comprar y mantener,,1.0217303113798446
2026-01-12,TLT,Comprar y mantener,,1.0234782956487114
2026-01-13,TLT,Comprar y mantener,,1.0294220447271627
2026-01-14,TLT,Comprar y mantener,,1.0291888706008343
2026-01-15,TLT,Comprar y mantener,,1.0232453041176266
2026-01-16,TLT,Comprar y mantener,,1.0098429045205637
2026-01-20,TLT,Comprar y mantener,,1.0175346378678818
2026-01-21,TLT,Comprar y mantener,,1.0219633942085513
2026-01-22,TLT,Comprar y mantener,,1.0247604794506524
2026-01-23,TLT,Comprar y mantener,,1.0296551275558694
2026-01-26,TLT,Comprar y mantener,,1.0232453041176266
2026-01-27,TLT,Comprar y mantener,,1.0209144758305606
2026-01-28,TLT,Comprar y mantener,,1.0211475586592673
2026-01-29,TLT,Comprar y mantener,,1.0154368924095225
2026-01-30,TLT,Comprar y mantener,,1.0125356365808351
2026-02-02,TLT,Comprar y mantener,,1.0149924555861212
2026-02-03,TLT,Comprar y mantener,,1.0124187756248053
2026-02-04,TLT,Comprar y mantener,,1.0234155741824673
2026-02-05,TLT,Comprar y mantener,,1.0241175615972442
2026-02-06,TLT,Comprar y mantener,,1.0238833831970748
2026-02-09,TLT,Comprar y mantener,,1.0356993953160314
2026-02-10,TLT,Comprar y mantener,,1.0302009960372005
2026-02-11,TLT,Comprar y mantener,,1.0438885181074522
2026-02-12,TLT,Comprar y mantener,,1.0496210044888308
2026-02-13,TLT,Comprar y mantener,,1.0513759273769618
2026-02-17,TLT,Comprar y mantener,,1.0473982725860924
2026-02-18,TLT,Comprar y mantener,,1.0484510254642028
2026-02-19,TLT,Comprar y mantener,,1.0459944803517824
2026-02-20,TLT,Comprar y mantener,,1.0498549089961344
2026-02-23,TLT,Comprar y mantener,,1.0517267841379172
2026-02-24,TLT,Comprar y mantener,,1.051843736391569
2026-02-25,TLT,Comprar y mantener,,1.056055386987364
2026-02-26,TLT,Comprar y mantener,,1.0624897694858975
2026-02-27,TLT,Comprar y mantener,,1.0518200903074975
2026-03-02,TLT,Comprar y mantener,,1.0497073720391468
2026-03-03,TLT,Comprar y mantener,,1.0464206576508046
2026-03-04,TLT,Comprar y mantener,,1.042195129816481
2026-03-05,TLT,Comprar y mantener,,1.0383217369098197
2026-03-06,TLT,Comprar y mantener,,1.0473597449896517
2026-03-09,TLT,Comprar y mantener,,1.036208927343847
2026-03-10,TLT,Comprar y mantener,,1.0228278913903084
2026-03-11,TLT,Comprar y mantener,,1.0208323992684751
2026-03-12,TLT,Comprar y mantener,,1.015785284134688
2026-03-13,TLT,Comprar y mantener,,1.023649478689772
2026-03-16,TLT,Comprar y mantener,,1.0264665581110692
2026-03-17,TLT,Comprar y mantener,,1.020714990526714
2026-03-18,TLT,Comprar y mantener,,1.026936101780493
2026-03-19,TLT,Comprar y mantener,,1.0074514546125588
2026-03-20,TLT,Comprar y mantener,,1.0140246094963778
2026-03-23,TLT,Comprar y mantener,,1.0095641728809097
2026-03-24,TLT,Comprar y mantener,,1.019306450816066
2026-03-25,TLT,Comprar y mantener,,1.0107379864056576
2026-03-26,TLT,Comprar y mantener,,1.005221236304825
2026-03-27,TLT,Comprar y mantener,,1.0186021809607417
2026-03-30,TLT,Comprar y mantener,,1.0175458674753772
2026-03-31,TLT,Comprar y mantener,,1.016544149967908
2026-04-01,TLT,Comprar y mantener,,1.0227900941748431
2026-04-02,TLT,Comprar y mantener,,1.0211402548495172
2026-04-06,TLT,Comprar y mantener,,1.0210223896196464
2026-04-07,TLT,Comprar y mantener,,1.0243219769726764
2026-04-08,TLT,Comprar y mantener,,1.0217293984036275
2026-04-09,TLT,Comprar y mantener,,1.0192545937668276
2026-04-10,TLT,Comprar y mantener,,1.0223186332553598
2026-04-13,TLT,Comprar y mantener,,1.0277396121508209
2026-04-14,TLT,Comprar y mantener,,1.0232614637967046
2026-04-15,TLT,Comprar y mantener,,1.0167798804276496
2026-04-16,TLT,Comprar y mantener,,1.026089772825495
2026-04-17,TLT,Comprar y mantener,,1.0258540423657534
2026-04-20,TLT,Comprar y mantener,,1.0201974243081724
2026-04-21,TLT,Comprar y mantener,,1.022200768025489
2026-04-22,TLT,Comprar y mantener,,1.0199617851460527
2026-04-23,TLT,Comprar y mantener,,1.0218471723358766
2026-04-24,TLT,Comprar y mantener,,1.01677988042765
2026-04-27,TLT,Comprar y mantener,,1.0178404849012437
2026-04-28,TLT,Comprar y mantener,,1.0099447013689826
2026-04-29,TLT,Comprar y mantener,,1.00900196212526
2026-04-30,TLT,Comprar y mantener,,1.0126096789521972
2026-05-01,TLT,Comprar y mantener,,1.0049212323192673
2026-05-04,TLT,Comprar y mantener,,1.0104805271119046
2026-05-05,TLT,Comprar y mantener,,1.0181687911495907
2026-05-06,TLT,Comprar y mantener,,1.0130826919312528
2026-05-07,TLT,Comprar y mantener,,1.0181687911495907
2026-05-08,TLT,Comprar y mantener,,1.0120181616599175
2026-05-11,TLT,Comprar y mantener,,1.0052761061755864
2026-05-12,TLT,Comprar y mantener,,1.0030288152125575
2026-05-13,TLT,Comprar y mantener,,1.0044481280425899
2026-05-14,TLT,Comprar y mantener,,0.9895446129462735
2026-05-15,TLT,Comprar y mantener,,0.9883617609569579
2026-05-18,TLT,Comprar y mantener,,0.981974579328946
2026-05-19,TLT,Comprar y mantener,,0.9925017429195627
2026-05-20,TLT,Comprar y mantener,,0.9961683467126243
2026-05-21,TLT,Comprar y mantener,,1.0016093197872815
2026-05-22,TLT,Comprar y mantener,,1.006577188585261
2026-05-26,TLT,Comprar y mantener,,1.0089428925638924
2026-05-27,TLT,Comprar y mantener,,1.0141472222025887
2026-05-28,TLT,Comprar y mantener,,1.0143838656385493
2026-05-29,TLT,Comprar y mantener,,1.0149300080127457
2026-06-01,TLT,Comprar y mantener,,1.0170675592342528
2026-06-02,TLT,Comprar y mantener,,1.0130301045010401
2026-06-03,TLT,Comprar y mantener,,1.0152862513333933
2026-06-04,TLT,Comprar y mantener,,1.01006137972977
2026-06-05,TLT,Comprar y mantener,,1.0048365994237685
2026-06-08,TLT,Comprar y mantener,,1.010773957668687
2026-06-09,TLT,Comprar y mantener,,1.0079239198058847
2026-06-10,TLT,Comprar y mantener,,1.0209861444637545
2026-06-11,TLT,Comprar y mantener,,1.0184924412192216
2026-06-12,TLT,Comprar y mantener,,1.0178987327840163
2026-06-15,TLT,Comprar y mantener,,1.0234798477082874
2026-06-16,TLT,Comprar y mantener,,1.0251423774030572
2026-06-17,TLT,Comprar y mantener,,1.0301296925945012
2026-06-18,TLT,Comprar y mantener,,1.022292248242633
2026-06-22,TLT,Comprar y mantener,,1.0235985346167553
2026-06-23,TLT,Comprar y mantener,,1.0376106197328558
2026-06-24,TLT,Comprar y mantener,,1.0372544677098303
2026-06-25,TLT,Comprar y mantener,,1.0373732459159202
2026-06-26,TLT,Comprar y mantener,,1.038441884580241
2026-06-29,TLT,Comprar y mantener,,1.0262109247697564
2026-06-30,TLT,Comprar y mantener,,1.0192744053507818
2026-07-01,TLT,Comprar y mantener,,1.0191552619542044
2026-07-02,TLT,Comprar y mantener,,1.0184400363842525
2026-07-06,TLT,Comprar y mantener,,1.0077134787874096
2026-07-07,TLT,Comprar y mantener,,1.0054489325738418
2026-07-08,TLT,Comprar y mantener,,1.0069982532174575
2026-07-09,TLT,Comprar y mantener,,1.0067599664243028
2026-07-10,TLT,Comprar y mantener,,1.0008006967501286
2026-07-13,TLT,Comprar y mantener,,1.0021117306005898
2026-07-14,TLT,Comprar y mantener,,1.0040186640291817
2026-07-15,TLT,Comprar y mantener,,1.0036610512442057
2026-07-16,TLT,Comprar y mantener,,1.007355774704812
2026-07-17,TLT,Comprar y mantener,,0.9998471843870221
2026-07-20,TLT,Comprar y mantener,,0.9971059732895228
2026-07-21,TLT,Comprar y mantener,,0.9944838142909789
2026-07-22,TLT,Comprar y mantener,,0.9912657557143042
2026-07-23,TLT,Comprar y mantener,,0.992219268077411
2026-07-24,TLT,Comprar y mantener,,0.9981785377515853
2026-07-27,TLT,Comprar y mantener,,1.004018664029182
2026-07-28,TLT,Comprar y mantener,,0.9874518888571204
2026-07-29,TLT,Comprar y mantener,,0.9868559892789895
2026-07-30,TLT,Comprar y mantener,,0.9803007287290627
2026-07-31,TLT,Comprar y mantener,,0.983531751568047
2026-08-03,TLT,Comprar y mantener,,0.9910706526963073
2026-08-04,TLT,Comprar y mantener,,0.9926262728758342
2024-11-18,TLT,DQN,0.0,1.0
2024-11-19,TLT,DQN,0.0,1.0
2024-11-20,TLT,DQN,0.0,1.0
2024-11-21,TLT,DQN,0.0,1.0
2024-11-22,TLT,DQN,0.0,1.0
2024-11-25,TLT,DQN,0.0,1.0
2024-11-26,TLT,DQN,0.0,1.0
2024-11-27,TLT,DQN,0.0,1.0
2024-11-29,TLT,DQN,0.0,1.0
2024-12-02,TLT,DQN,0.0,1.0
2024-12-03,TLT,DQN,0.0,1.0
2024-12-04,TLT,DQN,0.0,1.0
2024-12-05,TLT,DQN,0.0,1.0
2024-12-06,TLT,DQN,0.0,1.0
2024-12-09,TLT,DQN,0.0,1.0
2024-12-10,TLT,DQN,0.0,1.0
2024-12-11,TLT,DQN,0.0,1.0
2024-12-12,TLT,DQN,0.0,1.0
2024-12-13,TLT,DQN,0.0,1.0
2024-12-16,TLT,DQN,0.0,1.0
2024-12-17,TLT,DQN,0.0,1.0
2024-12-18,TLT,DQN,0.0,1.0
2024-12-19,TLT,DQN,0.0,1.0
2024-12-20,TLT,DQN,0.0,1.0
2024-12-23,TLT,DQN,0.0,1.0
2024-12-24,TLT,DQN,0.0,1.0
2024-12-26,TLT,DQN,0.0,1.0
2024-12-27,TLT,DQN,0.0,1.0
2024-12-30,TLT,DQN,0.0,1.0
2024-12-31,TLT,DQN,0.0,1.0
2025-01-02,TLT,DQN,0.0,1.0
2025-01-03,TLT,DQN,0.0,1.0
2025-01-06,TLT,DQN,0.0,1.0
2025-01-07,TLT,DQN,0.0,1.0
2025-01-08,TLT,DQN,0.0,1.0
2025-01-10,TLT,DQN,0.0,1.0
2025-01-13,TLT,DQN,0.0,1.0
2025-01-14,TLT,DQN,0.0,1.0
2025-01-15,TLT,DQN,0.0,1.0
2025-01-16,TLT,DQN,0.0,1.0
2025-01-17,TLT,DQN,0.0,1.0
2025-01-21,TLT,DQN,0.0,1.0
2025-01-22,TLT,DQN,0.0,1.0
2025-01-23,TLT,DQN,0.0,1.0
2025-01-24,TLT,DQN,0.0,1.0
2025-01-27,TLT,DQN,0.0,1.0
2025-01-28,TLT,DQN,0.0,1.0
2025-01-29,TLT,DQN,0.0,1.0
2025-01-30,TLT,DQN,0.0,1.0
2025-01-31,TLT,DQN,0.0,1.0
2025-02-03,TLT,DQN,0.0,1.0
2025-02-04,TLT,DQN,0.0,1.0
2025-02-05,TLT,DQN,0.0,1.0
2025-02-06,TLT,DQN,0.0,1.0
2025-02-07,TLT,DQN,0.0,1.0
2025-02-10,TLT,DQN,0.0,1.0
2025-02-11,TLT,DQN,0.0,1.0
2025-02-12,TLT,DQN,0.0,1.0
2025-02-13,TLT,DQN,0.0,1.0
2025-02-14,TLT,DQN,0.0,1.0
2025-02-18,TLT,DQN,0.0,1.0
2025-02-19,TLT,DQN,0.0,1.0
2025-02-20,TLT,DQN,0.0,1.0
2025-02-21,TLT,DQN,0.0,1.0
2025-02-24,TLT,DQN,0.0,1.0
2025-02-25,TLT,DQN,0.0,1.0
2025-02-26,TLT,DQN,0.0,1.0
2025-02-27,TLT,DQN,0.0,1.0
2025-02-28,TLT,DQN,0.0,1.0
2025-03-03,TLT,DQN,0.0,1.0
2025-03-04,TLT,DQN,0.0,0.9915156713873082
2025-03-05,TLT,DQN,0.0,0.9882361551280261
2025-03-06,TLT,DQN,0.0,0.9850658376084531
2025-03-07,TLT,DQN,0.0,0.9953418033070376
2025-03-10,TLT,DQN,0.0,0.9882361551280263
2025-03-11,TLT,DQN,0.0,0.9823329370096184
2025-03-12,TLT,DQN,0.0,0.9909690557268616
2025-03-13,TLT,DQN,0.0,0.98572174086031
2025-03-14,TLT,DQN,0.0,0.9906411041009334
2025-03-17,TLT,DQN,0.0,0.9916251366821187
2025-03-18,TLT,DQN,0.0,0.9967629862538603
2025-03-19,TLT,DQN,0.0,0.9974188006540164
2025-03-20,TLT,DQN,0.0,0.9915156713873089
2025-03-21,TLT,DQN,0.0,0.9813489044284335
2025-03-24,TLT,DQN,0.0,0.9812397056887245
2025-03-25,TLT,DQN,0.0,0.9747898719098695
2025-03-26,TLT,DQN,0.0,0.9719477725713257
2025-03-27,TLT,DQN,0.0,0.9853938780860826
2025-03-28,TLT,DQN,0.0,0.995123050420819
2025-03-31,TLT,DQN,0.0,1.0037462856415138
2025-04-01,TLT,DQN,0.0,1.003088161097149
2025-04-02,TLT,DQN,0.0,1.0076960102764057
2025-04-03,TLT,DQN,0.0,1.0186671516783934
2025-04-04,TLT,DQN,0.0,1.0181578181025543
2025-04-07,TLT,DQN,0.0,0.998427295197485
2025-04-08,TLT,DQN,0.0,1.0043039199908816
2025-04-09,TLT,DQN,0.0,0.9766167893901415
2025-04-10,TLT,DQN,0.0,0.9819283576273252
2025-04-11,TLT,DQN,0.0,0.9814373934485117
2025-04-14,TLT,DQN,0.0,0.9814373934485117
2025-04-15,TLT,DQN,0.0,0.9814373934485117
2025-04-16,TLT,DQN,0.0,0.9814373934485117
2025-04-17,TLT,DQN,0.0,0.9814373934485117
2025-04-21,TLT,DQN,0.0,0.9814373934485117
2025-04-22,TLT,DQN,0.0,0.9814373934485117
2025-04-23,TLT,DQN,0.0,0.9814373934485117
2025-04-24,TLT,DQN,0.0,0.9814373934485117
2025-04-25,TLT,DQN,0.0,0.9814373934485117
2025-04-28,TLT,DQN,0.0,0.9814373934485117
2025-04-29,TLT,DQN,0.0,0.9814373934485117
2025-04-30,TLT,DQN,0.0,0.9814373934485117
2025-05-01,TLT,DQN,0.0,0.9814373934485117
2025-05-02,TLT,DQN,0.0,0.9814373934485117
2025-05-05,TLT,DQN,0.0,0.9814373934485117
2025-05-06,TLT,DQN,0.0,0.9814373934485117
2025-05-07,TLT,DQN,0.0,0.9814373934485117
2025-05-08,TLT,DQN,0.0,0.9814373934485117
2025-05-09,TLT,DQN,0.0,0.9814373934485117
2025-05-12,TLT,DQN,0.0,0.9814373934485117
2025-05-13,TLT,DQN,0.0,0.9814373934485117
2025-05-14,TLT,DQN,0.0,0.9814373934485117
2025-05-15,TLT,DQN,0.0,0.9814373934485117
2025-05-16,TLT,DQN,0.0,0.9814373934485117
2025-05-19,TLT,DQN,0.0,0.9814373934485117
2025-05-20,TLT,DQN,0.0,0.9814373934485117
2025-05-21,TLT,DQN,0.0,0.9814373934485117
2025-05-22,TLT,DQN,0.0,0.9814373934485117
2025-05-23,TLT,DQN,0.0,0.9814373934485117
2025-05-27,TLT,DQN,0.0,0.9814373934485117
2025-05-28,TLT,DQN,0.0,0.9814373934485117
2025-05-29,TLT,DQN,0.0,0.9814373934485117
2025-05-30,TLT,DQN,0.0,0.9814373934485117
2025-06-02,TLT,DQN,0.0,0.9814373934485117
2025-06-03,TLT,DQN,0.0,0.9814373934485117
2025-06-04,TLT,DQN,0.0,0.9814373934485117
2025-06-05,TLT,DQN,0.0,0.9814373934485117
2025-06-06,TLT,DQN,0.0,0.9814373934485117
2025-06-09,TLT,DQN,0.0,0.9814373934485117
2025-06-10,TLT,DQN,0.0,0.9814373934485117
2025-06-11,TLT,DQN,0.0,0.9814373934485117
2025-06-12,TLT,DQN,0.0,0.9814373934485117
2025-06-13,TLT,DQN,0.0,0.9814373934485117
2025-06-16,TLT,DQN,0.0,0.9814373934485117
2025-06-17,TLT,DQN,0.0,0.9814373934485117
2025-06-18,TLT,DQN,0.0,0.9814373934485117
2025-06-20,TLT,DQN,0.0,0.9814373934485117
2025-06-23,TLT,DQN,0.0,0.9814373934485117
2025-06-24,TLT,DQN,0.0,0.9814373934485117
2025-06-25,TLT,DQN,0.0,0.9814373934485117
2025-06-26,TLT,DQN,0.0,0.9814373934485117
2025-06-27,TLT,DQN,0.0,0.9814373934485117
2025-06-30,TLT,DQN,0.0,0.9814373934485117
2025-07-01,TLT,DQN,0.0,0.9814373934485117
2025-07-02,TLT,DQN,0.0,0.9814373934485117
2025-07-03,TLT,DQN,0.0,0.9814373934485117
2025-07-07,TLT,DQN,0.0,0.9814373934485117
2025-07-08,TLT,DQN,0.0,0.9814373934485117
2025-07-09,TLT,DQN,0.0,0.9814373934485117
2025-07-10,TLT,DQN,0.0,0.9814373934485117
2025-07-11,TLT,DQN,0.0,0.9814373934485117
2025-07-14,TLT,DQN,0.0,0.9814373934485117
2025-07-15,TLT,DQN,0.0,0.9814373934485117
2025-07-16,TLT,DQN,0.0,0.9814373934485117
2025-07-17,TLT,DQN,0.0,0.9814373934485117
2025-07-18,TLT,DQN,0.0,0.9814373934485117
2025-07-21,TLT,DQN,0.0,0.9814373934485117
2025-07-22,TLT,DQN,0.0,0.9814373934485117
2025-07-23,TLT,DQN,0.0,0.9814373934485117
2025-07-24,TLT,DQN,0.0,0.9814373934485117
2025-07-25,TLT,DQN,0.0,0.9814373934485117
2025-07-28,TLT,DQN,0.0,0.9814373934485117
2025-07-29,TLT,DQN,0.0,0.9814373934485117
2025-07-30,TLT,DQN,0.0,0.9814373934485117
2025-07-31,TLT,DQN,0.0,0.9948993006823511
2025-08-01,TLT,DQN,0.0,0.9976183078945139
2025-08-04,TLT,DQN,0.0,1.0006769989304627
2025-08-05,TLT,DQN,0.0,0.9948993006823512
2025-08-06,TLT,DQN,0.0,0.9931998872786787
2025-08-07,TLT,DQN,0.0,0.9888949959025123
2025-08-08,TLT,DQN,0.0,0.9900278477821053
2025-08-11,TLT,DQN,0.0,0.9850430464212346
2025-08-12,TLT,DQN,0.0,0.9931998872786788
2025-08-13,TLT,DQN,0.0,0.9858360336979974
2025-08-14,TLT,DQN,0.0,0.9788124062782343
2025-08-15,TLT,DQN,0.0,0.975980231384491
2025-08-18,TLT,DQN,0.0,0.9816446715614998
2025-08-19,TLT,DQN,0.0,0.9837967556914948
2025-08-20,TLT,DQN,0.0,0.9789257547388589
2025-08-21,TLT,DQN,0.0,0.9861760790798715
2025-08-22,TLT,DQN,0.0,0.9833438137966061
2025-08-25,TLT,DQN,0.0,0.9827775234410927
2025-08-26,TLT,DQN,0.0,0.9816446715614997
2025-08-27,TLT,DQN,0.0,0.9881021894047933
2025-08-28,TLT,DQN,0.0,0.981078019647898
2025-08-29,TLT,DQN,0.0,0.9805874806380741
2025-09-02,TLT,DQN,0.0,0.9805874806380741
2025-09-03,TLT,DQN,0.0,0.9805874806380741
2025-09-04,TLT,DQN,0.0,0.9805874806380741
2025-09-05,TLT,DQN,0.0,0.9931628328109945
2025-09-08,TLT,DQN,0.0,0.9926662513945891
2025-09-09,TLT,DQN,0.0,0.9926662513945891
2025-09-10,TLT,DQN,0.0,0.9926662513945891
2025-09-11,TLT,DQN,0.0,0.9926662513945891
2025-09-12,TLT,DQN,0.0,0.9926662513945891
2025-09-15,TLT,DQN,0.0,0.9926662513945891
2025-09-16,TLT,DQN,0.0,0.9926662513945891
2025-09-17,TLT,DQN,0.0,0.9926662513945891
2025-09-18,TLT,DQN,0.0,0.9902777404685165
2025-09-19,TLT,DQN,0.0,0.9867179239291417
2025-09-22,TLT,DQN,0.0,0.9936150905793502
2025-09-23,TLT,DQN,0.0,0.9898329844527924
2025-09-24,TLT,DQN,0.0,0.9898329844527924
2025-09-25,TLT,DQN,0.0,0.9889427650559116
2025-09-26,TLT,DQN,0.0,0.9970635854837754
2025-09-29,TLT,DQN,0.0,0.9941712566507032
2025-09-30,TLT,DQN,0.0,0.9967387279088707
2025-10-01,TLT,DQN,0.0,0.9996412251200361
2025-10-02,TLT,DQN,0.0,0.9977433636644688
2025-10-03,TLT,DQN,0.0,0.9898176876753135
2025-10-06,TLT,DQN,0.0,0.9955108299386201
2025-10-07,TLT,DQN,0.0,0.9962922919002443
2025-10-08,TLT,DQN,0.0,0.9955108299386201
2025-10-09,TLT,DQN,0.0,1.0115854441315835
2025-10-10,TLT,DQN,0.0,1.011027244384612
2025-10-13,TLT,DQN,0.0,1.014264767548775
2025-10-14,TLT,DQN,0.0,1.0120320569815682
2025-10-15,TLT,DQN,0.0,1.0196226185970467
2025-10-16,TLT,DQN,0.0,1.0180599599358353
2025-10-17,TLT,DQN,0.0,1.0219670044819196
2025-10-20,TLT,DQN,0.0,1.0269903601012678
2025-10-21,TLT,DQN,0.0,1.0276601467452262
2025-10-22,TLT,DQN,0.0,1.0206275196146821
2025-10-23,TLT,DQN,0.0,1.0210740440439878
2025-10-24,TLT,DQN,0.0,1.0245343873194084
2025-10-27,TLT,DQN,0.0,1.0272137107366
2025-10-28,TLT,DQN,0.0,1.0168320619655848
2025-10-29,TLT,DQN,0.0,1.0109156574876255
2025-10-30,TLT,DQN,0.0,1.0079016618001524
2025-10-31,TLT,DQN,0.0,1.005380876660534
2025-11-03,TLT,DQN,0.0,1.0076216335095365
2025-11-04,TLT,DQN,0.0,0.9966424377893636
2025-11-05,TLT,DQN,0.0,1.0056051115026567
2025-11-06,TLT,DQN,0.0,1.0034764720747156
2025-11-07,TLT,DQN,0.0,1.0032524140739512
2025-11-10,TLT,DQN,0.0,1.00784577993098
2025-11-11,TLT,DQN,0.0,1.0096382439370952
2025-11-12,TLT,DQN,0.0,1.0013477442260954
2025-11-13,TLT,DQN,0.0,0.9956341767859236
2025-11-14,TLT,DQN,0.0,0.9980988147943322
2025-11-17,TLT,DQN,0.0,0.9977627277931855
2025-11-18,TLT,DQN,0.0,0.9957461173656267
2025-11-19,TLT,DQN,0.0,0.9996673092203622
2025-11-20,TLT,DQN,0.0,1.00269226907204
2025-11-21,TLT,DQN,0.0,1.0084059249328907
2025-11-24,TLT,DQN,0.0,1.0109825919416817
2025-11-25,TLT,DQN,0.0,1.0154639287983283
2025-11-26,TLT,DQN,0.0,1.010646416519856
2025-11-28,TLT,DQN,0.0,0.9980652149362856
2025-12-01,TLT,DQN,0.0,0.9975661823288176
2025-12-02,TLT,DQN,0.0,0.9975661823288176
2025-12-03,TLT,DQN,0.0,0.9975661823288176
2025-12-04,TLT,DQN,0.0,0.9975661823288176
2025-12-05,TLT,DQN,0.0,0.9975661823288176
2025-12-08,TLT,DQN,0.0,0.9975661823288176
2025-12-09,TLT,DQN,0.0,0.9975661823288176
2025-12-10,TLT,DQN,0.0,0.9975661823288176
2025-12-11,TLT,DQN,0.0,0.9975661823288176
2025-12-12,TLT,DQN,0.0,0.9975661823288176
2025-12-15,TLT,DQN,0.0,0.9975661823288176
2025-12-16,TLT,DQN,0.0,0.9975661823288176
2025-12-17,TLT,DQN,0.0,0.9975661823288176
2025-12-18,TLT,DQN,0.0,0.9975661823288176
2025-12-19,TLT,DQN,0.0,0.9975661823288176
2025-12-22,TLT,DQN,0.0,0.9975661823288176
2025-12-23,TLT,DQN,0.0,0.9975661823288176
2025-12-24,TLT,DQN,0.0,0.9975661823288176
2025-12-26,TLT,DQN,0.0,0.9975661823288176
2025-12-29,TLT,DQN,0.0,0.9975661823288176
2025-12-30,TLT,DQN,0.0,0.9975661823288176
2025-12-31,TLT,DQN,0.0,0.9975661823288176
2026-01-02,TLT,DQN,0.0,0.9975661823288176
2026-01-05,TLT,DQN,0.0,0.9975661823288176
2026-01-06,TLT,DQN,0.0,0.9975661823288176
2026-01-07,TLT,DQN,0.0,0.9975661823288176
2026-01-08,TLT,DQN,0.0,0.9975661823288176
2026-01-09,TLT,DQN,0.0,0.9975661823288176
2026-01-12,TLT,DQN,0.0,0.9975661823288176
2026-01-13,TLT,DQN,0.0,0.9975661823288176
2026-01-14,TLT,DQN,0.0,0.9975661823288176
2026-01-15,TLT,DQN,0.0,0.9975661823288176
2026-01-16,TLT,DQN,0.0,0.9975661823288176
2026-01-20,TLT,DQN,0.0,0.9975661823288176
2026-01-21,TLT,DQN,0.0,0.9975661823288176
2026-01-22,TLT,DQN,0.0,0.9975661823288176
2026-01-23,TLT,DQN,0.0,0.9975661823288176
2026-01-26,TLT,DQN,0.0,0.9975661823288176
2026-01-27,TLT,DQN,0.0,0.9975661823288176
2026-01-28,TLT,DQN,0.0,0.9975661823288176
2026-01-29,TLT,DQN,0.0,0.9975661823288176
2026-01-30,TLT,DQN,0.0,0.9975661823288176
2026-02-02,TLT,DQN,0.0,0.9975661823288176
2026-02-03,TLT,DQN,0.0,0.9975661823288176
2026-02-04,TLT,DQN,0.0,0.9975661823288176
2026-02-05,TLT,DQN,0.0,0.9975661823288176
2026-02-06,TLT,DQN,0.0,0.9975661823288176
2026-02-09,TLT,DQN,0.0,0.9975661823288176
2026-02-10,TLT,DQN,0.0,0.9975661823288176
2026-02-11,TLT,DQN,0.0,0.9975661823288176
2026-02-12,TLT,DQN,0.0,0.9975661823288176
2026-02-13,TLT,DQN,0.0,0.9975661823288176
2026-02-17,TLT,DQN,0.0,0.9975661823288176
2026-02-18,TLT,DQN,0.0,0.9975661823288176
2026-02-19,TLT,DQN,0.0,0.9975661823288176
2026-02-20,TLT,DQN,0.0,1.0007490946358963
2026-02-23,TLT,DQN,0.0,1.0025334148665859
2026-02-24,TLT,DQN,0.0,1.0026448968065709
2026-02-25,TLT,DQN,0.0,1.0066595520551658
2026-02-26,TLT,DQN,0.0,1.0127929733544057
2026-02-27,TLT,DQN,0.0,1.0026223567422023
2026-03-02,TLT,DQN,0.0,1.0006084585586006
2026-03-03,TLT,DQN,0.0,0.9974754766386462
2026-03-04,TLT,DQN,0.0,0.9934475932441669
2026-03-05,TLT,DQN,0.0,0.9897553740515005
2026-03-06,TLT,DQN,0.0,0.9983706391949977
2026-03-09,TLT,DQN,0.0,0.9877413888406232
2026-03-10,TLT,DQN,0.0,0.9749862361990085
2026-03-11,TLT,DQN,0.0,0.9730840810372183
2026-03-12,TLT,DQN,0.0,0.9682730391900259
2026-03-13,TLT,DQN,0.0,0.9757693946517215
2026-03-16,TLT,DQN,0.0,0.9784547082662248
2026-03-17,TLT,DQN,0.0,0.9729721639608556
2026-03-18,TLT,DQN,0.0,0.9789022895444006
2026-03-19,TLT,DQN,0.0,0.9603290154228793
2026-03-20,TLT,DQN,0.0,0.9665947181809618
2026-03-23,TLT,DQN,0.0,0.9661114208218713
2026-03-24,TLT,DQN,0.0,0.9661114208218713
2026-03-25,TLT,DQN,0.0,0.9661114208218713
2026-03-26,TLT,DQN,0.0,0.9661114208218713
2026-03-27,TLT,DQN,0.0,0.9661114208218713
2026-03-30,TLT,DQN,0.0,0.9661114208218713
2026-03-31,TLT,DQN,0.0,0.9661114208218713
2026-04-01,TLT,DQN,0.0,0.9661114208218713
2026-04-02,TLT,DQN,0.0,0.9661114208218713
2026-04-06,TLT,DQN,0.0,0.9661114208218713
2026-04-07,TLT,DQN,0.0,0.9661114208218713
2026-04-08,TLT,DQN,0.0,0.9661114208218713
2026-04-09,TLT,DQN,0.0,0.9661114208218713
2026-04-10,TLT,DQN,0.0,0.9661114208218713
2026-04-13,TLT,DQN,0.0,0.9661114208218713
2026-04-14,TLT,DQN,0.0,0.9661114208218713
2026-04-15,TLT,DQN,0.0,0.9661114208218713
2026-04-16,TLT,DQN,0.0,0.9661114208218713
2026-04-17,TLT,DQN,0.0,0.9661114208218713
2026-04-20,TLT,DQN,0.0,0.9661114208218713
2026-04-21,TLT,DQN,0.0,0.9661114208218713
2026-04-22,TLT,DQN,0.0,0.9661114208218713
2026-04-23,TLT,DQN,0.0,0.9661114208218713
2026-04-24,TLT,DQN,0.0,0.9661114208218713
2026-04-27,TLT,DQN,0.0,0.9661114208218713
2026-04-28,TLT,DQN,0.0,0.9661114208218713
2026-04-29,TLT,DQN,0.0,0.9661114208218713
2026-04-30,TLT,DQN,0.0,0.9661114208218713
2026-05-01,TLT,DQN,0.0,0.9661114208218713
2026-05-04,TLT,DQN,0.0,0.9661114208218713
2026-05-05,TLT,DQN,0.0,0.9661114208218713
2026-05-06,TLT,DQN,0.0,0.9661114208218713
2026-05-07,TLT,DQN,0.0,0.9661114208218713
2026-05-08,TLT,DQN,0.0,0.9661114208218713
2026-05-11,TLT,DQN,0.0,0.9661114208218713
2026-05-12,TLT,DQN,0.0,0.9661114208218713
2026-05-13,TLT,DQN,0.0,0.9661114208218713
2026-05-14,TLT,DQN,0.0,0.9661114208218713
2026-05-15,TLT,DQN,0.0,0.9661114208218713
2026-05-18,TLT,DQN,0.0,0.9661114208218713
2026-05-19,TLT,DQN,0.0,0.9661114208218713
2026-05-20,TLT,DQN,0.0,0.9661114208218713
2026-05-21,TLT,DQN,0.0,0.9661114208218713
2026-05-22,TLT,DQN,0.0,0.9661114208218713
2026-05-26,TLT,DQN,0.0,0.9661114208218713
2026-05-27,TLT,DQN,0.0,0.9661114208218713
2026-05-28,TLT,DQN,0.0,0.9661114208218713
2026-05-29,TLT,DQN,0.0,0.9661114208218713
2026-06-01,TLT,DQN,0.0,0.9661114208218713
2026-06-02,TLT,DQN,0.0,0.9661114208218713
2026-06-03,TLT,DQN,0.0,0.9661114208218713
2026-06-04,TLT,DQN,0.0,0.9661114208218713
2026-06-05,TLT,DQN,0.0,0.9661114208218713
2026-06-08,TLT,DQN,0.0,0.9661114208218713
2026-06-09,TLT,DQN,0.0,0.9661114208218713
2026-06-10,TLT,DQN,0.0,0.9661114208218713
2026-06-11,TLT,DQN,0.0,0.9661114208218713
2026-06-12,TLT,DQN,0.0,0.9661114208218713
2026-06-15,TLT,DQN,0.0,0.9661114208218713
2026-06-16,TLT,DQN,0.0,0.9661114208218713
2026-06-17,TLT,DQN,0.0,0.9661114208218713
2026-06-18,TLT,DQN,0.0,0.9661114208218713
2026-06-22,TLT,DQN,0.0,0.9661114208218713
2026-06-23,TLT,DQN,0.0,0.9661114208218713
2026-06-24,TLT,DQN,0.0,0.9661114208218713
2026-06-25,TLT,DQN,0.0,0.9661114208218713
2026-06-26,TLT,DQN,0.0,0.9666235941887447
2026-06-29,TLT,DQN,0.0,0.9552385234323125
2026-06-30,TLT,DQN,0.0,0.9487817313561344
2026-07-01,TLT,DQN,0.0,0.948670827876668
2026-07-02,TLT,DQN,0.0,0.9480050670658335
2026-07-06,TLT,DQN,0.0,0.938020354573498
2026-07-07,TLT,DQN,0.0,0.9359124236120554
2026-07-08,TLT,DQN,0.0,0.9373545937626633
2026-07-09,TLT,DQN,0.0,0.9371327868037307
2026-07-10,TLT,DQN,0.0,0.9315856582097037
2026-07-13,TLT,DQN,0.0,0.9328060214013791
2026-07-14,TLT,DQN,0.0,0.9345810719574045
2026-07-15,TLT,DQN,0.0,0.9342481915519871
2026-07-16,TLT,DQN,0.0,0.9376873891845714
2026-07-17,TLT,DQN,0.0,0.9306980904399365
2026-07-20,TLT,DQN,0.0,0.9281464605771195
2026-07-21,TLT,DQN,0.0,0.9257056492102596
2026-07-22,TLT,DQN,0.0,0.9227101504790498
2026-07-23,TLT,DQN,0.0,0.923597718248817
2026-07-24,TLT,DQN,0.0,0.9291448468428439
2026-07-27,TLT,DQN,0.0,0.9345810719574045
2026-07-28,TLT,DQN,0.0,0.9191600493669991
2026-07-29,TLT,DQN,0.0,0.9187004693423156
2026-07-30,TLT,DQN,0.0,0.9187004693423156
2026-07-31,TLT,DQN,0.0,0.9187004693423156
2026-08-03,TLT,DQN,0.0,0.9187004693423156
2026-08-04,TLT,DQN,0.0,0.9187004693423156
2024-11-18,TLT,DQN,1.0,1.0045975822496316
2024-11-19,TLT,DQN,1.0,1.0013854580183803
2024-11-20,TLT,DQN,1.0,1.0006101586132192
2024-11-21,TLT,DQN,1.0,1.001163969987655
2024-11-22,TLT,DQN,1.0,1.0270819953802817
2024-11-25,TLT,DQN,1.0,1.0230948456367348
2024-11-26,TLT,DQN,1.0,1.0301831930009264
2024-11-27,TLT,DQN,1.0,1.040816261832945
2024-11-29,TLT,DQN,1.0,1.0433170862919858
2024-12-02,TLT,DQN,1.0,1.0343143190942068
2024-12-03,TLT,DQN,1.0,1.0454288002864958
2024-12-04,TLT,DQN,1.0,1.0475405142810057
2024-12-05,TLT,DQN,1.0,1.049096590948642
2024-12-06,TLT,DQN,1.0,1.0394268033252734
2024-12-09,TLT,DQN,1.0,1.0345365375059075
2024-12-10,TLT,DQN,1.0,1.0247557319743101
2024-12-11,TLT,DQN,1.0,1.012307849014195
2024-12-12,TLT,DQN,1.0,1.0019712235604803
2024-12-13,TLT,DQN,1.0,1.0049720850946589
2024-12-16,TLT,DQN,1.0,1.0074172180043417
2024-12-17,TLT,DQN,1.0,0.9948205199205321
2024-12-18,TLT,DQN,1.0,0.9797573252835153
2024-12-19,TLT,DQN,1.0,0.9853361577672388
2024-12-20,TLT,DQN,1.0,0.9762984235802727
2024-12-23,TLT,DQN,1.0,0.9804268107448965
2024-12-24,TLT,DQN,1.0,0.9798688909774754
2024-12-26,TLT,DQN,1.0,0.9718353393337698
2024-12-27,TLT,DQN,1.0,0.9796454856966901
2024-12-30,TLT,DQN,1.0,0.9744017154853337
2024-12-31,TLT,DQN,1.0,0.9770794747356137
2025-01-02,TLT,DQN,1.0,0.9739553614118724
2025-01-03,TLT,DQN,1.0,0.9696036602640854
2025-01-06,TLT,DQN,1.0,0.9586691266845582
2025-01-07,TLT,DQN,1.0,0.9598965319133602
2025-01-08,TLT,DQN,1.0,0.9535364656790521
2025-01-10,TLT,DQN,1.0,0.9532019511924164
2025-01-13,TLT,DQN,1.0,0.9516398488817347
2025-01-14,TLT,DQN,1.0,0.9680417405486477
2025-01-15,TLT,DQN,1.0,0.971165853872389
2025-01-16,TLT,DQN,1.0,0.9728396131746522
2025-01-17,TLT,DQN,1.0,0.981542558982117
2025-01-21,TLT,DQN,1.0,0.9764100805718547
2025-01-22,TLT,DQN,1.0,0.9688227004063664
2025-01-23,TLT,DQN,1.0,0.9731742189589097
2025-01-24,TLT,DQN,1.0,0.9846665810082362
2025-01-27,TLT,DQN,1.0,0.9839971868444772
2025-01-28,TLT,DQN,1.0,0.9819889130555782
2025-01-29,TLT,DQN,1.0,0.9856708548491186
2025-01-30,TLT,DQN,1.0,0.9791993142184726
2025-01-31,TLT,DQN,1.0,0.987172152943616
2025-02-03,TLT,DQN,1.0,0.9866785668671443
2025-02-04,TLT,DQN,1.0,0.9866785668671443
2025-02-05,TLT,DQN,1.0,0.9866785668671443
2025-02-06,TLT,DQN,1.0,0.9798160224649738
2025-02-07,TLT,DQN,1.0,0.9768525428735249
2025-02-10,TLT,DQN,1.0,0.9705962584634933
2025-02-11,TLT,DQN,1.0,0.9574253076608154
2025-02-12,TLT,DQN,1.0,0.956946595006985
2025-02-13,TLT,DQN,1.0,0.9615399186556174
2025-02-14,TLT,DQN,1.0,0.950214977573172
2025-02-18,TLT,DQN,1.0,0.9514012818820543
2025-02-19,TLT,DQN,1.0,0.9549606345063698
2025-02-20,TLT,DQN,1.0,0.9665012912648484
2025-02-21,TLT,DQN,1.0,0.9693055950532806
2025-02-24,TLT,DQN,1.0,0.9860231642179563
2025-02-25,TLT,DQN,1.0,0.9918475754103879
2025-02-26,TLT,DQN,1.0,0.9848368599090741
2025-02-27,TLT,DQN,1.0,0.9843444414791196
2025-02-28,TLT,DQN,1.0,0.988446036593721
2025-03-03,TLT,DQN,1.0,0.9762732525083275
2025-03-04,TLT,DQN,1.0,0.9684783660445195
2025-03-05,TLT,DQN,1.0,0.9652750474890377
2025-03-06,TLT,DQN,1.0,0.9621783905023636
2025-03-07,TLT,DQN,1.0,0.9722155999550088
2025-03-10,TLT,DQN,1.0,0.9652750474890379
2025-03-11,TLT,DQN,1.0,0.9595089873018895
2025-03-12,TLT,DQN,1.0,0.9679444506895125
2025-03-13,TLT,DQN,1.0,0.9628190542134604
2025-03-14,TLT,DQN,1.0,0.9676241188339644
2025-03-17,TLT,DQN,1.0,0.9685852879751717
2025-03-18,TLT,DQN,1.0,0.9736037625205721
2025-03-19,TLT,DQN,1.0,0.9742443394443872
2025-03-20,TLT,DQN,1.0,0.9684783660445201
2025-03-21,TLT,DQN,1.0,0.9585478181606825
2025-03-24,TLT,DQN,1.0,0.9584411565918749
2025-03-25,TLT,DQN,1.0,0.9521411810497191
2025-03-26,TLT,DQN,1.0,0.9493651162804373
2025-03-27,TLT,DQN,1.0,0.962498809145194
2025-03-28,TLT,DQN,1.0,0.9720019296682689
2025-03-31,TLT,DQN,1.0,0.9804248089000926
2025-04-01,TLT,DQN,1.0,0.9797819755069619
2025-04-02,TLT,DQN,1.0,0.9842827639189717
2025-04-03,TLT,DQN,1.0,0.9949989970610801
2025-04-04,TLT,DQN,1.0,0.9649937699101081
2025-04-07,TLT,DQN,1.0,0.9467759913152329
2025-04-08,TLT,DQN,1.0,0.9523486026522009
2025-04-09,TLT,DQN,1.0,0.9260938010784868
2025-04-10,TLT,DQN,1.0,0.9311305877402571
2025-04-11,TLT,DQN,1.0,0.9377746748530575
2025-04-14,TLT,DQN,1.0,0.9410965448348949
2025-04-15,TLT,DQN,1.0,0.9463474357198126
2025-04-16,TLT,DQN,1.0,0.9379889526507676
2025-04-17,TLT,DQN,1.0,0.9375199581744423
2025-04-21,TLT,DQN,1.0,0.9375199581744423
2025-04-22,TLT,DQN,1.0,0.9461576008209721
2025-04-23,TLT,DQN,1.0,0.9561260610443986
2025-04-24,TLT,DQN,1.0,0.9631693420970118
2025-04-25,TLT,DQN,1.0,0.9626877574259634
2025-04-28,TLT,DQN,1.0,0.9702781873094419
2025-04-29,TLT,DQN,1.0,0.9624255959409062
2025-04-30,TLT,DQN,1.0,0.9575456256941747
2025-05-01,TLT,DQN,1.0,0.9471810902008485
2025-05-02,TLT,DQN,1.0,0.9418903612474379
2025-05-05,TLT,DQN,1.0,0.9450217974534998
2025-05-06,TLT,DQN,1.0,0.9490163060894814
2025-05-07,TLT,DQN,1.0,0.9384357193570111
2025-05-08,TLT,DQN,1.0,0.9379665014973326
2025-05-09,TLT,DQN,1.0,0.9287696607738731
2025-05-12,TLT,DQN,1.0,0.925000201178165
2025-05-13,TLT,DQN,1.0,0.918861587953626
2025-05-14,TLT,DQN,1.0,0.9269389393016002
2025-05-15,TLT,DQN,1.0,0.9294160226816325
2025-05-16,TLT,DQN,1.0,0.9267235142990007
2025-05-19,TLT,DQN,1.0,0.9200463820179433
2025-05-20,TLT,DQN,1.0,0.9043228769270371
2025-05-21,TLT,DQN,1.0,0.9090614448845807
2025-05-22,TLT,DQN,1.0,0.9105691592028954
2025-05-23,TLT,DQN,1.0,0.923277322557133
2025-05-27,TLT,DQN,1.0,0.9192923510588646
2025-05-28,TLT,DQN,1.0,0.9278005524120378
2025-05-29,TLT,DQN,1.0,0.9292005976790332
2025-05-30,TLT,DQN,1.0,0.9205527480889995
2025-06-02,TLT,DQN,1.0,0.9189313686220764
2025-06-03,TLT,DQN,1.0,0.9338486158775172
2025-06-04,TLT,DQN,1.0,0.9344972371842551
2025-06-05,TLT,DQN,1.0,0.9226066286603752
2025-06-06,TLT,DQN,1.0,0.9235796475204426
2025-06-09,TLT,DQN,1.0,0.9283355954701282
2025-06-10,TLT,DQN,1.0,0.9311462008993646
2025-06-11,TLT,DQN,1.0,0.9422801714653444
2025-06-12,TLT,DQN,1.0,0.9332001683707009
2025-06-13,TLT,DQN,1.0,0.9237955070228456
2025-06-16,TLT,DQN,1.0,0.9350380156397521
2025-06-17,TLT,DQN,1.0,0.9366593082067145
2025-06-18,TLT,DQN,1.0,0.9349296513887472
2025-06-20,TLT,DQN,1.0,0.9379562901203081
2025-06-23,TLT,DQN,1.0,0.9447665531411729
2025-06-24,TLT,DQN,1.0,0.9459556053035649
2025-06-25,TLT,DQN,1.0,0.9507118139531325
2025-06-26,TLT,DQN,1.0,0.9446583626900894
2025-06-27,TLT,DQN,1.0,0.9539546597869396
2025-06-30,TLT,DQN,1.0,0.956319989817499
2025-07-01,TLT,DQN,1.0,0.9502438576647104
2025-07-02,TLT,DQN,1.0,0.9436255566570536
2025-07-03,TLT,DQN,1.0,0.9346199399287778
2025-07-07,TLT,DQN,1.0,0.9334262820684683
2025-07-08,TLT,DQN,1.0,0.943191317553387
2025-07-09,TLT,DQN,1.0,0.9438424589589853
2025-07-10,TLT,DQN,1.0,0.9308224116457603
2025-07-11,TLT,DQN,1.0,0.9288692481288473
2025-07-14,TLT,DQN,1.0,0.922359485172117
2025-07-15,TLT,DQN,1.0,0.9236613334835102
2025-07-16,TLT,DQN,1.0,0.923444344281618
2025-07-17,TLT,DQN,1.0,0.9248549044438592
2025-07-18,TLT,DQN,1.0,0.933100928615571
2025-07-21,TLT,DQN,1.0,0.9387429085646535
2025-07-22,TLT,DQN,1.0,0.9335349939193164
2025-07-23,TLT,DQN,1.0,0.9319073576552223
2025-07-24,TLT,DQN,1.0,0.9377665006061184
2025-07-25,TLT,DQN,1.0,0.9316905422532513
2025-07-28,TLT,DQN,1.0,0.9474229980401108
2025-07-29,TLT,DQN,1.0,0.9425403499477103
2025-07-30,TLT,DQN,1.0,0.9430830402023428
2025-07-31,TLT,DQN,1.0,0.9564904006404513
2025-08-01,TLT,DQN,1.0,0.9591044383585622
2025-08-04,TLT,DQN,1.0,0.9620450461290204
2025-08-05,TLT,DQN,1.0,0.9564904006404513
2025-08-06,TLT,DQN,1.0,0.9548565944791467
2025-08-07,TLT,DQN,1.0,0.9507178969503828
2025-08-08,TLT,DQN,1.0,0.9518070141579584
2025-08-11,TLT,DQN,1.0,0.9470146551247356
2025-08-12,TLT,DQN,1.0,0.9548565944791468
2025-08-13,TLT,DQN,1.0,0.9477770284800424
2025-08-14,TLT,DQN,1.0,0.9410245539330496
2025-08-15,TLT,DQN,1.0,0.9383017174641302
2025-08-18,TLT,DQN,1.0,0.94374747730193
2025-08-19,TLT,DQN,1.0,0.9458164784664691
2025-08-20,TLT,DQN,1.0,0.9411335264837797
2025-08-21,TLT,DQN,1.0,0.9481039461322327
2025-08-22,TLT,DQN,1.0,0.9453810227633525
2025-08-25,TLT,DQN,1.0,0.9448365945095057
2025-08-26,TLT,DQN,1.0,0.9437474773019301
2025-08-27,TLT,DQN,1.0,0.9499556973949974
2025-08-28,TLT,DQN,1.0,0.9432027014482404
2025-08-29,TLT,DQN,1.0,0.9427311000975163
2025-09-02,TLT,DQN,1.0,0.9427311000975163
2025-09-03,TLT,DQN,1.0,0.9494471247648254
2025-09-04,TLT,DQN,1.0,0.9639232614603898
2025-09-05,TLT,DQN,1.0,0.9767668682475997
2025-09-08,TLT,DQN,1.0,0.9712157474717837
2025-09-09,TLT,DQN,1.0,0.9767668682475997
2025-09-10,TLT,DQN,1.0,0.983297593482997
2025-09-11,TLT,DQN,1.0,0.9790524966338644
2025-09-12,TLT,DQN,1.0,0.9813382980492661
2025-09-15,TLT,DQN,1.0,0.9834061692665149
2025-09-16,TLT,DQN,1.0,0.9809030432549403
2025-09-17,TLT,DQN,1.0,0.9707804926774578
2025-09-18,TLT,DQN,1.0,0.9689300325709506
2025-09-19,TLT,DQN,1.0,0.9654469560415204
2025-09-22,TLT,DQN,1.0,0.9721954384459335
2025-09-23,TLT,DQN,1.0,0.9684948642911931
2025-09-24,TLT,DQN,1.0,0.9684948642911931
2025-09-25,TLT,DQN,1.0,0.9676238356151301
2025-09-26,TLT,DQN,1.0,0.9755695931335715
2025-09-29,TLT,DQN,1.0,0.9727396150820516
2025-09-30,TLT,DQN,1.0,0.9752517386087547
2025-10-01,TLT,DQN,1.0,0.9780916658356567
2025-10-02,TLT,DQN,1.0,0.9762347171365089
2025-10-03,TLT,DQN,1.0,0.9757465997779406
2025-10-06,TLT,DQN,1.0,0.9757465997779406
2025-10-07,TLT,DQN,1.0,0.9757465997779406
2025-10-08,TLT,DQN,1.0,0.9757465997779406
2025-10-09,TLT,DQN,1.0,0.9757465997779406
2025-10-10,TLT,DQN,1.0,0.9747203028498115
2025-10-13,TLT,DQN,1.0,0.9778415635048368
2025-10-14,TLT,DQN,1.0,0.9756890316790812
2025-10-15,TLT,DQN,1.0,0.9830070090706229
2025-10-16,TLT,DQN,1.0,0.9815004669551985
2025-10-17,TLT,DQN,1.0,0.9852672058481005
2025-10-20,TLT,DQN,1.0,0.9901101680311756
2025-10-21,TLT,DQN,1.0,0.9907559020052796
2025-10-22,TLT,DQN,1.0,0.9839758231453017
2025-10-23,TLT,DQN,1.0,0.9844063124613711
2025-10-24,TLT,DQN,1.0,0.9877423915473855
2025-10-27,TLT,DQN,1.0,0.9903254979346197
2025-10-28,TLT,DQN,1.0,0.9803166639587129
2025-10-29,TLT,DQN,1.0,0.974612723143499
2025-10-30,TLT,DQN,1.0,0.9717069628827358
2025-10-31,TLT,DQN,1.0,0.9692767015140586
2025-11-03,TLT,DQN,1.0,0.9714369906720446
2025-11-04,TLT,DQN,1.0,0.960852068221287
2025-11-05,TLT,DQN,1.0,0.9694928838715938
2025-11-06,TLT,DQN,1.0,0.9674406858923755
2025-11-07,TLT,DQN,1.0,0.9672246740256588
2025-11-10,TLT,DQN,1.0,0.9716530877841707
2025-11-11,TLT,DQN,1.0,0.9733811827179047
2025-11-12,TLT,DQN,1.0,0.9653884026677483
2025-11-13,TLT,DQN,1.0,0.9598800148210618
2025-11-14,TLT,DQN,1.0,0.9622561453549461
2025-11-17,TLT,DQN,1.0,0.961932127554871
2025-11-18,TLT,DQN,1.0,0.9599879355090111
2025-11-19,TLT,DQN,1.0,0.9637683136673726
2025-11-20,TLT,DQN,1.0,0.966684644358867
2025-11-21,TLT,DQN,1.0,0.9721931174509625
2025-11-24,TLT,DQN,1.0,0.9746772539182053
2025-11-25,TLT,DQN,1.0,0.9789976617433586
2025-11-26,TLT,DQN,1.0,0.974353150872721
2025-11-28,TLT,DQN,1.0,0.9622237520994796
2025-12-01,TLT,DQN,1.0,0.9626572250048683
2025-12-02,TLT,DQN,1.0,0.9653672618062858
2025-12-03,TLT,DQN,1.0,0.9601642230150768
2025-12-04,TLT,DQN,1.0,0.9557200388558773
2025-12-05,TLT,DQN,1.0,0.9525766143944802
2025-12-08,TLT,DQN,1.0,0.9535521628564797
2025-12-09,TLT,DQN,1.0,0.9572376628744877
2025-12-10,TLT,DQN,1.0,0.9559369884220946
2025-12-11,TLT,DQN,1.0,0.9467232383770745
2025-12-12,TLT,DQN,1.0,0.9473736608486802
2025-12-15,TLT,DQN,1.0,0.9525766143944803
2025-12-16,TLT,DQN,1.0,0.9517094980928849
2025-12-17,TLT,DQN,1.0,0.9562621144124884
2025-12-18,TLT,DQN,1.0,0.9526930596233419
2025-12-19,TLT,DQN,1.0,0.9506253469796633
2025-12-22,TLT,DQN,1.0,0.952148852931503
2025-12-23,TLT,DQN,1.0,0.9579160458402857
2025-12-24,TLT,DQN,1.0,0.9547603460399748
2025-12-26,TLT,DQN,1.0,0.9583513088992658
2025-12-29,TLT,DQN,1.0,0.9560663057077335
2025-12-30,TLT,DQN,1.0,0.9484492021755805
2025-12-31,TLT,DQN,1.0,0.9470343841203721
2026-01-02,TLT,DQN,1.0,0.9517135046271135
2026-01-05,TLT,DQN,1.0,0.9497549061071118
2026-01-06,TLT,DQN,1.0,0.9553045527318136
2026-01-07,TLT,DQN,1.0,0.9505165738376226
2026-01-08,TLT,DQN,1.0,0.9568280586836533
2026-01-09,TLT,DQN,1.0,0.953998763554873
2026-01-12,TLT,DQN,1.0,0.955630872157935
2026-01-13,TLT,DQN,1.0,0.9611806040280458
2026-01-14,TLT,DQN,1.0,0.9609628872531467
2026-01-15,TLT,DQN,1.0,0.955413325873854
2026-01-16,TLT,DQN,1.0,0.9428993850600603
2026-01-20,TLT,DQN,1.0,0.9500812255332332
2026-01-21,TLT,DQN,1.0,0.9542163950843632
2026-01-22,TLT,DQN,1.0,0.9568280586836533
2026-01-23,TLT,DQN,1.0,0.961398235557536
2026-01-26,TLT,DQN,1.0,0.955413325873854
2026-01-27,TLT,DQN,1.0,0.9532370105789532
2026-01-28,TLT,DQN,1.0,0.9534546421084433
2026-01-29,TLT,DQN,1.0,0.9481225417678225
2026-01-30,TLT,DQN,1.0,0.9454136131567235
2026-02-02,TLT,DQN,1.0,0.9477075671162136
2026-02-03,TLT,DQN,1.0,0.9453044990330466
2026-02-04,TLT,DQN,1.0,0.955572308561868
2026-02-05,TLT,DQN,1.0,0.956227760512612
2026-02-06,TLT,DQN,1.0,0.9560091060382124
2026-02-09,TLT,DQN,1.0,0.9670418226230914
2026-02-10,TLT,DQN,1.0,0.9619079178586807
2026-02-11,TLT,DQN,1.0,0.9746880800851644
2026-02-12,TLT,DQN,1.0,0.9800405540785656
2026-02-13,TLT,DQN,1.0,0.9816791413327209
2026-02-17,TLT,DQN,1.0,0.977965169348066
2026-02-18,TLT,DQN,1.0,0.978948134160659
2026-02-19,TLT,DQN,1.0,0.9766544359373962
2026-02-20,TLT,DQN,1.0,0.9802589528167377
2026-02-23,TLT,DQN,1.0,0.982006739439979
2026-02-24,TLT,DQN,1.0,0.982115938809065
2026-02-25,TLT,DQN,1.0,0.9860483947773012
2026-02-26,TLT,DQN,1.0,0.9920562354760373
2026-02-27,TLT,DQN,1.0,0.9820938602481023
2026-03-02,TLT,DQN,1.0,0.9801211962355956
2026-03-03,TLT,DQN,1.0,0.9770523615071808
2026-03-04,TLT,DQN,1.0,0.9731069482367578
2026-03-05,TLT,DQN,1.0,0.9694903265093209
2026-03-06,TLT,DQN,1.0,0.9779291957854161
2026-03-09,TLT,DQN,1.0,0.967517577251405
2026-03-10,TLT,DQN,1.0,0.955023583863346
2026-03-11,TLT,DQN,1.0,0.9531603749561526
2026-03-12,TLT,DQN,1.0,0.948447838249035
2026-03-13,TLT,DQN,1.0,0.9557907073000406
2026-03-16,TLT,DQN,1.0,0.9584210396439287
2026-03-17,TLT,DQN,1.0,0.953050749360021
2026-03-18,TLT,DQN,1.0,0.9588594567830465
2026-03-19,TLT,DQN,1.0,0.940666466813503
2026-03-20,TLT,DQN,1.0,0.9468038805341055
2026-03-23,TLT,DQN,1.0,0.94263913082601
2026-03-24,TLT,DQN,1.0,0.9517355831880774
2026-03-25,TLT,DQN,1.0,0.9437351310510999
2026-03-26,TLT,DQN,1.0,0.9385840919594556
2026-03-27,TLT,DQN,1.0,0.9510780001021054
2026-03-30,TLT,DQN,1.0,0.9500917107185566
2026-03-31,TLT,DQN,1.0,0.949156398089663
2026-04-01,TLT,DQN,1.0,0.9549882922639699
2026-04-02,TLT,DQN,1.0,0.9534478224757147
2026-04-06,TLT,DQN,1.0,0.9533377706525376
2026-04-07,TLT,DQN,1.0,0.9564186249836386
2026-04-08,TLT,DQN,1.0,0.9539979111007831
2026-04-09,TLT,DQN,1.0,0.9516871637956958
2026-04-10,TLT,DQN,1.0,0.9545480849712605
2026-04-13,TLT,DQN,1.0,0.9596097016287353
2026-04-14,TLT,DQN,1.0,0.9554284143112701
2026-04-15,TLT,DQN,1.0,0.9493765017360177
2026-04-16,TLT,DQN,1.0,0.9580692318404803
2026-04-17,TLT,DQN,1.0,0.9578491281941257
2026-04-20,TLT,DQN,1.0,0.9525674931357054
2026-04-21,TLT,DQN,1.0,0.9544380331480834
2026-04-22,TLT,DQN,1.0,0.9523474747347599
2026-04-23,TLT,DQN,1.0,0.9541078776785514
2026-04-24,TLT,DQN,1.0,0.949376501736018
2026-04-27,TLT,DQN,1.0,0.9503667976537956
2026-04-28,TLT,DQN,1.0,0.9429944336912336
2026-04-29,TLT,DQN,1.0,0.9421141895966334
2026-04-30,TLT,DQN,1.0,0.9454827471835235
2026-05-01,TLT,DQN,1.0,0.938303975545079
2026-05-04,TLT,DQN,1.0,0.9434947389973746
2026-05-05,TLT,DQN,1.0,0.9506733401450009
2026-05-06,TLT,DQN,1.0,0.9459244036481881
2026-05-07,TLT,DQN,1.0,0.950673340145001
2026-05-08,TLT,DQN,1.0,0.9449304421778184
2026-05-11,TLT,DQN,1.0,0.9386353244503391
2026-05-12,TLT,DQN,1.0,0.9365370087047855
2026-05-13,TLT,DQN,1.0,0.937862233835006
2026-05-14,TLT,DQN,1.0,0.9239466880044179
2026-05-15,TLT,DQN,1.0,0.9234847146604158
2026-05-18,TLT,DQN,1.0,0.9234847146604158
2026-05-19,TLT,DQN,1.0,0.9234847146604158
2026-05-20,TLT,DQN,1.0,0.9264346061684811
2026-05-21,TLT,DQN,1.0,0.9314947004429355
2026-05-22,TLT,DQN,1.0,0.9361148086691613
2026-05-26,TLT,DQN,1.0,0.9383149087235216
2026-05-27,TLT,DQN,1.0,0.9431549250672527
2026-05-28,TLT,DQN,1.0,0.943375002997976
2026-05-29,TLT,DQN,1.0,0.9438829143334648
2026-06-01,TLT,DQN,1.0,0.9458708327717459
2026-06-02,TLT,DQN,1.0,0.942116007798607
2026-06-03,TLT,DQN,1.0,0.9442142199220771
2026-06-04,TLT,DQN,1.0,0.9393550995913043
2026-06-05,TLT,DQN,1.0,0.9344960641671404
2026-06-08,TLT,DQN,1.0,0.9400177956751373
2026-06-09,TLT,DQN,1.0,0.9373672660596323
2026-06-10,TLT,DQN,1.0,0.9495151093398693
2026-06-11,TLT,DQN,1.0,0.9471959702195853
2026-06-12,TLT,DQN,1.0,0.9466438225407684
2026-06-15,TLT,DQN,1.0,0.9518342484601534
2026-06-16,TLT,DQN,1.0,0.9533803978114155
2026-06-17,TLT,DQN,1.0,0.9580185911453745
2026-06-18,TLT,DQN,1.0,0.9507297832893014
2026-06-22,TLT,DQN,1.0,0.9519446270519514
2026-06-23,TLT,DQN,1.0,0.9649758386930082
2026-06-24,TLT,DQN,1.0,0.9646446180110053
2026-06-25,TLT,DQN,1.0,0.9647550815094124
2026-06-26,TLT,DQN,1.0,0.9657489133686394
2026-06-29,TLT,DQN,1.0,0.9543741447640335
2026-06-30,TLT,DQN,1.0,0.9479231953263161
2026-07-01,TLT,DQN,1.0,0.9478123922014727
2026-07-02,TLT,DQN,1.0,0.9471472338259767
2026-07-06,TLT,DQN,1.0,0.9371715563257143
2026-07-07,TLT,DQN,1.0,0.9350655327942095
2026-07-08,TLT,DQN,1.0,0.936506397950218
2026-07-09,TLT,DQN,1.0,0.9362847917005314
2026-07-10,TLT,DQN,1.0,0.9307426826063563
2026-07-13,TLT,DQN,1.0,0.9319619415126783
2026-07-14,TLT,DQN,1.0,0.9337353858564351
2026-07-15,TLT,DQN,1.0,0.933402806668687
2026-07-16,TLT,DQN,1.0,0.9368388922313572
2026-07-17,TLT,DQN,1.0,0.9298559179811736
2026-07-20,TLT,DQN,1.0,0.9273065970436865
2026-07-21,TLT,DQN,1.0,0.9248679943244335
2026-07-22,TLT,DQN,1.0,0.9218752061677458
2026-07-23,TLT,DQN,1.0,0.9227619707929285
2026-07-24,TLT,DQN,1.0,0.9283040798871036
2026-07-27,TLT,DQN,1.0,0.9337353858564352
2026-07-28,TLT,DQN,1.0,0.9183283174802321
2026-07-29,TLT,DQN,1.0,0.9177741320427973
2026-07-30,TLT,DQN,1.0,0.9116777526045785
2026-07-31,TLT,DQN,1.0,0.9146825974997549
2026-08-03,TLT,DQN,1.0,0.9216937607441515
2026-08-04,TLT,DQN,1.0,0.9231404844561863
2024-11-18,TLT,DQN,2.0,1.0
2024-11-19,TLT,DQN,2.0,1.0
2024-11-20,TLT,DQN,2.0,1.0
2024-11-21,TLT,DQN,2.0,1.0
2024-11-22,TLT,DQN,2.0,1.0
2024-11-25,TLT,DQN,2.0,1.0
2024-11-26,TLT,DQN,2.0,1.006428338457008
2024-11-27,TLT,DQN,2.0,1.0168162207967832
2024-11-29,TLT,DQN,2.0,1.0192593790837607
2024-12-02,TLT,DQN,2.0,1.010464205473927
2024-12-03,TLT,DQN,2.0,1.0213223993516416
2024-12-04,TLT,DQN,2.0,1.020811738151966
2024-12-05,TLT,DQN,2.0,1.020811738151966
2024-12-06,TLT,DQN,2.0,1.020811738151966
2024-12-09,TLT,DQN,2.0,1.020811738151966
2024-12-10,TLT,DQN,2.0,1.020811738151966
2024-12-11,TLT,DQN,2.0,1.020811738151966
2024-12-12,TLT,DQN,2.0,1.020811738151966
2024-12-13,TLT,DQN,2.0,1.020811738151966
2024-12-16,TLT,DQN,2.0,1.020811738151966
2024-12-17,TLT,DQN,2.0,1.020811738151966
2024-12-18,TLT,DQN,2.0,1.020811738151966
2024-12-19,TLT,DQN,2.0,1.020811738151966
2024-12-20,TLT,DQN,2.0,1.020811738151966
2024-12-23,TLT,DQN,2.0,1.020811738151966
2024-12-24,TLT,DQN,2.0,1.020811738151966
2024-12-26,TLT,DQN,2.0,1.020811738151966
2024-12-27,TLT,DQN,2.0,1.0285050770545296
2024-12-30,TLT,DQN,2.0,1.0229997750202415
2024-12-31,TLT,DQN,2.0,1.0258110868919887
2025-01-02,TLT,DQN,2.0,1.0225311591409039
2025-01-03,TLT,DQN,2.0,1.0179624179078037
2025-01-06,TLT,DQN,2.0,1.0064825270024023
2025-01-07,TLT,DQN,2.0,1.0077711487822785
2025-01-08,TLT,DQN,2.0,1.0010938757198329
2025-01-10,TLT,DQN,2.0,1.000742677400771
2025-01-13,TLT,DQN,2.0,0.9991026655996937
2025-01-14,TLT,DQN,2.0,1.0163225978088657
2025-01-15,TLT,DQN,2.0,1.0196025255599506
2025-01-16,TLT,DQN,2.0,1.0213597632191644
2025-01-17,TLT,DQN,2.0,1.030496766430017
2025-01-21,TLT,DQN,2.0,1.025108306849587
2025-01-22,TLT,DQN,2.0,1.0171425078583347
2025-01-23,TLT,DQN,2.0,1.0217110573892958
2025-01-24,TLT,DQN,2.0,1.0337765983300324
2025-01-27,TLT,DQN,2.0,1.0332597100308676
2025-01-28,TLT,DQN,2.0,1.0332597100308676
2025-01-29,TLT,DQN,2.0,1.0332597100308676
2025-01-30,TLT,DQN,2.0,1.0332597100308676
2025-01-31,TLT,DQN,2.0,1.0332597100308676
2025-02-03,TLT,DQN,2.0,1.035907453458814
2025-02-04,TLT,DQN,2.0,1.0530105632691507
2025-02-05,TLT,DQN,2.0,1.0525419796846291
2025-02-06,TLT,DQN,2.0,1.0457476132214165
2025-02-07,TLT,DQN,2.0,1.042584721782071
2025-02-10,TLT,DQN,2.0,1.0359074534588142
2025-02-11,TLT,DQN,2.0,1.0218502324602166
2025-02-12,TLT,DQN,2.0,1.038836053105899
2025-02-13,TLT,DQN,2.0,1.0443418624678522
2025-02-14,TLT,DQN,2.0,1.0320416866426865
2025-02-18,TLT,DQN,2.0,1.0333301482315969
2025-02-19,TLT,DQN,2.0,1.0371960105600737
2025-02-20,TLT,DQN,2.0,1.0497304781775003
2025-02-21,TLT,DQN,2.0,1.05277627147689
2025-02-24,TLT,DQN,2.0,1.0709334555715273
2025-02-25,TLT,DQN,2.0,1.0772594294749167
2025-02-26,TLT,DQN,2.0,1.069644993982617
2025-02-27,TLT,DQN,2.0,1.082765334349219
2025-02-28,TLT,DQN,2.0,1.0878184151765955
2025-03-03,TLT,DQN,2.0,1.0744218530964924
2025-03-04,TLT,DQN,2.0,1.0658433159527128
2025-03-05,TLT,DQN,2.0,1.0623179551486588
2025-03-06,TLT,DQN,2.0,1.058909979021608
2025-03-07,TLT,DQN,2.0,1.0699562687282256
2025-03-10,TLT,DQN,2.0,1.062317955148659
2025-03-11,TLT,DQN,2.0,1.0617867961710847
2025-03-12,TLT,DQN,2.0,1.0617867961710847
2025-03-13,TLT,DQN,2.0,1.0617867961710847
2025-03-14,TLT,DQN,2.0,1.0617867961710847
2025-03-17,TLT,DQN,2.0,1.0617867961710847
2025-03-18,TLT,DQN,2.0,1.0617867961710847
2025-03-19,TLT,DQN,2.0,1.0617867961710847
2025-03-20,TLT,DQN,2.0,1.0617867961710847
2025-03-21,TLT,DQN,2.0,1.0617867961710847
2025-03-24,TLT,DQN,2.0,1.0617867961710847
2025-03-25,TLT,DQN,2.0,1.0617867961710847
2025-03-26,TLT,DQN,2.0,1.0617867961710847
2025-03-27,TLT,DQN,2.0,1.0617867961710847
2025-03-28,TLT,DQN,2.0,1.0617867961710847
2025-03-31,TLT,DQN,2.0,1.0617867961710847
2025-04-01,TLT,DQN,2.0,1.0617867961710847
2025-04-02,TLT,DQN,2.0,1.0617867961710847
2025-04-03,TLT,DQN,2.0,1.0617867961710847
2025-04-04,TLT,DQN,2.0,1.0292366202419432
2025-04-07,TLT,DQN,2.0,1.0287220019318222
2025-04-08,TLT,DQN,2.0,1.0342625767796094
2025-04-09,TLT,DQN,2.0,1.0057495316059781
2025-04-10,TLT,DQN,2.0,1.0112195453561785
2025-04-11,TLT,DQN,2.0,1.0184351076392502
2025-04-14,TLT,DQN,2.0,1.0220427002766246
2025-04-15,TLT,DQN,2.0,1.0215316789264863
2025-04-16,TLT,DQN,2.0,1.0215316789264863
2025-04-17,TLT,DQN,2.0,1.0215316789264863
2025-04-21,TLT,DQN,2.0,1.0215316789264863
2025-04-22,TLT,DQN,2.0,1.0215316789264863
2025-04-23,TLT,DQN,2.0,1.0215316789264863
2025-04-24,TLT,DQN,2.0,1.0285460031478124
2025-04-25,TLT,DQN,2.0,1.0350255836907118
2025-04-28,TLT,DQN,2.0,1.0437038828434608
2025-04-29,TLT,DQN,2.0,1.0431820309020392
2025-04-30,TLT,DQN,2.0,1.0431820309020392
2025-05-01,TLT,DQN,2.0,1.0431820309020392
2025-05-02,TLT,DQN,2.0,1.0368334724442791
2025-05-05,TLT,DQN,2.0,1.0402805592909572
2025-05-06,TLT,DQN,2.0,1.0446777167841799
2025-05-07,TLT,DQN,2.0,1.0330306005871355
2025-05-08,TLT,DQN,2.0,1.0345756281622318
2025-05-09,TLT,DQN,2.0,1.0340583403481507
2025-05-12,TLT,DQN,2.0,1.0340583403481507
2025-05-13,TLT,DQN,2.0,1.0340583403481507
2025-05-14,TLT,DQN,2.0,1.0340583403481507
2025-05-15,TLT,DQN,2.0,1.0340583403481507
2025-05-16,TLT,DQN,2.0,1.0340583403481507
2025-05-19,TLT,DQN,2.0,1.0340583403481507
2025-05-20,TLT,DQN,2.0,1.0340583403481507
2025-05-21,TLT,DQN,2.0,1.0340583403481507
2025-05-22,TLT,DQN,2.0,1.0340583403481507
2025-05-23,TLT,DQN,2.0,1.0340583403481507
2025-05-27,TLT,DQN,2.0,1.0340583403481507
2025-05-28,TLT,DQN,2.0,1.0340583403481507
2025-05-29,TLT,DQN,2.0,1.0340583403481507
2025-05-30,TLT,DQN,2.0,1.0340583403481507
2025-06-02,TLT,DQN,2.0,1.0340583403481507
2025-06-03,TLT,DQN,2.0,1.0340583403481507
2025-06-04,TLT,DQN,2.0,1.0340583403481507
2025-06-05,TLT,DQN,2.0,1.0340583403481507
2025-06-06,TLT,DQN,2.0,1.0340583403481507
2025-06-09,TLT,DQN,2.0,1.0340583403481507
2025-06-10,TLT,DQN,2.0,1.0340583403481507
2025-06-11,TLT,DQN,2.0,1.0340583403481507
2025-06-12,TLT,DQN,2.0,1.023576915009264
2025-06-13,TLT,DQN,2.0,1.0132614493938306
2025-06-16,TLT,DQN,2.0,1.025592750519879
2025-06-17,TLT,DQN,2.0,1.0273710588617175
2025-06-18,TLT,DQN,2.0,1.0254738916196127
2025-06-20,TLT,DQN,2.0,1.0287936483456617
2025-06-23,TLT,DQN,2.0,1.0362634584138155
2025-06-24,TLT,DQN,2.0,1.0375676655768846
2025-06-25,TLT,DQN,2.0,1.0427844942291604
2025-06-26,TLT,DQN,2.0,1.0361447901453058
2025-06-27,TLT,DQN,2.0,1.0463413968604727
2025-06-30,TLT,DQN,2.0,1.0489357997524973
2025-07-01,TLT,DQN,2.0,1.0484113318526211
2025-07-02,TLT,DQN,2.0,1.0484113318526211
2025-07-03,TLT,DQN,2.0,1.0484113318526211
2025-07-07,TLT,DQN,2.0,1.0484113318526211
2025-07-08,TLT,DQN,2.0,1.0484113318526211
2025-07-09,TLT,DQN,2.0,1.0484113318526211
2025-07-10,TLT,DQN,2.0,1.0484113318526211
2025-07-11,TLT,DQN,2.0,1.0484113318526211
2025-07-14,TLT,DQN,2.0,1.0484113318526211
2025-07-15,TLT,DQN,2.0,1.0484113318526211
2025-07-16,TLT,DQN,2.0,1.0484113318526211
2025-07-17,TLT,DQN,2.0,1.0484113318526211
2025-07-18,TLT,DQN,2.0,1.0484113318526211
2025-07-21,TLT,DQN,2.0,1.0484113318526211
2025-07-22,TLT,DQN,2.0,1.0484113318526211
2025-07-23,TLT,DQN,2.0,1.0484113318526211
2025-07-24,TLT,DQN,2.0,1.0484113318526211
2025-07-25,TLT,DQN,2.0,1.0484113318526211
2025-07-28,TLT,DQN,2.0,1.0484113318526211
2025-07-29,TLT,DQN,2.0,1.0424840236653177
2025-07-30,TLT,DQN,2.0,1.0430842588916236
2025-07-31,TLT,DQN,2.0,1.0579132888180622
2025-08-01,TLT,DQN,2.0,1.060804509929753
2025-08-04,TLT,DQN,2.0,1.0640569294370334
2025-08-05,TLT,DQN,2.0,1.0579132888180625
2025-08-06,TLT,DQN,2.0,1.0561062395803078
2025-08-07,TLT,DQN,2.0,1.0515286890778184
2025-08-08,TLT,DQN,2.0,1.052733292455127
2025-08-11,TLT,DQN,2.0,1.0474327684742912
2025-08-12,TLT,DQN,2.0,1.0561062395803076
2025-08-13,TLT,DQN,2.0,1.0482759812269544
2025-08-14,TLT,DQN,2.0,1.040807497956358
2025-08-15,TLT,DQN,2.0,1.0377959414558227
2025-08-18,TLT,DQN,2.0,1.0438191505714212
2025-08-19,TLT,DQN,2.0,1.0461075413645544
2025-08-20,TLT,DQN,2.0,1.0409280255742581
2025-08-21,TLT,DQN,2.0,1.0486375640806553
2025-08-22,TLT,DQN,2.0,1.0456259114655921
2025-08-25,TLT,DQN,2.0,1.0450237539487297
2025-08-26,TLT,DQN,2.0,1.0438191505714212
2025-08-27,TLT,DQN,2.0,1.0506856685542107
2025-08-28,TLT,DQN,2.0,1.0432166085964472
2025-08-29,TLT,DQN,2.0,1.042695000292149
2025-09-02,TLT,DQN,2.0,1.042695000292149
2025-09-03,TLT,DQN,2.0,1.042695000292149
2025-09-04,TLT,DQN,2.0,1.042695000292149
2025-09-05,TLT,DQN,2.0,1.042695000292149
2025-09-08,TLT,DQN,2.0,1.042695000292149
2025-09-09,TLT,DQN,2.0,1.042695000292149
2025-09-10,TLT,DQN,2.0,1.042695000292149
2025-09-11,TLT,DQN,2.0,1.042695000292149
2025-09-12,TLT,DQN,2.0,1.042695000292149
2025-09-15,TLT,DQN,2.0,1.042695000292149
2025-09-16,TLT,DQN,2.0,1.042695000292149
2025-09-17,TLT,DQN,2.0,1.042695000292149
2025-09-18,TLT,DQN,2.0,1.042695000292149
2025-09-19,TLT,DQN,2.0,1.042695000292149
2025-09-22,TLT,DQN,2.0,1.042695000292149
2025-09-23,TLT,DQN,2.0,1.042695000292149
2025-09-24,TLT,DQN,2.0,1.042695000292149
2025-09-25,TLT,DQN,2.0,1.042695000292149
2025-09-26,TLT,DQN,2.0,1.042695000292149
2025-09-29,TLT,DQN,2.0,1.042695000292149
2025-09-30,TLT,DQN,2.0,1.042695000292149
2025-10-01,TLT,DQN,2.0,1.042695000292149
2025-10-02,TLT,DQN,2.0,1.042695000292149
2025-10-03,TLT,DQN,2.0,1.042695000292149
2025-10-06,TLT,DQN,2.0,1.042695000292149
2025-10-07,TLT,DQN,2.0,1.042695000292149
2025-10-08,TLT,DQN,2.0,1.042695000292149
2025-10-09,TLT,DQN,2.0,1.042695000292149
2025-10-10,TLT,DQN,2.0,1.0415982865797782
2025-10-13,TLT,DQN,2.0,1.0449337046897098
2025-10-14,TLT,DQN,2.0,1.0426334823028771
2025-10-15,TLT,DQN,2.0,1.0504535643202249
2025-10-16,TLT,DQN,2.0,1.0488436546040751
2025-10-17,TLT,DQN,2.0,1.0483192327767732
2025-10-20,TLT,DQN,2.0,1.0483192327767732
2025-10-21,TLT,DQN,2.0,1.0483192327767732
2025-10-22,TLT,DQN,2.0,1.0483192327767732
2025-10-23,TLT,DQN,2.0,1.0483192327767732
2025-10-24,TLT,DQN,2.0,1.0483192327767732
2025-10-27,TLT,DQN,2.0,1.0483192327767732
2025-10-28,TLT,DQN,2.0,1.0483192327767732
2025-10-29,TLT,DQN,2.0,1.0416954615970535
2025-10-30,TLT,DQN,2.0,1.0385896974260675
2025-10-31,TLT,DQN,2.0,1.0359921608065163
2025-11-03,TLT,DQN,2.0,1.0383011429880262
2025-11-04,TLT,DQN,2.0,1.026987658753235
2025-11-05,TLT,DQN,2.0,1.0362232230278212
2025-11-06,TLT,DQN,2.0,1.0340297719569638
2025-11-07,TLT,DQN,2.0,1.0337988919613854
2025-11-10,TLT,DQN,2.0,1.0385321140964678
2025-11-11,TLT,DQN,2.0,1.0403791540610945
2025-11-12,TLT,DQN,2.0,1.0318362297732433
2025-11-13,TLT,DQN,2.0,1.0259486987731326
2025-11-14,TLT,DQN,2.0,1.028488378724494
2025-11-17,TLT,DQN,2.0,1.0281420587311265
2025-11-18,TLT,DQN,2.0,1.0260640476580583
2025-11-19,TLT,DQN,2.0,1.0301046298064056
2025-11-20,TLT,DQN,2.0,1.0332216919724395
2025-11-21,TLT,DQN,2.0,1.0391093140854133
2025-11-24,TLT,DQN,2.0,1.0417644340345642
2025-11-25,TLT,DQN,2.0,1.0463822161718572
2025-11-26,TLT,DQN,2.0,1.0414180229283334
2025-11-28,TLT,DQN,2.0,1.0284537558364435
2025-12-01,TLT,DQN,2.0,1.0289170647462762
2025-12-02,TLT,DQN,2.0,1.031813633783147
2025-12-03,TLT,DQN,2.0,1.0262524690593433
2025-12-04,TLT,DQN,2.0,1.0215023910445522
2025-12-05,TLT,DQN,2.0,1.0181426042107122
2025-12-08,TLT,DQN,2.0,1.0191852998182096
2025-12-09,TLT,DQN,2.0,1.0231244733497145
2025-12-10,TLT,DQN,2.0,1.0217342732816268
2025-12-11,TLT,DQN,2.0,1.0118863394528645
2025-12-12,TLT,DQN,2.0,1.0125815305997716
2025-12-15,TLT,DQN,2.0,1.0181426042107122
2025-12-16,TLT,DQN,2.0,1.0172158041653205
2025-12-17,TLT,DQN,2.0,1.0220817777422173
2025-12-18,TLT,DQN,2.0,1.0182670643819673
2025-12-19,TLT,DQN,2.0,1.016057030769991
2025-12-22,TLT,DQN,2.0,1.0176853998627202
2025-12-23,TLT,DQN,2.0,1.023849549515781
2025-12-24,TLT,DQN,2.0,1.0204766424296272
2025-12-26,TLT,DQN,2.0,1.0243147717957428
2025-12-29,TLT,DQN,2.0,1.0218724914952388
2025-12-30,TLT,DQN,2.0,1.0137311015959092
2025-12-31,TLT,DQN,2.0,1.0122189014038754
2026-01-02,TLT,DQN,2.0,1.0172200864698953
2026-01-05,TLT,DQN,2.0,1.0151266773229308
2026-01-06,TLT,DQN,2.0,1.0210583069488741
2026-01-07,TLT,DQN,2.0,1.015940770756432
2026-01-08,TLT,DQN,2.0,1.0226866760416033
2026-01-09,TLT,DQN,2.0,1.0221753327035825
2026-01-12,TLT,DQN,2.0,1.0221753327035825
2026-01-13,TLT,DQN,2.0,1.0221753327035825
2026-01-14,TLT,DQN,2.0,1.0221753327035825
2026-01-15,TLT,DQN,2.0,1.0221753327035825
2026-01-16,TLT,DQN,2.0,1.0221753327035825
2026-01-20,TLT,DQN,2.0,1.0221753327035825
2026-01-21,TLT,DQN,2.0,1.0221753327035825
2026-01-22,TLT,DQN,2.0,1.0221753327035825
2026-01-23,TLT,DQN,2.0,1.0221753327035825
2026-01-26,TLT,DQN,2.0,1.0221753327035825
2026-01-27,TLT,DQN,2.0,1.0221753327035825
2026-01-28,TLT,DQN,2.0,1.0221753327035825
2026-01-29,TLT,DQN,2.0,1.0221753327035825
2026-01-30,TLT,DQN,2.0,1.0221753327035825
2026-02-02,TLT,DQN,2.0,1.0221753327035825
2026-02-03,TLT,DQN,2.0,1.0221753327035825
2026-02-04,TLT,DQN,2.0,1.0221753327035825
2026-02-05,TLT,DQN,2.0,1.0221753327035825
2026-02-06,TLT,DQN,2.0,1.0221753327035825
2026-02-09,TLT,DQN,2.0,1.0221753327035825
2026-02-10,TLT,DQN,2.0,1.0221753327035825
2026-02-11,TLT,DQN,2.0,1.0221753327035825
2026-02-12,TLT,DQN,2.0,1.0272774940312208
2026-02-13,TLT,DQN,2.0,1.0267638552842053
2026-02-17,TLT,DQN,2.0,1.0267638552842053
2026-02-18,TLT,DQN,2.0,1.0267638552842053
2026-02-19,TLT,DQN,2.0,1.0267638552842053
2026-02-20,TLT,DQN,2.0,1.0267638552842053
2026-02-23,TLT,DQN,2.0,1.0267638552842053
2026-02-24,TLT,DQN,2.0,1.0267638552842053
2026-02-25,TLT,DQN,2.0,1.0267638552842053
2026-02-26,TLT,DQN,2.0,1.0267638552842053
2026-02-27,TLT,DQN,2.0,1.0267638552842053
2026-03-02,TLT,DQN,2.0,1.0267638552842053
2026-03-03,TLT,DQN,2.0,1.0267638552842053
2026-03-04,TLT,DQN,2.0,1.0267638552842053
2026-03-05,TLT,DQN,2.0,1.0267638552842053
2026-03-06,TLT,DQN,2.0,1.0267638552842053
2026-03-09,TLT,DQN,2.0,1.0267638552842053
2026-03-10,TLT,DQN,2.0,1.0267638552842053
2026-03-11,TLT,DQN,2.0,1.0267638552842053
2026-03-12,TLT,DQN,2.0,1.0267638552842053
2026-03-13,TLT,DQN,2.0,1.0267638552842053
2026-03-16,TLT,DQN,2.0,1.0267638552842053
2026-03-17,TLT,DQN,2.0,1.0267638552842053
2026-03-18,TLT,DQN,2.0,1.0267638552842053
2026-03-19,TLT,DQN,2.0,1.0267638552842053
2026-03-20,TLT,DQN,2.0,1.0267638552842053
2026-03-23,TLT,DQN,2.0,1.0267638552842053
2026-03-24,TLT,DQN,2.0,1.0267638552842053
2026-03-25,TLT,DQN,2.0,1.0267638552842053
2026-03-26,TLT,DQN,2.0,1.0267638552842053
2026-03-27,TLT,DQN,2.0,1.0267638552842053
2026-03-30,TLT,DQN,2.0,1.0267638552842053
2026-03-31,TLT,DQN,2.0,1.0267638552842053
2026-04-01,TLT,DQN,2.0,1.0267638552842053
2026-04-02,TLT,DQN,2.0,1.0267638552842053
2026-04-06,TLT,DQN,2.0,1.0267638552842053
2026-04-07,TLT,DQN,2.0,1.0267638552842053
2026-04-08,TLT,DQN,2.0,1.0267638552842053
2026-04-09,TLT,DQN,2.0,1.0267638552842053
2026-04-10,TLT,DQN,2.0,1.0267638552842053
2026-04-13,TLT,DQN,2.0,1.0267638552842053
2026-04-14,TLT,DQN,2.0,1.0267638552842053
2026-04-15,TLT,DQN,2.0,1.0267638552842053
2026-04-16,TLT,DQN,2.0,1.0267638552842053
2026-04-17,TLT,DQN,2.0,1.0267638552842053
2026-04-20,TLT,DQN,2.0,1.0267638552842053
2026-04-21,TLT,DQN,2.0,1.0267638552842053
2026-04-22,TLT,DQN,2.0,1.0267638552842053
2026-04-23,TLT,DQN,2.0,1.0267638552842053
2026-04-24,TLT,DQN,2.0,1.0267638552842053
2026-04-27,TLT,DQN,2.0,1.0267638552842053
2026-04-28,TLT,DQN,2.0,1.0267638552842053
2026-04-29,TLT,DQN,2.0,1.0267638552842053
2026-04-30,TLT,DQN,2.0,1.0267638552842053
2026-05-01,TLT,DQN,2.0,1.0267638552842053
2026-05-04,TLT,DQN,2.0,1.0267638552842053
2026-05-05,TLT,DQN,2.0,1.0267638552842053
2026-05-06,TLT,DQN,2.0,1.0267638552842053
2026-05-07,TLT,DQN,2.0,1.0267638552842053
2026-05-08,TLT,DQN,2.0,1.0267638552842053
2026-05-11,TLT,DQN,2.0,1.0267638552842053
2026-05-12,TLT,DQN,2.0,1.0267638552842053
2026-05-13,TLT,DQN,2.0,1.0267638552842053
2026-05-14,TLT,DQN,2.0,1.0267638552842053
2026-05-15,TLT,DQN,2.0,1.0267638552842053
2026-05-18,TLT,DQN,2.0,1.0267638552842053
2026-05-19,TLT,DQN,2.0,1.0267638552842053
2026-05-20,TLT,DQN,2.0,1.0267638552842053
2026-05-21,TLT,DQN,2.0,1.0267638552842053
2026-05-22,TLT,DQN,2.0,1.0267638552842053
2026-05-26,TLT,DQN,2.0,1.0267638552842053
2026-05-27,TLT,DQN,2.0,1.0267638552842053
2026-05-28,TLT,DQN,2.0,1.0267638552842053
2026-05-29,TLT,DQN,2.0,1.0267638552842053
2026-06-01,TLT,DQN,2.0,1.0267638552842053
2026-06-02,TLT,DQN,2.0,1.0267638552842053
2026-06-03,TLT,DQN,2.0,1.0267638552842053
2026-06-04,TLT,DQN,2.0,1.0267638552842053
2026-06-05,TLT,DQN,2.0,1.0267638552842053
2026-06-08,TLT,DQN,2.0,1.0267638552842053
2026-06-09,TLT,DQN,2.0,1.0267638552842053
2026-06-10,TLT,DQN,2.0,1.0267638552842053
2026-06-11,TLT,DQN,2.0,1.0267638552842053
2026-06-12,TLT,DQN,2.0,1.0267638552842053
2026-06-15,TLT,DQN,2.0,1.0267638552842053
2026-06-16,TLT,DQN,2.0,1.0267638552842053
2026-06-17,TLT,DQN,2.0,1.0267638552842053
2026-06-18,TLT,DQN,2.0,1.0267638552842053
2026-06-22,TLT,DQN,2.0,1.0267638552842053
2026-06-23,TLT,DQN,2.0,1.0267638552842053
2026-06-24,TLT,DQN,2.0,1.0258980444036645
2026-06-25,TLT,DQN,2.0,1.0260155221616678
2026-06-26,TLT,DQN,2.0,1.0270724607915118
2026-06-29,TLT,DQN,2.0,1.0149754121488
2026-06-30,TLT,DQN,2.0,1.0081148374986797
2026-07-01,TLT,DQN,2.0,1.007996998548492
2026-07-02,TLT,DQN,2.0,1.0072896036551817
2026-07-06,TLT,DQN,2.0,0.9966804862164484
2026-07-07,TLT,DQN,2.0,0.9944407334804681
2026-07-08,TLT,DQN,2.0,0.995973091323138
2026-07-09,TLT,DQN,2.0,0.9957374134227628
2026-07-10,TLT,DQN,2.0,0.9898433890583195
2026-07-13,TLT,DQN,2.0,0.9911400690006144
2026-07-14,TLT,DQN,2.0,0.9906444989661141
2026-07-15,TLT,DQN,2.0,0.9906444989661141
2026-07-16,TLT,DQN,2.0,0.9906444989661141
2026-07-17,TLT,DQN,2.0,0.9906444989661141
2026-07-20,TLT,DQN,2.0,0.9906444989661141
2026-07-21,TLT,DQN,2.0,0.9875440099069767
2026-07-22,TLT,DQN,2.0,0.9843484079019399
2026-07-23,TLT,DQN,2.0,0.9852952663716573
2026-07-24,TLT,DQN,2.0,0.9912129504863524
2026-07-27,TLT,DQN,2.0,0.9970123226225925
2026-07-28,TLT,DQN,2.0,0.9805611553441093
2026-07-29,TLT,DQN,2.0,0.9799694141307957
2026-07-30,TLT,DQN,2.0,0.9734598981422674
2026-07-31,TLT,DQN,2.0,0.9729731681931963
2026-08-03,TLT,DQN,2.0,0.9729731681931963
2026-08-04,TLT,DQN,2.0,0.9729731681931963
2024-11-18,GLD,Comprar y mantener,,1.0084593251272114
2024-11-19,GLD,Comprar y mantener,,1.0141390141356654
2024-11-20,GLD,Comprar y mantener,,1.02259642684056
2024-11-21,GLD,Comprar y mantener,,1.0357799551765432
2024-11-22,GLD,Comprar y mantener,,1.0052670620688307
2024-11-25,GLD,Comprar y mantener,,1.0072155805224352
2024-11-26,GLD,Comprar y mantener,,1.0094543334629278
2024-11-27,GLD,Comprar y mantener,,1.0181604191774036
2024-11-29,GLD,Comprar y mantener,,1.0092470321522184
2024-12-02,GLD,Comprar y mantener,,1.0112784205225236
2024-12-03,GLD,Comprar y mantener,,1.014346315446374
2024-12-04,GLD,Comprar y mantener,,1.0068424761188455
2024-12-05,GLD,Comprar y mantener,,1.0072155805224348
2024-12-06,GLD,Comprar y mantener,,1.0172069090595157
2024-12-09,GLD,Comprar y mantener,,1.0305977387062077
2024-12-10,GLD,Comprar y mantener,,1.0404232641504083
2024-12-11,GLD,Comprar y mantener,,1.0251667859668132
2024-12-12,GLD,Comprar y mantener,,1.0127709013963595
2024-12-13,GLD,Comprar y mantener,,1.0152169556475612
2024-12-16,GLD,Comprar y mantener,,1.0113199187403528
2024-12-17,GLD,Comprar y mantener,,0.9919176673804894
2024-12-18,GLD,Comprar y mantener,,0.9933272783376241
2024-12-19,GLD,Comprar y mantener,,1.0036917112782942
2024-12-20,GLD,Comprar y mantener,,0.9989655323877279
2024-12-23,GLD,Comprar y mantener,,1.0009554857996827
2024-12-24,GLD,Comprar y mantener,,1.0077131163200328
2024-12-26,GLD,Comprar y mantener,,1.0007896194473243
2024-12-27,GLD,Comprar y mantener,,0.9975974196484222
2024-12-30,GLD,Comprar y mantener,,1.0038160794128244
2024-12-31,GLD,Comprar y mantener,,1.017455645328576
2025-01-02,GLD,Comprar y mantener,,1.0094543334629282
2025-01-03,GLD,Comprar y mantener,,1.008210588858152
2025-01-06,GLD,Comprar y mantener,,1.0138902778666063
2025-01-07,GLD,Comprar y mantener,,1.0192797956476505
2025-01-08,GLD,Comprar y mantener,,1.029022387915672
2025-01-10,GLD,Comprar y mantener,,1.0187823231095317
2025-01-13,GLD,Comprar y mantener,,1.0241303426727468
2025-01-14,GLD,Comprar y mantener,,1.0318000483526342
2025-01-15,GLD,Comprar y mantener,,1.0389307832765735
2025-01-16,GLD,Comprar y mantener,,1.0334168973609998
2025-01-17,GLD,Comprar y mantener,,1.0494195843517737
2025-01-21,GLD,Comprar y mantener,,1.0548090388733395
2025-01-22,GLD,Comprar y mantener,,1.0533166212589822
2025-01-23,GLD,Comprar y mantener,,1.059866887209145
2025-01-24,GLD,Comprar y mantener,,1.0488391786374756
2025-01-27,GLD,Comprar y mantener,,1.0579183687555407
2025-01-28,GLD,Comprar y mantener,,1.0538555287554519
2025-01-29,GLD,Comprar y mantener,,1.069816717528397
2025-01-30,GLD,Comprar y mantener,,1.07193110233436
2025-01-31,GLD,Comprar y mantener,,1.077652289560643
2025-02-03,GLD,Comprar y mantener,,1.0882654587703728
2025-02-04,GLD,Comprar y mantener,,1.095023089290723
2025-02-05,GLD,Comprar y mantener,,1.0921209974597526
2025-02-06,GLD,Comprar y mantener,,1.0940695159133567
2025-02-07,GLD,Comprar y mantener,,1.1126011270720333
2025-02-10,GLD,Comprar y mantener,,1.108538350331423
2025-02-11,GLD,Comprar y mantener,,1.1096991617600198
2025-02-12,GLD,Comprar y mantener,,1.1206439371555101
2025-02-13,GLD,Comprar y mantener,,1.1039779745337368
2025-02-14,GLD,Comprar y mantener,,1.122260849423354
2025-02-18,GLD,Comprar y mantener,,1.1228826900960027
2025-02-19,GLD,Comprar y mantener,,1.1234630325508228
2025-02-20,GLD,Comprar y mantener,,1.1224265892567558
2025-02-21,GLD,Comprar y mantener,,1.128520880886628
2025-02-24,GLD,Comprar y mantener,,1.1136375703661006
2025-02-25,GLD,Comprar y mantener,,1.1153373525506454
2025-02-26,GLD,Comprar y mantener,,1.0983396572241548
2025-02-27,GLD,Comprar y mantener,,1.091457658569275
2025-02-28,GLD,Comprar y mantener,,1.1058434965516837
2025-03-03,GLD,Comprar y mantener,,1.1154617206851754
2025-03-04,GLD,Comprar y mantener,,1.117783343542369
2025-03-05,GLD,Comprar y mantener,,1.1121036545339147
2025-03-06,GLD,Comprar y mantener,,1.1126841235076914
2025-03-07,GLD,Comprar y mantener,,1.1029415312396702
2025-03-10,GLD,Comprar y mantener,,1.1158763233065934
2025-03-11,GLD,Comprar y mantener,,1.1207268070722114
2025-03-12,GLD,Comprar y mantener,,1.1406265942296723
2025-03-13,GLD,Comprar y mantener,,1.1410825685499624
2025-03-14,GLD,Comprar y mantener,,1.1472598566154923
2025-03-17,GLD,Comprar y mantener,,1.160650623002706
2025-03-18,GLD,Comprar y mantener,,1.1654182368516228
2025-03-19,GLD,Comprar y mantener,,1.1639258192372657
2025-03-20,GLD,Comprar y mantener,,1.1545563313728338
2025-03-21,GLD,Comprar y mantener,,1.1494156131203275
2025-03-24,GLD,Comprar y mantener,,1.1544734614561327
2025-03-25,GLD,Comprar y mantener,,1.1535198880787667
2025-03-26,GLD,Comprar y mantener,,1.168983667573071
2025-03-27,GLD,Comprar y mantener,,1.1776483183291966
2025-03-28,GLD,Comprar y mantener,,1.194563143738986
2025-03-31,GLD,Comprar y mantener,,1.1922000226639637
2025-04-01,GLD,Comprar y mantener,,1.1946460136556871
2025-04-02,GLD,Comprar y mantener,,1.1874324088150467
2025-04-03,GLD,Comprar y mantener,,1.159655677926468
2025-04-04,GLD,Comprar y mantener,,1.1347395406510306
2025-04-07,GLD,Comprar y mantener,,1.1409168287165605
2025-04-08,GLD,Comprar y mantener,,1.18312076928642
2025-04-09,GLD,Comprar y mantener,,1.212016813385767
2025-04-10,GLD,Comprar y mantener,,1.2351501720410019
2025-04-11,GLD,Comprar y mantener,,1.2281024335527202
2025-04-14,GLD,Comprar y mantener,,1.234528331368353
2025-04-15,GLD,Comprar y mantener,,1.2747008835679075
2025-04-16,GLD,Comprar y mantener,,1.2691040644761542
2025-04-17,GLD,Comprar y mantener,,1.3083645415161713
2025-04-21,GLD,Comprar y mantener,,1.289791432139666
2025-04-22,GLD,Comprar y mantener,,1.258863999670014
2025-04-23,GLD,Comprar y mantener,,1.27718837277746
2025-04-24,GLD,Comprar y mantener,,1.2633415055509993
2025-04-25,GLD,Comprar y mantener,,1.2813341459537282
2025-04-28,GLD,Comprar y mantener,,1.2688553282070951
2025-04-29,GLD,Comprar y mantener,,1.2593614722081334
2025-04-30,GLD,Comprar y mantener,,1.2332016535873984
2025-05-01,GLD,Comprar y mantener,,1.2353575366111902
2025-05-02,GLD,Comprar y mantener,,1.2722548925761847
2025-05-05,GLD,Comprar y mantener,,1.3079085671958817
2025-05-06,GLD,Comprar y mantener,,1.2882990145253093
2025-05-07,GLD,Comprar y mantener,,1.2629269029295818
2025-05-08,GLD,Comprar y mantener,,1.2720890262238262
2025-05-09,GLD,Comprar y mantener,,1.2362281135528985
2025-05-12,GLD,Comprar y mantener,,1.2414931999399343
2025-05-13,GLD,Comprar y mantener,,1.2153748795370283
2025-05-14,GLD,Comprar y mantener,,1.2347770676374132
2025-05-15,GLD,Comprar y mantener,,1.2198522588990568
2025-05-16,GLD,Comprar y mantener,,1.2355647746624205
2025-05-19,GLD,Comprar y mantener,,1.2585737651831257
2025-05-20,GLD,Comprar y mantener,,1.2678603831308568
2025-05-21,GLD,Comprar y mantener,,1.2566252467295216
2025-05-22,GLD,Comprar y mantener,,1.284153241349041
2025-05-23,GLD,Comprar y mantener,,1.2623879321736338
2025-05-27,GLD,Comprar y mantener,,1.2595273385604921
2025-05-28,GLD,Comprar y mantener,,1.266989679670192
2025-05-29,GLD,Comprar y mantener,,1.2586567616187838
2025-05-30,GLD,Comprar y mantener,,1.292113181515817
2025-06-02,GLD,Comprar y mantener,,1.280670807063251
2025-06-03,GLD,Comprar y mantener,,1.2889208551979583
2025-06-04,GLD,Comprar y mantener,,1.2824119609466678
2025-06-05,GLD,Comprar y mantener,,1.2652070275689464
2025-06-06,GLD,Comprar y mantener,,1.2711769510642892
2025-06-09,GLD,Comprar y mantener,,1.2715500554678785
2025-06-10,GLD,Comprar y mantener,,1.2784320541227585
2025-06-11,GLD,Comprar y mantener,,1.2943104362384812
2025-06-12,GLD,Comprar y mantener,,1.311266633347143
2025-06-13,GLD,Comprar y mantener,,1.2925691558361077
2025-06-16,GLD,Comprar y mantener,,1.2932324947265854
2025-06-17,GLD,Comprar y mantener,,1.2862676261550048
2025-06-18,GLD,Comprar y mantener,,1.285728655399057
2025-06-20,GLD,Comprar y mantener,,1.2896670640051375
2025-06-23,GLD,Comprar y mantener,,1.2693942989630442
2025-06-24,GLD,Comprar y mantener,,1.273249837652424
2025-06-25,GLD,Comprar y mantener,,1.2718402899547676
2025-06-26,GLD,Comprar y mantener,,1.2487898012162337
2025-06-27,GLD,Comprar y mantener,,1.2637559816534625
2025-06-30,GLD,Comprar y mantener,,1.27503248975367
2025-07-01,GLD,Comprar y mantener,,1.2820803547609085
2025-07-02,GLD,Comprar y mantener,,1.2733328340880823
2025-07-03,GLD,Comprar y mantener,,1.2742862809464917
2025-07-07,GLD,Comprar y mantener,,1.260978384475979
2025-07-08,GLD,Comprar y mantener,,1.2666165752666043
2025-07-09,GLD,Comprar y mantener,,1.2694357971808736
2025-07-10,GLD,Comprar y mantener,,1.2816243804406182
2025-07-11,GLD,Comprar y mantener,,1.2769396365084023
2025-07-14,GLD,Comprar y mantener,,1.2716330519035373
2025-07-15,GLD,Comprar y mantener,,1.277976079802469
2025-07-16,GLD,Comprar y mantener,,1.2751983561060285
2025-07-17,GLD,Comprar y mantener,,1.2785150505584169
2025-07-18,GLD,Comprar y mantener,,1.2981659749278613
2025-07-21,GLD,Comprar y mantener,,1.310478926322136
2025-07-22,GLD,Comprar y mantener,,1.2942274398028242
2025-07-23,GLD,Comprar y mantener,,1.2863089978538775
2025-07-24,GLD,Comprar y mantener,,1.2744106490810212
2025-07-25,GLD,Comprar y mantener,,1.266160600946314
2025-07-28,GLD,Comprar y mantener,,1.2696430352321042
2025-07-29,GLD,Comprar y mantener,,1.247711859704338
2025-07-30,GLD,Comprar y mantener,,1.256003406056874
2025-07-31,GLD,Comprar y mantener,,1.2814998857871316
2025-08-01,GLD,Comprar y mantener,,1.2889623534157881
2025-08-04,GLD,Comprar y mantener,,1.2899987967098552
2025-08-05,GLD,Comprar y mantener,,1.2872625712312433
2025-08-06,GLD,Comprar y mantener,,1.2981244767100326
2025-08-07,GLD,Comprar y mantener,,1.2978342422231444
2025-08-08,GLD,Comprar y mantener,,1.279178262929938
2025-08-11,GLD,Comprar y mantener,,1.2780174515013414
2025-08-12,GLD,Comprar y mantener,,1.2819144884085498
2025-08-13,GLD,Comprar y mantener,,1.2737888084083722
2025-08-14,GLD,Comprar y mantener,,1.274535017215551
2025-08-15,GLD,Comprar y mantener,,1.2725451270630745
2025-08-18,GLD,Comprar y mantener,,1.265580131972537
2025-08-19,GLD,Comprar y mantener,,1.2783905559049307
2025-08-20,GLD,Comprar y mantener,,1.273954674760731
2025-08-21,GLD,Comprar y mantener,,1.2875941774170043
2025-08-22,GLD,Comprar y mantener,,1.2844848475348034
2025-08-25,GLD,Comprar y mantener,,1.2938128371814068
2025-08-26,GLD,Comprar y mantener,,1.296424694525489
2025-08-27,GLD,Comprar y mantener,,1.3060429186589806
2025-08-28,GLD,Comprar y mantener,,1.3186461045401436
2025-08-29,GLD,Comprar y mantener,,1.3498222732788552
2025-09-02,GLD,Comprar y mantener,,1.3603940707897129
2025-09-03,GLD,Comprar y mantener,,1.3543826490765414
2025-09-04,GLD,Comprar y mantener,,1.372458159395971
2025-09-05,GLD,Comprar y mantener,,1.3880878052426342
2025-09-08,GLD,Comprar y mantener,,1.3849369771426043
2025-09-09,GLD,Comprar y mantener,,1.3899119555617088
2025-09-10,GLD,Comprar y mantener,,1.3878390689735747
2025-09-11,GLD,Comprar y mantener,,1.3905752944521865
2025-09-12,GLD,Comprar y mantener,,1.4050440023512962
2025-09-15,GLD,Comprar y mantener,,1.407863097746609
2025-09-16,GLD,Comprar y mantener,,1.3970011922678196
2025-09-17,GLD,Comprar y mantener,,1.3914043731760666
2025-09-18,GLD,Comprar y mantener,,1.4061633155620645
2025-09-19,GLD,Comprar y mantener,,1.4304989838637252
2025-09-22,GLD,Comprar y mantener,,1.4363445392245382
2025-09-23,GLD,Comprar y mantener,,1.423326877240914
2025-09-24,GLD,Comprar y mantener,,1.4292553025184278
2025-09-25,GLD,Comprar y mantener,,1.437505350653135
2025-09-26,GLD,Comprar y mantener,,1.4612191782821469
2025-09-29,GLD,Comprar y mantener,,1.4736979960287802
2025-09-30,GLD,Comprar y mantener,,1.4760196188859738
2025-10-01,GLD,Comprar y mantener,,1.4708789006334677
2025-10-02,GLD,Comprar y mantener,,1.482694379489623
2025-10-03,GLD,Comprar y mantener,,1.5106368502116039
2025-10-06,GLD,Comprar y mantener,,1.518430924026021
2025-10-07,GLD,Comprar y mantener,,1.5434713029170313
2025-10-08,GLD,Comprar y mantener,,1.5149898614391029
2025-10-09,GLD,Comprar y mantener,,1.5302877745810486
2025-10-10,GLD,Comprar y mantener,,1.5674753650329318
2025-10-13,GLD,Comprar y mantener,,1.5786690032164383
2025-10-14,GLD,Comprar y mantener,,1.606031131483599
2025-10-15,GLD,Comprar y mantener,,1.6435918263390719
2025-10-16,GLD,Comprar y mantener,,1.6126642673504628
2025-10-17,GLD,Comprar y mantener,,1.671368430708694
2025-10-20,GLD,Comprar y mantener,,1.5639514325293127
2025-10-21,GLD,Comprar y mantener,,1.5641172988816714
2025-10-22,GLD,Comprar y mantener,,1.5703774568639024
2025-10-23,GLD,Comprar y mantener,,1.5651122439579097
2025-10-24,GLD,Comprar y mantener,,1.5215402539082226
2025-10-27,GLD,Comprar y mantener,,1.5106368502116045
2025-10-28,GLD,Comprar y mantener,,1.5049156629853218
2025-10-29,GLD,Comprar y mantener,,1.5344750459751464
2025-10-30,GLD,Comprar y mantener,,1.5261420014047813
2025-10-31,GLD,Comprar y mantener,,1.528878226883393
2025-11-03,GLD,Comprar y mantener,,1.5020965675900086
2025-11-04,GLD,Comprar y mantener,,1.5194673673200887
2025-11-05,GLD,Comprar y mantener,,1.517643217001014
2025-11-06,GLD,Comprar y mantener,,1.5269297084297886
2025-11-07,GLD,Comprar y mantener,,1.568677674679358
2025-11-10,GLD,Comprar y mantener,,1.5748548362259314
2025-11-11,GLD,Comprar y mantener,,1.6002269478216589
2025-11-12,GLD,Comprar y mantener,,1.5872921557547355
2025-11-13,GLD,Comprar y mantener,,1.5586448479244481
2025-11-14,GLD,Comprar y mantener,,1.540776575656249
2025-11-17,GLD,Comprar y mantener,,1.5519702138397558
2025-11-18,GLD,Comprar y mantener,,1.55449907474818
2025-11-19,GLD,Comprar y mantener,,1.5540431004278898
2025-11-20,GLD,Comprar y mantener,,1.5516384811350385
2025-11-21,GLD,Comprar y mantener,,1.5762230122247158
2025-11-24,GLD,Comprar y mantener,,1.57572541316764
2025-11-25,GLD,Comprar y mantener,,1.588328599048803
2025-11-26,GLD,Comprar y mantener,,1.6080625198539051
2025-11-28,GLD,Comprar y mantener,,1.6158150954504935
2025-12-01,GLD,Comprar y mantener,,1.6054091642919945
2025-12-02,GLD,Comprar y mantener,,1.6039167466776374
2025-12-03,GLD,Comprar y mantener,,1.6049531899717044
2025-12-04,GLD,Comprar y mantener,,1.6020925963585633
2025-12-05,GLD,Comprar y mantener,,1.5978639532655943
2025-12-08,GLD,Comprar y mantener,,1.6060725031824727
2025-12-09,GLD,Comprar y mantener,,1.6129130036195234
2025-12-10,GLD,Comprar y mantener,,1.6302838033496034
2025-12-11,GLD,Comprar y mantener,,1.6394045549449758
2025-12-12,GLD,Comprar y mantener,,1.6408969725593328
2025-12-15,GLD,Comprar y mantener,,1.641270203481879
2025-12-16,GLD,Comprar y mantener,,1.655365806977399
2025-12-17,GLD,Comprar y mantener,,1.6523808452297277
2025-12-18,GLD,Comprar y mantener,,1.6542463672476746
2025-12-19,GLD,Comprar y mantener,,1.6924290292947528
2025-12-22,GLD,Comprar y mantener,,1.714857677360638
2025-12-23,GLD,Comprar y mantener,,1.707768314135571
2025-12-24,GLD,Comprar y mantener,,1.727709472991904
2025-12-26,GLD,Comprar y mantener,,1.6525052133642584
2025-12-29,GLD,Comprar y mantener,,1.653707523010684
2025-12-30,GLD,Comprar y mantener,,1.6430113573652967
2025-12-31,GLD,Comprar y mantener,,1.651178535583303
2026-01-02,GLD,Comprar y mantener,,1.6946262840174173
2026-01-05,GLD,Comprar y mantener,,1.7129505306059065
2026-01-06,GLD,Comprar y mantener,,1.6965748024710214
2026-01-07,GLD,Comprar y mantener,,1.7059441638164967
2026-01-08,GLD,Comprar y mantener,,1.7182986134286
2026-01-09,GLD,Comprar y mantener,,1.7504698537625067
2026-01-12,GLD,Comprar y mantener,,1.7479823645529546
2026-01-13,GLD,Comprar y mantener,,1.7658506368211537
2026-01-14,GLD,Comprar y mantener,,1.7550301030412365
2026-01-15,GLD,Comprar y mantener,,1.7465728168552985
2026-01-16,GLD,Comprar y mantener,,1.8126564514065289
2026-01-20,GLD,Comprar y mantener,,1.8390650062963234
2026-01-21,GLD,Comprar y mantener,,1.873018898731476
2026-01-22,GLD,Comprar y mantener,,1.898764114730793
2026-01-23,GLD,Comprar y mantener,,1.926540845619372
2026-01-26,GLD,Comprar y mantener,,1.9738026345250366
2026-01-27,GLD,Comprar y mantener,,2.050333571933638
2026-01-28,GLD,Comprar y mantener,,2.0558888928075625
2026-01-29,GLD,Comprar y mantener,,1.8446618253880769
2026-01-30,GLD,Comprar y mantener,,1.7707841170224297
2026-02-02,GLD,Comprar y mantener,,1.8833833316721462
2026-02-03,GLD,Comprar y mantener,,1.882056653891191
2026-02-04,GLD,Comprar y mantener,,1.8319342713723845
2026-02-05,GLD,Comprar y mantener,,1.8882338154377645
2026-02-06,GLD,Comprar y mantener,,1.936200441451736
2026-02-09,GLD,Comprar y mantener,,1.9170054914025816
2026-02-10,GLD,Comprar y mantener,,1.9386879306612883
2026-02-11,GLD,Comprar y mantener,,1.8713606147647603
2026-02-12,GLD,Comprar y mantener,,1.9179175665621189
2026-02-13,GLD,Comprar y mantener,,1.8581355882109487
2026-02-17,GLD,Comprar y mantener,,1.8999249261593902
2026-02-18,GLD,Comprar y mantener,,1.9052315107642552
2026-02-19,GLD,Comprar y mantener,,1.9427922056197275
2026-02-20,GLD,Comprar y mantener,,1.9952777092135567
2026-02-23,GLD,Comprar y mantener,,1.9676253464595075
2026-02-24,GLD,Comprar y mantener,,1.9626919927771889
2026-02-25,GLD,Comprar y mantener,,1.979523821751321
2026-02-26,GLD,Comprar y mantener,,2.0055177740196974
2026-02-27,GLD,Comprar y mantener,,2.031428856371373
2026-03-02,GLD,Comprar y mantener,,1.9408023154672513
2026-03-03,GLD,Comprar y mantener,,1.9559757339557102
2026-03-04,GLD,Comprar y mantener,,1.932469270896886
2026-03-05,GLD,Comprar y mantener,,1.963065097180778
2026-03-06,GLD,Comprar y mantener,,1.959002193921211
2026-03-09,GLD,Comprar y mantener,,1.9810991092823793
2026-03-10,GLD,Comprar y mantener,,1.974382976979858
2026-03-11,GLD,Comprar y mantener,,1.9355786007790878
2026-03-12,GLD,Comprar y mantener,,1.9105380953691204
2026-03-13,GLD,Comprar y mantener,,1.908838313184576
2026-03-16,GLD,Comprar y mantener,,1.9040292011178301
2026-03-17,GLD,Comprar y mantener,,1.843791121927413
2026-03-18,GLD,Comprar y mantener,,1.7677991552747596
2026-03-19,GLD,Comprar y mantener,,1.7137797358487443
2026-03-20,GLD,Comprar y mantener,,1.6750582295646752
2026-03-23,GLD,Comprar y mantener,,1.6754313339682647
2026-03-24,GLD,Comprar y mantener,,1.7258439509739598
2026-03-25,GLD,Comprar y mantener,,1.6609626260691552
2026-03-26,GLD,Comprar y mantener,,1.7192521868059685
2026-03-27,GLD,Comprar y mantener,,1.7187545877488923
2026-03-30,GLD,Comprar y mantener,,1.783884775441713
2026-03-31,GLD,Comprar y mantener,,1.8151024423982534
2026-04-01,GLD,Comprar y mantener,,1.780236474803564
2026-04-02,GLD,Comprar y mantener,,1.772939873527266
2026-04-06,GLD,Comprar y mantener,,1.790186305122816
2026-04-07,GLD,Comprar y mantener,,1.8014628132230237
2026-04-08,GLD,Comprar y mantener,,1.815475546801843
2026-04-09,GLD,Comprar y mantener,,1.8122418487851124
2026-04-10,GLD,Comprar y mantener,,1.8049037492909854
2026-04-13,GLD,Comprar y mantener,,1.8452421678428987
2026-04-14,GLD,Comprar y mantener,,1.8260472177937443
2026-04-15,GLD,Comprar y mantener,,1.8244718037437293
2026-04-16,GLD,Comprar y mantener,,1.8487246021286892
2026-04-17,GLD,Comprar y mantener,,1.8328048483140942
2026-04-20,GLD,Comprar y mantener,,1.780899813694042
2026-04-21,GLD,Comprar y mantener,,1.8044892731885243
2026-04-22,GLD,Comprar y mantener,,1.7869941053239147
2026-04-23,GLD,Comprar y mantener,,1.7961562286181592
2026-04-24,GLD,Comprar y mantener,,1.7822264914749977
2026-04-27,GLD,Comprar y mantener,,1.7491431759815537
2026-04-28,GLD,Comprar y mantener,,1.7304871966883473
2026-04-29,GLD,Comprar y mantener,,1.756398279040023
2026-04-30,GLD,Comprar y mantener,,1.7544082623685904
2026-05-01,GLD,Comprar y mantener,,1.7192935585048412
2026-05-04,GLD,Comprar y mantener,,1.7340525008908392
2026-05-05,GLD,Comprar y mantener,,1.7866623726191981
2026-05-06,GLD,Comprar y mantener,,1.7896473343668697
2026-05-07,GLD,Comprar y mantener,,1.798311985122995
2026-05-08,GLD,Comprar y mantener,,1.801960285761144
2026-05-11,GLD,Comprar y mantener,,1.794829550837205
2026-05-12,GLD,Comprar y mantener,,1.784755352383423
2026-05-13,GLD,Comprar y mantener,,1.771115723208193
2026-05-14,GLD,Comprar y mantener,,1.7299897241502291
2026-05-15,GLD,Comprar y mantener,,1.7347158397813174
2026-05-18,GLD,Comprar y mantener,,1.7059856620343288
2026-05-19,GLD,Comprar y mantener,,1.7304456984705194
2026-05-20,GLD,Comprar y mantener,,1.7287459162859746
2026-05-21,GLD,Comprar y mantener,,1.7156038861678202
2026-05-22,GLD,Comprar y mantener,,1.716350094974999
2026-05-26,GLD,Comprar y mantener,,1.6935068442876957
2026-05-27,GLD,Comprar y mantener,,1.711250748421365
2026-05-28,GLD,Comprar y mantener,,1.7292848870419226
2026-05-29,GLD,Comprar y mantener,,1.7049907169580907
2026-06-01,GLD,Comprar y mantener,,1.7078513105712323
2026-06-02,GLD,Comprar y mantener,,1.6909364851614423
2026-06-03,GLD,Comprar y mantener,,1.7050320886569625
2026-06-04,GLD,Comprar y mantener,,1.642721122878411
2026-06-05,GLD,Comprar y mantener,,1.6469912641892088
2026-06-08,GLD,Comprar y mantener,,1.620085236761295
2026-06-09,GLD,Comprar y mantener,,1.552923660698169
2026-06-10,GLD,Comprar y mantener,,1.6015951238204469
2026-06-11,GLD,Comprar y mantener,,1.6025071989799844
2026-06-12,GLD,Comprar y mantener,,1.6440063024415372
2026-06-15,GLD,Comprar y mantener,,1.6484838083225228
2026-06-16,GLD,Comprar y mantener,,1.61104748160158
2026-06-17,GLD,Comprar y mantener,,1.6049116917538788
2026-06-18,GLD,Comprar y mantener,,1.5944228906786788
2026-06-22,GLD,Comprar y mantener,,1.5642831652340339
2026-06-23,GLD,Comprar y mantener,,1.5170213763283689
2026-06-24,GLD,Comprar y mantener,,1.5316973222787091
2026-06-25,GLD,Comprar y mantener,,1.548985252092088
2026-06-26,GLD,Comprar y mantener,,1.5280490216405598
2026-06-29,GLD,Comprar y mantener,,1.5272199429166804
2026-06-30,GLD,Comprar y mantener,,1.5364235644287538
2026-07-01,GLD,Comprar y mantener,,1.5676412313852943
2026-07-02,GLD,Comprar y mantener,,1.5842243240903666
2026-07-06,GLD,Comprar y mantener,,1.5649878758233835
2026-07-07,GLD,Comprar y mantener,,1.5523848164611778
2026-07-08,GLD,Comprar y mantener,,1.5678484694365256
2026-07-09,GLD,Comprar y mantener,,1.5629979856709075
2026-07-10,GLD,Comprar y mantener,,1.5220377264463454
2026-07-13,GLD,Comprar y mantener,,1.542849462244387
2026-07-14,GLD,Comprar y mantener,,1.5436786674872232
2026-07-15,GLD,Comprar y mantener,,1.5130413429855025
2026-07-16,GLD,Comprar y mantener,,1.5273443110512104
2026-07-17,GLD,Comprar y mantener,,1.5239862448999497
2026-07-20,GLD,Comprar y mantener,,1.553877234075535
2026-07-21,GLD,Comprar y mantener,,1.5717455063437338
2026-07-22,GLD,Comprar y mantener,,1.5402376049003048
2026-07-23,GLD,Comprar y mantener,,1.5418130189503199
2026-07-24,GLD,Comprar y mantener,,1.5531310252683563
2026-07-27,GLD,Comprar y mantener,,1.53132421787512
2026-07-28,GLD,Comprar y mantener,,1.5384134545812305
2026-07-29,GLD,Comprar y mantener,,1.5636198263435563
2026-07-30,GLD,Comprar y mantener,,1.5403206013359627
2026-07-31,GLD,Comprar y mantener,,1.5410253119253123
2026-08-03,GLD,Comprar y mantener,,1.5511825068147518
2026-08-04,GLD,Comprar y mantener,,1.6156284799892238
2024-11-18,GLD,DQN,0.0,1.0084593251272114
2024-11-19,GLD,DQN,0.0,1.0141390141356654
2024-11-20,GLD,DQN,0.0,1.02259642684056
2024-11-21,GLD,DQN,0.0,1.0357799551765432
2024-11-22,GLD,DQN,0.0,1.0052670620688307
2024-11-25,GLD,DQN,0.0,1.0072155805224352
2024-11-26,GLD,DQN,0.0,1.0094543334629278
2024-11-27,GLD,DQN,0.0,1.0181604191774036
2024-11-29,GLD,DQN,0.0,1.0092470321522184
2024-12-02,GLD,DQN,0.0,1.0112784205225236
2024-12-03,GLD,DQN,0.0,1.014346315446374
2024-12-04,GLD,DQN,0.0,1.0068424761188455
2024-12-05,GLD,DQN,0.0,1.0072155805224348
2024-12-06,GLD,DQN,0.0,1.0172069090595157
2024-12-09,GLD,DQN,0.0,1.0305977387062077
2024-12-10,GLD,DQN,0.0,1.0404232641504083
2024-12-11,GLD,DQN,0.0,1.0399030525183333
2024-12-12,GLD,DQN,0.0,1.0268090316992196
2024-12-13,GLD,DQN,0.0,1.029288990980926
2024-12-16,GLD,DQN,0.0,1.0253379368109554
2024-12-17,GLD,DQN,0.0,1.005666748683277
2024-12-18,GLD,DQN,0.0,1.0051639153089356
2024-12-19,GLD,DQN,0.0,1.0151492704308263
2024-12-20,GLD,DQN,0.0,1.0103691402386843
2024-12-23,GLD,DQN,0.0,1.0123818097981094
2024-12-24,GLD,DQN,0.0,1.0192165814869556
2024-12-26,GLD,DQN,0.0,1.0122140500122172
2024-12-27,GLD,DQN,0.0,1.0089854099223257
2024-12-30,GLD,DQN,0.0,1.0152750582794396
2024-12-31,GLD,DQN,0.0,1.0290703255241338
2025-01-02,GLD,DQN,0.0,1.0209776753491544
2025-01-03,GLD,DQN,0.0,1.0197197328814092
2025-01-06,GLD,DQN,0.0,1.0254642579067907
2025-01-07,GLD,DQN,0.0,1.0309152992792783
2025-01-08,GLD,DQN,0.0,1.040769107298068
2025-01-10,GLD,DQN,0.0,1.0304121478848252
2025-01-13,GLD,DQN,0.0,1.0358212173200338
2025-01-14,GLD,DQN,0.0,1.0435784758864524
2025-01-15,GLD,DQN,0.0,1.0507906111211385
2025-01-16,GLD,DQN,0.0,1.0452137819000376
2025-01-17,GLD,DQN,0.0,1.0613991462316084
2025-01-21,GLD,DQN,0.0,1.0668501236224843
2025-01-22,GLD,DQN,0.0,1.065340669439124
2025-01-23,GLD,DQN,0.0,1.0719657094047992
2025-01-24,GLD,DQN,0.0,1.060812114944209
2025-01-27,GLD,DQN,0.0,1.0699949478010413
2025-01-28,GLD,DQN,0.0,1.065885728789245
2025-01-29,GLD,DQN,0.0,1.082029121183537
2025-01-30,GLD,DQN,0.0,1.0841676425731872
2025-01-31,GLD,DQN,0.0,1.0899541395358479
2025-02-03,GLD,DQN,0.0,1.1006884624949311
2025-02-04,GLD,DQN,0.0,1.1075232341837773
2025-02-05,GLD,DQN,0.0,1.1045880137651682
2025-02-06,GLD,DQN,0.0,1.106558775368926
2025-02-07,GLD,DQN,0.0,1.1253019325916545
2025-02-10,GLD,DQN,0.0,1.1211927775614698
2025-02-11,GLD,DQN,0.0,1.1206321811726891
2025-02-12,GLD,DQN,0.0,1.1311244710013868
2025-02-13,GLD,DQN,0.0,1.1143026442558357
2025-02-14,GLD,DQN,0.0,1.1327565050248454
2025-02-18,GLD,DQN,0.0,1.1333841613022553
2025-02-19,GLD,DQN,0.0,1.1339699312604405
2025-02-20,GLD,DQN,0.0,1.1329237948973596
2025-02-21,GLD,DQN,0.0,1.1390750818203628
2025-02-24,GLD,DQN,0.0,1.1240525789707847
2025-02-25,GLD,DQN,0.0,1.1257682579305006
2025-02-26,GLD,DQN,0.0,1.1086115960355358
2025-02-27,GLD,DQN,0.0,1.1016652352604157
2025-02-28,GLD,DQN,0.0,1.116185613088066
2025-03-03,GLD,DQN,0.0,1.1258937891859828
2025-03-04,GLD,DQN,0.0,1.1282371244231086
2025-03-05,GLD,DQN,0.0,1.1225043175857763
2025-03-06,GLD,DQN,0.0,1.1230902152461542
2025-03-07,GLD,DQN,0.0,1.1132565078927557
2025-03-10,GLD,DQN,0.0,1.126312269271654
2025-03-11,GLD,DQN,0.0,1.1312081159376448
2025-03-12,GLD,DQN,0.0,1.151294010730113
2025-03-13,GLD,DQN,0.0,1.1517542494328161
2025-03-14,GLD,DQN,0.0,1.1579893089942692
2025-03-17,GLD,DQN,0.0,1.171505309075871
2025-03-18,GLD,DQN,0.0,1.1763175108056043
2025-03-19,GLD,DQN,0.0,1.1757293520502017
2025-03-20,GLD,DQN,0.0,1.1757293520502017
2025-03-21,GLD,DQN,0.0,1.1757293520502017
2025-03-24,GLD,DQN,0.0,1.1757293520502017
2025-03-25,GLD,DQN,0.0,1.1757293520502017
2025-03-26,GLD,DQN,0.0,1.1757293520502017
2025-03-27,GLD,DQN,0.0,1.1757293520502017
2025-03-28,GLD,DQN,0.0,1.1757293520502017
2025-03-31,GLD,DQN,0.0,1.1757293520502017
2025-04-01,GLD,DQN,0.0,1.1757293520502017
2025-04-02,GLD,DQN,0.0,1.1757293520502017
2025-04-03,GLD,DQN,0.0,1.1757293520502017
2025-04-04,GLD,DQN,0.0,1.1757293520502017
2025-04-07,GLD,DQN,0.0,1.1757293520502017
2025-04-08,GLD,DQN,0.0,1.1757293520502017
2025-04-09,GLD,DQN,0.0,1.2038570066074579
2025-04-10,GLD,DQN,0.0,1.226834621765841
2025-04-11,GLD,DQN,0.0,1.2198343316162732
2025-04-14,GLD,DQN,0.0,1.2192244144504651
2025-04-15,GLD,DQN,0.0,1.2192244144504651
2025-04-16,GLD,DQN,0.0,1.2192244144504651
2025-04-17,GLD,DQN,0.0,1.2192244144504651
2025-04-21,GLD,DQN,0.0,1.2192244144504651
2025-04-22,GLD,DQN,0.0,1.2192244144504651
2025-04-23,GLD,DQN,0.0,1.2192244144504651
2025-04-24,GLD,DQN,0.0,1.2192244144504651
2025-04-25,GLD,DQN,0.0,1.2192244144504651
2025-04-28,GLD,DQN,0.0,1.2192244144504651
2025-04-29,GLD,DQN,0.0,1.2192244144504651
2025-04-30,GLD,DQN,0.0,1.2192244144504651
2025-05-01,GLD,DQN,0.0,1.2207462502587851
2025-05-02,GLD,DQN,0.0,1.2572071999060346
2025-05-05,GLD,DQN,0.0,1.2924391779448268
2025-05-06,GLD,DQN,0.0,1.2917929583558545
2025-05-07,GLD,DQN,0.0,1.2657061395997498
2025-05-08,GLD,DQN,0.0,1.2748884253507262
2025-05-09,GLD,DQN,0.0,1.238948596027307
2025-05-12,GLD,DQN,0.0,1.2442252689290687
2025-05-13,GLD,DQN,0.0,1.2180494717286865
2025-05-14,GLD,DQN,0.0,1.2374943568945351
2025-05-15,GLD,DQN,0.0,1.222536704152583
2025-05-16,GLD,DQN,0.0,1.2382837973724004
2025-05-19,GLD,DQN,0.0,1.2613434222014335
2025-05-20,GLD,DQN,0.0,1.270650476572747
2025-05-21,GLD,DQN,0.0,1.2700151513344609
2025-05-22,GLD,DQN,0.0,1.2700151513344609
2025-05-23,GLD,DQN,0.0,1.2700151513344609
2025-05-27,GLD,DQN,0.0,1.2700151513344609
2025-05-28,GLD,DQN,0.0,1.2769046221750988
2025-05-29,GLD,DQN,0.0,1.2685064941186657
2025-05-30,GLD,DQN,0.0,1.3022247302601575
2025-06-02,GLD,DQN,0.0,1.290692812469838
2025-06-03,GLD,DQN,0.0,1.2990074221035304
2025-06-04,GLD,DQN,0.0,1.2924475919106868
2025-06-05,GLD,DQN,0.0,1.2751080197683584
2025-06-06,GLD,DQN,0.0,1.2811246614407825
2025-06-09,GLD,DQN,0.0,1.2815006856066786
2025-06-10,GLD,DQN,0.0,1.2884365399654185
2025-06-11,GLD,DQN,0.0,1.3044391797986856
2025-06-12,GLD,DQN,0.0,1.3215280691637499
2025-06-13,GLD,DQN,0.0,1.3026842728487942
2025-06-16,GLD,DQN,0.0,1.303352802757846
2025-06-17,GLD,DQN,0.0,1.2963334299763656
2025-06-18,GLD,DQN,0.0,1.2957902414559461
2025-06-20,GLD,DQN,0.0,1.299759470435323
2025-06-23,GLD,DQN,0.0,1.2793280590340421
2025-06-24,GLD,DQN,0.0,1.2832137695906787
2025-06-25,GLD,DQN,0.0,1.2817931913498344
2025-06-26,GLD,DQN,0.0,1.2585623189237143
2025-06-27,GLD,DQN,0.0,1.2736456185616232
2025-06-30,GLD,DQN,0.0,1.285010371997419
2025-07-01,GLD,DQN,0.0,1.2921133907106825
2025-07-02,GLD,DQN,0.0,1.2832974155224617
2025-07-03,GLD,DQN,0.0,1.2842583236656269
2025-07-07,GLD,DQN,0.0,1.2708462850458264
2025-07-08,GLD,DQN,0.0,1.2765285980092032
2025-07-09,GLD,DQN,0.0,1.279369881999934
2025-07-10,GLD,DQN,0.0,1.2916538481220459
2025-07-11,GLD,DQN,0.0,1.286932443301834
2025-07-14,GLD,DQN,0.0,1.281584331538462
2025-07-15,GLD,DQN,0.0,1.2879769973767823
2025-07-16,GLD,DQN,0.0,1.285177536351943
2025-07-17,GLD,DQN,0.0,1.288520185897202
2025-07-18,GLD,DQN,0.0,1.3083248903553224
2025-07-21,GLD,DQN,0.0,1.3207341978660665
2025-07-22,GLD,DQN,0.0,1.3043555338669033
2025-07-23,GLD,DQN,0.0,1.2963751254332156
2025-07-24,GLD,DQN,0.0,1.2843836650542593
2025-07-25,GLD,DQN,0.0,1.276069055420567
2025-07-28,GLD,DQN,0.0,1.2795787418113072
2025-07-29,GLD,DQN,0.0,1.2574759418828754
2025-07-30,GLD,DQN,0.0,1.2658323744824593
2025-07-31,GLD,DQN,0.0,1.291528379224372
2025-08-01,GLD,DQN,0.0,1.2990492450694229
2025-08-04,GLD,DQN,0.0,1.300093799144371
2025-08-05,GLD,DQN,0.0,1.2973361610854233
2025-08-06,GLD,DQN,0.0,1.3082830673894317
2025-08-07,GLD,DQN,0.0,1.3079905616462764
2025-08-08,GLD,DQN,0.0,1.2891885882972123
2025-08-11,GLD,DQN,0.0,1.2880186928336324
2025-08-12,GLD,DQN,0.0,1.29194622635616
2025-08-13,GLD,DQN,0.0,1.2837569581110995
2025-08-14,GLD,DQN,0.0,1.284509006442892
2025-08-15,GLD,DQN,0.0,1.2825035442247787
2025-08-18,GLD,DQN,0.0,1.275484043934256
2025-08-19,GLD,DQN,0.0,1.2883947169995285
2025-08-20,GLD,DQN,0.0,1.2839241224656233
2025-08-21,GLD,DQN,0.0,1.2976703622854286
2025-08-22,GLD,DQN,0.0,1.2945367000605847
2025-08-25,GLD,DQN,0.0,1.303937686735117
2025-08-26,GLD,DQN,0.0,1.3065699834054327
2025-08-27,GLD,DQN,0.0,1.3162634758231204
2025-08-28,GLD,DQN,0.0,1.32896528907702
2025-08-29,GLD,DQN,0.0,1.3603854297482008
2025-09-02,GLD,DQN,0.0,1.3710399578180958
2025-09-03,GLD,DQN,0.0,1.3649814931797803
2025-09-04,GLD,DQN,0.0,1.3831984550425334
2025-09-05,GLD,DQN,0.0,1.3989504120985365
2025-09-08,GLD,DQN,0.0,1.395774926907801
2025-09-09,GLD,DQN,0.0,1.4007888374711686
2025-09-10,GLD,DQN,0.0,1.3986997293212724
2025-09-11,GLD,DQN,0.0,1.4014573673802202
2025-09-12,GLD,DQN,0.0,1.416039301463601
2025-09-15,GLD,DQN,0.0,1.4188804579452894
2025-09-16,GLD,DQN,0.0,1.407933551641281
2025-09-17,GLD,DQN,0.0,1.4022929341347534
2025-09-18,GLD,DQN,0.0,1.4171673739612898
2025-09-19,GLD,DQN,0.0,1.4416934832396222
2025-09-22,GLD,DQN,0.0,1.4409726364980024
2025-09-23,GLD,DQN,0.0,1.4409726364980024
2025-09-24,GLD,DQN,0.0,1.4409726364980024
2025-09-25,GLD,DQN,0.0,1.4409726364980024
2025-09-26,GLD,DQN,0.0,1.4409726364980024
2025-09-29,GLD,DQN,0.0,1.4409726364980024
2025-09-30,GLD,DQN,0.0,1.4409726364980024
2025-10-01,GLD,DQN,0.0,1.4409726364980024
2025-10-02,GLD,DQN,0.0,1.4518273938735125
2025-10-03,GLD,DQN,0.0,1.4511014801765758
2025-10-06,GLD,DQN,0.0,1.4511014801765758
2025-10-07,GLD,DQN,0.0,1.4511014801765758
2025-10-08,GLD,DQN,0.0,1.4511014801765758
2025-10-09,GLD,DQN,0.0,1.4511014801765758
2025-10-10,GLD,DQN,0.0,1.4511014801765758
2025-10-13,GLD,DQN,0.0,1.4511014801765758
2025-10-14,GLD,DQN,0.0,1.4511014801765758
2025-10-15,GLD,DQN,0.0,1.4511014801765758
2025-10-16,GLD,DQN,0.0,1.4230704720185212
2025-10-17,GLD,DQN,0.0,1.422358936782512
2025-10-20,GLD,DQN,0.0,1.422358936782512
2025-10-21,GLD,DQN,0.0,1.422358936782512
2025-10-22,GLD,DQN,0.0,1.422358936782512
2025-10-23,GLD,DQN,0.0,1.422358936782512
2025-10-24,GLD,DQN,0.0,1.422358936782512
2025-10-27,GLD,DQN,0.0,1.411455089949983
2025-10-28,GLD,DQN,0.0,1.4061095306714821
2025-10-29,GLD,DQN,0.0,1.4337281748022173
2025-10-30,GLD,DQN,0.0,1.4259422412259415
2025-10-31,GLD,DQN,0.0,1.428498818194454
2025-11-03,GLD,DQN,0.0,1.4034755246599036
2025-11-04,GLD,DQN,0.0,1.4197058342092097
2025-11-05,GLD,DQN,0.0,1.4180014495635345
2025-11-06,GLD,DQN,0.0,1.4266782308780408
2025-11-07,GLD,DQN,0.0,1.465685209590205
2025-11-10,GLD,DQN,0.0,1.471456805923985
2025-11-11,GLD,DQN,0.0,1.495163096452746
2025-11-12,GLD,DQN,0.0,1.4944155149045197
2025-11-13,GLD,DQN,0.0,1.4944155149045197
2025-11-14,GLD,DQN,0.0,1.4944155149045197
2025-11-17,GLD,DQN,0.0,1.5045251353426385
2025-11-18,GLD,DQN,0.0,1.5069766867748637
2025-11-19,GLD,DQN,0.0,1.5065346519859035
2025-11-20,GLD,DQN,0.0,1.5042035439950654
2025-11-21,GLD,DQN,0.0,1.5280365045990703
2025-11-24,GLD,DQN,0.0,1.5275541175777103
2025-11-25,GLD,DQN,0.0,1.5397720131110861
2025-11-26,GLD,DQN,0.0,1.5589026508033395
2025-11-28,GLD,DQN,0.0,1.5664182234249642
2025-12-01,GLD,DQN,0.0,1.5563304106274027
2025-12-02,GLD,DQN,0.0,1.5548836175168101
2025-12-03,GLD,DQN,0.0,1.5558883758384425
2025-12-04,GLD,DQN,0.0,1.5531152330586442
2025-12-05,GLD,DQN,0.0,1.5490158632608022
2025-12-08,GLD,DQN,0.0,1.5569734706713871
2025-12-09,GLD,DQN,0.0,1.5636048510639284
2025-12-10,GLD,DQN,0.0,1.5804446103465812
2025-12-11,GLD,DQN,0.0,1.5892865326374115
2025-12-12,GLD,DQN,0.0,1.5907333257480039
2025-12-15,GLD,DQN,0.0,1.5910951466768144
2025-12-16,GLD,DQN,0.0,1.604759835320783
2025-12-17,GLD,DQN,0.0,1.601866126448435
2025-12-18,GLD,DQN,0.0,1.6036746178366763
2025-12-19,GLD,DQN,0.0,1.640690002714452
2025-12-22,GLD,DQN,0.0,1.6624329875127175
2025-12-23,GLD,DQN,0.0,1.655560352283915
2025-12-24,GLD,DQN,0.0,1.67489189258003
2025-12-26,GLD,DQN,0.0,1.6019866925409854
2025-12-29,GLD,DQN,0.0,1.6031522465364043
2025-12-30,GLD,DQN,0.0,1.592783071972507
2025-12-31,GLD,DQN,0.0,1.600700572453017
2026-01-02,GLD,DQN,0.0,1.6428200854502673
2026-01-05,GLD,DQN,0.0,1.6605841438920779
2026-01-06,GLD,DQN,0.0,1.6447090360009826
2026-01-07,GLD,DQN,0.0,1.6438866814829822
2026-01-08,GLD,DQN,0.0,1.6438866814829822
2026-01-09,GLD,DQN,0.0,1.6438866814829822
2026-01-12,GLD,DQN,0.0,1.6438866814829822
2026-01-13,GLD,DQN,0.0,1.6438866814829822
2026-01-14,GLD,DQN,0.0,1.6438866814829822
2026-01-15,GLD,DQN,0.0,1.6438866814829822
2026-01-16,GLD,DQN,0.0,1.6438866814829822
2026-01-20,GLD,DQN,0.0,1.6438866814829822
2026-01-21,GLD,DQN,0.0,1.6438866814829822
2026-01-22,GLD,DQN,0.0,1.6438866814829822
2026-01-23,GLD,DQN,0.0,1.6438866814829822
2026-01-26,GLD,DQN,0.0,1.6438866814829822
2026-01-27,GLD,DQN,0.0,1.6438866814829822
2026-01-28,GLD,DQN,0.0,1.6475188026520442
2026-01-29,GLD,DQN,0.0,1.4782486799230785
2026-01-30,GLD,DQN,0.0,1.477509555583117
2026-02-02,GLD,DQN,0.0,1.477509555583117
2026-02-03,GLD,DQN,0.0,1.477509555583117
2026-02-04,GLD,DQN,0.0,1.477509555583117
2026-02-05,GLD,DQN,0.0,1.477509555583117
2026-02-06,GLD,DQN,0.0,1.477509555583117
2026-02-09,GLD,DQN,0.0,1.477509555583117
2026-02-10,GLD,DQN,0.0,1.477509555583117
2026-02-11,GLD,DQN,0.0,1.477509555583117
2026-02-12,GLD,DQN,0.0,1.477509555583117
2026-02-13,GLD,DQN,0.0,1.477509555583117
2026-02-17,GLD,DQN,0.0,1.5099998862025668
2026-02-18,GLD,DQN,0.0,1.5142173908203245
2026-02-19,GLD,DQN,0.0,1.5440694361177683
2026-02-20,GLD,DQN,0.0,1.585783244575544
2026-02-23,GLD,DQN,0.0,1.5638060264039542
2026-02-24,GLD,DQN,0.0,1.5630241233907523
2026-02-25,GLD,DQN,0.0,1.5630241233907523
2026-02-26,GLD,DQN,0.0,1.5630241233907523
2026-02-27,GLD,DQN,0.0,1.5630241233907523
2026-03-02,GLD,DQN,0.0,1.5630241233907523
2026-03-03,GLD,DQN,0.0,1.5744625159235415
2026-03-04,GLD,DQN,0.0,1.5555409903005155
2026-03-05,GLD,DQN,0.0,1.580169098303816
2026-03-06,GLD,DQN,0.0,1.5768986646389387
2026-03-09,GLD,DQN,0.0,1.5946855749516422
2026-03-10,GLD,DQN,0.0,1.5892794247736346
2026-03-11,GLD,DQN,0.0,1.5580438451489582
2026-03-12,GLD,DQN,0.0,1.5378874922539039
2026-03-13,GLD,DQN,0.0,1.5365192527157847
2026-03-16,GLD,DQN,0.0,1.5326481583292229
2026-03-17,GLD,DQN,0.0,1.4841595211390575
2026-03-18,GLD,DQN,0.0,1.4229897934533542
2026-03-19,GLD,DQN,0.0,1.3795068659600733
2026-03-20,GLD,DQN,0.0,1.3483379924684429
2026-03-23,GLD,DQN,0.0,1.348638322829285
2026-03-24,GLD,DQN,0.0,1.3892179549930008
2026-03-25,GLD,DQN,0.0,1.3369917375237894
2026-03-26,GLD,DQN,0.0,1.3363232416550277
2026-03-27,GLD,DQN,0.0,1.3352683111877799
2026-03-30,GLD,DQN,0.0,1.385866736552182
2026-03-31,GLD,DQN,0.0,1.410119158470588
2026-04-01,GLD,DQN,0.0,1.3830324399827183
2026-04-02,GLD,DQN,0.0,1.377363846843791
2026-04-06,GLD,DQN,0.0,1.3907622771693018
2026-04-07,GLD,DQN,0.0,1.39952278552482
2026-04-08,GLD,DQN,0.0,1.4104090163074359
2026-04-09,GLD,DQN,0.0,1.407896816764541
2026-04-10,GLD,DQN,0.0,1.402195984435893
2026-04-13,GLD,DQN,0.0,1.4335341477779584
2026-04-14,GLD,DQN,0.0,1.4186219498887664
2026-04-15,GLD,DQN,0.0,1.4173980401619333
2026-04-16,GLD,DQN,0.0,1.4362395858787522
2026-04-17,GLD,DQN,0.0,1.4238718267221755
2026-04-20,GLD,DQN,0.0,1.3835477755671852
2026-04-21,GLD,DQN,0.0,1.401873985699537
2026-04-22,GLD,DQN,0.0,1.3882823168161276
2026-04-23,GLD,DQN,0.0,1.3954001991392946
2026-04-24,GLD,DQN,0.0,1.38457844673612
2026-04-27,GLD,DQN,0.0,1.3588766373432613
2026-04-28,GLD,DQN,0.0,1.3443831557595871
2026-04-29,GLD,DQN,0.0,1.3645129912924678
2026-04-30,GLD,DQN,0.0,1.3629669845390664
2026-05-01,GLD,DQN,0.0,1.335687027493298
2026-05-04,GLD,DQN,0.0,1.3471529739496098
2026-05-05,GLD,DQN,0.0,1.388024599878788
2026-05-06,GLD,DQN,0.0,1.3903435608637844
2026-05-07,GLD,DQN,0.0,1.3970749660711541
2026-05-08,GLD,DQN,0.0,1.3999092626406178
2026-05-11,GLD,DQN,0.0,1.3943695279703607
2026-05-12,GLD,DQN,0.0,1.3865430715048277
2026-05-13,GLD,DQN,0.0,1.3759466985590598
2026-05-14,GLD,DQN,0.0,1.3439966786437905
2026-05-15,GLD,DQN,0.0,1.3476683095340773
2026-05-18,GLD,DQN,0.0,1.32534837148487
2026-05-19,GLD,DQN,0.0,1.3443509165698668
2026-05-20,GLD,DQN,0.0,1.3430303875640843
2026-05-21,GLD,DQN,0.0,1.3328205900243262
2026-05-22,GLD,DQN,0.0,1.3334003056980224
2026-05-26,GLD,DQN,0.0,1.3156538112393668
2026-05-27,GLD,DQN,0.0,1.329438718680675
2026-05-28,GLD,DQN,0.0,1.3434491038696026
2026-05-29,GLD,DQN,0.0,1.3245754172532755
2026-06-01,GLD,DQN,0.0,1.3267977589593227
2026-06-02,GLD,DQN,0.0,1.313656947280939
2026-06-03,GLD,DQN,0.0,1.3246075581527834
2026-06-04,GLD,DQN,0.0,1.2761993335949202
2026-06-05,GLD,DQN,0.0,1.2795167265591303
2026-06-08,GLD,DQN,0.0,1.258613936794655
2026-06-09,GLD,DQN,0.0,1.2579846298262576
2026-06-10,GLD,DQN,0.0,1.2579846298262576
2026-06-11,GLD,DQN,0.0,1.2580720336309874
2026-06-12,GLD,DQN,0.0,1.290651520025164
2026-06-15,GLD,DQN,0.0,1.294166652395784
2026-06-16,GLD,DQN,0.0,1.2647767091122413
2026-06-17,GLD,DQN,0.0,1.2599597163295921
2026-06-18,GLD,DQN,0.0,1.2517253275496685
2026-06-22,GLD,DQN,0.0,1.2280636892697536
2026-06-23,GLD,DQN,0.0,1.1909601212362155
2026-06-24,GLD,DQN,0.0,1.202481690174536
2026-06-25,GLD,DQN,0.0,1.2160538357670372
2026-06-26,GLD,DQN,0.0,1.199617537672722
2026-06-29,GLD,DQN,0.0,1.198966657129499
2026-06-30,GLD,DQN,0.0,1.2061920966406814
2026-07-01,GLD,DQN,0.0,1.2306999888849273
2026-07-02,GLD,DQN,0.0,1.243718791656385
2026-07-06,GLD,DQN,0.0,1.2286169327652143
2026-07-07,GLD,DQN,0.0,1.2187227141733263
2026-07-08,GLD,DQN,0.0,1.230862684189338
2026-07-09,GLD,DQN,0.0,1.2270547400010128
2026-07-10,GLD,DQN,0.0,1.1948982812634188
2026-07-13,GLD,DQN,0.0,1.2112368429843885
2026-07-14,GLD,DQN,0.0,1.2118878228531944
2026-07-15,GLD,DQN,0.0,1.1878355370566465
2026-07-16,GLD,DQN,0.0,1.199064294177262
2026-07-17,GLD,DQN,0.0,1.1964279945620884
2026-07-20,GLD,DQN,0.0,1.219894358746478
2026-07-21,GLD,DQN,0.0,1.233922110786677
2026-07-22,GLD,DQN,0.0,1.2091863656557906
2026-07-23,GLD,DQN,0.0,1.2104231678111725
2026-07-24,GLD,DQN,0.0,1.2193085364599023
2026-07-27,GLD,DQN,0.0,1.202188779031249
2026-07-28,GLD,DQN,0.0,1.207754289404884
2026-07-29,GLD,DQN,0.0,1.227542925239826
2026-07-30,GLD,DQN,0.0,1.209251523238021
2026-07-31,GLD,DQN,0.0,1.2098047667334815
2026-08-03,GLD,DQN,0.0,1.2177788231612323
2026-08-04,GLD,DQN,0.0,1.2683730898094838
2024-11-18,GLD,DQN,1.0,1.0
2024-11-19,GLD,DQN,1.0,1.0
2024-11-20,GLD,DQN,1.0,1.0078395003909821
2024-11-21,GLD,DQN,1.0,1.0208327793256438
2024-11-22,GLD,DQN,1.0,0.9907602129270178
2024-11-25,GLD,DQN,1.0,0.99268061262062
2024-11-26,GLD,DQN,1.0,0.9948870584733756
2024-11-27,GLD,DQN,1.0,1.0034675080491167
2024-11-29,GLD,DQN,1.0,1.0029657742950921
2024-12-02,GLD,DQN,1.0,1.0044830370121522
2024-12-03,GLD,DQN,1.0,1.0075303169182648
2024-12-04,GLD,DQN,1.0,1.000076900367487
2024-12-05,GLD,DQN,1.0,1.0004474976598197
2024-12-06,GLD,DQN,1.0,1.0103716884949485
2024-12-09,GLD,DQN,1.0,1.0236725371619966
2024-12-10,GLD,DQN,1.0,1.033432039034222
2024-12-11,GLD,DQN,1.0,1.018278078236711
2024-12-12,GLD,DQN,1.0,1.005965489015883
2024-12-13,GLD,DQN,1.0,1.0083951067681078
2024-12-16,GLD,DQN,1.0,1.0045242563786783
2024-12-17,GLD,DQN,1.0,0.9852523803301824
2024-12-18,GLD,DQN,1.0,0.9866525192696612
2024-12-19,GLD,DQN,1.0,0.9969473073971226
2024-12-20,GLD,DQN,1.0,0.9922528865243764
2024-12-23,GLD,DQN,1.0,0.9942294682512169
2024-12-24,GLD,DQN,1.0,1.0009416902173298
2024-12-26,GLD,DQN,1.0,0.9940647164539136
2024-12-27,GLD,DQN,1.0,0.9908939669514235
2024-12-30,GLD,DQN,1.0,0.9970708398279005
2024-12-31,GLD,DQN,1.0,1.0106187533565036
2025-01-02,GLD,DQN,1.0,1.0026712070826156
2025-01-03,GLD,DQN,1.0,1.00143581994044
2025-01-06,GLD,DQN,1.0,1.0070773437272809
2025-01-07,GLD,DQN,1.0,1.0124306461204406
2025-01-08,GLD,DQN,1.0,1.0221077720940144
2025-01-10,GLD,DQN,1.0,1.0119365163973308
2025-01-13,GLD,DQN,1.0,1.0172485994239646
2025-01-14,GLD,DQN,1.0,1.0248667677720462
2025-01-15,GLD,DQN,1.0,1.0319495870304916
2025-01-16,GLD,DQN,1.0,1.0264727522065542
2025-01-17,GLD,DQN,1.0,1.0423679075887304
2025-01-21,GLD,DQN,1.0,1.04772114714749
2025-01-22,GLD,DQN,1.0,1.0462387579781598
2025-01-23,GLD,DQN,1.0,1.0527450087804433
2025-01-24,GLD,DQN,1.0,1.0417914019669685
2025-01-27,GLD,DQN,1.0,1.0508095835857285
2025-01-28,GLD,DQN,1.0,1.0467740442333957
2025-01-29,GLD,DQN,1.0,1.0626279802490461
2025-01-30,GLD,DQN,1.0,1.0647281572410645
2025-01-31,GLD,DQN,1.0,1.0704109003944313
2025-02-03,GLD,DQN,1.0,1.0809527533834478
2025-02-04,GLD,DQN,1.0,1.0876649753495606
2025-02-05,GLD,DQN,1.0,1.0847823844063513
2025-02-06,GLD,DQN,1.0,1.086717809601066
2025-02-07,GLD,DQN,1.0,1.1051248957997188
2025-02-10,GLD,DQN,1.0,1.1010894192817862
2025-02-11,GLD,DQN,1.0,1.1022424305253098
2025-02-12,GLD,DQN,1.0,1.113113661440133
2025-02-13,GLD,DQN,1.0,1.096559687371943
2025-02-14,GLD,DQN,1.0,1.1147197087090408
2025-02-18,GLD,DQN,1.0,1.1153373708629284
2025-02-19,GLD,DQN,1.0,1.1159138136502902
2025-02-20,GLD,DQN,1.0,1.1148843348375441
2025-02-21,GLD,DQN,1.0,1.1209376752832434
2025-02-24,GLD,DQN,1.0,1.106154374612465
2025-02-25,GLD,DQN,1.0,1.1078427349456248
2025-02-26,GLD,DQN,1.0,1.0909592572828282
2025-02-27,GLD,DQN,1.0,1.0841235028859377
2025-02-28,GLD,DQN,1.0,1.0984126738336062
2025-03-03,GLD,DQN,1.0,1.1079662673764024
2025-03-04,GLD,DQN,1.0,1.1102722898634498
2025-03-05,GLD,DQN,1.0,1.104630766076609
2025-03-06,GLD,DQN,1.0,1.105207334532771
2025-03-07,GLD,DQN,1.0,1.0955302085591974
2025-03-10,GLD,DQN,1.0,1.108378084035261
2025-03-11,GLD,DQN,1.0,1.113195974504385
2025-03-12,GLD,DQN,1.0,1.132962043110391
2025-03-13,GLD,DQN,1.0,1.133414953466975
2025-03-14,GLD,DQN,1.0,1.1328482459902416
2025-03-17,GLD,DQN,1.0,1.1328482459902416
2025-03-18,GLD,DQN,1.0,1.1369352316697
2025-03-19,GLD,DQN,1.0,1.1354792889767908
2025-03-20,GLD,DQN,1.0,1.126338792870816
2025-03-21,GLD,DQN,1.0,1.1213237145817108
2025-03-24,GLD,DQN,1.0,1.1262579483079254
2025-03-25,GLD,DQN,1.0,1.1253276804140244
2025-03-26,GLD,DQN,1.0,1.1404135227030054
2025-03-27,GLD,DQN,1.0,1.1488664080305644
2025-03-28,GLD,DQN,1.0,1.1653678324444163
2025-03-31,GLD,DQN,1.0,1.1630624664204967
2025-04-01,GLD,DQN,1.0,1.165448677007307
2025-04-02,GLD,DQN,1.0,1.158411373804619
2025-04-03,GLD,DQN,1.0,1.1313135105918828
2025-04-04,GLD,DQN,1.0,1.107006327634036
2025-04-07,GLD,DQN,1.0,1.1064528244702192
2025-04-08,GLD,DQN,1.0,1.1468286720026855
2025-04-09,GLD,DQN,1.0,1.1748383331808694
2025-04-10,GLD,DQN,1.0,1.1972620786464707
2025-04-11,GLD,DQN,1.0,1.1904305287481345
2025-04-14,GLD,DQN,1.0,1.196659312866912
2025-04-15,GLD,DQN,1.0,1.2355995765204362
2025-04-16,GLD,DQN,1.0,1.230174439228403
2025-04-17,GLD,DQN,1.0,1.268230605525907
2025-04-21,GLD,DQN,1.0,1.250227224202405
2025-04-22,GLD,DQN,1.0,1.249602110590304
2025-04-23,GLD,DQN,1.0,1.249602110590304
2025-04-24,GLD,DQN,1.0,1.2354295237267021
2025-04-25,GLD,DQN,1.0,1.25302463879706
2025-04-28,GLD,DQN,1.0,1.2523981264776616
2025-04-29,GLD,DQN,1.0,1.2424012078360536
2025-04-30,GLD,DQN,1.0,1.2165936927036534
2025-05-01,GLD,DQN,1.0,1.2187205416916693
2025-05-02,GLD,DQN,1.0,1.2551209879721872
2025-05-05,GLD,DQN,1.0,1.2902945020019894
2025-05-06,GLD,DQN,1.0,1.2896493547509884
2025-05-07,GLD,DQN,1.0,1.2636058245097834
2025-05-08,GLD,DQN,1.0,1.2727728731589398
2025-05-09,GLD,DQN,1.0,1.2368926824542308
2025-05-12,GLD,DQN,1.0,1.2421605992352993
2025-05-13,GLD,DQN,1.0,1.2415395189356817
2025-05-14,GLD,DQN,1.0,1.2415395189356817
2025-05-15,GLD,DQN,1.0,1.2259122023696067
2025-05-16,GLD,DQN,1.0,1.2417027742718278
2025-05-19,GLD,DQN,1.0,1.2648260681279186
2025-05-20,GLD,DQN,1.0,1.2741588198425755
2025-05-21,GLD,DQN,1.0,1.2628678698859679
2025-05-22,GLD,DQN,1.0,1.290532617206509
2025-05-23,GLD,DQN,1.0,1.2686591830165683
2025-05-27,GLD,DQN,1.0,1.2657843786369496
2025-05-28,GLD,DQN,1.0,1.273283790928797
2025-05-29,GLD,DQN,1.0,1.2649094768706448
2025-05-30,GLD,DQN,1.0,1.2985321005122905
2025-06-02,GLD,DQN,1.0,1.2870328829938158
2025-06-03,GLD,DQN,1.0,1.295323915456716
2025-06-04,GLD,DQN,1.0,1.2887826865264258
2025-06-05,GLD,DQN,1.0,1.2714922830248243
2025-06-06,GLD,DQN,1.0,1.2774918637172918
2025-06-09,GLD,DQN,1.0,1.2768531177854332
2025-06-10,GLD,DQN,1.0,1.283125391596763
2025-06-11,GLD,DQN,1.0,1.2990620659037444
2025-06-12,GLD,DQN,1.0,1.3160805120424193
2025-06-13,GLD,DQN,1.0,1.2973143929703492
2025-06-16,GLD,DQN,1.0,1.2979801670886222
2025-06-17,GLD,DQN,1.0,1.2909897293218988
2025-06-18,GLD,DQN,1.0,1.2904487799143378
2025-06-20,GLD,DQN,1.0,1.2944016470758333
2025-06-23,GLD,DQN,1.0,1.2740544573292225
2025-06-24,GLD,DQN,1.0,1.2779241503447198
2025-06-25,GLD,DQN,1.0,1.2765094279621754
2025-06-26,GLD,DQN,1.0,1.2533743170317606
2025-06-27,GLD,DQN,1.0,1.2683954408156162
2025-06-30,GLD,DQN,1.0,1.2797133468593997
2025-07-01,GLD,DQN,1.0,1.2867870857555503
2025-07-02,GLD,DQN,1.0,1.278007451474147
2025-07-03,GLD,DQN,1.0,1.2789643985951287
2025-07-07,GLD,DQN,1.0,1.2656076466152413
2025-07-08,GLD,DQN,1.0,1.2712665361454185
2025-07-09,GLD,DQN,1.0,1.2740961078939361
2025-07-10,GLD,DQN,1.0,1.2863294374774166
2025-07-11,GLD,DQN,1.0,1.2816274950682207
2025-07-14,GLD,DQN,1.0,1.2763014291054653
2025-07-15,GLD,DQN,1.0,1.2826677433186293
2025-07-16,GLD,DQN,1.0,1.2798798221348253
2025-07-17,GLD,DQN,1.0,1.2832086927261903
2025-07-18,GLD,DQN,1.0,1.3029317589192417
2025-07-21,GLD,DQN,1.0,1.3152899132134341
2025-07-22,GLD,DQN,1.0,1.2989787647743172
2025-07-23,GLD,DQN,1.0,1.2910312529031835
2025-07-24,GLD,DQN,1.0,1.2790892233058404
2025-07-25,GLD,DQN,1.0,1.2708088878672847
2025-07-28,GLD,DQN,1.0,1.2743041067506464
2025-07-29,GLD,DQN,1.0,1.2522924182166384
2025-07-30,GLD,DQN,1.0,1.260614404219908
2025-07-31,GLD,DQN,1.0,1.286204485783276
2025-08-01,GLD,DQN,1.0,1.2936943493762758
2025-08-04,GLD,DQN,1.0,1.2947345976266846
2025-08-05,GLD,DQN,1.0,1.2919883270075943
2025-08-06,GLD,DQN,1.0,1.3028901083545288
2025-08-07,GLD,DQN,1.0,1.3025988083683915
2025-08-08,GLD,DQN,1.0,1.283874339861035
2025-08-11,GLD,DQN,1.0,1.2827092668999147
2025-08-12,GLD,DQN,1.0,1.2866206104801257
2025-08-13,GLD,DQN,1.0,1.2784650997522815
2025-08-14,GLD,DQN,1.0,1.279214048016553
2025-08-15,GLD,DQN,1.0,1.2772168526451628
2025-08-18,GLD,DQN,1.0,1.2702262878950104
2025-08-19,GLD,DQN,1.0,1.2830837410320504
2025-08-20,GLD,DQN,1.0,1.2786315750277073
2025-08-21,GLD,DQN,1.0,1.292321150575017
2025-08-22,GLD,DQN,1.0,1.2892004058237911
2025-08-25,GLD,DQN,1.0,1.2985626400774695
2025-08-26,GLD,DQN,1.0,1.3011840859858481
2025-08-27,GLD,DQN,1.0,1.3108376202256637
2025-08-28,GLD,DQN,1.0,1.3234870745059937
2025-08-29,GLD,DQN,1.0,1.3547776961642526
2025-09-02,GLD,DQN,1.0,1.3653883045084787
2025-09-03,GLD,DQN,1.0,1.3593548138627367
2025-09-04,GLD,DQN,1.0,1.3774966823978185
2025-09-05,GLD,DQN,1.0,1.3931837072833761
2025-09-08,GLD,DQN,1.0,1.3900213119674365
2025-09-09,GLD,DQN,1.0,1.3950145543627699
2025-09-10,GLD,DQN,1.0,1.3929340578619525
2025-09-11,GLD,DQN,1.0,1.3956803284810428
2025-09-12,GLD,DQN,1.0,1.410202153422051
2025-09-15,GLD,DQN,1.0,1.4130315981871397
2025-09-16,GLD,DQN,1.0,1.4021298168402052
2025-09-17,GLD,DQN,1.0,1.3965124508913127
2025-09-18,GLD,DQN,1.0,1.4113255758184582
2025-09-19,GLD,DQN,1.0,1.4357505844207057
2025-09-22,GLD,DQN,1.0,1.4416175997910223
2025-09-23,GLD,DQN,1.0,1.4285521477972722
2025-09-24,GLD,DQN,1.0,1.434502337313587
2025-09-25,GLD,DQN,1.0,1.4427826727521427
2025-09-26,GLD,DQN,1.0,1.4665835578008306
2025-09-29,GLD,DQN,1.0,1.4791081873704486
2025-09-30,GLD,DQN,1.0,1.4814383332926897
2025-10-01,GLD,DQN,1.0,1.47627874260536
2025-10-02,GLD,DQN,1.0,1.4881375980567049
2025-10-03,GLD,DQN,1.0,1.5161826502530258
2025-10-06,GLD,DQN,1.0,1.5240053374134477
2025-10-07,GLD,DQN,1.0,1.5491376437152526
2025-10-08,GLD,DQN,1.0,1.5205516421113707
2025-10-09,GLD,DQN,1.0,1.5359057164460772
2025-10-10,GLD,DQN,1.0,1.5732298287500783
2025-10-13,GLD,DQN,1.0,1.5844645606478636
2025-10-14,GLD,DQN,1.0,1.5836723283675398
2025-10-15,GLD,DQN,1.0,1.6199182755381782
2025-10-16,GLD,DQN,1.0,1.5894361830742447
2025-10-17,GLD,DQN,1.0,1.6472947983035464
2025-10-20,GLD,DQN,1.0,1.5414249858198636
2025-10-21,GLD,DQN,1.0,1.5415884631085535
2025-10-22,GLD,DQN,1.0,1.5408176688769992
2025-10-23,GLD,DQN,1.0,1.5408176688769992
2025-10-24,GLD,DQN,1.0,1.5408176688769992
2025-10-27,GLD,DQN,1.0,1.5408176688769992
2025-10-28,GLD,DQN,1.0,1.5342117699550686
2025-10-29,GLD,DQN,1.0,1.5643465837596084
2025-10-30,GLD,DQN,1.0,1.5558513202881306
2025-10-31,GLD,DQN,1.0,1.5586408117113306
2025-11-03,GLD,DQN,1.0,1.5578614913054751
2025-11-04,GLD,DQN,1.0,1.5578614913054751
2025-11-05,GLD,DQN,1.0,1.5552123173433121
2025-11-06,GLD,DQN,1.0,1.5647286949036934
2025-11-07,GLD,DQN,1.0,1.6075101277253443
2025-11-10,GLD,DQN,1.0,1.6067063726614816
2025-11-11,GLD,DQN,1.0,1.6067063726614816
2025-11-12,GLD,DQN,1.0,1.6067063726614816
2025-11-13,GLD,DQN,1.0,1.6067063726614816
2025-11-14,GLD,DQN,1.0,1.6067063726614816
2025-11-17,GLD,DQN,1.0,1.6175756331992057
2025-11-18,GLD,DQN,1.0,1.6202113949868602
2025-11-19,GLD,DQN,1.0,1.6197361455630706
2025-11-20,GLD,DQN,1.0,1.6172298773753495
2025-11-21,GLD,DQN,1.0,1.6428536542298686
2025-11-24,GLD,DQN,1.0,1.6423350204940848
2025-11-25,GLD,DQN,1.0,1.655470972589203
2025-11-26,GLD,DQN,1.0,1.6760390924907052
2025-11-28,GLD,DQN,1.0,1.6841193876328069
2025-12-01,GLD,DQN,1.0,1.6732735733686972
2025-12-02,GLD,DQN,1.0,1.6717180677629753
2025-12-03,GLD,DQN,1.0,1.6727983239449078
2025-12-04,GLD,DQN,1.0,1.6698168063333976
2025-12-05,GLD,DQN,1.0,1.6654094085833084
2025-12-08,GLD,DQN,1.0,1.6739649531491998
2025-12-09,GLD,DQN,1.0,1.681094617576512
2025-12-10,GLD,DQN,1.0,1.699199721735078
2025-12-11,GLD,DQN,1.0,1.708706028882968
2025-12-12,GLD,DQN,1.0,1.7102615344886898
2025-12-15,GLD,DQN,1.0,1.7106505427573302
2025-12-16,GLD,DQN,1.0,1.7253420004581705
2025-12-17,GLD,DQN,1.0,1.7222308573795164
2025-12-18,GLD,DQN,1.0,1.7241752393866696
2025-12-19,GLD,DQN,1.0,1.7639719720734548
2025-12-22,GLD,DQN,1.0,1.78734873167454
2025-12-23,GLD,DQN,1.0,1.7799596844457308
2025-12-24,GLD,DQN,1.0,1.8007438028367357
2025-12-26,GLD,DQN,1.0,1.722360482846661
2025-12-29,GLD,DQN,1.0,1.7236136169405214
2025-12-30,GLD,DQN,1.0,1.7124652992973406
2025-12-31,GLD,DQN,1.0,1.7209777232856573
2026-01-02,GLD,DQN,1.0,1.7662621099044644
2026-01-05,GLD,DQN,1.0,1.7853609653553941
2026-01-06,GLD,DQN,1.0,1.7682929968011858
2026-01-07,GLD,DQN,1.0,1.7780584230161534
2026-01-08,GLD,DQN,1.0,1.7909351241769844
2026-01-09,GLD,DQN,1.0,1.8244663182616772
2026-01-12,GLD,DQN,1.0,1.8218736770515973
2026-01-13,GLD,DQN,1.0,1.8404972830787374
2026-01-14,GLD,DQN,1.0,1.8292193399684127
2026-01-15,GLD,DQN,1.0,1.8283047302984285
2026-01-16,GLD,DQN,1.0,1.8283047302984285
2026-01-20,GLD,DQN,1.0,1.8540271122792622
2026-01-21,GLD,DQN,1.0,1.8882572438551786
2026-01-22,GLD,DQN,1.0,1.9142119155556354
2026-01-23,GLD,DQN,1.0,1.9422146299684464
2026-01-26,GLD,DQN,1.0,1.9898609272477297
2026-01-27,GLD,DQN,1.0,2.0670144984363015
2026-01-28,GLD,DQN,1.0,2.072615015809208
2026-01-29,GLD,DQN,1.0,1.8596694654876087
2026-01-30,GLD,DQN,1.0,1.858739630754865
2026-02-02,GLD,DQN,1.0,1.858739630754865
2026-02-03,GLD,DQN,1.0,1.858739630754865
2026-02-04,GLD,DQN,1.0,1.858739630754865
2026-02-05,GLD,DQN,1.0,1.858739630754865
2026-02-06,GLD,DQN,1.0,1.858739630754865
2026-02-09,GLD,DQN,1.0,1.858739630754865
2026-02-10,GLD,DQN,1.0,1.858739630754865
2026-02-11,GLD,DQN,1.0,1.858739630754865
2026-02-12,GLD,DQN,1.0,1.858739630754865
2026-02-13,GLD,DQN,1.0,1.858739630754865
2026-02-17,GLD,DQN,1.0,1.8996131837620163
2026-02-18,GLD,DQN,1.0,1.8986633771701353
2026-02-19,GLD,DQN,1.0,1.8986633771701353
2026-02-20,GLD,DQN,1.0,1.8986633771701353
2026-02-23,GLD,DQN,1.0,1.8986633771701353
2026-02-24,GLD,DQN,1.0,1.8986633771701353
2026-02-25,GLD,DQN,1.0,1.8986633771701353
2026-02-26,GLD,DQN,1.0,1.8986633771701353
2026-02-27,GLD,DQN,1.0,1.8986633771701353
2026-03-02,GLD,DQN,1.0,1.8986633771701353
2026-03-03,GLD,DQN,1.0,1.9125580168437637
2026-03-04,GLD,DQN,1.0,1.8895733378468136
2026-03-05,GLD,DQN,1.0,1.9194900141252431
2026-03-06,GLD,DQN,1.0,1.9155172970481091
2026-03-09,GLD,DQN,1.0,1.9371237167433328
2026-03-10,GLD,DQN,1.0,1.9305566656013469
2026-03-11,GLD,DQN,1.0,1.9295913872685464
2026-03-12,GLD,DQN,1.0,1.9295913872685464
2026-03-13,GLD,DQN,1.0,1.9269098579115116
2026-03-16,GLD,DQN,1.0,1.925946402982556
2026-03-17,GLD,DQN,1.0,1.925946402982556
2026-03-18,GLD,DQN,1.0,1.8456054280705163
2026-03-19,GLD,DQN,1.0,1.7892084480083916
2026-03-20,GLD,DQN,1.0,1.7487826892519693
2026-03-23,GLD,DQN,1.0,1.7491722151268105
2026-03-24,GLD,DQN,1.0,1.8018036463113616
2026-03-25,GLD,DQN,1.0,1.734066694934607
2026-03-26,GLD,DQN,1.0,1.7949217583476158
2026-03-27,GLD,DQN,1.0,1.7944022584270494
2026-03-30,GLD,DQN,1.0,1.8623990258078091
2026-03-31,GLD,DQN,1.0,1.8949906782106147
2026-04-01,GLD,DQN,1.0,1.8585901522483268
2026-04-02,GLD,DQN,1.0,1.8576608571722026
2026-04-06,GLD,DQN,1.0,1.8748025893043263
2026-04-07,GLD,DQN,1.0,1.8738651880096742
2026-04-08,GLD,DQN,1.0,1.8738651880096742
2026-04-09,GLD,DQN,1.0,1.8738651880096742
2026-04-10,GLD,DQN,1.0,1.8653406317232721
2026-04-13,GLD,DQN,1.0,1.907029775077261
2026-04-14,GLD,DQN,1.0,1.8871920855247564
2026-04-15,GLD,DQN,1.0,1.8855639190142512
2026-04-16,GLD,DQN,1.0,1.8846211370547443
2026-04-17,GLD,DQN,1.0,1.8674499601092849
2026-04-20,GLD,DQN,1.0,1.8145637758983204
2026-04-21,GLD,DQN,1.0,1.8136564940103714
2026-04-22,GLD,DQN,1.0,1.8136564940103714
2026-04-23,GLD,DQN,1.0,1.8136564940103714
2026-04-24,GLD,DQN,1.0,1.8136564940103714
2026-04-27,GLD,DQN,1.0,1.7790829178639902
2026-04-28,GLD,DQN,1.0,1.760107607819435
2026-04-29,GLD,DQN,1.0,1.7864622051035395
2026-04-30,GLD,DQN,1.0,1.7844381257056803
2026-05-01,GLD,DQN,1.0,1.7487223703188797
2026-05-04,GLD,DQN,1.0,1.7637339386371411
2026-05-05,GLD,DQN,1.0,1.8172443232575517
2026-05-06,GLD,DQN,1.0,1.820280378012063
2026-05-07,GLD,DQN,1.0,1.8290933399017206
2026-05-08,GLD,DQN,1.0,1.8328040877888518
2026-05-11,GLD,DQN,1.0,1.8255512974688843
2026-05-12,GLD,DQN,1.0,1.8153046609291181
2026-05-13,GLD,DQN,1.0,1.8014315648870896
2026-05-14,GLD,DQN,1.0,1.7596016201411109
2026-05-15,GLD,DQN,1.0,1.764408631769762
2026-05-18,GLD,DQN,1.0,1.7351866851854405
2026-05-19,GLD,DQN,1.0,1.7600653992847237
2026-05-20,GLD,DQN,1.0,1.7583365222607397
2026-05-21,GLD,DQN,1.0,1.7449695425815936
2026-05-22,GLD,DQN,1.0,1.7457285240990823
2026-05-26,GLD,DQN,1.0,1.7224942699543577
2026-05-27,GLD,DQN,1.0,1.7405418930271304
2026-05-28,GLD,DQN,1.0,1.7588847184737784
2026-05-29,GLD,DQN,1.0,1.7341747098287894
2026-06-01,GLD,DQN,1.0,1.7370842676637193
2026-06-02,GLD,DQN,1.0,1.7198799144933037
2026-06-03,GLD,DQN,1.0,1.734216789678945
2026-06-04,GLD,DQN,1.0,1.6708392592775128
2026-06-05,GLD,DQN,1.0,1.6751824917625509
2026-06-08,GLD,DQN,1.0,1.647815919121795
2026-06-09,GLD,DQN,1.0,1.646992011162234
2026-06-10,GLD,DQN,1.0,1.646992011162234
2026-06-11,GLD,DQN,1.0,1.6471064429006848
2026-06-12,GLD,DQN,1.0,1.68976050444227
2026-06-15,GLD,DQN,1.0,1.694362623415209
2026-06-16,GLD,DQN,1.0,1.6558844094141434
2026-06-17,GLD,DQN,1.0,1.6550564672094363
2026-06-18,GLD,DQN,1.0,1.6434124198227982
2026-06-22,GLD,DQN,1.0,1.6123466345688653
2026-06-23,GLD,DQN,1.0,1.5636327009414122
2026-06-24,GLD,DQN,1.0,1.5787595734847253
2026-06-25,GLD,DQN,1.0,1.5965786845464325
2026-06-26,GLD,DQN,1.0,1.5749991767825493
2026-06-29,GLD,DQN,1.0,1.57414462415426
2026-06-30,GLD,DQN,1.0,1.5836310320506315
2026-07-01,GLD,DQN,1.0,1.6158078791682946
2026-07-02,GLD,DQN,1.0,1.6149999752287105
2026-07-06,GLD,DQN,1.0,1.6149999752287105
2026-07-07,GLD,DQN,1.0,1.6149999752287105
2026-07-08,GLD,DQN,1.0,1.6149999752287105
2026-07-09,GLD,DQN,1.0,1.6091961179310459
2026-07-10,GLD,DQN,1.0,1.5670251805799513
2026-07-13,GLD,DQN,1.0,1.588452056852757
2026-07-14,GLD,DQN,1.0,1.5893057712336922
2026-07-15,GLD,DQN,1.0,1.5577628875550544
2026-07-16,GLD,DQN,1.0,1.5724886139457697
2026-07-17,GLD,DQN,1.0,1.5690312921424758
2026-07-20,GLD,DQN,1.0,1.5998057807748611
2026-07-21,GLD,DQN,1.0,1.6182021924348404
2026-07-22,GLD,DQN,1.0,1.585762999837189
2026-07-23,GLD,DQN,1.0,1.5873849790058505
2026-07-24,GLD,DQN,1.0,1.5990375159871348
2026-07-27,GLD,DQN,1.0,1.5765861564055017
2026-07-28,GLD,DQN,1.0,1.583884932405952
2026-07-29,GLD,DQN,1.0,1.6098363385874837
2026-07-30,GLD,DQN,1.0,1.5858484494303982
2026-07-31,GLD,DQN,1.0,1.5865739894215196
2026-08-03,GLD,DQN,1.0,1.5970314044246101
2026-08-04,GLD,DQN,1.0,1.6633822320004583
2024-11-18,GLD,DQN,2.0,1.0
2024-11-19,GLD,DQN,2.0,1.0
2024-11-20,GLD,DQN,2.0,1.0
2024-11-21,GLD,DQN,2.0,1.0
2024-11-22,GLD,DQN,2.0,1.0
2024-11-25,GLD,DQN,2.0,1.0014383092584318
2024-11-26,GLD,DQN,2.0,1.0009375901038027
2024-11-27,GLD,DQN,2.0,1.0090697539751443
2024-11-29,GLD,DQN,2.0,1.000235950300223
2024-12-02,GLD,DQN,2.0,1.002249201379761
2024-12-03,GLD,DQN,2.0,1.005289704543823
2024-12-04,GLD,DQN,2.0,0.9978528633923905
2024-12-05,GLD,DQN,2.0,0.9982226365260203
2024-12-06,GLD,DQN,2.0,1.0081247572909804
2024-12-09,GLD,DQN,2.0,1.0213960266534523
2024-12-10,GLD,DQN,2.0,1.0311338247016875
2024-12-11,GLD,DQN,2.0,1.0160135642817376
2024-12-12,GLD,DQN,2.0,1.003728356608945
2024-12-13,GLD,DQN,2.0,1.0061525712169574
2024-12-16,GLD,DQN,2.0,1.0022903290799412
2024-12-17,GLD,DQN,2.0,0.9830613111005554
2024-12-18,GLD,DQN,2.0,0.9844583363187089
2024-12-19,GLD,DQN,2.0,0.9947302302172986
2024-12-20,GLD,DQN,2.0,0.9900462491073284
2024-12-23,GLD,DQN,2.0,0.9920184351813515
2024-12-24,GLD,DQN,2.0,0.9987157300655248
2024-12-26,GLD,DQN,2.0,0.9918540497699618
2024-12-27,GLD,DQN,2.0,0.9886903515893548
2024-12-30,GLD,DQN,2.0,0.9948534879285087
2024-12-31,GLD,DQN,2.0,1.0083712727134004
2025-01-02,GLD,DQN,2.0,1.0078670870770439
2025-01-03,GLD,DQN,2.0,1.0078670870770439
2025-01-06,GLD,DQN,2.0,1.0078670870770439
2025-01-07,GLD,DQN,2.0,1.0078670870770439
2025-01-08,GLD,DQN,2.0,1.0078670870770439
2025-01-10,GLD,DQN,2.0,0.9973336105334258
2025-01-13,GLD,DQN,2.0,0.9968349437281592
2025-01-14,GLD,DQN,2.0,0.9968349437281592
2025-01-15,GLD,DQN,2.0,0.9968349437281592
2025-01-16,GLD,DQN,2.0,0.9968349437281592
2025-01-17,GLD,DQN,2.0,0.9968349437281592
2025-01-21,GLD,DQN,2.0,0.9968349437281592
2025-01-22,GLD,DQN,2.0,0.9968349437281592
2025-01-23,GLD,DQN,2.0,1.0025355492832273
2025-01-24,GLD,DQN,2.0,0.9921043621184448
2025-01-27,GLD,DQN,2.0,1.0006924319618469
2025-01-28,GLD,DQN,2.0,0.9968493630064007
2025-01-29,GLD,DQN,2.0,1.0119471638215896
2025-01-30,GLD,DQN,2.0,1.0139471752932414
2025-01-31,GLD,DQN,2.0,1.019358886563472
2025-02-03,GLD,DQN,2.0,1.029397958027748
2025-02-04,GLD,DQN,2.0,1.035790048305624
2025-02-05,GLD,DQN,2.0,1.033044939214148
2025-02-06,GLD,DQN,2.0,1.0348880565355283
2025-02-07,GLD,DQN,2.0,1.0524172379792363
2025-02-10,GLD,DQN,2.0,1.048574228861376
2025-02-11,GLD,DQN,2.0,1.049672248562932
2025-02-12,GLD,DQN,2.0,1.0600249886525788
2025-02-13,GLD,DQN,2.0,1.0442605372927014
2025-02-14,GLD,DQN,2.0,1.0615544373485881
2025-02-18,GLD,DQN,2.0,1.062142640818141
2025-02-19,GLD,DQN,2.0,1.0626915908313332
2025-02-20,GLD,DQN,2.0,1.0617112118236878
2025-02-21,GLD,DQN,2.0,1.06747584517565
2025-02-24,GLD,DQN,2.0,1.0533976169868817
2025-02-25,GLD,DQN,2.0,1.055005452920441
2025-02-26,GLD,DQN,2.0,1.038927213260021
2025-02-27,GLD,DQN,2.0,1.0324174822882344
2025-02-28,GLD,DQN,2.0,1.0460251477013605
2025-03-03,GLD,DQN,2.0,1.0551230936143516
2025-03-04,GLD,DQN,2.0,1.0573191330174638
2025-03-05,GLD,DQN,2.0,1.0519466752035942
2025-03-06,GLD,DQN,2.0,1.052495744891958
2025-03-07,GLD,DQN,2.0,1.0432801582850564
2025-03-10,GLD,DQN,2.0,1.0555152691524443
2025-03-11,GLD,DQN,2.0,1.060103375890129
2025-03-12,GLD,DQN,2.0,1.078926724642025
2025-03-13,GLD,DQN,2.0,1.0793580339613067
2025-03-14,GLD,DQN,2.0,1.0852011742259906
2025-03-17,GLD,DQN,2.0,1.0978675944126601
2025-03-18,GLD,DQN,2.0,1.1023773139127948
2025-03-19,GLD,DQN,2.0,1.100965625585868
2025-03-20,GLD,DQN,2.0,1.092102961060698
2025-03-21,GLD,DQN,2.0,1.0872403194788316
2025-03-24,GLD,DQN,2.0,1.0920245738231482
2025-03-25,GLD,DQN,2.0,1.0911225820530526
2025-03-26,GLD,DQN,2.0,1.1057498799301848
2025-03-27,GLD,DQN,2.0,1.1139458340730803
2025-03-28,GLD,DQN,2.0,1.1299456864959507
2025-03-31,GLD,DQN,2.0,1.1277103936364778
2025-04-01,GLD,DQN,2.0,1.1300240737335006
2025-04-02,GLD,DQN,2.0,1.123200674136343
2025-04-03,GLD,DQN,2.0,1.0969264688613756
2025-04-04,GLD,DQN,2.0,1.0733581192215234
2025-04-07,GLD,DQN,2.0,1.0728214401619127
2025-04-08,GLD,DQN,2.0,1.1119700364143363
2025-04-09,GLD,DQN,2.0,1.1391283249369533
2025-04-10,GLD,DQN,2.0,1.1608704854450156
2025-04-11,GLD,DQN,2.0,1.154246585140924
2025-04-14,GLD,DQN,2.0,1.1602860411402922
2025-04-15,GLD,DQN,2.0,1.1980426890597922
2025-04-16,GLD,DQN,2.0,1.1927824524966093
2025-04-17,GLD,DQN,2.0,1.2296818757990695
2025-04-21,GLD,DQN,2.0,1.212225719465869
2025-04-22,GLD,DQN,2.0,1.1831582065777106
2025-04-23,GLD,DQN,2.0,1.200380585189022
2025-04-24,GLD,DQN,2.0,1.1873664433923916
2025-04-25,GLD,DQN,2.0,1.2042770391009594
2025-04-28,GLD,DQN,2.0,1.1925486747747203
2025-04-29,GLD,DQN,2.0,1.1836257620214896
2025-04-30,GLD,DQN,2.0,1.159039147349992
2025-05-01,GLD,DQN,2.0,1.1610653794868149
2025-05-02,GLD,DQN,2.0,1.19574379552099
2025-05-05,GLD,DQN,2.0,1.2292533229457185
2025-05-06,GLD,DQN,2.0,1.2108230531345339
2025-05-07,GLD,DQN,2.0,1.1869767742191313
2025-05-08,GLD,DQN,2.0,1.1955879040696185
2025-05-09,GLD,DQN,2.0,1.1618836015134275
2025-05-12,GLD,DQN,2.0,1.1668320551738667
2025-05-13,GLD,DQN,2.0,1.142284443092796
2025-05-14,GLD,DQN,2.0,1.1605198188621821
2025-05-15,GLD,DQN,2.0,1.1464925609971404
2025-05-16,GLD,DQN,2.0,1.161260154618277
2025-05-19,GLD,DQN,2.0,1.1828854262653945
2025-05-20,GLD,DQN,2.0,1.191613563887163
2025-05-21,GLD,DQN,2.0,1.1810540881703704
2025-05-22,GLD,DQN,2.0,1.2069265992225962
2025-05-23,GLD,DQN,2.0,1.206323135922985
2025-05-27,GLD,DQN,2.0,1.2029864245720623
2025-05-28,GLD,DQN,2.0,1.2101137768538754
2025-05-29,GLD,DQN,2.0,1.2021549283350554
2025-05-30,GLD,DQN,2.0,1.2341094701053932
2025-06-02,GLD,DQN,2.0,1.2231807504897958
2025-06-03,GLD,DQN,2.0,1.2310604491706214
2025-06-04,GLD,DQN,2.0,1.2248437429638102
2025-06-05,GLD,DQN,2.0,1.2084111490411404
2025-06-06,GLD,DQN,2.0,1.2141130792023698
2025-06-09,GLD,DQN,2.0,1.2144694347325156
2025-06-10,GLD,DQN,2.0,1.221042496469473
2025-06-11,GLD,DQN,2.0,1.2362080887869953
2025-06-12,GLD,DQN,2.0,1.2524031123562345
2025-06-13,GLD,DQN,2.0,1.2345449754735338
2025-06-16,GLD,DQN,2.0,1.2351785366958312
2025-06-17,GLD,DQN,2.0,1.2285263251208796
2025-06-18,GLD,DQN,2.0,1.2280115490752976
2025-06-20,GLD,DQN,2.0,1.2317731602309137
2025-06-23,GLD,DQN,2.0,1.212410451389635
2025-06-24,GLD,DQN,2.0,1.2160929127072568
2025-06-25,GLD,DQN,2.0,1.2147466404246676
2025-06-26,GLD,DQN,2.0,1.192730901517484
2025-06-27,GLD,DQN,2.0,1.207025241419831
2025-06-30,GLD,DQN,2.0,1.2177955405199923
2025-07-01,GLD,DQN,2.0,1.2245270227723857
2025-07-02,GLD,DQN,2.0,1.2161721833846988
2025-07-03,GLD,DQN,2.0,1.2170828294597005
2025-07-07,GLD,DQN,2.0,1.2043723321933735
2025-07-08,GLD,DQN,2.0,1.2097574213237303
2025-07-09,GLD,DQN,2.0,1.212450086728356
2025-07-10,GLD,DQN,2.0,1.2240915174042453
2025-07-11,GLD,DQN,2.0,1.2196170743488899
2025-07-14,GLD,DQN,2.0,1.214548705409958
2025-07-15,GLD,DQN,2.0,1.2206069911013333
2025-07-16,GLD,DQN,2.0,1.2179539610354284
2025-07-17,GLD,DQN,2.0,1.2211217671469152
2025-07-18,GLD,DQN,2.0,1.2398905501046174
2025-07-21,GLD,DQN,2.0,1.251650765957222
2025-07-22,GLD,DQN,2.0,1.236128818109554
2025-07-23,GLD,DQN,2.0,1.2285658396201535
2025-07-24,GLD,DQN,2.0,1.2172016146364157
2025-07-25,GLD,DQN,2.0,1.2093219159555901
2025-07-28,GLD,DQN,2.0,1.212648021743066
2025-07-29,GLD,DQN,2.0,1.19170134942632
2025-07-30,GLD,DQN,2.0,1.1996206834458665
2025-07-31,GLD,DQN,2.0,1.2239726113880827
2025-08-01,GLD,DQN,2.0,1.231100084509343
2025-08-04,GLD,DQN,2.0,1.2320900012617864
2025-08-05,GLD,DQN,2.0,1.2294766065346023
2025-08-06,GLD,DQN,2.0,1.228861868231335
2025-08-07,GLD,DQN,2.0,1.228861868231335
2025-08-08,GLD,DQN,2.0,1.228861868231335
2025-08-11,GLD,DQN,2.0,1.228861868231335
2025-08-12,GLD,DQN,2.0,1.228861868231335
2025-08-13,GLD,DQN,2.0,1.228861868231335
2025-08-14,GLD,DQN,2.0,1.228861868231335
2025-08-15,GLD,DQN,2.0,1.228861868231335
2025-08-18,GLD,DQN,2.0,1.228861868231335
2025-08-19,GLD,DQN,2.0,1.228861868231335
2025-08-20,GLD,DQN,2.0,1.228861868231335
2025-08-21,GLD,DQN,2.0,1.228861868231335
2025-08-22,GLD,DQN,2.0,1.2252799363601974
2025-08-25,GLD,DQN,2.0,1.2341779771447923
2025-08-26,GLD,DQN,2.0,1.236669447874463
2025-08-27,GLD,DQN,2.0,1.2458443455595551
2025-08-28,GLD,DQN,2.0,1.2578666211232135
2025-08-29,GLD,DQN,2.0,1.2876058073202608
2025-09-02,GLD,DQN,2.0,1.2976903259552428
2025-09-03,GLD,DQN,2.0,1.2970414807922652
2025-09-04,GLD,DQN,2.0,1.2970414807922652
2025-09-05,GLD,DQN,2.0,1.2970414807922652
2025-09-08,GLD,DQN,2.0,1.2970414807922652
2025-09-09,GLD,DQN,2.0,1.3010521997733315
2025-09-10,GLD,DQN,2.0,1.29911183682834
2025-09-11,GLD,DQN,2.0,1.3016731301273714
2025-09-12,GLD,DQN,2.0,1.3152168255856975
2025-09-15,GLD,DQN,2.0,1.3178556907676005
2025-09-16,GLD,DQN,2.0,1.3076882078847025
2025-09-17,GLD,DQN,2.0,1.302449204247155
2025-09-18,GLD,DQN,2.0,1.3162645789410652
2025-09-19,GLD,DQN,2.0,1.339044420966407
2025-09-22,GLD,DQN,2.0,1.3445162586829253
2025-09-23,GLD,DQN,2.0,1.3323308409721644
2025-09-24,GLD,DQN,2.0,1.3378802505715544
2025-09-25,GLD,DQN,2.0,1.3456028571949061
2025-09-26,GLD,DQN,2.0,1.3678006140228216
2025-09-29,GLD,DQN,2.0,1.3794816368493834
2025-09-30,GLD,DQN,2.0,1.3816548338733452
2025-10-01,GLD,DQN,2.0,1.3809640064564086
2025-10-02,GLD,DQN,2.0,1.3809640064564086
2025-10-03,GLD,DQN,2.0,1.3809640064564086
2025-10-06,GLD,DQN,2.0,1.3809640064564086
2025-10-07,GLD,DQN,2.0,1.3809640064564086
2025-10-08,GLD,DQN,2.0,1.3809640064564086
2025-10-09,GLD,DQN,2.0,1.3809640064564086
2025-10-10,GLD,DQN,2.0,1.4138323914544881
2025-10-13,GLD,DQN,2.0,1.423928836090944
2025-10-14,GLD,DQN,2.0,1.448608945333
2025-10-15,GLD,DQN,2.0,1.4824879639235662
2025-10-16,GLD,DQN,2.0,1.4817467199416046
2025-10-17,GLD,DQN,2.0,1.4817467199416046
2025-10-20,GLD,DQN,2.0,1.4817467199416046
2025-10-21,GLD,DQN,2.0,1.4811629946352396
2025-10-22,GLD,DQN,2.0,1.4870911397625142
2025-10-23,GLD,DQN,2.0,1.486347594192633
2025-10-24,GLD,DQN,2.0,1.4442252012152161
2025-10-27,GLD,DQN,2.0,1.4338758395356737
2025-10-28,GLD,DQN,2.0,1.4284453668604717
2025-10-29,GLD,DQN,2.0,1.4565027289556398
2025-10-30,GLD,DQN,2.0,1.4485931170078399
2025-10-31,GLD,DQN,2.0,1.447868820449336
2025-11-03,GLD,DQN,2.0,1.447868820449336
2025-11-04,GLD,DQN,2.0,1.4638885760641835
2025-11-05,GLD,DQN,2.0,1.4621311491720042
2025-11-06,GLD,DQN,2.0,1.4710779610658837
2025-11-07,GLD,DQN,2.0,1.51129887806685
2025-11-10,GLD,DQN,2.0,1.5172500925614925
2025-11-11,GLD,DQN,2.0,1.5416941478366768
2025-11-12,GLD,DQN,2.0,1.529232482158439
2025-11-13,GLD,DQN,2.0,1.5016330301598642
2025-11-14,GLD,DQN,2.0,1.4844183401902107
2025-11-17,GLD,DQN,2.0,1.4952025395839312
2025-11-18,GLD,DQN,2.0,1.4976389002942152
2025-11-19,GLD,DQN,2.0,1.4971996045167555
2025-11-20,GLD,DQN,2.0,1.4948829409356237
2025-11-21,GLD,DQN,2.0,1.5185682236762117
2025-11-24,GLD,DQN,2.0,1.5180888257037508
2025-11-25,GLD,DQN,2.0,1.5302310146248514
2025-11-26,GLD,DQN,2.0,1.549243111790515
2025-11-28,GLD,DQN,2.0,1.5567121151366914
2025-12-01,GLD,DQN,2.0,1.5559337590791231
2025-12-02,GLD,DQN,2.0,1.5537093678234983
2025-12-03,GLD,DQN,2.0,1.5547133673506217
2025-12-04,GLD,DQN,2.0,1.5519423188510784
2025-12-05,GLD,DQN,2.0,1.5478460449014875
2025-12-08,GLD,DQN,2.0,1.5557976427188425
2025-12-09,GLD,DQN,2.0,1.56242401508615
2025-12-10,GLD,DQN,2.0,1.5792510569654226
2025-12-11,GLD,DQN,2.0,1.5880863018275235
2025-12-12,GLD,DQN,2.0,1.5895320023184836
2025-12-15,GLD,DQN,2.0,1.5898935499997597
2025-12-16,GLD,DQN,2.0,1.603547919056932
2025-12-17,GLD,DQN,2.0,1.600656395516475
2025-12-18,GLD,DQN,2.0,1.6024635211301759
2025-12-19,GLD,DQN,2.0,1.639450951951551
2025-12-22,GLD,DQN,2.0,1.6611775164255276
2025-12-23,GLD,DQN,2.0,1.6543100714178571
2025-12-24,GLD,DQN,2.0,1.67362701251503
2025-12-26,GLD,DQN,2.0,1.600776870557389
2025-12-29,GLD,DQN,2.0,1.6019415443252423
2025-12-30,GLD,DQN,2.0,1.591580200572548
2025-12-31,GLD,DQN,2.0,1.5994917217486224
2026-01-02,GLD,DQN,2.0,1.6415794260467118
2026-01-05,GLD,DQN,2.0,1.659330069053475
2026-01-06,GLD,DQN,2.0,1.6434669500600454
2026-01-07,GLD,DQN,2.0,1.6525430224454372
2026-01-08,GLD,DQN,2.0,1.6645107409298219
2026-01-09,GLD,DQN,2.0,1.6636784855593572
2026-01-12,GLD,DQN,2.0,1.6636784855593572
2026-01-13,GLD,DQN,2.0,1.6798531452089862
2026-01-14,GLD,DQN,2.0,1.6695595748899497
2026-01-15,GLD,DQN,2.0,1.6615141612501212
2026-01-16,GLD,DQN,2.0,1.72437950163223
2026-01-20,GLD,DQN,2.0,1.749501951440276
2026-01-21,GLD,DQN,2.0,1.7818022784384622
2026-01-22,GLD,DQN,2.0,1.780911377299243
2026-01-23,GLD,DQN,2.0,1.780911377299243
2026-01-26,GLD,DQN,2.0,1.780911377299243
2026-01-27,GLD,DQN,2.0,1.780911377299243
2026-01-28,GLD,DQN,2.0,1.780911377299243
2026-01-29,GLD,DQN,2.0,1.597045718584324
2026-01-30,GLD,DQN,2.0,1.533084901365506
2026-02-02,GLD,DQN,2.0,1.6305694869937988
2026-02-03,GLD,DQN,2.0,1.6294208943136363
2026-02-04,GLD,DQN,2.0,1.5860266334766586
2026-02-05,GLD,DQN,2.0,1.6347688715228916
2026-02-06,GLD,DQN,2.0,1.6339514870871303
2026-02-09,GLD,DQN,2.0,1.6339514870871303
2026-02-10,GLD,DQN,2.0,1.6339514870871303
2026-02-11,GLD,DQN,2.0,1.6339514870871303
2026-02-12,GLD,DQN,2.0,1.6339514870871303
2026-02-13,GLD,DQN,2.0,1.6339514870871303
2026-02-17,GLD,DQN,2.0,1.669881964714837
2026-02-18,GLD,DQN,2.0,1.6745460279122237
2026-02-19,GLD,DQN,2.0,1.7075588728187328
2026-02-20,GLD,DQN,2.0,1.7536894302179036
2026-02-23,GLD,DQN,2.0,1.7528125855027947
2026-02-24,GLD,DQN,2.0,1.7475414175555117
2026-02-25,GLD,DQN,2.0,1.762528139045054
2026-02-26,GLD,DQN,2.0,1.7616468749755316
2026-02-27,GLD,DQN,2.0,1.7616468749755316
2026-03-02,GLD,DQN,2.0,1.7616468749755316
2026-03-03,GLD,DQN,2.0,1.774538811931961
2026-03-04,GLD,DQN,2.0,1.7532128157526683
2026-03-05,GLD,DQN,2.0,1.7809705636026851
2026-03-06,GLD,DQN,2.0,1.7772845365226633
2026-03-09,GLD,DQN,2.0,1.797331735090443
2026-03-10,GLD,DQN,2.0,1.7912385933249306
2026-03-11,GLD,DQN,2.0,1.7560337232206296
2026-03-12,GLD,DQN,2.0,1.7333159829394071
2026-03-13,GLD,DQN,2.0,1.73177387308296
2026-03-16,GLD,DQN,2.0,1.7274108557585517
2026-03-17,GLD,DQN,2.0,1.67276047967058
2026-03-18,GLD,DQN,2.0,1.6038175516581479
2026-03-19,GLD,DQN,2.0,1.5548089905060973
2026-03-20,GLD,DQN,2.0,1.5196793032790554
2026-03-23,GLD,DQN,2.0,1.5200177984012486
2026-03-24,GLD,DQN,2.0,1.5657541252557476
2026-03-25,GLD,DQN,2.0,1.506891212380904
2026-03-26,GLD,DQN,2.0,1.5597738151976333
2026-03-27,GLD,DQN,2.0,1.5593223735850235
2026-03-30,GLD,DQN,2.0,1.618411064657681
2026-03-31,GLD,DQN,2.0,1.6467329710446859
2026-04-01,GLD,DQN,2.0,1.6151011815299907
2026-04-02,GLD,DQN,2.0,1.60848141527461
2026-04-06,GLD,DQN,2.0,1.607677174566973
2026-04-07,GLD,DQN,2.0,1.607677174566973
2026-04-08,GLD,DQN,2.0,1.619378702042534
2026-04-09,GLD,DQN,2.0,1.616494288806368
2026-04-10,GLD,DQN,2.0,1.609948807070086
2026-04-13,GLD,DQN,2.0,1.6459301101463624
2026-04-14,GLD,DQN,2.0,1.628808484161849
2026-04-15,GLD,DQN,2.0,1.6274032369449494
2026-04-16,GLD,DQN,2.0,1.6490363926427618
2026-04-17,GLD,DQN,2.0,1.6348361957221642
2026-04-20,GLD,DQN,2.0,1.5885376334856398
2026-04-21,GLD,DQN,2.0,1.587743364668897
2026-04-22,GLD,DQN,2.0,1.5715557541023635
2026-04-23,GLD,DQN,2.0,1.579613300313606
2026-04-24,GLD,DQN,2.0,1.567362919355298
2026-04-27,GLD,DQN,2.0,1.538268097680393
2026-04-28,GLD,DQN,2.0,1.5218612659402633
2026-04-29,GLD,DQN,2.0,1.544648532245999
2026-04-30,GLD,DQN,2.0,1.5428984301379776
2026-05-01,GLD,DQN,2.0,1.5120171223898065
2026-05-04,GLD,DQN,2.0,1.5249967403762776
2026-05-05,GLD,DQN,2.0,1.5712640147847197
2026-05-06,GLD,DQN,2.0,1.5738891123137786
2026-05-07,GLD,DQN,2.0,1.5815091608145027
2026-05-08,GLD,DQN,2.0,1.584717625712902
2026-05-11,GLD,DQN,2.0,1.5784465655749258
2026-05-12,GLD,DQN,2.0,1.5695869031390834
2026-05-13,GLD,DQN,2.0,1.5575916550012785
2026-05-14,GLD,DQN,2.0,1.5214237682297458
2026-05-15,GLD,DQN,2.0,1.5255801077456188
2026-05-18,GLD,DQN,2.0,1.5003136135696464
2026-05-19,GLD,DQN,2.0,1.5218247707090713
2026-05-20,GLD,DQN,2.0,1.5203299126875012
2026-05-21,GLD,DQN,2.0,1.508772273526163
2026-05-22,GLD,DQN,2.0,1.5094285200919408
2026-05-26,GLD,DQN,2.0,1.4893392305117008
2026-05-27,GLD,DQN,2.0,1.504943946027231
2026-05-28,GLD,DQN,2.0,1.5208039056292126
2026-05-29,GLD,DQN,2.0,1.4994386181486101
2026-06-01,GLD,DQN,2.0,1.5019543412500393
2026-06-02,GLD,DQN,2.0,1.4870787514967234
2026-06-03,GLD,DQN,2.0,1.4994750021138539
2026-06-04,GLD,DQN,2.0,1.4446761885524582
2026-06-05,GLD,DQN,2.0,1.4484315255890055
2026-06-08,GLD,DQN,2.0,1.424769263862233
2026-06-09,GLD,DQN,2.0,1.4240568792303019
2026-06-10,GLD,DQN,2.0,1.4679773936745542
2026-06-11,GLD,DQN,2.0,1.468813376311876
2026-06-12,GLD,DQN,2.0,1.5068502964006454
2026-06-15,GLD,DQN,2.0,1.5109542533343132
2026-06-16,GLD,DQN,2.0,1.4766411610232757
2026-06-17,GLD,DQN,2.0,1.47101726728459
2026-06-18,GLD,DQN,2.0,1.4614035249372643
2026-06-22,GLD,DQN,2.0,1.4337782937247991
2026-06-23,GLD,DQN,2.0,1.390459456981192
2026-06-24,GLD,DQN,2.0,1.4039110194675326
2026-06-25,GLD,DQN,2.0,1.4197566534683
2026-06-26,GLD,DQN,2.0,1.400567088918246
2026-06-29,GLD,DQN,2.0,1.3998071784976098
2026-06-30,GLD,DQN,2.0,1.4082429611237657
2026-07-01,GLD,DQN,2.0,1.4368562034431773
2026-07-02,GLD,DQN,2.0,1.4520558034208462
2026-07-06,GLD,DQN,2.0,1.4344242117841528
2026-07-07,GLD,DQN,2.0,1.4228725992950213
2026-07-08,GLD,DQN,2.0,1.4370461520574007
2026-07-09,GLD,DQN,2.0,1.4326003340036295
2026-07-10,GLD,DQN,2.0,1.3950573035045883
2026-07-13,GLD,DQN,2.0,1.394359774852836
2026-07-14,GLD,DQN,2.0,1.3944119943488245
2026-07-15,GLD,DQN,2.0,1.3667371591258326
2026-07-16,GLD,DQN,2.0,1.3796570955385552
2026-07-17,GLD,DQN,2.0,1.3766237390390728
2026-07-20,GLD,DQN,2.0,1.4036244061515057
2026-07-21,GLD,DQN,2.0,1.4197648981423838
2026-07-22,GLD,DQN,2.0,1.391303666789751
2026-07-23,GLD,DQN,2.0,1.3927267455001555
2026-07-24,GLD,DQN,2.0,1.402950352326099
2026-07-27,GLD,DQN,2.0,1.3832521635592099
2026-07-28,GLD,DQN,2.0,1.3896559034708778
2026-07-29,GLD,DQN,2.0,1.3889610755191424
2026-07-30,GLD,DQN,2.0,1.3889610755191424
2026-07-31,GLD,DQN,2.0,1.3889020572203892
2026-08-03,GLD,DQN,2.0,1.3980565784137533
2026-08-04,GLD,DQN,2.0,1.4561407279919092
